system,role,probe_identity,probe_sample_id,probe_is_augmented,top1_identity,top1_score,true_score,rank_true_identity
palm,genuine_known,1022_L,5,False,1022_L,0.6479384309781597,0.6479384309781597,1
palm,genuine_known,1022_R,5,False,1022_R,0.8059931966611682,0.8059931966611682,1
palm,genuine_known,1023_L,7,False,86_L,0.4205462599290374,0.22631881514594557,3
palm,genuine_known,1023_R,8,False,1023_R,0.7639258983127015,0.7639258983127015,1
palm,genuine_known,1026_L,6,False,1026_L,0.8059715573456322,0.8059715573456322,1
palm,genuine_known,1026_R,5,False,1026_R,0.8862327964761871,0.8862327964761871,1
palm,genuine_known,1028_L,14,False,1028_L,0.8722404734173272,0.8722404734173272,1
palm,genuine_known,1028_R,7,False,1028_R,0.9392765718149826,0.9392765718149826,1
palm,genuine_known,1042_L,17,False,1042_L,0.9084113728818493,0.9084113728818493,1
palm,genuine_known,1042_R,12,False,1042_R,0.935744606858357,0.935744606858357,1
palm,genuine_known,1069_L,6,False,1069_L,0.6231177035410728,0.6231177035410728,1
palm,genuine_known,1069_R,8,False,1069_R,0.7083772336820027,0.7083772336820027,1
palm,genuine_known,1074_L,5,False,1074_L,0.8766965908856027,0.8766965908856027,1
palm,genuine_known,1074_R,5,False,1074_R,0.8908655449514538,0.8908655449514538,1
palm,genuine_known,1093_L,10,False,1093_L,0.9129033033060776,0.9129033033060776,1
palm,genuine_known,1093_R,12,False,1093_R,0.8577781568207763,0.8577781568207763,1
palm,genuine_known,13_L,6,False,13_L,0.8806948880294827,0.8806948880294827,1
palm,genuine_known,13_R,5,False,1592_R,0.3546996410419485,0.3482002930436382,2
palm,genuine_known,1510_L,12,False,1510_L,0.7904407056579829,0.7904407056579829,1
palm,genuine_known,1510_R,11,False,1510_R,0.5755159245145861,0.5755159245145861,1
palm,genuine_known,1513_L,13,False,1513_L,0.7686906851462474,0.7686906851462474,1
palm,genuine_known,1513_R,17,False,1513_R,0.7327019022923137,0.7327019022923137,1
palm,genuine_known,1516_L,16,False,1516_L,0.8959160196956313,0.8959160196956313,1
palm,genuine_known,1516_R,20,False,1516_R,0.8875579879336805,0.8875579879336805,1
palm,genuine_known,1528_L,8,False,1528_L,0.8747750101386108,0.8747750101386108,1
palm,genuine_known,1528_R,7,False,1528_R,0.8054481802446525,0.8054481802446525,1
palm,genuine_known,1571_L,16,False,1571_L,0.7754384710775635,0.7754384710775635,1
palm,genuine_known,1571_R,10,False,1571_R,0.8275392132568699,0.8275392132568699,1
palm,genuine_known,1592_L,5,False,1592_L,0.800365651095053,0.800365651095053,1
palm,genuine_known,1592_R,6,False,1592_R,0.6937735178560492,0.6937735178560492,1
palm,genuine_known,543_L,8,False,543_L,0.8058608380287892,0.8058608380287892,1
palm,genuine_known,543_R,6,False,543_R,0.8394174829511514,0.8394174829511514,1
palm,genuine_known,559_L,7,False,571_L,0.5934994649411443,0.5622629169131617,2
palm,genuine_known,559_R,5,False,559_R,0.42354384295588343,0.42354384295588343,1
palm,genuine_known,571_L,8,False,571_L,0.9072880383511371,0.9072880383511371,1
palm,genuine_known,571_R,11,False,571_R,0.9021791184199572,0.9021791184199572,1
palm,genuine_known,576_L,11,False,576_L,0.6963965403288356,0.6963965403288356,1
palm,genuine_known,576_R,14,False,576_R,0.7979521576218133,0.7979521576218133,1
palm,genuine_known,86_L,8,False,86_L,0.7013932745228607,0.7013932745228607,1
palm,genuine_known,86_R,8,False,86_R,0.7489566839426778,0.7489566839426778,1
palm,unknown_cal,1000000_L,1,False,543_L,0.26171274699243985,,
palm,unknown_cal,1000000_L,2,False,1028_L,0.36126147807655845,,
palm,unknown_cal,1000000_L,3,False,543_L,0.3344562216818686,,
palm,unknown_cal,1000000_L,4,False,543_L,0.3310180186892685,,
palm,unknown_cal,1000000_L,5,False,543_L,0.3338653460693054,,
palm,unknown_cal,1000000_L,6,False,1028_L,0.3998378287218816,,
palm,unknown_cal,1000000_L,7,False,1028_L,0.36851162443188523,,
palm,unknown_cal,1000000_L,8,False,1028_L,0.5004529883750543,,
palm,unknown_cal,1000000_L,9,False,1028_L,0.48668195426697747,,
palm,unknown_cal,1000000_L,10,False,1028_L,0.4743195497866024,,
palm,unknown_cal,1000000_L,11,False,571_L,0.35803577387121976,,
palm,unknown_cal,1000000_L,12,False,1028_L,0.5506402749155939,,
palm,unknown_cal,1000000_L,13,False,1028_L,0.5815646396641148,,
palm,unknown_cal,1000000_L,14,False,1028_L,0.5098165841050013,,
palm,unknown_cal,1000000_L,15,False,1028_L,0.3731719811677708,,
palm,unknown_cal,1000000_L,16,False,1028_L,0.44483307783470627,,
palm,unknown_cal,1000000_L,17,False,1028_L,0.4215190934189893,,
palm,unknown_cal,1000000_R,1,False,1028_R,0.45204470753460757,,
palm,unknown_cal,1000000_R,2,False,1028_R,0.44418549265807417,,
palm,unknown_cal,1000000_R,3,False,1028_R,0.5189609804596754,,
palm,unknown_cal,1000000_R,4,False,1028_R,0.49376279484690516,,
palm,unknown_cal,1000000_R,5,False,1028_R,0.49370313229032897,,
palm,unknown_cal,1000000_R,6,False,1028_R,0.49612834225673264,,
palm,unknown_cal,1000000_R,7,False,1028_R,0.5110174048403057,,
palm,unknown_cal,1000000_R,8,False,1028_R,0.5316479461820977,,
palm,unknown_cal,1000000_R,9,False,1028_R,0.5326799417162945,,
palm,unknown_cal,1019_L,1,False,1093_L,0.3592621118648801,,
palm,unknown_cal,1019_L,2,False,1026_L,0.43246244662541344,,
palm,unknown_cal,1019_L,3,False,1026_L,0.28236802143132755,,
palm,unknown_cal,1019_L,4,False,1093_L,0.4253063616232009,,
palm,unknown_cal,1019_L,5,False,1093_L,0.317980256282305,,
palm,unknown_cal,1019_L,6,False,1093_L,0.4495173299003087,,
palm,unknown_cal,1019_L,7,False,1093_L,0.4059986421220654,,
palm,unknown_cal,1019_L,8,False,1093_L,0.3217636765793173,,
palm,unknown_cal,1019_L,9,False,1093_L,0.27439984670146433,,
palm,unknown_cal,1019_L,10,False,1026_L,0.30296204506256874,,
palm,unknown_cal,1019_L,11,False,1026_L,0.317790902746564,,
palm,unknown_cal,1019_L,12,False,1093_L,0.27719086067210574,,
palm,unknown_cal,1019_L,13,False,1093_L,0.37332509459179497,,
palm,unknown_cal,1019_L,14,False,1026_L,0.3333943068533637,,
palm,unknown_cal,1019_L,15,False,1026_L,0.3391933369612605,,
palm,unknown_cal,1019_L,16,False,1093_L,0.3529001100677176,,
palm,unknown_cal,1019_L,17,False,1510_L,0.27833891915156217,,
palm,unknown_cal,1019_L,18,False,1093_L,0.3609187477937489,,
palm,unknown_cal,1019_L,19,False,1510_L,0.35956948500747754,,
palm,unknown_cal,1019_L,20,False,1510_L,0.4293831699559286,,
palm,unknown_cal,1019_L,21,False,1510_L,0.48715500614551843,,
palm,unknown_cal,1019_L,22,False,1510_L,0.3096407071673481,,
palm,unknown_cal,1019_L,23,False,1510_L,0.30140390610271117,,
palm,unknown_cal,1019_L,24,False,1510_L,0.25770216174486055,,
palm,unknown_cal,1019_L,25,False,1093_L,0.27942883043891986,,
palm,unknown_cal,1019_L,26,False,1516_L,0.45888630072260816,,
palm,unknown_cal,1019_R,1,False,1571_R,0.4044552252856835,,
palm,unknown_cal,1019_R,2,False,1026_R,0.4005580223322597,,
palm,unknown_cal,1019_R,3,False,1571_R,0.5237304306976213,,
palm,unknown_cal,1019_R,4,False,1528_R,0.32335789372343043,,
palm,unknown_cal,1019_R,5,False,1571_R,0.3042339500588377,,
palm,unknown_cal,1019_R,6,False,1571_R,0.40745843930999925,,
palm,unknown_cal,1019_R,7,False,1026_R,0.46592577115547007,,
palm,unknown_cal,1019_R,8,False,1026_R,0.44583992065477307,,
palm,unknown_cal,1019_R,9,False,1093_R,0.5059457899114133,,
palm,unknown_cal,1019_R,10,False,1093_R,0.4812258187478081,,
palm,unknown_cal,1019_R,11,False,1026_R,0.473779062352062,,
palm,unknown_cal,1019_R,12,False,1026_R,0.3474503497846074,,
palm,unknown_cal,1019_R,13,False,1093_R,0.37171348612042443,,
palm,unknown_cal,1019_R,14,False,1026_R,0.2992648834540311,,
palm,unknown_cal,1019_R,15,False,1026_R,0.3275273294673493,,
palm,unknown_cal,1019_R,16,False,1026_R,0.40544492410437877,,
palm,unknown_cal,1019_R,17,False,1026_R,0.5391049947163983,,
palm,unknown_cal,1019_R,18,False,1026_R,0.30284002229534823,,
palm,unknown_cal,1019_R,19,False,1528_R,0.31080674223533994,,
palm,unknown_cal,1019_R,20,False,1026_R,0.361059474680363,,
palm,unknown_cal,1019_R,21,False,1026_R,0.2731512353316116,,
palm,unknown_cal,1019_R,22,False,86_R,0.22652126552797897,,
palm,unknown_cal,1019_R,23,False,1069_R,0.2106798241053816,,
palm,unknown_cal,1019_R,24,False,1510_R,0.21797565558945367,,
palm,unknown_cal,1019_R,25,False,1510_R,0.22772872620238432,,
palm,unknown_cal,1019_R,26,False,1528_R,0.20542917570018832,,
palm,unknown_cal,1019_R,27,False,1510_R,0.28605284749027726,,
palm,unknown_cal,1019_R,28,False,1093_R,0.2137946821396242,,
palm,unknown_cal,1019_R,29,False,1093_R,0.21373566028366595,,
palm,unknown_cal,1036_L,1,False,1093_L,0.41113895536421785,,
palm,unknown_cal,1036_L,2,False,1571_L,0.36293017825909346,,
palm,unknown_cal,1036_L,3,False,1571_L,0.45908607190067496,,
palm,unknown_cal,1036_L,4,False,1571_L,0.47171512162842344,,
palm,unknown_cal,1036_L,5,False,1571_L,0.5204467971557445,,
palm,unknown_cal,1036_L,6,False,1571_L,0.5165408896792838,,
palm,unknown_cal,1036_L,7,False,1571_L,0.5071776289426386,,
palm,unknown_cal,1036_L,8,False,1571_L,0.4175362047580879,,
palm,unknown_cal,1036_L,9,False,1571_L,0.3909876450749522,,
palm,unknown_cal,1036_L,10,False,1571_L,0.48393656721389217,,
palm,unknown_cal,1036_L,11,False,1093_L,0.5243959413397288,,
palm,unknown_cal,1036_R,1,False,1093_R,0.33125885347106687,,
palm,unknown_cal,1036_R,2,False,1093_R,0.3522022351549863,,
palm,unknown_cal,1036_R,3,False,1571_R,0.4056226483082742,,
palm,unknown_cal,1036_R,4,False,1571_R,0.40454175600344644,,
palm,unknown_cal,1036_R,5,False,1571_R,0.4002557004770295,,
palm,unknown_cal,1036_R,6,False,1571_R,0.4602038869116213,,
palm,unknown_cal,1036_R,7,False,1571_R,0.48997528288061937,,
palm,unknown_cal,1036_R,8,False,1571_R,0.4593654792512523,,
palm,unknown_cal,1043_L,1,False,1516_L,0.38278009918713707,,
palm,unknown_cal,1043_L,2,False,1516_L,0.6212472907354525,,
palm,unknown_cal,1043_L,3,False,1516_L,0.517126846403293,,
palm,unknown_cal,1043_L,4,False,1516_L,0.5359508916001385,,
palm,unknown_cal,1043_L,5,False,1516_L,0.5744191750362468,,
palm,unknown_cal,1043_L,6,False,1516_L,0.5279545679497986,,
palm,unknown_cal,1043_L,7,False,1516_L,0.49393927760580797,,
palm,unknown_cal,1043_R,1,False,1516_R,0.6480027659728742,,
palm,unknown_cal,1043_R,2,False,1516_R,0.4863864271231648,,
palm,unknown_cal,1043_R,3,False,1516_R,0.5945541297048946,,
palm,unknown_cal,1043_R,4,False,1026_R,0.3947569316660099,,
palm,unknown_cal,1043_R,5,False,1516_R,0.5171913599399741,,
palm,unknown_cal,1043_R,6,False,1516_R,0.5956970763929985,,
palm,unknown_cal,1043_R,7,False,1516_R,0.5542228085201188,,
palm,unknown_cal,1043_R,8,False,1516_R,0.5172449174636036,,
palm,unknown_cal,1043_R,9,False,1516_R,0.49454933670542656,,
palm,unknown_cal,1043_R,10,False,1516_R,0.5394605731598312,,
palm,unknown_cal,1043_R,11,False,1516_R,0.5517531363065153,,
palm,unknown_cal,1060_L,1,False,1513_L,0.3207563945746086,,
palm,unknown_cal,1060_L,2,False,543_L,0.259917578472464,,
palm,unknown_cal,1060_L,3,False,543_L,0.3261443432426996,,
palm,unknown_cal,1060_L,4,False,543_L,0.30178594920922014,,
palm,unknown_cal,1060_L,5,False,543_L,0.3221375699013225,,
palm,unknown_cal,1060_L,6,False,1513_L,0.259775943882334,,
palm,unknown_cal,1060_L,7,False,1513_L,0.3011007635623174,,
palm,unknown_cal,1060_L,8,False,1513_L,0.26268249986287695,,
palm,unknown_cal,1060_L,9,False,1513_L,0.29530520644970604,,
palm,unknown_cal,1060_L,10,False,543_L,0.26489946874400017,,
palm,unknown_cal,1060_L,11,False,1513_L,0.30207371472544253,,
palm,unknown_cal,1060_L,12,False,571_L,0.23206717620236636,,
palm,unknown_cal,1060_L,13,False,1513_L,0.2479141725555587,,
palm,unknown_cal,1060_L,14,False,1513_L,0.26849388879995784,,
palm,unknown_cal,1060_L,15,False,1093_L,0.24207040362950652,,
palm,unknown_cal,1060_R,1,False,543_R,0.48695645394903947,,
palm,unknown_cal,1060_R,2,False,13_R,0.4577504279516563,,
palm,unknown_cal,1060_R,3,False,13_R,0.39389889127400535,,
palm,unknown_cal,1060_R,4,False,543_R,0.3880685034125623,,
palm,unknown_cal,1060_R,5,False,13_R,0.36938791703097384,,
palm,unknown_cal,1060_R,6,False,1028_R,0.3960116480905933,,
palm,unknown_cal,1060_R,7,False,571_R,0.32761588535093067,,
palm,unknown_cal,1060_R,8,False,571_R,0.4905079257011184,,
palm,unknown_cal,1060_R,9,False,1028_R,0.21431455566780236,,
palm,unknown_cal,1060_R,10,False,1028_R,0.20764587584735683,,
palm,unknown_cal,1060_R,11,False,543_R,0.17247487709973192,,
palm,unknown_cal,1060_R,12,False,1028_R,0.2561266973217352,,
palm,unknown_cal,1060_R,13,False,1028_R,0.3882490537338215,,
palm,unknown_cal,1060_R,14,False,1513_R,0.31968833048304507,,
palm,unknown_cal,1060_R,15,False,1513_R,0.3729716919305868,,
palm,unknown_cal,1060_R,16,False,1513_R,0.3516924743968456,,
palm,unknown_cal,1060_R,17,False,1513_R,0.30247433863559053,,
palm,unknown_cal,1067_L,1,False,576_L,0.255054347300262,,
palm,unknown_cal,1067_L,2,False,1571_L,0.3402087112301265,,
palm,unknown_cal,1067_L,3,False,1571_L,0.37891227661260257,,
palm,unknown_cal,1067_L,4,False,1571_L,0.4213904483456929,,
palm,unknown_cal,1067_L,5,False,1571_L,0.3629040269242881,,
palm,unknown_cal,1067_L,6,False,1571_L,0.3254309031957602,,
palm,unknown_cal,1067_L,7,False,1571_L,0.38775816153537557,,
palm,unknown_cal,1067_L,8,False,1571_L,0.3945727987669833,,
palm,unknown_cal,1067_L,9,False,1571_L,0.4091966082973856,,
palm,unknown_cal,1067_L,10,False,1571_L,0.3886513943220275,,
palm,unknown_cal,1067_L,11,False,1571_L,0.3383097294059063,,
palm,unknown_cal,1067_L,12,False,1571_L,0.25152960085674153,,
palm,unknown_cal,1067_L,13,False,1571_L,0.38527021282201074,,
palm,unknown_cal,1067_L,14,False,576_L,0.4144386495830834,,
palm,unknown_cal,1067_L,15,False,1571_L,0.44323384849921343,,
palm,unknown_cal,1067_L,16,False,576_L,0.4634212876968695,,
palm,unknown_cal,1067_L,17,False,576_L,0.5340816679555396,,
palm,unknown_cal,1067_R,1,False,1510_R,0.4722959357510788,,
palm,unknown_cal,1067_R,2,False,1510_R,0.4577289720500648,,
palm,unknown_cal,1067_R,3,False,1069_R,0.3539497809724529,,
palm,unknown_cal,1067_R,4,False,1023_R,0.2865442148820506,,
palm,unknown_cal,1067_R,5,False,1023_R,0.35697891628624795,,
palm,unknown_cal,1067_R,6,False,1510_R,0.31886156225360907,,
palm,unknown_cal,1067_R,7,False,1510_R,0.3164606127175441,,
palm,unknown_cal,1067_R,8,False,1510_R,0.35770305037364636,,
palm,unknown_cal,1067_R,9,False,1023_R,0.406351243467158,,
palm,unknown_cal,1067_R,10,False,1510_R,0.37194102586703004,,
palm,unknown_cal,1067_R,11,False,1510_R,0.40268416882854247,,
palm,unknown_cal,1067_R,12,False,1510_R,0.4417258984838964,,
palm,unknown_cal,1067_R,13,False,1510_R,0.5506139882604034,,
palm,unknown_cal,11_L,1,False,1022_L,0.5870909049119281,,
palm,unknown_cal,11_L,2,False,1069_L,0.5310876401286477,,
palm,unknown_cal,11_L,3,False,1069_L,0.4975959400422747,,
palm,unknown_cal,11_L,4,False,1069_L,0.533090641778134,,
palm,unknown_cal,11_L,5,False,86_L,0.33426096324948484,,
palm,unknown_cal,11_L,6,False,1069_L,0.4340097035578163,,
palm,unknown_cal,11_L,7,False,86_L,0.32801064561040316,,
palm,unknown_cal,11_L,8,False,1069_L,0.31489310416019956,,
palm,unknown_cal,11_R,1,False,1069_R,0.5124959734607939,,
palm,unknown_cal,11_R,2,False,1069_R,0.47430440060132284,,
palm,unknown_cal,11_R,3,False,1022_R,0.3798050408654447,,
palm,unknown_cal,11_R,4,False,1022_R,0.37736731436694104,,
palm,unknown_cal,11_R,5,False,1022_R,0.38744928465168,,
palm,unknown_cal,1540_L,1,False,1042_L,0.3081865472764723,,
palm,unknown_cal,1540_L,2,False,1528_L,0.29848136268179254,,
palm,unknown_cal,1540_L,3,False,1023_L,0.30966823285959605,,
palm,unknown_cal,1540_L,4,False,1528_L,0.3305211206483033,,
palm,unknown_cal,1540_L,5,False,1023_L,0.32915722574037193,,
palm,unknown_cal,1540_L,6,False,1023_L,0.35672461593700855,,
palm,unknown_cal,1540_L,7,False,1042_L,0.3492933689345489,,
palm,unknown_cal,1540_L,8,False,1023_L,0.4637214845483969,,
palm,unknown_cal,1540_L,9,False,1023_L,0.411967941893692,,
palm,unknown_cal,1540_L,10,False,1023_L,0.47416193761030856,,
palm,unknown_cal,1540_L,11,False,1023_L,0.4787886028307453,,
palm,unknown_cal,1540_L,12,False,1023_L,0.47160974520499344,,
palm,unknown_cal,1540_L,13,False,1023_L,0.4986904821059711,,
palm,unknown_cal,1540_L,14,False,1023_L,0.4690633404668745,,
palm,unknown_cal,1540_L,15,False,1023_L,0.4732954129078267,,
palm,unknown_cal,1540_L,16,False,1023_L,0.4020344088405393,,
palm,unknown_cal,1540_L,17,False,1023_L,0.29456524524239774,,
palm,unknown_cal,1540_L,18,False,1023_L,0.30499039559495145,,
palm,unknown_cal,1540_L,19,False,1023_L,0.34892528528940425,,
palm,unknown_cal,1540_L,20,False,1023_L,0.3312164636116525,,
palm,unknown_cal,1540_L,21,False,1023_L,0.28461075290293164,,
palm,unknown_cal,1540_L,22,False,1042_L,0.28805028380433634,,
palm,unknown_cal,1540_R,1,False,1516_R,0.5111301819501712,,
palm,unknown_cal,1540_R,2,False,1516_R,0.37031298981877536,,
palm,unknown_cal,1540_R,3,False,1042_R,0.41241206933443886,,
palm,unknown_cal,1540_R,4,False,1042_R,0.3438937713268346,,
palm,unknown_cal,1540_R,5,False,1042_R,0.40981959035764154,,
palm,unknown_cal,1540_R,6,False,1042_R,0.4211873896683557,,
palm,unknown_cal,1540_R,7,False,1042_R,0.503561398930113,,
palm,unknown_cal,1540_R,8,False,1042_R,0.4412912148780368,,
palm,unknown_cal,1540_R,9,False,1042_R,0.4003336268953731,,
palm,unknown_cal,1540_R,10,False,1042_R,0.32631245924647445,,
palm,unknown_cal,1540_R,11,False,1042_R,0.4391861194851191,,
palm,unknown_cal,1540_R,12,False,1042_R,0.5512322054523651,,
palm,unknown_cal,1540_R,13,False,1042_R,0.40101438693009606,,
palm,unknown_cal,1540_R,14,False,1042_R,0.4509526464548077,,
palm,unknown_cal,1540_R,15,False,1042_R,0.4095582224986676,,
palm,unknown_cal,1540_R,16,False,1042_R,0.38460386200711416,,
palm,unknown_cal,1540_R,17,False,1042_R,0.44976203744075527,,
palm,unknown_cal,1540_R,18,False,1516_R,0.278489184775077,,
palm,unknown_cal,1540_R,19,False,1042_R,0.3435540603325161,,
palm,unknown_cal,1540_R,20,False,1042_R,0.34677173856071564,,
palm,unknown_cal,1540_R,21,False,1042_R,0.4261756080196384,,
palm,unknown_cal,1540_R,22,False,1042_R,0.32233277561105467,,
palm,unknown_cal,1540_R,23,False,1042_R,0.4506445982523827,,
palm,unknown_cal,1540_R,24,False,1042_R,0.3868573295781961,,
palm,unknown_cal,1540_R,25,False,1042_R,0.41181589805682695,,
palm,unknown_cal,1540_R,26,False,1042_R,0.398313310957374,,
palm,unknown_cal,1540_R,27,False,1042_R,0.5239159739510222,,
palm,unknown_cal,1540_R,28,False,1042_R,0.3490211192178237,,
palm,unknown_cal,1546_R,1,False,1026_R,0.34952071810245355,,
palm,unknown_cal,1546_R,2,False,576_R,0.42554794636118576,,
palm,unknown_cal,1546_R,3,False,1026_R,0.4621310990219233,,
palm,unknown_cal,1546_R,4,False,1026_R,0.3859753594374485,,
palm,unknown_cal,1546_R,5,False,576_R,0.5380156782923706,,
palm,unknown_cal,1546_R,6,False,576_R,0.5793426413808549,,
palm,unknown_cal,1546_R,7,False,576_R,0.49660337408417954,,
palm,unknown_cal,1546_R,8,False,576_R,0.663824140382097,,
palm,unknown_cal,1546_R,9,False,576_R,0.6039901409675581,,
palm,unknown_cal,1546_R,10,False,576_R,0.5651329157426052,,
palm,unknown_cal,1556_L,1,False,1510_L,0.34488726223177746,,
palm,unknown_cal,1556_L,2,False,1510_L,0.3825657660061669,,
palm,unknown_cal,1556_L,3,False,576_L,0.31502359343840314,,
palm,unknown_cal,1556_L,4,False,1510_L,0.2824912772739443,,
palm,unknown_cal,1556_L,5,False,576_L,0.3585576324697409,,
palm,unknown_cal,1556_L,6,False,576_L,0.3262963943062379,,
palm,unknown_cal,1556_L,7,False,576_L,0.32320454404774174,,
palm,unknown_cal,1556_L,8,False,576_L,0.30246901930268855,,
palm,unknown_cal,1556_L,9,False,576_L,0.2313008826462981,,
palm,unknown_cal,1556_L,10,False,576_L,0.28183681011268036,,
palm,unknown_cal,1556_L,11,False,576_L,0.23020302952429478,,
palm,unknown_cal,1556_L,12,False,576_L,0.2287559194115964,,
palm,unknown_cal,1556_L,13,False,576_L,0.2971884279671458,,
palm,unknown_cal,1556_L,14,False,576_L,0.25856452632091437,,
palm,unknown_cal,1556_L,15,False,1510_L,0.3010133252638908,,
palm,unknown_cal,1556_L,16,False,576_L,0.2947067272015048,,
palm,unknown_cal,1556_L,17,False,576_L,0.2753772649936501,,
palm,unknown_cal,1556_L,18,False,576_L,0.3129051075521054,,
palm,unknown_cal,1556_L,19,False,576_L,0.4157658568763867,,
palm,unknown_cal,1556_L,20,False,576_L,0.3334197624661023,,
palm,unknown_cal,1556_L,21,False,86_L,0.26291556381570436,,
palm,unknown_cal,1556_L,22,False,576_L,0.31166905184439864,,
palm,unknown_cal,1556_L,23,False,576_L,0.3305495560737122,,
palm,unknown_cal,1556_R,1,False,1510_R,0.5590376598208127,,
palm,unknown_cal,1556_R,2,False,1510_R,0.5834325652746443,,
palm,unknown_cal,1556_R,3,False,1510_R,0.7182225868894363,,
palm,unknown_cal,1556_R,4,False,1510_R,0.6732096292013561,,
palm,unknown_cal,1556_R,5,False,1510_R,0.6203962857096488,,
palm,unknown_cal,1556_R,6,False,1510_R,0.5149668873191625,,
palm,unknown_cal,1556_R,7,False,1510_R,0.5200998272951127,,
palm,unknown_cal,1556_R,8,False,1510_R,0.5291351733694283,,
palm,unknown_cal,1556_R,9,False,1510_R,0.5413710399465335,,
palm,unknown_cal,1556_R,10,False,1510_R,0.5728085624276935,,
palm,unknown_cal,1556_R,11,False,1510_R,0.5713314767298503,,
palm,unknown_cal,1556_R,12,False,1510_R,0.576464079340296,,
palm,unknown_cal,1556_R,13,False,1510_R,0.5931906468765155,,
palm,unknown_cal,1556_R,14,False,1510_R,0.5768195598205734,,
palm,unknown_cal,1559_L,1,False,1042_L,0.5025557232519298,,
palm,unknown_cal,1559_L,2,False,1023_L,0.4650620865911889,,
palm,unknown_cal,1559_L,3,False,1023_L,0.5214366069634707,,
palm,unknown_cal,1559_L,4,False,1074_L,0.43261150298111106,,
palm,unknown_cal,1559_L,5,False,1023_L,0.48499123104135955,,
palm,unknown_cal,1559_L,6,False,1093_L,0.5597485551537267,,
palm,unknown_cal,1559_L,7,False,1528_L,0.4624533134209479,,
palm,unknown_cal,1559_L,8,False,1023_L,0.4374126189509136,,
palm,unknown_cal,1559_L,9,False,1093_L,0.42075758691961357,,
palm,unknown_cal,1559_L,10,False,1093_L,0.43530658181227705,,
palm,unknown_cal,1559_L,11,False,1093_L,0.4337336211851004,,
palm,unknown_cal,1559_L,12,False,1528_L,0.4483592256637483,,
palm,unknown_cal,1559_L,13,False,1042_L,0.44039746487239473,,
palm,unknown_cal,1559_L,14,False,1093_L,0.46733400638187805,,
palm,unknown_cal,1559_L,15,False,1042_L,0.4982967597864715,,
palm,unknown_cal,1559_L,16,False,1023_L,0.4271072790876666,,
palm,unknown_cal,1559_L,17,False,1023_L,0.4207170835299965,,
palm,unknown_cal,1559_L,18,False,1023_L,0.4476507071782741,,
palm,unknown_cal,1559_L,19,False,1042_L,0.4446234860708931,,
palm,unknown_cal,1559_L,20,False,1042_L,0.4711417791228699,,
palm,unknown_cal,1559_R,1,False,576_R,0.36572935179324845,,
palm,unknown_cal,1559_R,2,False,576_R,0.3432446776052349,,
palm,unknown_cal,1559_R,3,False,86_R,0.4803564430142563,,
palm,unknown_cal,1559_R,4,False,559_R,0.2928550435475568,,
palm,unknown_cal,1559_R,5,False,576_R,0.3687550467118622,,
palm,unknown_cal,1559_R,6,False,543_R,0.2584603992114207,,
palm,unknown_cal,1559_R,7,False,1042_R,0.34763233248569403,,
palm,unknown_cal,1559_R,8,False,1028_R,0.2572327077026475,,
palm,unknown_cal,1559_R,9,False,1042_R,0.28263607320006867,,
palm,unknown_cal,1559_R,10,False,1528_R,0.27550682977029095,,
palm,unknown_cal,1559_R,11,False,1513_R,0.3074089987679314,,
palm,unknown_cal,1559_R,12,False,576_R,0.24517835420212042,,
palm,unknown_cal,1559_R,13,False,576_R,0.2183572149234147,,
palm,unknown_cal,1559_R,14,False,1042_R,0.32286428084238955,,
palm,unknown_cal,3000000_L,1,False,1026_L,0.49025629694067957,,
palm,unknown_cal,3000000_L,2,False,1026_L,0.27749226446382114,,
palm,unknown_cal,3000000_L,3,False,13_L,0.3093616327484052,,
palm,unknown_cal,3000000_L,4,False,13_L,0.31713629550881195,,
palm,unknown_cal,3000000_L,5,False,1026_L,0.43788978738293083,,
palm,unknown_cal,3000000_L,6,False,1571_L,0.35721526485746097,,
palm,unknown_cal,3000000_L,7,False,1571_L,0.38203229613300577,,
palm,unknown_cal,3000000_L,8,False,1571_L,0.44847104444895336,,
palm,unknown_cal,3000000_L,9,False,1571_L,0.3930428731245068,,
palm,unknown_cal,3000000_L,10,False,1026_L,0.3649000041750058,,
palm,unknown_cal,3000000_L,11,False,1571_L,0.4252009409413273,,
palm,unknown_cal,3000000_L,12,False,13_L,0.36862170646034986,,
palm,unknown_cal,3000000_L,13,False,13_L,0.28798140092196056,,
palm,unknown_cal,3000000_R,1,False,1571_R,0.2511119079684503,,
palm,unknown_cal,3000000_R,2,False,1093_R,0.35993132508758907,,
palm,unknown_cal,3000000_R,3,False,1571_R,0.2574992053834466,,
palm,unknown_cal,3000000_R,4,False,1510_R,0.2717899262831447,,
palm,unknown_cal,3000000_R,5,False,1093_R,0.24778667443197355,,
palm,unknown_cal,55_L,1,False,13_L,0.5612351494835215,,
palm,unknown_cal,55_L,2,False,1042_L,0.5585049694328332,,
palm,unknown_cal,55_L,3,False,13_L,0.4504848580821611,,
palm,unknown_cal,55_L,4,False,1042_L,0.5077867916052917,,
palm,unknown_cal,55_L,5,False,1592_L,0.47859530009715023,,
palm,unknown_cal,55_L,6,False,1592_L,0.4415079286362903,,
palm,unknown_cal,55_L,7,False,1592_L,0.4001616393806062,,
palm,unknown_cal,55_L,8,False,1042_L,0.5264353781351738,,
palm,unknown_cal,55_L,9,False,1074_L,0.5322716725771539,,
palm,unknown_cal,55_L,10,False,1074_L,0.4920222071153213,,
palm,unknown_cal,55_L,11,False,1516_L,0.3297967728420792,,
palm,unknown_cal,55_L,12,False,1592_L,0.351092944828702,,
palm,unknown_cal,55_L,13,False,1592_L,0.4437208925307018,,
palm,unknown_cal,55_L,14,False,1042_L,0.3352729220588851,,
palm,unknown_cal,55_L,15,False,1592_L,0.42906779835086895,,
palm,unknown_cal,55_L,16,False,1592_L,0.4812659477771355,,
palm,unknown_cal,55_L,17,False,576_L,0.4287098316292608,,
palm,unknown_cal,55_L,18,False,1042_L,0.4582027627947664,,
palm,unknown_cal,55_L,19,False,576_L,0.38944548339864027,,
palm,unknown_cal,55_L,20,False,576_L,0.36924449402666076,,
palm,unknown_cal,55_L,21,False,1510_L,0.4717973929189393,,
palm,unknown_cal,55_L,22,False,1510_L,0.48336853022177095,,
palm,unknown_cal,55_L,23,False,1510_L,0.4866050753260362,,
palm,unknown_cal,55_L,24,False,1510_L,0.42721161691746623,,
palm,unknown_cal,55_R,1,False,13_R,0.47028215632603315,,
palm,unknown_cal,55_R,2,False,559_R,0.4940166634698112,,
palm,unknown_cal,55_R,3,False,559_R,0.4290825097491028,,
palm,unknown_cal,55_R,4,False,559_R,0.43856048029330946,,
palm,unknown_cal,55_R,5,False,1023_R,0.30122569165463753,,
palm,unknown_cal,55_R,6,False,1028_R,0.2575228796323439,,
palm,unknown_cal,55_R,7,False,1023_R,0.28190966803705586,,
palm,unknown_cal,55_R,8,False,1023_R,0.25164734783196774,,
palm,unknown_cal,55_R,9,False,1510_R,0.28444902517408877,,
palm,unknown_cal,55_R,10,False,1023_R,0.22495585848220148,,
palm,unknown_cal,55_R,11,False,1023_R,0.2336585724038926,,
palm,unknown_cal,55_R,12,False,1026_R,0.22653312922765145,,
palm,unknown_cal,55_R,13,False,1023_R,0.18705812694944296,,
palm,unknown_cal,55_R,14,False,1042_R,0.24611216292507257,,
palm,unknown_cal,55_R,15,False,1023_R,0.24504890167755625,,
palm,unknown_cal,55_R,16,False,1023_R,0.24315059413079956,,
palm,unknown_cal,55_R,17,False,1023_R,0.24541230060347174,,
palm,unknown_cal,55_R,18,False,1510_R,0.2655499301042395,,
palm,unknown_cal,55_R,19,False,1028_R,0.23448573639231673,,
palm,unknown_cal,552_L,1,False,1026_L,0.45548028180129096,,
palm,unknown_cal,552_L,2,False,1026_L,0.4879786478395438,,
palm,unknown_cal,552_L,3,False,1026_L,0.3739564719030995,,
palm,unknown_cal,552_L,4,False,1510_L,0.29920632609368447,,
palm,unknown_cal,552_L,5,False,1069_L,0.27620112527464485,,
palm,unknown_cal,552_L,6,False,1069_L,0.27140769602127357,,
palm,unknown_cal,552_L,7,False,1510_L,0.26345229871423304,,
palm,unknown_cal,552_L,8,False,1510_L,0.24887710545745753,,
palm,unknown_cal,552_L,9,False,1069_L,0.34263197616470464,,
palm,unknown_cal,552_L,10,False,1069_L,0.3537348126377412,,
palm,unknown_cal,552_L,11,False,1510_L,0.22952425952180128,,
palm,unknown_cal,552_L,12,False,1069_L,0.24800464522822757,,
palm,unknown_cal,552_L,13,False,1069_L,0.27155597551990684,,
palm,unknown_cal,552_L,14,False,1513_L,0.27101770690109445,,
palm,unknown_cal,552_L,15,False,1069_L,0.34600687936502983,,
palm,unknown_cal,552_R,1,False,1023_R,0.25729777504806584,,
palm,unknown_cal,552_R,2,False,1510_R,0.2768875602153034,,
palm,unknown_cal,552_R,3,False,1510_R,0.33973267455037004,,
palm,unknown_cal,552_R,4,False,1026_R,0.35928858936109365,,
palm,unknown_cal,552_R,5,False,1510_R,0.40550608450317394,,
palm,unknown_cal,552_R,6,False,1510_R,0.4250256858745965,,
palm,unknown_cal,552_R,7,False,86_R,0.2707049701388294,,
palm,unknown_cal,552_R,8,False,86_R,0.30796540363881697,,
palm,unknown_cal,552_R,9,False,1510_R,0.3052798493833059,,
palm,unknown_cal,552_R,10,False,86_R,0.26542692525368955,,
palm,unknown_cal,552_R,11,False,1510_R,0.27409917249839055,,
palm,unknown_cal,552_R,12,False,86_R,0.30122070097699355,,
palm,unknown_cal,552_R,13,False,86_R,0.3326733643257246,,
palm,unknown_cal,552_R,14,False,1510_R,0.2484577033575161,,
palm,unknown_cal,552_R,15,False,1510_R,0.29025393906274755,,
palm,unknown_cal,552_R,16,False,1510_R,0.34039419034078583,,
palm,unknown_cal,552_R,17,False,1510_R,0.5445886200279124,,
palm,unknown_cal,552_R,18,False,1510_R,0.5000440607329341,,
palm,unknown_cal,552_R,19,False,1510_R,0.5238349422296991,,
palm,unknown_cal,66_L,1,False,1510_L,0.29988157253064573,,
palm,unknown_cal,66_L,2,False,559_L,0.3911812847976797,,
palm,unknown_cal,66_L,3,False,571_L,0.35599382466655527,,
palm,unknown_cal,66_L,4,False,1510_L,0.2708904033086995,,
palm,unknown_cal,66_L,5,False,571_L,0.28825433929062516,,
palm,unknown_cal,66_L,6,False,559_L,0.30028296892697237,,
palm,unknown_cal,66_L,7,False,571_L,0.3169288110871788,,
palm,unknown_cal,66_L,8,False,559_L,0.28665435880695966,,
palm,unknown_cal,66_L,9,False,543_L,0.3543750145801739,,
palm,unknown_cal,66_L,10,False,543_L,0.359784998312116,,
palm,unknown_cal,66_L,11,False,543_L,0.3175288379031552,,
palm,unknown_cal,66_R,1,False,1592_R,0.1934486474284071,,
palm,unknown_cal,66_R,2,False,1516_R,0.20306730285735083,,
palm,unknown_cal,66_R,3,False,13_R,0.2274947770100732,,
palm,unknown_cal,66_R,4,False,1510_R,0.1831003811462751,,
palm,unknown_cal,66_R,5,False,1592_R,0.21753645080293157,,
palm,unknown_cal,66_R,6,False,13_R,0.19306235686049833,,
palm,unknown_cal,66_R,7,False,1592_R,0.24593584499927917,,
palm,unknown_cal,66_R,8,False,559_R,0.30590960990477223,,
palm,unknown_cal,66_R,9,False,559_R,0.36780196818751987,,
palm,unknown_cal,66_R,10,False,13_R,0.382586651625336,,
palm,unknown_cal,8000000_L,1,False,571_L,0.3684627360649799,,
palm,unknown_cal,8000000_L,2,False,543_L,0.40700247807910195,,
palm,unknown_cal,8000000_L,3,False,543_L,0.43537266896705146,,
palm,unknown_cal,8000000_L,4,False,543_L,0.39417685981741524,,
palm,unknown_cal,8000000_L,5,False,571_L,0.27927652596113267,,
palm,unknown_cal,8000000_L,6,False,1042_L,0.35845922710613176,,
palm,unknown_cal,8000000_L,7,False,1513_L,0.35741702922271973,,
palm,unknown_cal,8000000_L,8,False,1516_L,0.30236839244027075,,
palm,unknown_cal,8000000_L,9,False,571_L,0.36784247199815534,,
palm,unknown_cal,8000000_L,10,False,1042_L,0.34001007343320727,,
palm,unknown_cal,8000000_L,11,False,1528_L,0.3626164976706638,,
palm,unknown_cal,8000000_L,12,False,559_L,0.32771458681615295,,
palm,unknown_cal,8000000_L,13,False,543_L,0.33920754964287303,,
palm,unknown_cal,8000000_L,14,False,543_L,0.30887831597299864,,
palm,unknown_cal,8000000_R,1,False,1513_R,0.37889339456595406,,
palm,unknown_cal,8000000_R,2,False,1513_R,0.3449267042846195,,
palm,unknown_cal,8000000_R,3,False,1513_R,0.3599360500647888,,
palm,unknown_cal,8000000_R,4,False,1028_R,0.32446279033969955,,
palm,unknown_cal,8000000_R,5,False,1028_R,0.388216073982127,,
palm,unknown_cal,8000000_R,6,False,1028_R,0.3617517439086362,,
palm,unknown_cal,8000000_R,7,False,1513_R,0.3182244291737856,,
palm,unknown_cal,8000000_R,8,False,1042_R,0.33063209357214546,,
palm,unknown_cal,8000000_R,9,False,1028_R,0.33456944962179835,,
palm,unknown_test,1005_L,1,False,559_L,0.3013167855851112,,
palm,unknown_test,1005_L,2,False,559_L,0.3695576035571654,,
palm,unknown_test,1005_L,3,False,559_L,0.3209433359256928,,
palm,unknown_test,1005_L,4,False,559_L,0.3711127012099689,,
palm,unknown_test,1005_L,5,False,559_L,0.33191739537164006,,
palm,unknown_test,1005_L,6,False,559_L,0.36295925974725685,,
palm,unknown_test,1005_L,7,False,559_L,0.3407832114222897,,
palm,unknown_test,1005_L,8,False,559_L,0.20831546604796342,,
palm,unknown_test,1005_L,9,False,559_L,0.22290701112517852,,
palm,unknown_test,1005_L,10,False,559_L,0.3668011780450923,,
palm,unknown_test,1005_L,11,False,559_L,0.3288836504714197,,
palm,unknown_test,1005_R,1,False,1042_R,0.2999691807908699,,
palm,unknown_test,1005_R,2,False,1042_R,0.28221135967292027,,
palm,unknown_test,1005_R,3,False,1042_R,0.3613870527418386,,
palm,unknown_test,1005_R,4,False,543_R,0.35393575468252614,,
palm,unknown_test,1005_R,5,False,571_R,0.2287849307730525,,
palm,unknown_test,1005_R,6,False,1042_R,0.28301399111256287,,
palm,unknown_test,1005_R,7,False,1028_R,0.4302046024028007,,
palm,unknown_test,1005_R,8,False,1028_R,0.3399755612067825,,
palm,unknown_test,1005_R,9,False,571_R,0.2553389844689789,,
palm,unknown_test,1005_R,10,False,559_R,0.3136263204886727,,
palm,unknown_test,1005_R,11,False,571_R,0.47321845664363493,,
palm,unknown_test,1005_R,12,False,559_R,0.31769030894984274,,
palm,unknown_test,1013_L,1,False,1513_L,0.28041007246226335,,
palm,unknown_test,1013_L,2,False,1513_L,0.23521203475214097,,
palm,unknown_test,1013_L,3,False,1069_L,0.2474854707948912,,
palm,unknown_test,1013_L,4,False,1069_L,0.3118146770649673,,
palm,unknown_test,1013_L,5,False,1069_L,0.3559015151310267,,
palm,unknown_test,1013_L,6,False,1022_L,0.2273189741085685,,
palm,unknown_test,1013_L,7,False,1022_L,0.30931065359177623,,
palm,unknown_test,1013_L,8,False,1069_L,0.26632379205162426,,
palm,unknown_test,1013_L,9,False,1028_L,0.2544980618921701,,
palm,unknown_test,1013_L,10,False,1028_L,0.21630558055372912,,
palm,unknown_test,1013_L,11,False,1069_L,0.276951682069582,,
palm,unknown_test,1013_L,12,False,1042_L,0.26951337631792516,,
palm,unknown_test,1013_L,13,False,1042_L,0.25607765083458756,,
palm,unknown_test,1013_L,14,False,1571_L,0.21110619965943245,,
palm,unknown_test,1013_L,15,False,1023_L,0.20171484721660513,,
palm,unknown_test,1013_L,16,False,1513_L,0.24625654843788852,,
palm,unknown_test,1013_L,17,False,1571_L,0.18932520791520385,,
palm,unknown_test,1013_R,1,False,1528_R,0.5639619213501752,,
palm,unknown_test,1013_R,2,False,1516_R,0.3194992717617739,,
palm,unknown_test,1013_R,3,False,1026_R,0.34937403503086406,,
palm,unknown_test,1013_R,4,False,1513_R,0.24456493878006574,,
palm,unknown_test,1013_R,5,False,86_R,0.3011443567800203,,
palm,unknown_test,1013_R,6,False,1516_R,0.22899016761526958,,
palm,unknown_test,1013_R,7,False,86_R,0.2879655552907197,,
palm,unknown_test,1013_R,8,False,1528_R,0.3433237150538059,,
palm,unknown_test,1013_R,9,False,1528_R,0.30265643482813354,,
palm,unknown_test,1013_R,10,False,1513_R,0.2973669012948492,,
palm,unknown_test,1013_R,11,False,1513_R,0.2936086014008417,,
palm,unknown_test,1013_R,12,False,1513_R,0.24082295429093248,,
palm,unknown_test,1013_R,13,False,1513_R,0.28651745863025346,,
palm,unknown_test,1013_R,14,False,1516_R,0.4954691232243787,,
palm,unknown_test,1013_R,15,False,1516_R,0.4863709079221833,,
palm,unknown_test,1013_R,16,False,1028_R,0.18915238201982107,,
palm,unknown_test,1013_R,17,False,1028_R,0.20377983876730266,,
palm,unknown_test,1013_R,18,False,1028_R,0.22895660442874713,,
palm,unknown_test,1013_R,19,False,1069_R,0.33915407774251316,,
palm,unknown_test,1013_R,20,False,1069_R,0.19841946742909924,,
palm,unknown_test,1013_R,21,False,1069_R,0.2875294052308861,,
palm,unknown_test,1013_R,22,False,1069_R,0.3103096807279224,,
palm,unknown_test,1013_R,23,False,1028_R,0.19708618644423126,,
palm,unknown_test,1034_L,1,False,1023_L,0.43485775015501754,,
palm,unknown_test,1034_L,2,False,1023_L,0.43189422361486196,,
palm,unknown_test,1034_L,3,False,1023_L,0.4040058817880592,,
palm,unknown_test,1034_L,4,False,1022_L,0.4262269351571517,,
palm,unknown_test,1034_L,5,False,1022_L,0.4010596597663363,,
palm,unknown_test,1034_L,6,False,1022_L,0.40163166626495017,,
palm,unknown_test,1034_L,7,False,1023_L,0.5009586685070505,,
palm,unknown_test,1034_L,8,False,1023_L,0.4746586699264417,,
palm,unknown_test,1034_L,9,False,1023_L,0.5277157944125013,,
palm,unknown_test,1034_L,10,False,1023_L,0.514809089025898,,
palm,unknown_test,1034_L,11,False,1023_L,0.5516698569916432,,
palm,unknown_test,1034_L,12,False,1023_L,0.5181654018308668,,
palm,unknown_test,1034_L,13,False,1023_L,0.5003984157917865,,
palm,unknown_test,1034_L,14,False,1023_L,0.5334834536163959,,
palm,unknown_test,1034_L,15,False,1023_L,0.5340319544088378,,
palm,unknown_test,1034_L,16,False,1023_L,0.4133523796801416,,
palm,unknown_test,1034_L,17,False,1023_L,0.4588413868173875,,
palm,unknown_test,1034_L,18,False,1023_L,0.4280340974770334,,
palm,unknown_test,1034_L,19,False,1022_L,0.4023317511574326,,
palm,unknown_test,1034_L,20,False,1023_L,0.4605533426532824,,
palm,unknown_test,1034_L,21,False,1023_L,0.4658209812232492,,
palm,unknown_test,1034_L,22,False,86_L,0.4830542734125534,,
palm,unknown_test,1034_L,23,False,86_L,0.481150856444954,,
palm,unknown_test,1034_R,1,False,1023_R,0.3739893352987588,,
palm,unknown_test,1034_R,2,False,1023_R,0.3889183872723143,,
palm,unknown_test,1034_R,3,False,1023_R,0.43313090813796473,,
palm,unknown_test,1034_R,4,False,1023_R,0.51324683796473,,
palm,unknown_test,1034_R,5,False,1528_R,0.4631986560476793,,
palm,unknown_test,1034_R,6,False,1528_R,0.5467072295253992,,
palm,unknown_test,1034_R,7,False,1528_R,0.49964926906404006,,
palm,unknown_test,1034_R,8,False,1528_R,0.5105136843058,,
palm,unknown_test,1034_R,9,False,1023_R,0.41856803804702913,,
palm,unknown_test,1034_R,10,False,1023_R,0.4572784598446726,,
palm,unknown_test,1034_R,11,False,1528_R,0.4997579315704036,,
palm,unknown_test,1034_R,12,False,1528_R,0.5379873619517959,,
palm,unknown_test,1034_R,13,False,1528_R,0.5651647979303787,,
palm,unknown_test,1034_R,14,False,1528_R,0.5966306106318062,,
palm,unknown_test,1034_R,15,False,1528_R,0.5096853928250951,,
palm,unknown_test,1034_R,16,False,1528_R,0.5391483804415469,,
palm,unknown_test,1034_R,17,False,1528_R,0.5044731298973553,,
palm,unknown_test,1034_R,18,False,1528_R,0.5580014955763551,,
palm,unknown_test,1034_R,19,False,1528_R,0.5391416923701402,,
palm,unknown_test,1034_R,20,False,1528_R,0.5732882253225825,,
palm,unknown_test,1034_R,21,False,1528_R,0.5125600881908919,,
palm,unknown_test,1041_L,1,False,1571_L,0.39792438322899804,,
palm,unknown_test,1041_L,2,False,1516_L,0.4391792323323518,,
palm,unknown_test,1041_L,3,False,86_L,0.37424379258303786,,
palm,unknown_test,1041_L,4,False,1516_L,0.4505661809250068,,
palm,unknown_test,1041_L,5,False,1571_L,0.3477152090972293,,
palm,unknown_test,1041_L,6,False,1571_L,0.37712677137614775,,
palm,unknown_test,1041_L,7,False,1571_L,0.2629424189751874,,
palm,unknown_test,1041_L,8,False,1571_L,0.41150184518060307,,
palm,unknown_test,1041_R,1,False,576_R,0.32704155952588276,,
palm,unknown_test,1041_R,2,False,86_R,0.21984566928919685,,
palm,unknown_test,1041_R,3,False,576_R,0.23675868765611835,,
palm,unknown_test,1041_R,4,False,1516_R,0.3065328123318967,,
palm,unknown_test,1041_R,5,False,1516_R,0.2869635682124526,,
palm,unknown_test,1041_R,6,False,86_R,0.3856517780271531,,
palm,unknown_test,1041_R,7,False,86_R,0.31631238282289087,,
palm,unknown_test,1041_R,8,False,1516_R,0.326460802629519,,
palm,unknown_test,1041_R,9,False,86_R,0.41328377394933746,,
palm,unknown_test,1041_R,10,False,86_R,0.4769183279521786,,
palm,unknown_test,1041_R,11,False,86_R,0.4022577176947926,,
palm,unknown_test,1041_R,12,False,1516_R,0.26185667460017054,,
palm,unknown_test,1041_R,13,False,1516_R,0.22439039584260168,,
palm,unknown_test,1041_R,14,False,1069_R,0.28070855332775474,,
palm,unknown_test,1052_L,1,False,1028_L,0.29925583187478433,,
palm,unknown_test,1052_L,2,False,1028_L,0.33252834455300245,,
palm,unknown_test,1052_L,3,False,1028_L,0.2993145693313767,,
palm,unknown_test,1052_L,4,False,1028_L,0.41738566883912753,,
palm,unknown_test,1052_L,5,False,1028_L,0.4279203491457539,,
palm,unknown_test,1052_L,6,False,1028_L,0.4502198398298267,,
palm,unknown_test,1052_L,7,False,1028_L,0.37709234833599037,,
palm,unknown_test,1052_L,8,False,1028_L,0.42172070930683836,,
palm,unknown_test,1052_L,9,False,1028_L,0.41949284367938394,,
palm,unknown_test,1052_L,10,False,1028_L,0.485380039746126,,
palm,unknown_test,1052_L,11,False,1028_L,0.3671897334227563,,
palm,unknown_test,1052_L,12,False,1028_L,0.412882388397264,,
palm,unknown_test,1052_L,13,False,1028_L,0.38357788860806685,,
palm,unknown_test,1052_L,14,False,1028_L,0.3983535325631128,,
palm,unknown_test,1052_L,15,False,1028_L,0.4739441862402788,,
palm,unknown_test,1052_L,16,False,1028_L,0.3763996147065377,,
palm,unknown_test,1052_R,1,False,1510_R,0.5568420227282889,,
palm,unknown_test,1052_R,2,False,1510_R,0.5733623579772092,,
palm,unknown_test,1052_R,3,False,1510_R,0.35106636919919487,,
palm,unknown_test,1052_R,4,False,1510_R,0.5042674024474598,,
palm,unknown_test,1052_R,5,False,1510_R,0.35655006285041535,,
palm,unknown_test,1052_R,6,False,1510_R,0.5238874158063032,,
palm,unknown_test,1052_R,7,False,1510_R,0.45728578784802554,,
palm,unknown_test,1052_R,8,False,1510_R,0.41378524597374355,,
palm,unknown_test,1085_L,1,False,1042_L,0.23586781701188236,,
palm,unknown_test,1085_L,2,False,1042_L,0.2906068301636703,,
palm,unknown_test,1085_L,3,False,1042_L,0.295222493969819,,
palm,unknown_test,1085_L,4,False,13_L,0.2908319948652418,,
palm,unknown_test,1085_L,5,False,13_L,0.3263944180650914,,
palm,unknown_test,1085_L,6,False,1042_L,0.2898685944693352,,
palm,unknown_test,1085_L,7,False,1042_L,0.30930420349783594,,
palm,unknown_test,1085_L,8,False,1042_L,0.35980145316938233,,
palm,unknown_test,1085_L,9,False,1513_L,0.29561256782686085,,
palm,unknown_test,1085_R,1,False,1028_R,0.4796366722684984,,
palm,unknown_test,1085_R,2,False,1028_R,0.483328663240563,,
palm,unknown_test,1085_R,3,False,1028_R,0.38270970315858016,,
palm,unknown_test,1085_R,4,False,1028_R,0.33889736974944684,,
palm,unknown_test,1085_R,5,False,1028_R,0.3820664913191387,,
palm,unknown_test,1085_R,6,False,1528_R,0.35715335659363157,,
palm,unknown_test,1085_R,7,False,571_R,0.49163740601367356,,
palm,unknown_test,1085_R,8,False,1028_R,0.44035794368044523,,
palm,unknown_test,1085_R,9,False,1028_R,0.44479071094983913,,
palm,unknown_test,1085_R,10,False,1028_R,0.3886226246608351,,
palm,unknown_test,1085_R,11,False,1028_R,0.39255472096773925,,
palm,unknown_test,1085_R,12,False,1528_R,0.36138242772356954,,
palm,unknown_test,1085_R,13,False,1028_R,0.35474311819483495,,
palm,unknown_test,1085_R,14,False,1028_R,0.3784411679083019,,
palm,unknown_test,1085_R,15,False,1028_R,0.3315688586834369,,
palm,unknown_test,1085_R,16,False,1028_R,0.3042022255872523,,
palm,unknown_test,1085_R,17,False,1028_R,0.43653893136036737,,
palm,unknown_test,1509_L,1,False,1528_L,0.5879828538801389,,
palm,unknown_test,1509_L,2,False,1528_L,0.5572433143795539,,
palm,unknown_test,1509_L,3,False,1074_L,0.6661971094437,,
palm,unknown_test,1509_L,4,False,1074_L,0.6132029043167601,,
palm,unknown_test,1509_R,1,False,1069_R,0.5002007888141098,,
palm,unknown_test,1509_R,2,False,1069_R,0.363246457040463,,
palm,unknown_test,1509_R,3,False,1042_R,0.3169162701431779,,
palm,unknown_test,1509_R,4,False,1528_R,0.4915768230483439,,
palm,unknown_test,1509_R,5,False,86_R,0.43470518393973134,,
palm,unknown_test,1515_L,1,False,1528_L,0.5991059706455064,,
palm,unknown_test,1515_L,2,False,559_L,0.4235335282573934,,
palm,unknown_test,1515_L,3,False,559_L,0.5035340545480994,,
palm,unknown_test,1515_L,4,False,1592_L,0.565696347597809,,
palm,unknown_test,1515_L,5,False,1592_L,0.44692063735168475,,
palm,unknown_test,1515_R,1,False,13_R,0.526380494089913,,
palm,unknown_test,1515_R,2,False,1528_R,0.4289156279662991,,
palm,unknown_test,1515_R,3,False,13_R,0.5233346165993742,,
palm,unknown_test,1515_R,4,False,13_R,0.4854061090322257,,
palm,unknown_test,1515_R,5,False,13_R,0.5021795629052608,,
palm,unknown_test,1515_R,6,False,13_R,0.3958830837089443,,
palm,unknown_test,1515_R,7,False,13_R,0.4666181901124128,,
palm,unknown_test,1527_L,1,False,1026_L,0.41356999313560217,,
palm,unknown_test,1527_L,2,False,1026_L,0.45659810202700213,,
palm,unknown_test,1527_L,3,False,1026_L,0.36637011660955776,,
palm,unknown_test,1527_L,4,False,1026_L,0.37451722344791216,,
palm,unknown_test,1527_L,5,False,1026_L,0.3271851452263813,,
palm,unknown_test,1527_L,6,False,576_L,0.27804717875869156,,
palm,unknown_test,1527_L,7,False,1026_L,0.28478991662172426,,
palm,unknown_test,1527_L,8,False,1026_L,0.38485002048522476,,
palm,unknown_test,1527_L,9,False,1028_L,0.37863414331357026,,
palm,unknown_test,1527_L,10,False,1028_L,0.3437448717193735,,
palm,unknown_test,1527_L,11,False,1023_L,0.3339365923704649,,
palm,unknown_test,1527_R,1,False,1026_R,0.39333046326211757,,
palm,unknown_test,1527_R,2,False,86_R,0.4388915409948586,,
palm,unknown_test,1527_R,3,False,86_R,0.4623172692847457,,
palm,unknown_test,1527_R,4,False,86_R,0.534217263692483,,
palm,unknown_test,1527_R,5,False,86_R,0.450663131767529,,
palm,unknown_test,1527_R,6,False,86_R,0.4661979931715762,,
palm,unknown_test,1527_R,7,False,1528_R,0.44267463749341907,,
palm,unknown_test,1527_R,8,False,1026_R,0.45464764788442447,,
palm,unknown_test,1527_R,9,False,1026_R,0.41085217915503425,,
palm,unknown_test,1527_R,10,False,1026_R,0.37042253930473906,,
palm,unknown_test,1531_L,1,False,1516_L,0.21243569505954774,,
palm,unknown_test,1531_L,2,False,1510_L,0.24102418029504905,,
palm,unknown_test,1531_L,3,False,1510_L,0.4174566699709067,,
palm,unknown_test,1531_L,4,False,1510_L,0.3490124506710896,,
palm,unknown_test,1531_L,5,False,1022_L,0.27391251093040814,,
palm,unknown_test,1531_L,6,False,1022_L,0.3571454676938043,,
palm,unknown_test,1531_L,7,False,1074_L,0.25167537489770864,,
palm,unknown_test,1531_L,8,False,571_L,0.3821153606400767,,
palm,unknown_test,1531_L,9,False,1022_L,0.32359741110081425,,
palm,unknown_test,1531_L,10,False,1516_L,0.23659688067786797,,
palm,unknown_test,1531_R,1,False,1028_R,0.3743328156875388,,
palm,unknown_test,1531_R,2,False,1028_R,0.3384575128469374,,
palm,unknown_test,1531_R,3,False,1028_R,0.3765024848021211,,
palm,unknown_test,1531_R,4,False,1028_R,0.35084341107023653,,
palm,unknown_test,1531_R,5,False,1510_R,0.31696864991412993,,
palm,unknown_test,1531_R,6,False,1510_R,0.45976359561011393,,
palm,unknown_test,1531_R,7,False,1028_R,0.3214594036185059,,
palm,unknown_test,1531_R,8,False,1510_R,0.31736802890168525,,
palm,unknown_test,1531_R,9,False,1028_R,0.3493028558432287,,
palm,unknown_test,1531_R,10,False,1516_R,0.3498008646272382,,
palm,unknown_test,1531_R,11,False,1028_R,0.34460990942172287,,
palm,unknown_test,1550_L,1,False,1510_L,0.4467096252174697,,
palm,unknown_test,1550_L,2,False,1510_L,0.3677323400612992,,
palm,unknown_test,1550_L,3,False,1510_L,0.26887358178388604,,
palm,unknown_test,1550_L,4,False,1510_L,0.3188996021944571,,
palm,unknown_test,1550_L,5,False,571_L,0.2170633251387678,,
palm,unknown_test,1550_L,6,False,1510_L,0.24480402420523228,,
palm,unknown_test,1550_L,7,False,1510_L,0.25071205682362496,,
palm,unknown_test,1550_L,8,False,1510_L,0.2845611486383822,,
palm,unknown_test,1550_L,9,False,559_L,0.23196294064238027,,
palm,unknown_test,1550_L,10,False,1510_L,0.2384011451708779,,
palm,unknown_test,1550_R,1,False,1028_R,0.38564407757258184,,
palm,unknown_test,1550_R,2,False,1028_R,0.28603183981287233,,
palm,unknown_test,1550_R,3,False,1028_R,0.2733972889718174,,
palm,unknown_test,1550_R,4,False,1028_R,0.24215443622328836,,
palm,unknown_test,1550_R,5,False,571_R,0.37634408054209834,,
palm,unknown_test,1550_R,6,False,571_R,0.36138608189775023,,
palm,unknown_test,1550_R,7,False,571_R,0.4641090614590898,,
palm,unknown_test,1550_R,8,False,571_R,0.3941111932021003,,
palm,unknown_test,1550_R,9,False,571_R,0.3780551248368036,,
palm,unknown_test,1550_R,10,False,1028_R,0.30427812536800214,,
palm,unknown_test,1550_R,11,False,571_R,0.2565919427074975,,
palm,unknown_test,1550_R,12,False,1028_R,0.38979630867740667,,
palm,unknown_test,1550_R,13,False,1028_R,0.39496213408489556,,
palm,unknown_test,1555_L,1,False,1023_L,0.3861986294667751,,
palm,unknown_test,1555_L,2,False,1023_L,0.33356842551442745,,
palm,unknown_test,1555_L,3,False,1022_L,0.47452917785423,,
palm,unknown_test,1555_L,4,False,1022_L,0.4413709361688379,,
palm,unknown_test,1555_L,5,False,1022_L,0.39536455220549105,,
palm,unknown_test,1555_L,6,False,1022_L,0.3965819896542068,,
palm,unknown_test,1555_L,7,False,559_L,0.3596196312236063,,
palm,unknown_test,1555_L,8,False,571_L,0.3530211872570076,,
palm,unknown_test,1555_L,9,False,1022_L,0.36250577609903367,,
palm,unknown_test,1555_L,10,False,1022_L,0.4063781643716422,,
palm,unknown_test,1555_R,1,False,86_R,0.4053722719084599,,
palm,unknown_test,1555_R,2,False,86_R,0.30978508901782464,,
palm,unknown_test,1555_R,3,False,86_R,0.35204557970981587,,
palm,unknown_test,1555_R,4,False,86_R,0.3961713530164752,,
palm,unknown_test,1555_R,5,False,86_R,0.5119760494187342,,
palm,unknown_test,1555_R,6,False,86_R,0.41274027518912004,,
palm,unknown_test,1555_R,7,False,571_R,0.3998869322524634,,
palm,unknown_test,1557_L,1,False,1571_L,0.3735803734180063,,
palm,unknown_test,1557_L,2,False,1571_L,0.3980163659164987,,
palm,unknown_test,1557_L,3,False,1028_L,0.3359587786304633,,
palm,unknown_test,1557_L,4,False,1571_L,0.4829388255172798,,
palm,unknown_test,1557_L,5,False,86_L,0.3049815804017223,,
palm,unknown_test,1557_L,6,False,1510_L,0.4223677689132594,,
palm,unknown_test,1557_L,7,False,1571_L,0.3863140187772107,,
palm,unknown_test,1557_L,8,False,1510_L,0.40436881635378097,,
palm,unknown_test,1557_L,9,False,1571_L,0.4314190242166681,,
palm,unknown_test,1557_R,1,False,1510_R,0.4028323594502056,,
palm,unknown_test,1557_R,2,False,1510_R,0.3605791580225839,,
palm,unknown_test,1557_R,3,False,1028_R,0.24242561818992708,,
palm,unknown_test,1557_R,4,False,1510_R,0.299377046960997,,
palm,unknown_test,1557_R,5,False,1510_R,0.30603407037597863,,
palm,unknown_test,1557_R,6,False,1028_R,0.3187680601957311,,
palm,unknown_test,1557_R,7,False,1510_R,0.36699540452191143,,
palm,unknown_test,1557_R,8,False,1510_R,0.3531361986241117,,
palm,unknown_test,1557_R,9,False,1510_R,0.2821495954704012,,
palm,unknown_test,1557_R,10,False,1093_R,0.26872126165823296,,
palm,unknown_test,1566_L,1,False,1528_L,0.4384333929567089,,
palm,unknown_test,1566_L,2,False,1022_L,0.3457133936135532,,
palm,unknown_test,1566_L,3,False,1028_L,0.37676347020953455,,
palm,unknown_test,1566_L,4,False,1022_L,0.4183431516609879,,
palm,unknown_test,1566_L,5,False,1022_L,0.48468479288986027,,
palm,unknown_test,1566_L,6,False,1022_L,0.47936310913168056,,
palm,unknown_test,1566_L,7,False,1028_L,0.46081104563623176,,
palm,unknown_test,1566_L,8,False,1042_L,0.455652717627313,,
palm,unknown_test,1566_L,9,False,1042_L,0.49342649656328064,,
palm,unknown_test,1566_L,10,False,1042_L,0.4581013836418438,,
palm,unknown_test,1566_L,11,False,1042_L,0.49634127466290834,,
palm,unknown_test,1566_L,12,False,1042_L,0.43421021089335743,,
palm,unknown_test,1566_L,13,False,1042_L,0.519439641083275,,
palm,unknown_test,1566_L,14,False,1023_L,0.46011207313661356,,
palm,unknown_test,1566_L,15,False,1023_L,0.3902480753888588,,
palm,unknown_test,1566_L,16,False,1022_L,0.473014361514268,,
palm,unknown_test,1566_L,17,False,1028_L,0.4529420379872898,,
palm,unknown_test,1566_L,18,False,1023_L,0.41613451355605097,,
palm,unknown_test,1566_L,19,False,1028_L,0.39644158569553434,,
palm,unknown_test,1566_L,20,False,1028_L,0.47635459917306644,,
palm,unknown_test,1566_L,21,False,1028_L,0.37414316504105977,,
palm,unknown_test,1566_L,22,False,1028_L,0.4096718429094048,,
palm,unknown_test,1566_R,1,False,1028_R,0.48364188542496933,,
palm,unknown_test,1566_R,2,False,1028_R,0.5091211448955848,,
palm,unknown_test,1566_R,3,False,1028_R,0.514534087476605,,
palm,unknown_test,1566_R,4,False,1028_R,0.49960655838356927,,
palm,unknown_test,1566_R,5,False,1028_R,0.643840059218895,,
palm,unknown_test,1566_R,6,False,1028_R,0.4495543410129364,,
palm,unknown_test,1566_R,7,False,1028_R,0.503941954464865,,
palm,unknown_test,1566_R,8,False,1028_R,0.4520640065688135,,
palm,unknown_test,1566_R,9,False,1028_R,0.6124690879059632,,
palm,unknown_test,1566_R,10,False,1028_R,0.5033727178291747,,
palm,unknown_test,1566_R,11,False,1028_R,0.5675517702922142,,
palm,unknown_test,1566_R,12,False,1028_R,0.6235172422717687,,
palm,unknown_test,1566_R,13,False,1028_R,0.5250112292794228,,
palm,unknown_test,1566_R,14,False,571_R,0.32500434384314386,,
palm,unknown_test,1566_R,15,False,1028_R,0.3114560405763719,,
palm,unknown_test,1566_R,16,False,1028_R,0.500889423044852,,
palm,unknown_test,1566_R,17,False,1028_R,0.5497395825758973,,
palm,unknown_test,1566_R,18,False,1028_R,0.6393640326077641,,
palm,unknown_test,1585_L,1,False,13_L,0.3862392537923002,,
palm,unknown_test,1585_L,2,False,13_L,0.44752032323339136,,
palm,unknown_test,1585_L,3,False,543_L,0.5189436987034651,,
palm,unknown_test,1585_L,4,False,543_L,0.4880066584942202,,
palm,unknown_test,1585_R,1,False,13_R,0.525953065203647,,
palm,unknown_test,1585_R,2,False,543_R,0.3658494291670635,,
palm,unknown_test,1585_R,3,False,543_R,0.5218076599041562,,
palm,unknown_test,1585_R,4,False,13_R,0.45234729511743005,,
palm,unknown_test,54_L,1,False,1592_L,0.3288472895157724,,
palm,unknown_test,54_L,2,False,1592_L,0.304409337653324,,
palm,unknown_test,54_L,3,False,86_L,0.44752619573008895,,
palm,unknown_test,54_L,4,False,1023_L,0.31354124387079885,,
palm,unknown_test,54_R,1,False,1592_R,0.427748053966347,,
palm,unknown_test,54_R,2,False,1592_R,0.5397030319965324,,
palm,unknown_test,54_R,3,False,1592_R,0.5715261611741564,,
palm,unknown_test,54_R,4,False,1592_R,0.5685937547307373,,
palm,unknown_test,546_L,1,False,1510_L,0.37481318904215283,,
palm,unknown_test,546_L,2,False,576_L,0.266180774211701,,
palm,unknown_test,546_L,3,False,576_L,0.3182402948057568,,
palm,unknown_test,546_L,4,False,1510_L,0.30726828339336776,,
palm,unknown_test,546_L,5,False,1510_L,0.43979321703138635,,
palm,unknown_test,546_L,6,False,1510_L,0.38507639861340764,,
palm,unknown_test,546_L,7,False,1516_L,0.3734643446503614,,
palm,unknown_test,546_L,8,False,1516_L,0.26559854448845976,,
palm,unknown_test,546_L,9,False,13_L,0.3910189490253284,,
palm,unknown_test,546_L,10,False,1069_L,0.2822789986065428,,
palm,unknown_test,546_L,11,False,1069_L,0.29542201719268935,,
palm,unknown_test,546_L,12,False,1571_L,0.3159051234116509,,
palm,unknown_test,546_L,13,False,1571_L,0.3031371714540134,,
palm,unknown_test,546_R,1,False,1513_R,0.49161165924862793,,
palm,unknown_test,546_R,2,False,1513_R,0.3996962717004735,,
palm,unknown_test,546_R,3,False,1513_R,0.36560201081919574,,
palm,unknown_test,546_R,4,False,1513_R,0.31108307162381293,,
palm,unknown_test,546_R,5,False,1513_R,0.32165131617035425,,
palm,unknown_test,546_R,6,False,1513_R,0.3430255858323197,,
palm,unknown_test,546_R,7,False,1513_R,0.37462233845819837,,
palm,unknown_test,546_R,8,False,1513_R,0.30570075299061106,,
palm,unknown_test,546_R,9,False,1513_R,0.3687074185450867,,
palm,unknown_test,546_R,10,False,1510_R,0.4630896327082237,,
palm,unknown_test,546_R,11,False,1510_R,0.5249539118092432,,
palm,unknown_test,546_R,12,False,1510_R,0.4471996347299136,,
palm,unknown_test,546_R,13,False,543_R,0.34100459738932276,,
palm,unknown_test,546_R,14,False,1093_R,0.33064161775103046,,
palm,unknown_test,546_R,15,False,13_R,0.3836304451440043,,
palm,unknown_test,546_R,16,False,1510_R,0.4252922442313819,,
palm,unknown_test,574_L,1,False,1528_L,0.5046701530559454,,
palm,unknown_test,574_L,2,False,1528_L,0.5473644461281529,,
palm,unknown_test,574_L,3,False,1528_L,0.5471375403668843,,
palm,unknown_test,574_L,4,False,86_L,0.4084882526121296,,
palm,unknown_test,574_L,5,False,1069_L,0.4058076412075688,,
palm,unknown_test,574_L,6,False,86_L,0.453664712064637,,
palm,unknown_test,574_L,7,False,1528_L,0.44992713374850446,,
palm,unknown_test,574_R,1,False,1069_R,0.481359426918353,,
palm,unknown_test,574_R,2,False,1069_R,0.3876158387237788,,
palm,unknown_test,574_R,3,False,1069_R,0.4952735290129848,,
palm,unknown_test,574_R,4,False,1069_R,0.5298887131640035,,
palm,unknown_test,574_R,5,False,1093_R,0.45319964027080284,,
palm,unknown_test,574_R,6,False,1093_R,0.4479818634634203,,
palm,unknown_test,574_R,7,False,1069_R,0.34779285191325215,,
palm,unknown_test,574_R,8,False,1093_R,0.3424876317271395,,
palm,unknown_test,581_L,1,False,576_L,0.30206541263636044,,
palm,unknown_test,581_L,2,False,1069_L,0.4160557338644967,,
palm,unknown_test,581_L,3,False,1069_L,0.3212183415709873,,
palm,unknown_test,581_L,4,False,1069_L,0.3733666190250585,,
palm,unknown_test,581_L,5,False,1069_L,0.3433834735323038,,
palm,unknown_test,581_L,6,False,1069_L,0.4020956887099828,,
palm,unknown_test,581_L,7,False,576_L,0.2831831369732861,,
palm,unknown_test,581_L,8,False,1069_L,0.16064216034771384,,
palm,unknown_test,581_L,9,False,1069_L,0.1638021721388718,,
palm,unknown_test,581_L,10,False,576_L,0.25979182492250785,,
palm,unknown_test,581_R,1,False,1571_R,0.3103064370623696,,
palm,unknown_test,581_R,2,False,1042_R,0.2626866119428352,,
palm,unknown_test,581_R,3,False,1042_R,0.38840761979360466,,
palm,unknown_test,581_R,4,False,1042_R,0.3571432306549833,,
palm,unknown_test,581_R,5,False,1042_R,0.36407600731799533,,
palm,unknown_test,581_R,6,False,1042_R,0.32856616993994725,,
palm,unknown_test,581_R,7,False,1042_R,0.3034984833440878,,
palm,unknown_test,581_R,8,False,1042_R,0.2628976118605538,,
palm,unknown_test,588_L,1,False,576_L,0.35713449734387814,,
palm,unknown_test,588_L,2,False,1093_L,0.507148020494834,,
palm,unknown_test,588_L,3,False,1093_L,0.4899249149036753,,
palm,unknown_test,588_L,4,False,1093_L,0.4009711678880025,,
palm,unknown_test,588_L,5,False,576_L,0.4614633575447905,,
palm,unknown_test,588_L,6,False,576_L,0.5190352826945308,,
palm,unknown_test,588_L,7,False,576_L,0.4469553987154772,,
palm,unknown_test,588_L,8,False,1510_L,0.41107590271711014,,
palm,unknown_test,588_L,9,False,576_L,0.3647960501945882,,
palm,unknown_test,588_L,10,False,576_L,0.44954348235657177,,
palm,unknown_test,588_L,11,False,576_L,0.4031483103272928,,
palm,unknown_test,588_L,12,False,1093_L,0.485195347882766,,
palm,unknown_test,588_R,1,False,1026_R,0.34967264366863604,,
palm,unknown_test,588_R,2,False,576_R,0.3816997917910009,,
palm,unknown_test,588_R,3,False,1026_R,0.4624524903850695,,
palm,unknown_test,588_R,4,False,576_R,0.4147545601945021,,
palm,unknown_test,588_R,5,False,1026_R,0.4159656730661103,,
palm,unknown_test,92_L,1,False,576_L,0.2744531080307124,,
palm,unknown_test,92_L,2,False,1510_L,0.3667222099666727,,
palm,unknown_test,92_L,3,False,1510_L,0.38759500454724255,,
palm,unknown_test,92_L,4,False,1026_L,0.3321991467532442,,
palm,unknown_test,92_L,5,False,1571_L,0.37184122716436274,,
palm,unknown_test,92_L,6,False,1571_L,0.43711740028006885,,
palm,unknown_test,92_L,7,False,1571_L,0.3238712169147641,,
palm,unknown_test,92_L,8,False,1571_L,0.19107967598159775,,
palm,unknown_test,92_L,9,False,1571_L,0.30230657993904536,,
palm,unknown_test,92_L,10,False,1571_L,0.39161740366415654,,
palm,unknown_test,92_L,11,False,1571_L,0.39929989478351263,,
palm,unknown_test,92_L,12,False,576_L,0.23166526913647978,,
palm,unknown_test,92_L,13,False,1093_L,0.24987064210987806,,
palm,unknown_test,92_L,14,False,86_L,0.24149362277900302,,
palm,unknown_test,92_L,15,False,13_L,0.25478503008751263,,
palm,unknown_test,92_L,16,False,86_L,0.29249588648779257,,
palm,unknown_test,92_R,1,False,1528_R,0.3684182198531741,,
palm,unknown_test,92_R,2,False,1592_R,0.325156324845288,,
palm,unknown_test,92_R,3,False,1528_R,0.32383128619553514,,
palm,unknown_test,92_R,4,False,1513_R,0.2350430521036689,,
palm,unknown_test,92_R,5,False,1528_R,0.3453569750178309,,
palm,unknown_test,92_R,6,False,1528_R,0.44957118916479244,,
palm,unknown_test,92_R,7,False,1528_R,0.3618847078299088,,
palm,unknown_test,92_R,8,False,1023_R,0.23861613542829788,,
palm,unknown_test,92_R,9,False,1528_R,0.32800770545209834,,
palm,unknown_test,92_R,10,False,1023_R,0.3504121068916035,,
palm,unknown_test,92_R,11,False,1023_R,0.373002483338626,,
palm,unknown_test,92_R,12,False,1528_R,0.520088845111327,,
palm,unknown_test,92_R,13,False,1023_R,0.4801107060531712,,
palm,unknown_test,92_R,14,False,1528_R,0.42902842595572144,,
palm,unknown_test,92_R,15,False,1528_R,0.3650530508478441,,
palm,unknown_test,92_R,16,False,1528_R,0.47196720347895943,,
palm,unknown_test,92_R,17,False,1528_R,0.49985822534787633,,
palm,unknown_test,92_R,18,False,1528_R,0.42976397881154915,,
dorsal,genuine_known,1022_L,5,False,1022_L,0.8848475284989175,0.8848475284989175,1
dorsal,genuine_known,1022_R,5,False,1022_R,0.8552427215631766,0.8552427215631766,1
dorsal,genuine_known,1023_L,7,False,1023_L,0.8196974380982637,0.8196974380982637,1
dorsal,genuine_known,1023_R,8,False,1023_R,0.8394699224385767,0.8394699224385767,1
dorsal,genuine_known,1026_L,6,False,1026_L,0.7861043953375151,0.7861043953375151,1
dorsal,genuine_known,1026_R,5,False,1026_R,0.7503470372580925,0.7503470372580925,1
dorsal,genuine_known,1028_L,14,False,1028_L,0.8262612507899445,0.8262612507899445,1
dorsal,genuine_known,1028_R,7,False,1028_R,0.9177435397325202,0.9177435397325202,1
dorsal,genuine_known,1042_L,17,False,1042_L,0.9251375718176815,0.9251375718176815,1
dorsal,genuine_known,1042_R,12,False,1042_R,0.942810380163521,0.942810380163521,1
dorsal,genuine_known,1069_L,6,False,1069_L,0.7893140455586145,0.7893140455586145,1
dorsal,genuine_known,1069_R,8,False,1069_R,0.45433070055291885,0.45433070055291885,1
dorsal,genuine_known,1074_L,5,False,1074_L,0.8057670102544143,0.8057670102544143,1
dorsal,genuine_known,1074_R,5,False,1074_R,0.7746075641055721,0.7746075641055721,1
dorsal,genuine_known,1093_L,10,False,1093_L,0.9364893552082685,0.9364893552082685,1
dorsal,genuine_known,1093_R,12,False,1093_R,0.9476585331136093,0.9476585331136093,1
dorsal,genuine_known,13_L,6,False,13_L,0.7635269498655146,0.7635269498655146,1
dorsal,genuine_known,13_R,5,False,13_R,0.7085067380012855,0.7085067380012855,1
dorsal,genuine_known,1510_L,12,False,1510_L,0.7251354226932292,0.7251354226932292,1
dorsal,genuine_known,1510_R,11,False,1510_R,0.8159482233806424,0.8159482233806424,1
dorsal,genuine_known,1513_L,13,False,1513_L,0.8384059036784193,0.8384059036784193,1
dorsal,genuine_known,1513_R,17,False,1513_R,0.755353395334554,0.755353395334554,1
dorsal,genuine_known,1516_L,16,False,1516_L,0.8476524866688113,0.8476524866688113,1
dorsal,genuine_known,1516_R,20,False,1516_R,0.873787390297301,0.873787390297301,1
dorsal,genuine_known,1528_L,8,False,1528_L,0.5666842134143955,0.5666842134143955,1
dorsal,genuine_known,1528_R,7,False,1528_R,0.9248496787688698,0.9248496787688698,1
dorsal,genuine_known,1571_L,16,False,1571_L,0.8594728763740793,0.8594728763740793,1
dorsal,genuine_known,1571_R,10,False,1571_R,0.9004686654372192,0.9004686654372192,1
dorsal,genuine_known,1592_L,5,False,1592_L,0.538591914698678,0.538591914698678,1
dorsal,genuine_known,1592_R,6,False,1592_R,0.8350163989966837,0.8350163989966837,1
dorsal,genuine_known,543_L,8,False,543_L,0.9320395011135479,0.9320395011135479,1
dorsal,genuine_known,543_R,6,False,543_R,0.8869466753404475,0.8869466753404475,1
dorsal,genuine_known,559_L,7,False,559_L,0.7396827789889087,0.7396827789889087,1
dorsal,genuine_known,559_R,5,False,559_R,0.7941273505618875,0.7941273505618875,1
dorsal,genuine_known,571_L,8,False,571_L,0.7293702571161694,0.7293702571161694,1
dorsal,genuine_known,571_R,11,False,571_R,0.843467033288221,0.843467033288221,1
dorsal,genuine_known,576_L,11,False,576_L,0.703932669887507,0.703932669887507,1
dorsal,genuine_known,576_R,14,False,576_R,0.8914514026937873,0.8914514026937873,1
dorsal,genuine_known,86_L,8,False,86_L,0.7400734330034979,0.7400734330034979,1
dorsal,genuine_known,86_R,8,False,86_R,0.7882150904297098,0.7882150904297098,1
dorsal,unknown_cal,1000000_L,1,False,571_L,0.30979829734624165,,
dorsal,unknown_cal,1000000_L,2,False,571_L,0.3756893713984751,,
dorsal,unknown_cal,1000000_L,3,False,571_L,0.3787841268812311,,
dorsal,unknown_cal,1000000_L,4,False,571_L,0.44046198039681683,,
dorsal,unknown_cal,1000000_L,5,False,571_L,0.4782738517059849,,
dorsal,unknown_cal,1000000_L,6,False,571_L,0.28159791833200987,,
dorsal,unknown_cal,1000000_L,7,False,571_L,0.3090685586634717,,
dorsal,unknown_cal,1000000_L,8,False,571_L,0.3556643241814555,,
dorsal,unknown_cal,1000000_L,9,False,1022_L,0.31723156568025646,,
dorsal,unknown_cal,1000000_L,10,False,571_L,0.29778342206594444,,
dorsal,unknown_cal,1000000_L,11,False,1022_L,0.3592161299713737,,
dorsal,unknown_cal,1000000_L,12,False,571_L,0.34901137392568515,,
dorsal,unknown_cal,1000000_L,13,False,571_L,0.3392794067235144,,
dorsal,unknown_cal,1000000_L,14,False,571_L,0.35721465020995996,,
dorsal,unknown_cal,1000000_L,15,False,571_L,0.3801977390582138,,
dorsal,unknown_cal,1000000_L,16,False,571_L,0.32411646890095547,,
dorsal,unknown_cal,1000000_L,17,False,571_L,0.30641241986641043,,
dorsal,unknown_cal,1000000_R,1,False,571_R,0.30068871628216953,,
dorsal,unknown_cal,1000000_R,2,False,571_R,0.3921253818590406,,
dorsal,unknown_cal,1000000_R,3,False,571_R,0.39910536424219734,,
dorsal,unknown_cal,1000000_R,4,False,1022_R,0.44138863786065263,,
dorsal,unknown_cal,1000000_R,5,False,571_R,0.41273257418489,,
dorsal,unknown_cal,1000000_R,6,False,571_R,0.4552481522408407,,
dorsal,unknown_cal,1000000_R,7,False,571_R,0.4899463410075199,,
dorsal,unknown_cal,1000000_R,8,False,571_R,0.4605917757267636,,
dorsal,unknown_cal,1000000_R,9,False,571_R,0.4286022532159756,,
dorsal,unknown_cal,1019_L,1,False,1093_L,0.5305753273574576,,
dorsal,unknown_cal,1019_L,2,False,1516_L,0.4866526116249601,,
dorsal,unknown_cal,1019_L,3,False,1516_L,0.47868190495805996,,
dorsal,unknown_cal,1019_L,4,False,1516_L,0.4708706615452265,,
dorsal,unknown_cal,1019_L,5,False,86_L,0.4789469063552521,,
dorsal,unknown_cal,1019_L,6,False,86_L,0.4832577253838506,,
dorsal,unknown_cal,1019_L,7,False,86_L,0.5309323215772629,,
dorsal,unknown_cal,1019_L,8,False,1516_L,0.529634850623526,,
dorsal,unknown_cal,1019_L,9,False,86_L,0.4783292114650435,,
dorsal,unknown_cal,1019_L,10,False,1516_L,0.5511329893336963,,
dorsal,unknown_cal,1019_L,11,False,1516_L,0.4939806587786406,,
dorsal,unknown_cal,1019_L,12,False,86_L,0.5366809955242051,,
dorsal,unknown_cal,1019_L,13,False,1516_L,0.5523375632583476,,
dorsal,unknown_cal,1019_L,14,False,1516_L,0.6245505861816629,,
dorsal,unknown_cal,1019_L,15,False,1516_L,0.6685057756451465,,
dorsal,unknown_cal,1019_L,16,False,1516_L,0.5921845732006599,,
dorsal,unknown_cal,1019_L,17,False,1516_L,0.5970283847873206,,
dorsal,unknown_cal,1019_L,18,False,1516_L,0.5974014214873293,,
dorsal,unknown_cal,1019_L,19,False,1516_L,0.5577718377142215,,
dorsal,unknown_cal,1019_L,20,False,1516_L,0.47518194526112734,,
dorsal,unknown_cal,1019_L,21,False,1510_L,0.4952058537718734,,
dorsal,unknown_cal,1019_L,22,False,1516_L,0.5995742171911446,,
dorsal,unknown_cal,1019_L,23,False,1516_L,0.5996640310525765,,
dorsal,unknown_cal,1019_L,24,False,1510_L,0.59081570614113,,
dorsal,unknown_cal,1019_L,25,False,1510_L,0.6578107555079307,,
dorsal,unknown_cal,1019_L,26,False,1026_L,0.5730917319662073,,
dorsal,unknown_cal,1019_R,1,False,1516_R,0.6271882016211702,,
dorsal,unknown_cal,1019_R,2,False,1516_R,0.6715846614533072,,
dorsal,unknown_cal,1019_R,3,False,1516_R,0.6226011365927896,,
dorsal,unknown_cal,1019_R,4,False,1516_R,0.5346632666412416,,
dorsal,unknown_cal,1019_R,5,False,1026_R,0.4841176886139609,,
dorsal,unknown_cal,1019_R,6,False,1026_R,0.4151048236890567,,
dorsal,unknown_cal,1019_R,7,False,1026_R,0.5022952497071926,,
dorsal,unknown_cal,1019_R,8,False,1516_R,0.3422294396300013,,
dorsal,unknown_cal,1019_R,9,False,1516_R,0.61596688806106,,
dorsal,unknown_cal,1019_R,10,False,1516_R,0.6655105447009488,,
dorsal,unknown_cal,1019_R,11,False,1516_R,0.6140857135884112,,
dorsal,unknown_cal,1019_R,12,False,1516_R,0.6603023071961862,,
dorsal,unknown_cal,1019_R,13,False,1516_R,0.7048476716917181,,
dorsal,unknown_cal,1019_R,14,False,1516_R,0.6228573992105773,,
dorsal,unknown_cal,1019_R,15,False,1516_R,0.6962247962299598,,
dorsal,unknown_cal,1019_R,16,False,1516_R,0.6878753137266316,,
dorsal,unknown_cal,1019_R,17,False,1516_R,0.6910997642719916,,
dorsal,unknown_cal,1019_R,18,False,1093_R,0.6505589014074026,,
dorsal,unknown_cal,1019_R,19,False,1516_R,0.40004244473859557,,
dorsal,unknown_cal,1019_R,20,False,1093_R,0.41864388765617994,,
dorsal,unknown_cal,1019_R,21,False,86_R,0.2889931753050499,,
dorsal,unknown_cal,1019_R,22,False,1093_R,0.367844887226186,,
dorsal,unknown_cal,1019_R,23,False,1093_R,0.44568342330512956,,
dorsal,unknown_cal,1019_R,24,False,1510_R,0.5509624938907429,,
dorsal,unknown_cal,1019_R,25,False,1093_R,0.5499347825315559,,
dorsal,unknown_cal,1019_R,26,False,1093_R,0.4813063815410493,,
dorsal,unknown_cal,1019_R,27,False,1510_R,0.6303447604438825,,
dorsal,unknown_cal,1019_R,28,False,1510_R,0.4131532574245401,,
dorsal,unknown_cal,1019_R,29,False,1510_R,0.5540452204228643,,
dorsal,unknown_cal,1036_L,1,False,1571_L,0.4387610624077666,,
dorsal,unknown_cal,1036_L,2,False,1571_L,0.45684641397974934,,
dorsal,unknown_cal,1036_L,3,False,1571_L,0.5254378921649121,,
dorsal,unknown_cal,1036_L,4,False,1571_L,0.43645501782420887,,
dorsal,unknown_cal,1036_L,5,False,1571_L,0.453366169342391,,
dorsal,unknown_cal,1036_L,6,False,1571_L,0.42116072415177686,,
dorsal,unknown_cal,1036_L,7,False,1571_L,0.5085313261952741,,
dorsal,unknown_cal,1036_L,8,False,1571_L,0.5225921792821504,,
dorsal,unknown_cal,1036_L,9,False,1571_L,0.4962726356007622,,
dorsal,unknown_cal,1036_L,10,False,1571_L,0.44492316179369035,,
dorsal,unknown_cal,1036_L,11,False,1571_L,0.5567600068643299,,
dorsal,unknown_cal,1036_R,1,False,1026_R,0.48373359144555783,,
dorsal,unknown_cal,1036_R,2,False,1026_R,0.4603237257517484,,
dorsal,unknown_cal,1036_R,3,False,1026_R,0.5988735308634685,,
dorsal,unknown_cal,1036_R,4,False,1026_R,0.5040985593649616,,
dorsal,unknown_cal,1036_R,5,False,1026_R,0.6026729308841887,,
dorsal,unknown_cal,1036_R,6,False,1026_R,0.5668671814771971,,
dorsal,unknown_cal,1036_R,7,False,1026_R,0.3163321817424343,,
dorsal,unknown_cal,1036_R,8,False,1026_R,0.2835887774983369,,
dorsal,unknown_cal,1043_L,1,False,1513_L,0.34317939137774695,,
dorsal,unknown_cal,1043_L,2,False,1513_L,0.5832394049010449,,
dorsal,unknown_cal,1043_L,3,False,1516_L,0.5407525853648963,,
dorsal,unknown_cal,1043_L,4,False,1513_L,0.45326673042749444,,
dorsal,unknown_cal,1043_L,5,False,1513_L,0.4979287598501685,,
dorsal,unknown_cal,1043_L,6,False,1513_L,0.30890769588488176,,
dorsal,unknown_cal,1043_L,7,False,1513_L,0.3222616494230658,,
dorsal,unknown_cal,1043_R,1,False,1516_R,0.4928381765304615,,
dorsal,unknown_cal,1043_R,2,False,1516_R,0.5771406341789072,,
dorsal,unknown_cal,1043_R,3,False,1516_R,0.6434276750024953,,
dorsal,unknown_cal,1043_R,4,False,1516_R,0.5088098976133832,,
dorsal,unknown_cal,1043_R,5,False,1516_R,0.4073621298549329,,
dorsal,unknown_cal,1043_R,6,False,1516_R,0.45389377885657356,,
dorsal,unknown_cal,1043_R,7,False,1516_R,0.582206037186971,,
dorsal,unknown_cal,1043_R,8,False,1516_R,0.5858971212821737,,
dorsal,unknown_cal,1043_R,9,False,1516_R,0.5780164942569669,,
dorsal,unknown_cal,1043_R,10,False,1516_R,0.4912655038683277,,
dorsal,unknown_cal,1043_R,11,False,1516_R,0.44977997471016956,,
dorsal,unknown_cal,1060_L,1,False,13_L,0.3531394815761865,,
dorsal,unknown_cal,1060_L,2,False,1028_L,0.4107767427107255,,
dorsal,unknown_cal,1060_L,3,False,1028_L,0.3962124872580941,,
dorsal,unknown_cal,1060_L,4,False,1028_L,0.34776660132287485,,
dorsal,unknown_cal,1060_L,5,False,1028_L,0.41635151209586974,,
dorsal,unknown_cal,1060_L,6,False,1528_L,0.3917031858754995,,
dorsal,unknown_cal,1060_L,7,False,1528_L,0.4351578655776347,,
dorsal,unknown_cal,1060_L,8,False,1528_L,0.42499012829702054,,
dorsal,unknown_cal,1060_L,9,False,1528_L,0.4380738451182468,,
dorsal,unknown_cal,1060_L,10,False,559_L,0.42609902886616324,,
dorsal,unknown_cal,1060_L,11,False,559_L,0.5037948751862096,,
dorsal,unknown_cal,1060_L,12,False,559_L,0.42605495909043184,,
dorsal,unknown_cal,1060_L,13,False,559_L,0.34388957935310205,,
dorsal,unknown_cal,1060_L,14,False,571_L,0.4717762897478587,,
dorsal,unknown_cal,1060_L,15,False,13_L,0.3919413853159519,,
dorsal,unknown_cal,1060_R,1,False,571_R,0.3734646218201864,,
dorsal,unknown_cal,1060_R,2,False,1592_R,0.39952768375138636,,
dorsal,unknown_cal,1060_R,3,False,1592_R,0.47185076532700254,,
dorsal,unknown_cal,1060_R,4,False,1592_R,0.4907885117587101,,
dorsal,unknown_cal,1060_R,5,False,1592_R,0.48816239269610395,,
dorsal,unknown_cal,1060_R,6,False,571_R,0.48293811383300334,,
dorsal,unknown_cal,1060_R,7,False,13_R,0.3575389978618379,,
dorsal,unknown_cal,1060_R,8,False,559_R,0.3702567036740888,,
dorsal,unknown_cal,1060_R,9,False,559_R,0.41217680761065634,,
dorsal,unknown_cal,1060_R,10,False,13_R,0.43367823140075934,,
dorsal,unknown_cal,1060_R,11,False,1592_R,0.43478135108151567,,
dorsal,unknown_cal,1060_R,12,False,1592_R,0.43806177407421576,,
dorsal,unknown_cal,1060_R,13,False,1592_R,0.46147768525089405,,
dorsal,unknown_cal,1060_R,14,False,1592_R,0.4501930985971174,,
dorsal,unknown_cal,1060_R,15,False,1592_R,0.5081848044412509,,
dorsal,unknown_cal,1060_R,16,False,1592_R,0.4402697283851099,,
dorsal,unknown_cal,1060_R,17,False,1592_R,0.44136168862962943,,
dorsal,unknown_cal,1067_L,1,False,1571_L,0.38330657722517253,,
dorsal,unknown_cal,1067_L,2,False,1571_L,0.26103000489469336,,
dorsal,unknown_cal,1067_L,3,False,1571_L,0.26180919488612703,,
dorsal,unknown_cal,1067_L,4,False,543_L,0.36332205963797415,,
dorsal,unknown_cal,1067_L,5,False,576_L,0.45444494902499605,,
dorsal,unknown_cal,1067_L,6,False,576_L,0.40369459340362807,,
dorsal,unknown_cal,1067_L,7,False,1592_L,0.3454738790309707,,
dorsal,unknown_cal,1067_L,8,False,1571_L,0.3580262368945195,,
dorsal,unknown_cal,1067_L,9,False,543_L,0.37289457845468543,,
dorsal,unknown_cal,1067_L,10,False,1592_L,0.3215163719514721,,
dorsal,unknown_cal,1067_L,11,False,1571_L,0.31193338768766116,,
dorsal,unknown_cal,1067_L,12,False,543_L,0.3646057585646967,,
dorsal,unknown_cal,1067_L,13,False,1571_L,0.4027182057323112,,
dorsal,unknown_cal,1067_L,14,False,1571_L,0.35004575730378334,,
dorsal,unknown_cal,1067_L,15,False,576_L,0.34030656202345,,
dorsal,unknown_cal,1067_L,16,False,543_L,0.3534993917300974,,
dorsal,unknown_cal,1067_L,17,False,1592_L,0.2638815045092445,,
dorsal,unknown_cal,1067_R,1,False,1571_R,0.2607846966774483,,
dorsal,unknown_cal,1067_R,2,False,571_R,0.2182749322012971,,
dorsal,unknown_cal,1067_R,3,False,1571_R,0.30238198985472264,,
dorsal,unknown_cal,1067_R,4,False,1571_R,0.40058766502420196,,
dorsal,unknown_cal,1067_R,5,False,1571_R,0.43871396670018786,,
dorsal,unknown_cal,1067_R,6,False,1571_R,0.326071872277512,,
dorsal,unknown_cal,1067_R,7,False,1571_R,0.4249578452142304,,
dorsal,unknown_cal,1067_R,8,False,1571_R,0.30203709888930386,,
dorsal,unknown_cal,1067_R,9,False,1571_R,0.30121290695935066,,
dorsal,unknown_cal,1067_R,10,False,1571_R,0.4016328388914482,,
dorsal,unknown_cal,1067_R,11,False,1571_R,0.3195224028326792,,
dorsal,unknown_cal,1067_R,12,False,1571_R,0.32430151869046214,,
dorsal,unknown_cal,1067_R,13,False,1571_R,0.3353929662941637,,
dorsal,unknown_cal,11_L,1,False,1023_L,0.44695183073370015,,
dorsal,unknown_cal,11_L,2,False,1023_L,0.578472895632345,,
dorsal,unknown_cal,11_L,3,False,86_L,0.39623269383844295,,
dorsal,unknown_cal,11_L,4,False,559_L,0.5855920228682236,,
dorsal,unknown_cal,11_L,5,False,1023_L,0.6161233162550308,,
dorsal,unknown_cal,11_L,6,False,1023_L,0.6697332720179485,,
dorsal,unknown_cal,11_L,7,False,1023_L,0.6421363739110528,,
dorsal,unknown_cal,11_L,8,False,1023_L,0.6366738932495987,,
dorsal,unknown_cal,11_R,1,False,559_R,0.49135703959643207,,
dorsal,unknown_cal,11_R,2,False,559_R,0.4434199638723138,,
dorsal,unknown_cal,11_R,3,False,559_R,0.5127737129816103,,
dorsal,unknown_cal,11_R,4,False,559_R,0.5986266746091239,,
dorsal,unknown_cal,11_R,5,False,1023_R,0.45823525485986055,,
dorsal,unknown_cal,1540_L,1,False,1513_L,0.2576412460309984,,
dorsal,unknown_cal,1540_L,2,False,571_L,0.36289342196776353,,
dorsal,unknown_cal,1540_L,3,False,571_L,0.4042772010416061,,
dorsal,unknown_cal,1540_L,4,False,1513_L,0.38595167851364287,,
dorsal,unknown_cal,1540_L,5,False,1513_L,0.3750086129588764,,
dorsal,unknown_cal,1540_L,6,False,571_L,0.36367922979975303,,
dorsal,unknown_cal,1540_L,7,False,571_L,0.31880346022320316,,
dorsal,unknown_cal,1540_L,8,False,559_L,0.35072709699432814,,
dorsal,unknown_cal,1540_L,9,False,1042_L,0.2713782054200007,,
dorsal,unknown_cal,1540_L,10,False,1513_L,0.3753269350477739,,
dorsal,unknown_cal,1540_L,11,False,559_L,0.3506738132720518,,
dorsal,unknown_cal,1540_L,12,False,559_L,0.47453381455286936,,
dorsal,unknown_cal,1540_L,13,False,559_L,0.4663475957400772,,
dorsal,unknown_cal,1540_L,14,False,559_L,0.3926343498928233,,
dorsal,unknown_cal,1540_L,15,False,559_L,0.4780478752838793,,
dorsal,unknown_cal,1540_L,16,False,1042_L,0.40049457384228615,,
dorsal,unknown_cal,1540_L,17,False,1042_L,0.4534011473659997,,
dorsal,unknown_cal,1540_L,18,False,1042_L,0.46156871481095674,,
dorsal,unknown_cal,1540_L,19,False,559_L,0.3829380846978361,,
dorsal,unknown_cal,1540_L,20,False,559_L,0.26916447457852966,,
dorsal,unknown_cal,1540_L,21,False,571_L,0.35170478559558305,,
dorsal,unknown_cal,1540_L,22,False,1592_L,0.33502307954070354,,
dorsal,unknown_cal,1540_R,1,False,1513_R,0.4301204843370311,,
dorsal,unknown_cal,1540_R,2,False,1513_R,0.3413126822891023,,
dorsal,unknown_cal,1540_R,3,False,1513_R,0.42171530770037524,,
dorsal,unknown_cal,1540_R,4,False,571_R,0.4045736654078563,,
dorsal,unknown_cal,1540_R,5,False,1513_R,0.5374691358485444,,
dorsal,unknown_cal,1540_R,6,False,1513_R,0.5095766370080194,,
dorsal,unknown_cal,1540_R,7,False,1513_R,0.5132632702875057,,
dorsal,unknown_cal,1540_R,8,False,1513_R,0.5810144277486564,,
dorsal,unknown_cal,1540_R,9,False,1513_R,0.5330258451752619,,
dorsal,unknown_cal,1540_R,10,False,1513_R,0.47175799061455403,,
dorsal,unknown_cal,1540_R,11,False,1513_R,0.4815563494860259,,
dorsal,unknown_cal,1540_R,12,False,1513_R,0.4785420189345981,,
dorsal,unknown_cal,1540_R,13,False,1042_R,0.4886201205995277,,
dorsal,unknown_cal,1540_R,14,False,1042_R,0.5411977908612845,,
dorsal,unknown_cal,1540_R,15,False,1042_R,0.5430271522133101,,
dorsal,unknown_cal,1540_R,16,False,1042_R,0.5699651346189725,,
dorsal,unknown_cal,1540_R,17,False,1042_R,0.6263361686136152,,
dorsal,unknown_cal,1540_R,18,False,1042_R,0.48680975254058434,,
dorsal,unknown_cal,1540_R,19,False,1042_R,0.5938161928618513,,
dorsal,unknown_cal,1540_R,20,False,1042_R,0.6301862839097949,,
dorsal,unknown_cal,1540_R,21,False,571_R,0.47113370597979426,,
dorsal,unknown_cal,1540_R,22,False,1513_R,0.5337806799857358,,
dorsal,unknown_cal,1540_R,23,False,1042_R,0.5026368340407684,,
dorsal,unknown_cal,1540_R,24,False,1513_R,0.5468561298997184,,
dorsal,unknown_cal,1540_R,25,False,1042_R,0.5361617300064256,,
dorsal,unknown_cal,1540_R,26,False,1042_R,0.5590215444461022,,
dorsal,unknown_cal,1540_R,27,False,1042_R,0.40960248083454687,,
dorsal,unknown_cal,1540_R,28,False,1513_R,0.37325068168812947,,
dorsal,unknown_cal,1546_R,1,False,576_R,0.31349289945390935,,
dorsal,unknown_cal,1546_R,2,False,1026_R,0.2426257419575938,,
dorsal,unknown_cal,1546_R,3,False,576_R,0.34639733516256427,,
dorsal,unknown_cal,1546_R,4,False,576_R,0.30367236336989856,,
dorsal,unknown_cal,1546_R,5,False,576_R,0.347103764996487,,
dorsal,unknown_cal,1546_R,6,False,576_R,0.25788010929685834,,
dorsal,unknown_cal,1546_R,7,False,576_R,0.2956858347916912,,
dorsal,unknown_cal,1546_R,8,False,576_R,0.304453067747534,,
dorsal,unknown_cal,1546_R,9,False,576_R,0.26101691217937184,,
dorsal,unknown_cal,1546_R,10,False,571_R,0.28651862234595166,,
dorsal,unknown_cal,1556_L,1,False,1513_L,0.14188333046079127,,
dorsal,unknown_cal,1556_L,2,False,1592_L,0.30793117493443156,,
dorsal,unknown_cal,1556_L,3,False,1513_L,0.27290639228660674,,
dorsal,unknown_cal,1556_L,4,False,1513_L,0.30919407989663716,,
dorsal,unknown_cal,1556_L,5,False,576_L,0.26973747581927565,,
dorsal,unknown_cal,1556_L,6,False,1022_L,0.22482639369778867,,
dorsal,unknown_cal,1556_L,7,False,1022_L,0.19015385891313402,,
dorsal,unknown_cal,1556_L,8,False,1022_L,0.261151726228954,,
dorsal,unknown_cal,1556_L,9,False,1022_L,0.201422508249288,,
dorsal,unknown_cal,1556_L,10,False,576_L,0.17191746537638858,,
dorsal,unknown_cal,1556_L,11,False,576_L,0.2799708566869257,,
dorsal,unknown_cal,1556_L,12,False,576_L,0.325595095949194,,
dorsal,unknown_cal,1556_L,13,False,576_L,0.43698154472515705,,
dorsal,unknown_cal,1556_L,14,False,576_L,0.40301955153390756,,
dorsal,unknown_cal,1556_L,15,False,576_L,0.4468759908248039,,
dorsal,unknown_cal,1556_L,16,False,576_L,0.3097656745707974,,
dorsal,unknown_cal,1556_L,17,False,1571_L,0.3645438324527851,,
dorsal,unknown_cal,1556_L,18,False,1042_L,0.21967751375037467,,
dorsal,unknown_cal,1556_L,19,False,1042_L,0.22610484450610394,,
dorsal,unknown_cal,1556_L,20,False,13_L,0.26057450527364023,,
dorsal,unknown_cal,1556_L,21,False,1042_L,0.35382471076093946,,
dorsal,unknown_cal,1556_L,22,False,1042_L,0.31240536901257454,,
dorsal,unknown_cal,1556_L,23,False,576_L,0.336619833216772,,
dorsal,unknown_cal,1556_R,1,False,576_R,0.46443620937219793,,
dorsal,unknown_cal,1556_R,2,False,576_R,0.4358870551370744,,
dorsal,unknown_cal,1556_R,3,False,576_R,0.5310985842868975,,
dorsal,unknown_cal,1556_R,4,False,576_R,0.5373619325256844,,
dorsal,unknown_cal,1556_R,5,False,576_R,0.5487265363711682,,
dorsal,unknown_cal,1556_R,6,False,576_R,0.5225563578506034,,
dorsal,unknown_cal,1556_R,7,False,576_R,0.6630358109723267,,
dorsal,unknown_cal,1556_R,8,False,576_R,0.7266681689525241,,
dorsal,unknown_cal,1556_R,9,False,576_R,0.635075941306087,,
dorsal,unknown_cal,1556_R,10,False,576_R,0.6633401635883405,,
dorsal,unknown_cal,1556_R,11,False,576_R,0.6517688850612232,,
dorsal,unknown_cal,1556_R,12,False,576_R,0.5551807124814842,,
dorsal,unknown_cal,1556_R,13,False,576_R,0.6435220339971227,,
dorsal,unknown_cal,1556_R,14,False,576_R,0.569536538588267,,
dorsal,unknown_cal,1559_L,1,False,1074_L,0.36960239194478295,,
dorsal,unknown_cal,1559_L,2,False,1074_L,0.39331714489826997,,
dorsal,unknown_cal,1559_L,3,False,1074_L,0.3530599634505991,,
dorsal,unknown_cal,1559_L,4,False,1074_L,0.3956486131527933,,
dorsal,unknown_cal,1559_L,5,False,1074_L,0.3842612990947144,,
dorsal,unknown_cal,1559_L,6,False,1042_L,0.34964708211554213,,
dorsal,unknown_cal,1559_L,7,False,1510_L,0.31826675960543377,,
dorsal,unknown_cal,1559_L,8,False,1042_L,0.33072410544485453,,
dorsal,unknown_cal,1559_L,9,False,1510_L,0.25525532590759314,,
dorsal,unknown_cal,1559_L,10,False,1074_L,0.34288536711931106,,
dorsal,unknown_cal,1559_L,11,False,559_L,0.3619925403416905,,
dorsal,unknown_cal,1559_L,12,False,1528_L,0.19191906214318033,,
dorsal,unknown_cal,1559_L,13,False,1516_L,0.4402467060913994,,
dorsal,unknown_cal,1559_L,14,False,1510_L,0.3364736522272635,,
dorsal,unknown_cal,1559_L,15,False,1516_L,0.5383743336071554,,
dorsal,unknown_cal,1559_L,16,False,1516_L,0.4729933125945086,,
dorsal,unknown_cal,1559_L,17,False,1516_L,0.5116425809159267,,
dorsal,unknown_cal,1559_L,18,False,1571_L,0.3729965772318793,,
dorsal,unknown_cal,1559_L,19,False,1510_L,0.32382538302120767,,
dorsal,unknown_cal,1559_L,20,False,1074_L,0.323507325540487,,
dorsal,unknown_cal,1559_R,1,False,1528_R,0.36109357151812527,,
dorsal,unknown_cal,1559_R,2,False,559_R,0.43703254661531343,,
dorsal,unknown_cal,1559_R,3,False,13_R,0.35852504251056616,,
dorsal,unknown_cal,1559_R,4,False,559_R,0.5152629564372059,,
dorsal,unknown_cal,1559_R,5,False,559_R,0.5624827708061175,,
dorsal,unknown_cal,1559_R,6,False,13_R,0.3415127036683344,,
dorsal,unknown_cal,1559_R,7,False,1592_R,0.416729407128082,,
dorsal,unknown_cal,1559_R,8,False,1528_R,0.31418865660010087,,
dorsal,unknown_cal,1559_R,9,False,13_R,0.3473467400894376,,
dorsal,unknown_cal,1559_R,10,False,1042_R,0.300448280584674,,
dorsal,unknown_cal,1559_R,11,False,1592_R,0.32588017577158523,,
dorsal,unknown_cal,1559_R,12,False,1528_R,0.3240445106148483,,
dorsal,unknown_cal,1559_R,13,False,1528_R,0.28184771077733073,,
dorsal,unknown_cal,1559_R,14,False,1528_R,0.3689267195071295,,
dorsal,unknown_cal,3000000_L,1,False,1510_L,0.5560381472176812,,
dorsal,unknown_cal,3000000_L,2,False,1510_L,0.5890211695898091,,
dorsal,unknown_cal,3000000_L,3,False,1510_L,0.543044896615148,,
dorsal,unknown_cal,3000000_L,4,False,1093_L,0.49770874029091394,,
dorsal,unknown_cal,3000000_L,5,False,1093_L,0.5369772524758568,,
dorsal,unknown_cal,3000000_L,6,False,1510_L,0.6876212221492846,,
dorsal,unknown_cal,3000000_L,7,False,1510_L,0.594963883745917,,
dorsal,unknown_cal,3000000_L,8,False,1093_L,0.5090636635031256,,
dorsal,unknown_cal,3000000_L,9,False,1093_L,0.5755034276311572,,
dorsal,unknown_cal,3000000_L,10,False,1093_L,0.5629707099145231,,
dorsal,unknown_cal,3000000_L,11,False,1093_L,0.5102977322554688,,
dorsal,unknown_cal,3000000_L,12,False,1093_L,0.5524073634663181,,
dorsal,unknown_cal,3000000_L,13,False,1093_L,0.6318451577017274,,
dorsal,unknown_cal,3000000_R,1,False,1093_R,0.3955088465206417,,
dorsal,unknown_cal,3000000_R,2,False,1093_R,0.6460848230665848,,
dorsal,unknown_cal,3000000_R,3,False,1093_R,0.5099343104750594,,
dorsal,unknown_cal,3000000_R,4,False,1093_R,0.4641073830024296,,
dorsal,unknown_cal,3000000_R,5,False,1093_R,0.4267025202952653,,
dorsal,unknown_cal,55_L,1,False,13_L,0.4202057726128451,,
dorsal,unknown_cal,55_L,2,False,13_L,0.6051187976739982,,
dorsal,unknown_cal,55_L,3,False,13_L,0.36748343098612235,,
dorsal,unknown_cal,55_L,4,False,1074_L,0.42470519984959276,,
dorsal,unknown_cal,55_L,5,False,13_L,0.5289519993316816,,
dorsal,unknown_cal,55_L,6,False,1528_L,0.3729862646910805,,
dorsal,unknown_cal,55_L,7,False,13_L,0.49032319418250325,,
dorsal,unknown_cal,55_L,8,False,1528_L,0.5698310043434818,,
dorsal,unknown_cal,55_L,9,False,13_L,0.5634719212235081,,
dorsal,unknown_cal,55_L,10,False,13_L,0.5013396243182814,,
dorsal,unknown_cal,55_L,11,False,13_L,0.6014728834595047,,
dorsal,unknown_cal,55_L,12,False,13_L,0.5434472164963471,,
dorsal,unknown_cal,55_L,13,False,13_L,0.670278189264874,,
dorsal,unknown_cal,55_L,14,False,1069_L,0.39262057263220707,,
dorsal,unknown_cal,55_L,15,False,1069_L,0.4734318437755987,,
dorsal,unknown_cal,55_L,16,False,1069_L,0.3231758952784872,,
dorsal,unknown_cal,55_L,17,False,1069_L,0.2700720550306991,,
dorsal,unknown_cal,55_L,18,False,86_L,0.3093933959209046,,
dorsal,unknown_cal,55_L,19,False,86_L,0.40803528529709476,,
dorsal,unknown_cal,55_L,20,False,86_L,0.46959150091129376,,
dorsal,unknown_cal,55_L,21,False,86_L,0.44603169705771145,,
dorsal,unknown_cal,55_L,22,False,86_L,0.2740655972127001,,
dorsal,unknown_cal,55_L,23,False,86_L,0.3816413371778051,,
dorsal,unknown_cal,55_L,24,False,1023_L,0.36523585468712694,,
dorsal,unknown_cal,55_R,1,False,13_R,0.5048695218456266,,
dorsal,unknown_cal,55_R,2,False,13_R,0.5733874722068273,,
dorsal,unknown_cal,55_R,3,False,13_R,0.6103476004775901,,
dorsal,unknown_cal,55_R,4,False,13_R,0.5357875687976301,,
dorsal,unknown_cal,55_R,5,False,13_R,0.4141440760857566,,
dorsal,unknown_cal,55_R,6,False,1022_R,0.2611415472197278,,
dorsal,unknown_cal,55_R,7,False,1023_R,0.2862883887032166,,
dorsal,unknown_cal,55_R,8,False,1023_R,0.24818594577529768,,
dorsal,unknown_cal,55_R,9,False,1022_R,0.18228756389628725,,
dorsal,unknown_cal,55_R,10,False,1022_R,0.2043489428253124,,
dorsal,unknown_cal,55_R,11,False,1023_R,0.21591665842025748,,
dorsal,unknown_cal,55_R,12,False,1022_R,0.21898583980846958,,
dorsal,unknown_cal,55_R,13,False,1022_R,0.222301761204241,,
dorsal,unknown_cal,55_R,14,False,1510_R,0.19230158100470304,,
dorsal,unknown_cal,55_R,15,False,1022_R,0.30650827061290453,,
dorsal,unknown_cal,55_R,16,False,1042_R,0.24081987100493227,,
dorsal,unknown_cal,55_R,17,False,1023_R,0.19576316007630457,,
dorsal,unknown_cal,55_R,18,False,1042_R,0.18843252531397478,,
dorsal,unknown_cal,55_R,19,False,1022_R,0.19373655291485709,,
dorsal,unknown_cal,552_L,1,False,1069_L,0.1195682215284531,,
dorsal,unknown_cal,552_L,2,False,576_L,0.17216582002509878,,
dorsal,unknown_cal,552_L,3,False,1026_L,0.13480072672812554,,
dorsal,unknown_cal,552_L,4,False,1528_L,0.26731515703919223,,
dorsal,unknown_cal,552_L,5,False,576_L,0.1602584216489029,,
dorsal,unknown_cal,552_L,6,False,571_L,0.16056523077683998,,
dorsal,unknown_cal,552_L,7,False,1069_L,0.219038377379716,,
dorsal,unknown_cal,552_L,8,False,1069_L,0.18570015651942962,,
dorsal,unknown_cal,552_L,9,False,1069_L,0.19153449776748632,,
dorsal,unknown_cal,552_L,10,False,1069_L,0.13874454966778416,,
dorsal,unknown_cal,552_L,11,False,576_L,0.27078636593250255,,
dorsal,unknown_cal,552_L,12,False,576_L,0.2211587794694234,,
dorsal,unknown_cal,552_L,13,False,1026_L,0.23471441701964696,,
dorsal,unknown_cal,552_L,14,False,571_L,0.20563088871134422,,
dorsal,unknown_cal,552_L,15,False,576_L,0.17553950355156286,,
dorsal,unknown_cal,552_R,1,False,576_R,0.2918409179719469,,
dorsal,unknown_cal,552_R,2,False,576_R,0.26092287112797674,,
dorsal,unknown_cal,552_R,3,False,1074_R,0.14043089854758456,,
dorsal,unknown_cal,552_R,4,False,576_R,0.19913180087974558,,
dorsal,unknown_cal,552_R,5,False,1528_R,0.09476018581774875,,
dorsal,unknown_cal,552_R,6,False,1022_R,0.15864622793960748,,
dorsal,unknown_cal,552_R,7,False,1528_R,0.15042059772639918,,
dorsal,unknown_cal,552_R,8,False,1528_R,0.12807209148188234,,
dorsal,unknown_cal,552_R,9,False,571_R,0.12418818848157176,,
dorsal,unknown_cal,552_R,10,False,1528_R,0.13241503432454496,,
dorsal,unknown_cal,552_R,11,False,571_R,0.17871085862767944,,
dorsal,unknown_cal,552_R,12,False,571_R,0.2108096519440405,,
dorsal,unknown_cal,552_R,13,False,571_R,0.20081724324917594,,
dorsal,unknown_cal,552_R,14,False,576_R,0.14415369316646065,,
dorsal,unknown_cal,552_R,15,False,576_R,0.1658572874663376,,
dorsal,unknown_cal,552_R,16,False,576_R,0.11665690722671233,,
dorsal,unknown_cal,552_R,17,False,571_R,0.1675996428934653,,
dorsal,unknown_cal,552_R,18,False,1022_R,0.22994740070297842,,
dorsal,unknown_cal,552_R,19,False,571_R,0.17578120858592494,,
dorsal,unknown_cal,66_L,1,False,571_L,0.4373705134281646,,
dorsal,unknown_cal,66_L,2,False,571_L,0.3366581426388038,,
dorsal,unknown_cal,66_L,3,False,571_L,0.4625893516163565,,
dorsal,unknown_cal,66_L,4,False,571_L,0.43871262204316164,,
dorsal,unknown_cal,66_L,5,False,571_L,0.48670728924472617,,
dorsal,unknown_cal,66_L,6,False,571_L,0.4609007272908718,,
dorsal,unknown_cal,66_L,7,False,571_L,0.41822637494584136,,
dorsal,unknown_cal,66_L,8,False,571_L,0.4422959980992991,,
dorsal,unknown_cal,66_L,9,False,571_L,0.6218748830117908,,
dorsal,unknown_cal,66_L,10,False,571_L,0.47249161199823864,,
dorsal,unknown_cal,66_L,11,False,571_L,0.41522241746616906,,
dorsal,unknown_cal,66_R,1,False,559_R,0.2891229410166408,,
dorsal,unknown_cal,66_R,2,False,571_R,0.27001158737416986,,
dorsal,unknown_cal,66_R,3,False,571_R,0.3248383880735206,,
dorsal,unknown_cal,66_R,4,False,571_R,0.3345962631486229,,
dorsal,unknown_cal,66_R,5,False,571_R,0.4672500452511556,,
dorsal,unknown_cal,66_R,6,False,571_R,0.38987137822976214,,
dorsal,unknown_cal,66_R,7,False,571_R,0.28247929137025,,
dorsal,unknown_cal,66_R,8,False,571_R,0.36352554479281074,,
dorsal,unknown_cal,66_R,9,False,571_R,0.4283468160298505,,
dorsal,unknown_cal,66_R,10,False,571_R,0.336903124843002,,
dorsal,unknown_cal,8000000_L,1,False,571_L,0.3811596876557326,,
dorsal,unknown_cal,8000000_L,2,False,1513_L,0.5070709659394703,,
dorsal,unknown_cal,8000000_L,3,False,1513_L,0.5381200840063154,,
dorsal,unknown_cal,8000000_L,4,False,1513_L,0.3846592919879796,,
dorsal,unknown_cal,8000000_L,5,False,571_L,0.3657488032195434,,
dorsal,unknown_cal,8000000_L,6,False,1513_L,0.38628502999793657,,
dorsal,unknown_cal,8000000_L,7,False,1513_L,0.37788665616115524,,
dorsal,unknown_cal,8000000_L,8,False,1513_L,0.3699405585751421,,
dorsal,unknown_cal,8000000_L,9,False,1513_L,0.33251891007245654,,
dorsal,unknown_cal,8000000_L,10,False,571_L,0.3119828581318993,,
dorsal,unknown_cal,8000000_L,11,False,571_L,0.3769880804076401,,
dorsal,unknown_cal,8000000_L,12,False,1042_L,0.34925038285105464,,
dorsal,unknown_cal,8000000_L,13,False,571_L,0.3524203435648763,,
dorsal,unknown_cal,8000000_L,14,False,571_L,0.46286016601988567,,
dorsal,unknown_cal,8000000_R,1,False,571_R,0.45084432155340665,,
dorsal,unknown_cal,8000000_R,2,False,571_R,0.4553498802615955,,
dorsal,unknown_cal,8000000_R,3,False,571_R,0.36215458746211004,,
dorsal,unknown_cal,8000000_R,4,False,571_R,0.3512055631959085,,
dorsal,unknown_cal,8000000_R,5,False,571_R,0.3886217829794305,,
dorsal,unknown_cal,8000000_R,6,False,571_R,0.38014958557216183,,
dorsal,unknown_cal,8000000_R,7,False,571_R,0.4246171472380228,,
dorsal,unknown_cal,8000000_R,8,False,571_R,0.4079267240315235,,
dorsal,unknown_cal,8000000_R,9,False,571_R,0.4179994280831433,,
dorsal,unknown_test,1005_L,1,False,1028_L,0.39525008601589784,,
dorsal,unknown_test,1005_L,2,False,1028_L,0.4331291193821818,,
dorsal,unknown_test,1005_L,3,False,1028_L,0.4895676378535369,,
dorsal,unknown_test,1005_L,4,False,1028_L,0.5049409633533909,,
dorsal,unknown_test,1005_L,5,False,1028_L,0.46963270081057784,,
dorsal,unknown_test,1005_L,6,False,1028_L,0.5047127302052099,,
dorsal,unknown_test,1005_L,7,False,1028_L,0.33192849788938883,,
dorsal,unknown_test,1005_L,8,False,559_L,0.4275920588640627,,
dorsal,unknown_test,1005_L,9,False,1074_L,0.390888757466082,,
dorsal,unknown_test,1005_L,10,False,559_L,0.3837058779653404,,
dorsal,unknown_test,1005_L,11,False,559_L,0.3799599000284215,,
dorsal,unknown_test,1005_R,1,False,559_R,0.4405819826332323,,
dorsal,unknown_test,1005_R,2,False,559_R,0.44938505109197535,,
dorsal,unknown_test,1005_R,3,False,559_R,0.4358907416755542,,
dorsal,unknown_test,1005_R,4,False,559_R,0.5115630543206996,,
dorsal,unknown_test,1005_R,5,False,559_R,0.5611511424133054,,
dorsal,unknown_test,1005_R,6,False,571_R,0.4857513767218351,,
dorsal,unknown_test,1005_R,7,False,559_R,0.44119175128465965,,
dorsal,unknown_test,1005_R,8,False,571_R,0.3518477008024733,,
dorsal,unknown_test,1005_R,9,False,559_R,0.36737401965944194,,
dorsal,unknown_test,1005_R,10,False,559_R,0.47327304465244613,,
dorsal,unknown_test,1005_R,11,False,559_R,0.38168835133941326,,
dorsal,unknown_test,1005_R,12,False,559_R,0.40876018323698493,,
dorsal,unknown_test,1013_L,1,False,1028_L,0.3435236151224941,,
dorsal,unknown_test,1013_L,2,False,1028_L,0.3075719524342286,,
dorsal,unknown_test,1013_L,3,False,1022_L,0.27197990803053096,,
dorsal,unknown_test,1013_L,4,False,1513_L,0.37058434680205743,,
dorsal,unknown_test,1013_L,5,False,1513_L,0.24116431356986212,,
dorsal,unknown_test,1013_L,6,False,1513_L,0.2389965896338787,,
dorsal,unknown_test,1013_L,7,False,1028_L,0.2906635448272795,,
dorsal,unknown_test,1013_L,8,False,1028_L,0.2548893744097539,,
dorsal,unknown_test,1013_L,9,False,1513_L,0.36153441488479965,,
dorsal,unknown_test,1013_L,10,False,1513_L,0.20793258005227874,,
dorsal,unknown_test,1013_L,11,False,1513_L,0.4035783735853532,,
dorsal,unknown_test,1013_L,12,False,1513_L,0.3168339955690938,,
dorsal,unknown_test,1013_L,13,False,1513_L,0.3521966772410495,,
dorsal,unknown_test,1013_L,14,False,1513_L,0.41714969286847836,,
dorsal,unknown_test,1013_L,15,False,1513_L,0.32856125886019033,,
dorsal,unknown_test,1013_L,16,False,1513_L,0.3326230292091559,,
dorsal,unknown_test,1013_L,17,False,1513_L,0.2549697931495195,,
dorsal,unknown_test,1013_R,1,False,1513_R,0.3776622285625886,,
dorsal,unknown_test,1013_R,2,False,1069_R,0.3365670003538004,,
dorsal,unknown_test,1013_R,3,False,1513_R,0.4076644820976143,,
dorsal,unknown_test,1013_R,4,False,1023_R,0.42716015159286935,,
dorsal,unknown_test,1013_R,5,False,1069_R,0.3491574625642203,,
dorsal,unknown_test,1013_R,6,False,1513_R,0.34368980855193065,,
dorsal,unknown_test,1013_R,7,False,1513_R,0.41140134636678183,,
dorsal,unknown_test,1013_R,8,False,1513_R,0.3853414929240683,,
dorsal,unknown_test,1013_R,9,False,1513_R,0.47798900479633205,,
dorsal,unknown_test,1013_R,10,False,1513_R,0.44758136861528197,,
dorsal,unknown_test,1013_R,11,False,1513_R,0.47080171975328655,,
dorsal,unknown_test,1013_R,12,False,1513_R,0.43453415031620884,,
dorsal,unknown_test,1013_R,13,False,1513_R,0.4184528762879714,,
dorsal,unknown_test,1013_R,14,False,1516_R,0.3835213812606495,,
dorsal,unknown_test,1013_R,15,False,1023_R,0.30453981338865665,,
dorsal,unknown_test,1013_R,16,False,1513_R,0.34542205160775086,,
dorsal,unknown_test,1013_R,17,False,1513_R,0.44817012133474343,,
dorsal,unknown_test,1013_R,18,False,1513_R,0.40494676638708427,,
dorsal,unknown_test,1013_R,19,False,1513_R,0.43046516929531575,,
dorsal,unknown_test,1013_R,20,False,1513_R,0.2912670519804235,,
dorsal,unknown_test,1013_R,21,False,1513_R,0.3627638479523545,,
dorsal,unknown_test,1013_R,22,False,1513_R,0.4774881901542597,,
dorsal,unknown_test,1013_R,23,False,1513_R,0.4645506746393803,,
dorsal,unknown_test,1034_L,1,False,1023_L,0.40795845916654516,,
dorsal,unknown_test,1034_L,2,False,1023_L,0.45394760996290046,,
dorsal,unknown_test,1034_L,3,False,1023_L,0.5042721288641577,,
dorsal,unknown_test,1034_L,4,False,1023_L,0.41020020959086484,,
dorsal,unknown_test,1034_L,5,False,1023_L,0.4074201202929132,,
dorsal,unknown_test,1034_L,6,False,1023_L,0.4189316171242611,,
dorsal,unknown_test,1034_L,7,False,1571_L,0.5499332352222874,,
dorsal,unknown_test,1034_L,8,False,1023_L,0.45491360604562925,,
dorsal,unknown_test,1034_L,9,False,1023_L,0.44879931542539697,,
dorsal,unknown_test,1034_L,10,False,1069_L,0.3044038061087563,,
dorsal,unknown_test,1034_L,11,False,1023_L,0.41311964933445244,,
dorsal,unknown_test,1034_L,12,False,1023_L,0.4329281494423428,,
dorsal,unknown_test,1034_L,13,False,1069_L,0.5037381926763309,,
dorsal,unknown_test,1034_L,14,False,1023_L,0.4915288082998864,,
dorsal,unknown_test,1034_L,15,False,1023_L,0.39770992835423247,,
dorsal,unknown_test,1034_L,16,False,1023_L,0.4093836205967921,,
dorsal,unknown_test,1034_L,17,False,1571_L,0.38290554449112696,,
dorsal,unknown_test,1034_L,18,False,1023_L,0.44749955622799187,,
dorsal,unknown_test,1034_L,19,False,1571_L,0.4552320032506678,,
dorsal,unknown_test,1034_L,20,False,1023_L,0.4297118060527185,,
dorsal,unknown_test,1034_L,21,False,1023_L,0.46372738651222245,,
dorsal,unknown_test,1034_L,22,False,1571_L,0.45018880443295695,,
dorsal,unknown_test,1034_L,23,False,1023_L,0.4237292442364151,,
dorsal,unknown_test,1034_R,1,False,1042_R,0.4176642756841493,,
dorsal,unknown_test,1034_R,2,False,1042_R,0.39793321341534144,,
dorsal,unknown_test,1034_R,3,False,1042_R,0.36352231961467113,,
dorsal,unknown_test,1034_R,4,False,1042_R,0.38319873410388194,,
dorsal,unknown_test,1034_R,5,False,1042_R,0.41157393733545106,,
dorsal,unknown_test,1034_R,6,False,1042_R,0.32516691948767334,,
dorsal,unknown_test,1034_R,7,False,1023_R,0.2827497255852115,,
dorsal,unknown_test,1034_R,8,False,1042_R,0.352423703266452,,
dorsal,unknown_test,1034_R,9,False,1042_R,0.39012424463997797,,
dorsal,unknown_test,1034_R,10,False,1042_R,0.3740899241461296,,
dorsal,unknown_test,1034_R,11,False,1042_R,0.4398774525816147,,
dorsal,unknown_test,1034_R,12,False,1042_R,0.5150949428686149,,
dorsal,unknown_test,1034_R,13,False,1042_R,0.4487455610437159,,
dorsal,unknown_test,1034_R,14,False,1042_R,0.37783411383088905,,
dorsal,unknown_test,1034_R,15,False,1042_R,0.3447350368958547,,
dorsal,unknown_test,1034_R,16,False,1042_R,0.3372066926567464,,
dorsal,unknown_test,1034_R,17,False,1042_R,0.3910963058775675,,
dorsal,unknown_test,1034_R,18,False,1042_R,0.3651206197222039,,
dorsal,unknown_test,1034_R,19,False,1042_R,0.37593649293959674,,
dorsal,unknown_test,1034_R,20,False,1042_R,0.37286773250687416,,
dorsal,unknown_test,1034_R,21,False,1042_R,0.3874226105388594,,
dorsal,unknown_test,1041_L,1,False,543_L,0.28757706686096385,,
dorsal,unknown_test,1041_L,2,False,1028_L,0.2693587166172611,,
dorsal,unknown_test,1041_L,3,False,1028_L,0.3149048506472947,,
dorsal,unknown_test,1041_L,4,False,1028_L,0.3462900036168026,,
dorsal,unknown_test,1041_L,5,False,1028_L,0.259064901935465,,
dorsal,unknown_test,1041_L,6,False,1042_L,0.29755359669009745,,
dorsal,unknown_test,1041_L,7,False,1042_L,0.2972880101637134,,
dorsal,unknown_test,1041_L,8,False,1028_L,0.3082006334769842,,
dorsal,unknown_test,1041_R,1,False,1592_R,0.17502290236194457,,
dorsal,unknown_test,1041_R,2,False,1571_R,0.20960386664467834,,
dorsal,unknown_test,1041_R,3,False,1022_R,0.22643303858069425,,
dorsal,unknown_test,1041_R,4,False,1042_R,0.2700810932681394,,
dorsal,unknown_test,1041_R,5,False,1042_R,0.2600501155860108,,
dorsal,unknown_test,1041_R,6,False,1571_R,0.21471988464334002,,
dorsal,unknown_test,1041_R,7,False,1042_R,0.24448173641229665,,
dorsal,unknown_test,1041_R,8,False,1042_R,0.3050148572045455,,
dorsal,unknown_test,1041_R,9,False,1042_R,0.31988817401762193,,
dorsal,unknown_test,1041_R,10,False,543_R,0.32722088770457297,,
dorsal,unknown_test,1041_R,11,False,543_R,0.31708799464411686,,
dorsal,unknown_test,1041_R,12,False,1042_R,0.30214883305759277,,
dorsal,unknown_test,1041_R,13,False,1042_R,0.23685945771658573,,
dorsal,unknown_test,1041_R,14,False,1042_R,0.31649660089400555,,
dorsal,unknown_test,1052_L,1,False,571_L,0.21810562917271986,,
dorsal,unknown_test,1052_L,2,False,571_L,0.24686592108084252,,
dorsal,unknown_test,1052_L,3,False,571_L,0.3264567986162233,,
dorsal,unknown_test,1052_L,4,False,571_L,0.19453154783140392,,
dorsal,unknown_test,1052_L,5,False,571_L,0.29367269801967416,,
dorsal,unknown_test,1052_L,6,False,571_L,0.24748847965969156,,
dorsal,unknown_test,1052_L,7,False,571_L,0.31573051163399934,,
dorsal,unknown_test,1052_L,8,False,571_L,0.13532892942981783,,
dorsal,unknown_test,1052_L,9,False,571_L,0.26046237932523253,,
dorsal,unknown_test,1052_L,10,False,571_L,0.29725726531865887,,
dorsal,unknown_test,1052_L,11,False,571_L,0.2818875929521223,,
dorsal,unknown_test,1052_L,12,False,571_L,0.24472694471597323,,
dorsal,unknown_test,1052_L,13,False,571_L,0.294849781943999,,
dorsal,unknown_test,1052_L,14,False,571_L,0.19304031862419335,,
dorsal,unknown_test,1052_L,15,False,571_L,0.22546254051266457,,
dorsal,unknown_test,1052_L,16,False,571_L,0.13180023154329057,,
dorsal,unknown_test,1052_R,1,False,571_R,0.1880913356037522,,
dorsal,unknown_test,1052_R,2,False,1026_R,0.25621875727009746,,
dorsal,unknown_test,1052_R,3,False,1042_R,0.2059675451526906,,
dorsal,unknown_test,1052_R,4,False,1042_R,0.2565779001512559,,
dorsal,unknown_test,1052_R,5,False,571_R,0.22004905768499977,,
dorsal,unknown_test,1052_R,6,False,1042_R,0.2049315409625282,,
dorsal,unknown_test,1052_R,7,False,1026_R,0.2472371899732217,,
dorsal,unknown_test,1052_R,8,False,1026_R,0.2192932342977013,,
dorsal,unknown_test,1085_L,1,False,1513_L,0.28436919398123806,,
dorsal,unknown_test,1085_L,2,False,1528_L,0.2761042213012205,,
dorsal,unknown_test,1085_L,3,False,1513_L,0.4736337361405212,,
dorsal,unknown_test,1085_L,4,False,1513_L,0.26150838824730915,,
dorsal,unknown_test,1085_L,5,False,1513_L,0.3440078274175646,,
dorsal,unknown_test,1085_L,6,False,1513_L,0.32180599176584157,,
dorsal,unknown_test,1085_L,7,False,571_L,0.25389385853781377,,
dorsal,unknown_test,1085_L,8,False,1513_L,0.25937924623327313,,
dorsal,unknown_test,1085_L,9,False,1513_L,0.3149619713144858,,
dorsal,unknown_test,1085_R,1,False,1513_R,0.3422139816715426,,
dorsal,unknown_test,1085_R,2,False,1513_R,0.3698438682648515,,
dorsal,unknown_test,1085_R,3,False,1028_R,0.311965038938108,,
dorsal,unknown_test,1085_R,4,False,1028_R,0.26644331339768174,,
dorsal,unknown_test,1085_R,5,False,571_R,0.23718691098715097,,
dorsal,unknown_test,1085_R,6,False,571_R,0.24253939827696186,,
dorsal,unknown_test,1085_R,7,False,86_R,0.3047252709484676,,
dorsal,unknown_test,1085_R,8,False,1513_R,0.4139886046462542,,
dorsal,unknown_test,1085_R,9,False,1028_R,0.2759885805097112,,
dorsal,unknown_test,1085_R,10,False,1028_R,0.4071378238481361,,
dorsal,unknown_test,1085_R,11,False,1513_R,0.3377715479537835,,
dorsal,unknown_test,1085_R,12,False,1513_R,0.48603782009049,,
dorsal,unknown_test,1085_R,13,False,1513_R,0.4173338130840853,,
dorsal,unknown_test,1085_R,14,False,1513_R,0.4297913107564575,,
dorsal,unknown_test,1085_R,15,False,1513_R,0.3706846670730779,,
dorsal,unknown_test,1085_R,16,False,1513_R,0.3908851099291477,,
dorsal,unknown_test,1085_R,17,False,1028_R,0.2595586187362615,,
dorsal,unknown_test,1509_L,1,False,13_L,0.5008602730955718,,
dorsal,unknown_test,1509_L,2,False,1074_L,0.5385263678570245,,
dorsal,unknown_test,1509_L,3,False,559_L,0.4897001262898063,,
dorsal,unknown_test,1509_L,4,False,1074_L,0.6005885893188873,,
dorsal,unknown_test,1509_R,1,False,13_R,0.4672531311137509,,
dorsal,unknown_test,1509_R,2,False,86_R,0.30619887237508936,,
dorsal,unknown_test,1509_R,3,False,1022_R,0.27116272730500407,,
dorsal,unknown_test,1509_R,4,False,13_R,0.3163380422876658,,
dorsal,unknown_test,1509_R,5,False,13_R,0.47785216267990027,,
dorsal,unknown_test,1515_L,1,False,86_L,0.3871605361149816,,
dorsal,unknown_test,1515_L,2,False,13_L,0.47660027304895436,,
dorsal,unknown_test,1515_L,3,False,13_L,0.49759582899373256,,
dorsal,unknown_test,1515_L,4,False,1592_L,0.49305316326157456,,
dorsal,unknown_test,1515_L,5,False,1592_L,0.539380894406247,,
dorsal,unknown_test,1515_R,1,False,13_R,0.597833977496413,,
dorsal,unknown_test,1515_R,2,False,13_R,0.5314670028347566,,
dorsal,unknown_test,1515_R,3,False,13_R,0.5867026865427166,,
dorsal,unknown_test,1515_R,4,False,13_R,0.6278166653185893,,
dorsal,unknown_test,1515_R,5,False,13_R,0.644840766401219,,
dorsal,unknown_test,1515_R,6,False,13_R,0.7083774158958736,,
dorsal,unknown_test,1515_R,7,False,13_R,0.6899458123600584,,
dorsal,unknown_test,1527_L,1,False,1516_L,0.3873942323327568,,
dorsal,unknown_test,1527_L,2,False,1069_L,0.2669203222808712,,
dorsal,unknown_test,1527_L,3,False,1069_L,0.33408744385146405,,
dorsal,unknown_test,1527_L,4,False,576_L,0.3587627003420732,,
dorsal,unknown_test,1527_L,5,False,1069_L,0.3300883771676433,,
dorsal,unknown_test,1527_L,6,False,1069_L,0.41259017172714046,,
dorsal,unknown_test,1527_L,7,False,1513_L,0.3206925368853547,,
dorsal,unknown_test,1527_L,8,False,1516_L,0.2624570103292507,,
dorsal,unknown_test,1527_L,9,False,1516_L,0.38371443857551946,,
dorsal,unknown_test,1527_L,10,False,1516_L,0.3340136626810971,,
dorsal,unknown_test,1527_L,11,False,1069_L,0.34274753586627654,,
dorsal,unknown_test,1527_R,1,False,1516_R,0.2253484087263363,,
dorsal,unknown_test,1527_R,2,False,1571_R,0.19349141193350577,,
dorsal,unknown_test,1527_R,3,False,571_R,0.27650002989732936,,
dorsal,unknown_test,1527_R,4,False,1074_R,0.21821136936709082,,
dorsal,unknown_test,1527_R,5,False,1571_R,0.2638824973619388,,
dorsal,unknown_test,1527_R,6,False,1571_R,0.2164401243336972,,
dorsal,unknown_test,1527_R,7,False,1571_R,0.3639741828593219,,
dorsal,unknown_test,1527_R,8,False,571_R,0.28248050871223757,,
dorsal,unknown_test,1527_R,9,False,576_R,0.25683237365844513,,
dorsal,unknown_test,1527_R,10,False,571_R,0.2471680045120266,,
dorsal,unknown_test,1531_L,1,False,1513_L,0.5908280548913369,,
dorsal,unknown_test,1531_L,2,False,1513_L,0.5343986530732104,,
dorsal,unknown_test,1531_L,3,False,1513_L,0.5853542019814987,,
dorsal,unknown_test,1531_L,4,False,1513_L,0.611605791039594,,
dorsal,unknown_test,1531_L,5,False,1513_L,0.5445873914826969,,
dorsal,unknown_test,1531_L,6,False,1513_L,0.4753557181772151,,
dorsal,unknown_test,1531_L,7,False,1513_L,0.6199144506733499,,
dorsal,unknown_test,1531_L,8,False,1513_L,0.41148281174843326,,
dorsal,unknown_test,1531_L,9,False,1513_L,0.48631110009212764,,
dorsal,unknown_test,1531_L,10,False,1513_L,0.4836921972204222,,
dorsal,unknown_test,1531_R,1,False,1513_R,0.4231935638246298,,
dorsal,unknown_test,1531_R,2,False,571_R,0.4349335717813425,,
dorsal,unknown_test,1531_R,3,False,1513_R,0.39043059304661165,,
dorsal,unknown_test,1531_R,4,False,571_R,0.36295476473904265,,
dorsal,unknown_test,1531_R,5,False,1513_R,0.46386163834616423,,
dorsal,unknown_test,1531_R,6,False,1513_R,0.424134375659168,,
dorsal,unknown_test,1531_R,7,False,1513_R,0.34142303788745487,,
dorsal,unknown_test,1531_R,8,False,1592_R,0.3413677131994954,,
dorsal,unknown_test,1531_R,9,False,1592_R,0.2652008287308995,,
dorsal,unknown_test,1531_R,10,False,1513_R,0.3875857303128242,,
dorsal,unknown_test,1531_R,11,False,571_R,0.27783063461350127,,
dorsal,unknown_test,1550_L,1,False,1528_L,0.44463288115467453,,
dorsal,unknown_test,1550_L,2,False,1528_L,0.41897544577229595,,
dorsal,unknown_test,1550_L,3,False,1042_L,0.448033472864177,,
dorsal,unknown_test,1550_L,4,False,1592_L,0.4143992841674038,,
dorsal,unknown_test,1550_L,5,False,1592_L,0.4278986513199786,,
dorsal,unknown_test,1550_L,6,False,1042_L,0.4141071474469525,,
dorsal,unknown_test,1550_L,7,False,571_L,0.49434879407428245,,
dorsal,unknown_test,1550_L,8,False,571_L,0.4270535949739568,,
dorsal,unknown_test,1550_L,9,False,571_L,0.4458136296111561,,
dorsal,unknown_test,1550_L,10,False,559_L,0.4777937581152871,,
dorsal,unknown_test,1550_R,1,False,571_R,0.4686182818342448,,
dorsal,unknown_test,1550_R,2,False,571_R,0.4854067565375555,,
dorsal,unknown_test,1550_R,3,False,571_R,0.4430656206044288,,
dorsal,unknown_test,1550_R,4,False,13_R,0.4794982184773446,,
dorsal,unknown_test,1550_R,5,False,13_R,0.43436985109617177,,
dorsal,unknown_test,1550_R,6,False,1592_R,0.43077358826853573,,
dorsal,unknown_test,1550_R,7,False,571_R,0.42615292016561745,,
dorsal,unknown_test,1550_R,8,False,571_R,0.5049847173723411,,
dorsal,unknown_test,1550_R,9,False,1592_R,0.4763612730009613,,
dorsal,unknown_test,1550_R,10,False,571_R,0.46968955162445913,,
dorsal,unknown_test,1550_R,11,False,1592_R,0.3604216981274486,,
dorsal,unknown_test,1550_R,12,False,571_R,0.41082730803139456,,
dorsal,unknown_test,1550_R,13,False,1528_R,0.420426736544446,,
dorsal,unknown_test,1555_L,1,False,559_L,0.49140503073183095,,
dorsal,unknown_test,1555_L,2,False,559_L,0.5361807098433825,,
dorsal,unknown_test,1555_L,3,False,559_L,0.5077451692563808,,
dorsal,unknown_test,1555_L,4,False,1528_L,0.4046068493872237,,
dorsal,unknown_test,1555_L,5,False,1528_L,0.37726665693382866,,
dorsal,unknown_test,1555_L,6,False,1042_L,0.3781622399125002,,
dorsal,unknown_test,1555_L,7,False,1528_L,0.4704814154107928,,
dorsal,unknown_test,1555_L,8,False,1528_L,0.5412149460072531,,
dorsal,unknown_test,1555_L,9,False,1528_L,0.5475243830082266,,
dorsal,unknown_test,1555_L,10,False,559_L,0.4747305190192968,,
dorsal,unknown_test,1555_R,1,False,1022_R,0.3791678223719579,,
dorsal,unknown_test,1555_R,2,False,1022_R,0.3888239324354875,,
dorsal,unknown_test,1555_R,3,False,571_R,0.2632357886829147,,
dorsal,unknown_test,1555_R,4,False,1022_R,0.25671121480624515,,
dorsal,unknown_test,1555_R,5,False,1022_R,0.30075614767162356,,
dorsal,unknown_test,1555_R,6,False,1022_R,0.36218300526849667,,
dorsal,unknown_test,1555_R,7,False,1022_R,0.2566303863557359,,
dorsal,unknown_test,1557_L,1,False,571_L,0.2998427814784987,,
dorsal,unknown_test,1557_L,2,False,571_L,0.2986137005814446,,
dorsal,unknown_test,1557_L,3,False,571_L,0.27668487802797703,,
dorsal,unknown_test,1557_L,4,False,571_L,0.30317369114960735,,
dorsal,unknown_test,1557_L,5,False,571_L,0.3156024687357406,,
dorsal,unknown_test,1557_L,6,False,571_L,0.3035924260718637,,
dorsal,unknown_test,1557_L,7,False,571_L,0.3499748691292692,,
dorsal,unknown_test,1557_L,8,False,576_L,0.29890103972578497,,
dorsal,unknown_test,1557_L,9,False,571_L,0.2733282575663283,,
dorsal,unknown_test,1557_R,1,False,571_R,0.28558567230843934,,
dorsal,unknown_test,1557_R,2,False,571_R,0.26614499378749096,,
dorsal,unknown_test,1557_R,3,False,576_R,0.3717160133072976,,
dorsal,unknown_test,1557_R,4,False,571_R,0.27600243315671497,,
dorsal,unknown_test,1557_R,5,False,571_R,0.26502508674274017,,
dorsal,unknown_test,1557_R,6,False,1022_R,0.2998635776162617,,
dorsal,unknown_test,1557_R,7,False,571_R,0.271698610488419,,
dorsal,unknown_test,1557_R,8,False,571_R,0.3292877688287539,,
dorsal,unknown_test,1557_R,9,False,571_R,0.24259934640273126,,
dorsal,unknown_test,1557_R,10,False,571_R,0.2350930399100771,,
dorsal,unknown_test,1566_L,1,False,1513_L,0.413745515168948,,
dorsal,unknown_test,1566_L,2,False,1513_L,0.4113597836686933,,
dorsal,unknown_test,1566_L,3,False,1513_L,0.4349703769101143,,
dorsal,unknown_test,1566_L,4,False,1513_L,0.37236231885226306,,
dorsal,unknown_test,1566_L,5,False,1513_L,0.37848112958665414,,
dorsal,unknown_test,1566_L,6,False,1513_L,0.404434331292277,,
dorsal,unknown_test,1566_L,7,False,1513_L,0.38025989005141725,,
dorsal,unknown_test,1566_L,8,False,559_L,0.3435807925282149,,
dorsal,unknown_test,1566_L,9,False,1028_L,0.4856845748696814,,
dorsal,unknown_test,1566_L,10,False,1028_L,0.42194449363481457,,
dorsal,unknown_test,1566_L,11,False,1022_L,0.4115582893334805,,
dorsal,unknown_test,1566_L,12,False,1028_L,0.43994127100782965,,
dorsal,unknown_test,1566_L,13,False,1069_L,0.33520075195628285,,
dorsal,unknown_test,1566_L,14,False,1069_L,0.3537678734877286,,
dorsal,unknown_test,1566_L,15,False,1513_L,0.4618870773250341,,
dorsal,unknown_test,1566_L,16,False,1513_L,0.39508898629732203,,
dorsal,unknown_test,1566_L,17,False,1513_L,0.3240399127451185,,
dorsal,unknown_test,1566_L,18,False,1528_L,0.23211283858361365,,
dorsal,unknown_test,1566_L,19,False,1513_L,0.5028987038345705,,
dorsal,unknown_test,1566_L,20,False,1513_L,0.41962081799392037,,
dorsal,unknown_test,1566_L,21,False,1513_L,0.39635040141918076,,
dorsal,unknown_test,1566_L,22,False,1513_L,0.42851995595992565,,
dorsal,unknown_test,1566_R,1,False,1022_R,0.3238398421239836,,
dorsal,unknown_test,1566_R,2,False,571_R,0.2984477806942237,,
dorsal,unknown_test,1566_R,3,False,1028_R,0.41287472197332,,
dorsal,unknown_test,1566_R,4,False,1028_R,0.4083993643690631,,
dorsal,unknown_test,1566_R,5,False,1022_R,0.4450165644409486,,
dorsal,unknown_test,1566_R,6,False,1028_R,0.4083784110508697,,
dorsal,unknown_test,1566_R,7,False,1028_R,0.3896173393184018,,
dorsal,unknown_test,1566_R,8,False,1028_R,0.3807822944115279,,
dorsal,unknown_test,1566_R,9,False,1028_R,0.3960281037314316,,
dorsal,unknown_test,1566_R,10,False,1022_R,0.3650180789796763,,
dorsal,unknown_test,1566_R,11,False,1022_R,0.36458075778152654,,
dorsal,unknown_test,1566_R,12,False,571_R,0.3263023745303455,,
dorsal,unknown_test,1566_R,13,False,1022_R,0.35997128784593924,,
dorsal,unknown_test,1566_R,14,False,1028_R,0.3355539666479307,,
dorsal,unknown_test,1566_R,15,False,1028_R,0.3331721679284009,,
dorsal,unknown_test,1566_R,16,False,1022_R,0.32124544864368487,,
dorsal,unknown_test,1566_R,17,False,1028_R,0.3342954778520582,,
dorsal,unknown_test,1566_R,18,False,1028_R,0.3327410262823578,,
dorsal,unknown_test,1585_L,1,False,1592_L,0.37753558748043736,,
dorsal,unknown_test,1585_L,2,False,1592_L,0.36083838596280293,,
dorsal,unknown_test,1585_L,3,False,1513_L,0.25951634108849003,,
dorsal,unknown_test,1585_L,4,False,1592_L,0.382225570436145,,
dorsal,unknown_test,1585_R,1,False,1023_R,0.37719434861535767,,
dorsal,unknown_test,1585_R,2,False,1023_R,0.3855195508822519,,
dorsal,unknown_test,1585_R,3,False,1023_R,0.29353494745533615,,
dorsal,unknown_test,1585_R,4,False,1023_R,0.48956041497564495,,
dorsal,unknown_test,54_L,1,False,559_L,0.5029455575450199,,
dorsal,unknown_test,54_L,2,False,1074_L,0.38408456796354645,,
dorsal,unknown_test,54_L,3,False,1592_L,0.4177510617223109,,
dorsal,unknown_test,54_L,4,False,559_L,0.4805498282674441,,
dorsal,unknown_test,54_R,1,False,13_R,0.5997742933111363,,
dorsal,unknown_test,54_R,2,False,559_R,0.5828902194197838,,
dorsal,unknown_test,54_R,3,False,559_R,0.5672736771111564,,
dorsal,unknown_test,54_R,4,False,1592_R,0.5891032728808869,,
dorsal,unknown_test,546_L,1,False,1516_L,0.43848526307108626,,
dorsal,unknown_test,546_L,2,False,1516_L,0.37919398770124524,,
dorsal,unknown_test,546_L,3,False,1516_L,0.3675074532821531,,
dorsal,unknown_test,546_L,4,False,1516_L,0.32675568799071697,,
dorsal,unknown_test,546_L,5,False,576_L,0.3889516224326639,,
dorsal,unknown_test,546_L,6,False,1069_L,0.4240245129278248,,
dorsal,unknown_test,546_L,7,False,1069_L,0.3824819402615124,,
dorsal,unknown_test,546_L,8,False,1516_L,0.43212115736019313,,
dorsal,unknown_test,546_L,9,False,1516_L,0.4721656281002269,,
dorsal,unknown_test,546_L,10,False,1069_L,0.4207234327909396,,
dorsal,unknown_test,546_L,11,False,576_L,0.4380316241599438,,
dorsal,unknown_test,546_L,12,False,1516_L,0.40679987839322773,,
dorsal,unknown_test,546_L,13,False,1069_L,0.42159239711976815,,
dorsal,unknown_test,546_R,1,False,576_R,0.456890350587965,,
dorsal,unknown_test,546_R,2,False,1516_R,0.44613971458016355,,
dorsal,unknown_test,546_R,3,False,576_R,0.36543136186397546,,
dorsal,unknown_test,546_R,4,False,1516_R,0.3931012454685162,,
dorsal,unknown_test,546_R,5,False,576_R,0.4308168649175088,,
dorsal,unknown_test,546_R,6,False,576_R,0.45099077755941536,,
dorsal,unknown_test,546_R,7,False,543_R,0.4996714788480535,,
dorsal,unknown_test,546_R,8,False,543_R,0.42252083774555704,,
dorsal,unknown_test,546_R,9,False,543_R,0.42799557385927617,,
dorsal,unknown_test,546_R,10,False,576_R,0.5292665787426732,,
dorsal,unknown_test,546_R,11,False,576_R,0.39529663390584985,,
dorsal,unknown_test,546_R,12,False,543_R,0.5088954243885673,,
dorsal,unknown_test,546_R,13,False,576_R,0.42848572004871543,,
dorsal,unknown_test,546_R,14,False,543_R,0.4246819470000386,,
dorsal,unknown_test,546_R,15,False,543_R,0.40965574610274136,,
dorsal,unknown_test,546_R,16,False,543_R,0.4492918709379875,,
dorsal,unknown_test,574_L,1,False,1042_L,0.41511091444005543,,
dorsal,unknown_test,574_L,2,False,1023_L,0.4263518401015479,,
dorsal,unknown_test,574_L,3,False,1023_L,0.5299656113792188,,
dorsal,unknown_test,574_L,4,False,1023_L,0.35278302469227285,,
dorsal,unknown_test,574_L,5,False,1023_L,0.4943756201770592,,
dorsal,unknown_test,574_L,6,False,1023_L,0.25739029329984897,,
dorsal,unknown_test,574_L,7,False,1023_L,0.3093073906971603,,
dorsal,unknown_test,574_R,1,False,86_R,0.43345148343956985,,
dorsal,unknown_test,574_R,2,False,1023_R,0.4755976672324682,,
dorsal,unknown_test,574_R,3,False,86_R,0.5745756477990499,,
dorsal,unknown_test,574_R,4,False,86_R,0.60122028685088,,
dorsal,unknown_test,574_R,5,False,1513_R,0.2839665332310266,,
dorsal,unknown_test,574_R,6,False,1042_R,0.40515302346743887,,
dorsal,unknown_test,574_R,7,False,1069_R,0.2983246156967394,,
dorsal,unknown_test,574_R,8,False,1023_R,0.5187645738542673,,
dorsal,unknown_test,581_L,1,False,1069_L,0.2889363868722573,,
dorsal,unknown_test,581_L,2,False,1069_L,0.2775534774573084,,
dorsal,unknown_test,581_L,3,False,86_L,0.32002277642004207,,
dorsal,unknown_test,581_L,4,False,1069_L,0.3417544441401593,,
dorsal,unknown_test,581_L,5,False,1510_L,0.2471161796457335,,
dorsal,unknown_test,581_L,6,False,1022_L,0.2619343410045376,,
dorsal,unknown_test,581_L,7,False,1069_L,0.3332549329260377,,
dorsal,unknown_test,581_L,8,False,1069_L,0.2866733035991647,,
dorsal,unknown_test,581_L,9,False,86_L,0.3545514991745266,,
dorsal,unknown_test,581_L,10,False,1022_L,0.38708015808965224,,
dorsal,unknown_test,581_R,1,False,1513_R,0.2364177532873748,,
dorsal,unknown_test,581_R,2,False,1510_R,0.20238763603042415,,
dorsal,unknown_test,581_R,3,False,86_R,0.33742734326226853,,
dorsal,unknown_test,581_R,4,False,86_R,0.27941420177965914,,
dorsal,unknown_test,581_R,5,False,1023_R,0.17542647595474703,,
dorsal,unknown_test,581_R,6,False,86_R,0.28447119546913,,
dorsal,unknown_test,581_R,7,False,86_R,0.34708773689505684,,
dorsal,unknown_test,581_R,8,False,86_R,0.24960702794186718,,
dorsal,unknown_test,588_L,1,False,1093_L,0.4781095657257116,,
dorsal,unknown_test,588_L,2,False,1093_L,0.30640525239041483,,
dorsal,unknown_test,588_L,3,False,1026_L,0.43345542645069524,,
dorsal,unknown_test,588_L,4,False,1026_L,0.4157034910754723,,
dorsal,unknown_test,588_L,5,False,1026_L,0.3481537179193308,,
dorsal,unknown_test,588_L,6,False,1093_L,0.3927820551225026,,
dorsal,unknown_test,588_L,7,False,1093_L,0.3906214064740855,,
dorsal,unknown_test,588_L,8,False,1026_L,0.43177878843956863,,
dorsal,unknown_test,588_L,9,False,1026_L,0.3301695380513616,,
dorsal,unknown_test,588_L,10,False,1026_L,0.5185565757948042,,
dorsal,unknown_test,588_L,11,False,1026_L,0.4086650267777473,,
dorsal,unknown_test,588_L,12,False,1026_L,0.3802073672201731,,
dorsal,unknown_test,588_R,1,False,1026_R,0.5885904217124588,,
dorsal,unknown_test,588_R,2,False,1026_R,0.40138959161008075,,
dorsal,unknown_test,588_R,3,False,1026_R,0.5883678186740083,,
dorsal,unknown_test,588_R,4,False,1026_R,0.5016517103066591,,
dorsal,unknown_test,588_R,5,False,1026_R,0.5875611311374878,,
dorsal,unknown_test,92_L,1,False,1093_L,0.33539155111356256,,
dorsal,unknown_test,92_L,2,False,1074_L,0.29843534509999076,,
dorsal,unknown_test,92_L,3,False,1093_L,0.2926753737689219,,
dorsal,unknown_test,92_L,4,False,1093_L,0.25953745496197295,,
dorsal,unknown_test,92_L,5,False,1093_L,0.25233208541368124,,
dorsal,unknown_test,92_L,6,False,571_L,0.25772979219287867,,
dorsal,unknown_test,92_L,7,False,1093_L,0.26613731959276804,,
dorsal,unknown_test,92_L,8,False,571_L,0.29219509673743693,,
dorsal,unknown_test,92_L,9,False,1093_L,0.30513524255065005,,
dorsal,unknown_test,92_L,10,False,1074_L,0.2707508828192607,,
dorsal,unknown_test,92_L,11,False,571_L,0.30484472164001164,,
dorsal,unknown_test,92_L,12,False,1093_L,0.2886804093051836,,
dorsal,unknown_test,92_L,13,False,1093_L,0.302030170080976,,
dorsal,unknown_test,92_L,14,False,1074_L,0.3225428558269545,,
dorsal,unknown_test,92_L,15,False,1093_L,0.3106229644917318,,
dorsal,unknown_test,92_L,16,False,1093_L,0.34172894755363203,,
dorsal,unknown_test,92_R,1,False,1026_R,0.3807426854803257,,
dorsal,unknown_test,92_R,2,False,1510_R,0.3936754262498938,,
dorsal,unknown_test,92_R,3,False,1510_R,0.4105523102807668,,
dorsal,unknown_test,92_R,4,False,1510_R,0.36907349516780663,,
dorsal,unknown_test,92_R,5,False,1510_R,0.4736938736199605,,
dorsal,unknown_test,92_R,6,False,1510_R,0.4453767074006997,,
dorsal,unknown_test,92_R,7,False,1026_R,0.4216334388146481,,
dorsal,unknown_test,92_R,8,False,1510_R,0.47600732762636033,,
dorsal,unknown_test,92_R,9,False,1510_R,0.46313150121932173,,
dorsal,unknown_test,92_R,10,False,1510_R,0.41187660663074177,,
dorsal,unknown_test,92_R,11,False,1510_R,0.3964427153028587,,
dorsal,unknown_test,92_R,12,False,1026_R,0.5371391381589569,,
dorsal,unknown_test,92_R,13,False,1026_R,0.36766048533270035,,
dorsal,unknown_test,92_R,14,False,1026_R,0.39850337673445346,,
dorsal,unknown_test,92_R,15,False,1026_R,0.5044342648862573,,
dorsal,unknown_test,92_R,16,False,1026_R,0.4639723619446623,,
dorsal,unknown_test,92_R,17,False,1026_R,0.42991149909407866,,
dorsal,unknown_test,92_R,18,False,1026_R,0.4921769305087482,,
fused,genuine_known,1022_L,5,False,1022_L,3.334718771546935,3.334718771546935,1
fused,genuine_known,1022_R,5,False,1022_R,3.633102687358435,3.633102687358435,1
fused,genuine_known,1023_L,7,False,1023_L,2.2060758666629425,2.2060758666629425,1
fused,genuine_known,1023_R,8,False,1023_R,3.4990876557857393,3.4990876557857393,1
fused,genuine_known,1026_L,6,False,1026_L,3.473455818659299,3.473455818659299,1
fused,genuine_known,1026_R,5,False,1026_R,3.5771388665357664,3.5771388665357664,1
fused,genuine_known,1028_L,14,False,1028_L,3.719911420826607,3.719911420826607,1
fused,genuine_known,1028_R,7,False,1028_R,4.086625018078893,4.086625018078893,1
fused,genuine_known,1042_L,17,False,1042_L,4.032078941215564,4.032078941215564,1
fused,genuine_known,1042_R,12,False,1042_R,4.136293541230023,4.136293541230023,1
fused,genuine_known,1069_L,6,False,1069_L,3.056602707599577,3.056602707599577,1
fused,genuine_known,1069_R,8,False,1069_R,2.481159394196957,2.481159394196957,1
fused,genuine_known,1074_L,5,False,1074_L,3.68294238052328,3.68294238052328,1
fused,genuine_known,1074_R,5,False,1074_R,3.643890097471809,3.643890097471809,1
fused,genuine_known,1093_L,10,False,1093_L,4.0687053195348,4.0687053195348,1
fused,genuine_known,1093_R,12,False,1093_R,3.966585118892425,3.966585118892425,1
fused,genuine_known,13_L,6,False,13_L,3.594713751510822,3.594713751510822,1
fused,genuine_known,13_R,5,False,13_R,2.232199381226815,2.232199381226815,1
fused,genuine_known,1510_L,12,False,1510_L,3.296681950638612,3.296681950638612,1
fused,genuine_known,1510_R,11,False,1510_R,3.007637317671264,3.007637317671264,1
fused,genuine_known,1513_L,13,False,1513_L,3.507686889151619,3.507686889151619,1
fused,genuine_known,1513_R,17,False,1513_R,3.2324690942154475,3.2324690942154475,1
fused,genuine_known,1516_L,16,False,1516_L,3.8242228578160895,3.8242228578160895,1
fused,genuine_known,1516_R,20,False,1516_R,3.865159300299374,3.865159300299374,1
fused,genuine_known,1528_L,8,False,1528_L,3.126592938054631,3.126592938054631,1
fused,genuine_known,1528_R,7,False,1528_R,3.7925165595055157,3.7925165595055157,1
fused,genuine_known,1571_L,16,False,1571_L,3.571973587397748,3.571973587397748,1
fused,genuine_known,1571_R,10,False,1571_R,3.7874923991098983,3.7874923991098983,1
fused,genuine_known,1592_L,5,False,1592_L,2.8890991028850967,2.8890991028850967,1
fused,genuine_known,1592_R,6,False,1592_R,3.326037949614463,3.326037949614463,1
fused,genuine_known,543_L,8,False,543_L,3.810070770340761,3.810070770340761,1
fused,genuine_known,543_R,6,False,543_R,3.7838389410540283,3.7838389410540283,1
fused,genuine_known,559_L,7,False,559_L,2.800838684227471,2.800838684227471,1
fused,genuine_known,559_R,5,False,559_R,2.6046572359502242,2.6046572359502242,1
fused,genuine_known,571_L,8,False,571_L,3.577569658223015,3.577569658223015,1
fused,genuine_known,571_R,11,False,571_R,3.8290930945245396,3.8290930945245396,1
fused,genuine_known,576_L,11,False,576_L,3.029534541852419,3.029534541852419,1
fused,genuine_known,576_R,14,False,576_R,3.698028604330342,3.698028604330342,1
fused,genuine_known,86_L,8,False,86_L,3.1245542522070053,3.1245542522070053,1
fused,genuine_known,86_R,8,False,86_R,3.3460407188357384,3.3460407188357384,1
fused,unknown_cal,1000000_L,1,False,571_L,0.8497868551322347,,
fused,unknown_cal,1000000_L,2,False,571_L,0.9543665779889171,,
fused,unknown_cal,1000000_L,3,False,571_L,0.9532964193301114,,
fused,unknown_cal,1000000_L,4,False,571_L,1.1345664106563857,,
fused,unknown_cal,1000000_L,5,False,571_L,1.1328954127554123,,
fused,unknown_cal,1000000_L,6,False,1028_L,1.0698140151598061,,
fused,unknown_cal,1000000_L,7,False,571_L,1.201412633502136,,
fused,unknown_cal,1000000_L,8,False,1028_L,1.4596703138134988,,
fused,unknown_cal,1000000_L,9,False,1028_L,1.4494545847913147,,
fused,unknown_cal,1000000_L,10,False,1028_L,1.3718490606545004,,
fused,unknown_cal,1000000_L,11,False,571_L,1.1183664730671523,,
fused,unknown_cal,1000000_L,12,False,1028_L,1.5658419408741973,,
fused,unknown_cal,1000000_L,13,False,1028_L,1.6075681462814135,,
fused,unknown_cal,1000000_L,14,False,1028_L,1.4720491304713779,,
fused,unknown_cal,1000000_L,15,False,1028_L,1.1668744644839684,,
fused,unknown_cal,1000000_L,16,False,1028_L,1.3281315086167407,,
fused,unknown_cal,1000000_L,17,False,1028_L,1.3089707777086002,,
fused,unknown_cal,1000000_R,1,False,1028_R,1.0954229321133544,,
fused,unknown_cal,1000000_R,2,False,1028_R,1.2189911864957859,,
fused,unknown_cal,1000000_R,3,False,1028_R,1.5303487032525278,,
fused,unknown_cal,1000000_R,4,False,1028_R,1.4441652160841896,,
fused,unknown_cal,1000000_R,5,False,1028_R,1.538318739496947,,
fused,unknown_cal,1000000_R,6,False,1028_R,1.4754079149231922,,
fused,unknown_cal,1000000_R,7,False,1028_R,1.6045197003864686,,
fused,unknown_cal,1000000_R,8,False,1028_R,1.5849343709472932,,
fused,unknown_cal,1000000_R,9,False,1028_R,1.5345037567710529,,
fused,unknown_cal,1019_L,1,False,1093_L,1.8471342210708643,,
fused,unknown_cal,1019_L,2,False,1026_L,1.70649492041969,,
fused,unknown_cal,1019_L,3,False,1093_L,1.0203365077519786,,
fused,unknown_cal,1019_L,4,False,1093_L,1.5435009682412106,,
fused,unknown_cal,1019_L,5,False,1093_L,1.2330879482379353,,
fused,unknown_cal,1019_L,6,False,1093_L,1.497730379724025,,
fused,unknown_cal,1019_L,7,False,1516_L,1.5466574524103163,,
fused,unknown_cal,1019_L,8,False,1093_L,1.6761223445444196,,
fused,unknown_cal,1019_L,9,False,1093_L,1.4894594225301838,,
fused,unknown_cal,1019_L,10,False,1026_L,1.5585011214898632,,
fused,unknown_cal,1019_L,11,False,1093_L,1.5314420418154209,,
fused,unknown_cal,1019_L,12,False,1093_L,1.5126744066076176,,
fused,unknown_cal,1019_L,13,False,1093_L,1.6974569888069022,,
fused,unknown_cal,1019_L,14,False,1026_L,1.7246144499719298,,
fused,unknown_cal,1019_L,15,False,1516_L,1.9023952799407822,,
fused,unknown_cal,1019_L,16,False,1093_L,1.6615586513977376,,
fused,unknown_cal,1019_L,17,False,1516_L,1.756248615900541,,
fused,unknown_cal,1019_L,18,False,1516_L,1.8629727310891184,,
fused,unknown_cal,1019_L,19,False,1516_L,1.7794873707583863,,
fused,unknown_cal,1019_L,20,False,1516_L,1.4578286373893437,,
fused,unknown_cal,1019_L,21,False,1510_L,2.0622288268311895,,
fused,unknown_cal,1019_L,22,False,1510_L,1.8490531713660838,,
fused,unknown_cal,1019_L,23,False,1510_L,1.810604126552044,,
fused,unknown_cal,1019_L,24,False,1510_L,1.7505491697993827,,
fused,unknown_cal,1019_L,25,False,1510_L,1.85927351828891,,
fused,unknown_cal,1019_L,26,False,1516_L,1.9631104864887843,,
fused,unknown_cal,1019_R,1,False,1026_R,1.7402543314515833,,
fused,unknown_cal,1019_R,2,False,1516_R,2.0975309502165786,,
fused,unknown_cal,1019_R,3,False,1026_R,2.004360354784315,,
fused,unknown_cal,1019_R,4,False,1026_R,1.2733999273389855,,
fused,unknown_cal,1019_R,5,False,1026_R,1.4628490238556957,,
fused,unknown_cal,1019_R,6,False,1026_R,1.649593478213812,,
fused,unknown_cal,1019_R,7,False,1026_R,2.029337146464663,,
fused,unknown_cal,1019_R,8,False,1026_R,1.4861043248305523,,
fused,unknown_cal,1019_R,9,False,1093_R,2.3560969217026178,,
fused,unknown_cal,1019_R,10,False,1516_R,1.709820656159661,,
fused,unknown_cal,1019_R,11,False,1026_R,2.2971989286531214,,
fused,unknown_cal,1019_R,12,False,1026_R,1.9552949978366074,,
fused,unknown_cal,1019_R,13,False,1026_R,1.9419316216312388,,
fused,unknown_cal,1019_R,14,False,1516_R,1.7323651508611284,,
fused,unknown_cal,1019_R,15,False,1026_R,1.7410282521459304,,
fused,unknown_cal,1019_R,16,False,1026_R,1.8876539043699094,,
fused,unknown_cal,1019_R,17,False,1026_R,2.362932947705712,,
fused,unknown_cal,1019_R,18,False,1093_R,1.7010837037887772,,
fused,unknown_cal,1019_R,19,False,1023_R,1.0099896344150827,,
fused,unknown_cal,1019_R,20,False,1026_R,1.5176696014329996,,
fused,unknown_cal,1019_R,21,False,1026_R,0.9262579802964181,,
fused,unknown_cal,1019_R,22,False,1093_R,0.9525960229614656,,
fused,unknown_cal,1019_R,23,False,1510_R,1.1391272595540947,,
fused,unknown_cal,1019_R,24,False,1510_R,1.5663788623940986,,
fused,unknown_cal,1019_R,25,False,1093_R,1.2655448225996289,,
fused,unknown_cal,1019_R,26,False,1510_R,1.2123240780174145,,
fused,unknown_cal,1019_R,27,False,1510_R,1.907576733657777,,
fused,unknown_cal,1019_R,28,False,1093_R,1.19324914219998,,
fused,unknown_cal,1019_R,29,False,1093_R,1.5395747673204123,,
fused,unknown_cal,1036_L,1,False,1571_L,1.7026376537898387,,
fused,unknown_cal,1036_L,2,False,1571_L,1.6854515395409417,,
fused,unknown_cal,1036_L,3,False,1571_L,2.0668892244182917,,
fused,unknown_cal,1036_L,4,False,1571_L,1.8907862976653744,,
fused,unknown_cal,1036_L,5,False,1571_L,2.0428919222915547,,
fused,unknown_cal,1036_L,6,False,1571_L,1.9594873355720588,,
fused,unknown_cal,1036_L,7,False,1571_L,2.1394459121549962,,
fused,unknown_cal,1036_L,8,False,1571_L,1.9639152147720818,,
fused,unknown_cal,1036_L,9,False,1571_L,1.841561393766423,,
fused,unknown_cal,1036_L,10,False,1571_L,1.9386903943606977,,
fused,unknown_cal,1036_L,11,False,1571_L,2.141273043054097,,
fused,unknown_cal,1036_R,1,False,1026_R,1.5167955059842648,,
fused,unknown_cal,1036_R,2,False,1093_R,1.4915933458401955,,
fused,unknown_cal,1036_R,3,False,1026_R,1.8667556059903088,,
fused,unknown_cal,1036_R,4,False,1026_R,1.6350570278436538,,
fused,unknown_cal,1036_R,5,False,1026_R,1.7073396432538015,,
fused,unknown_cal,1036_R,6,False,1026_R,1.7785490775216322,,
fused,unknown_cal,1036_R,7,False,1571_R,1.4628449945030344,,
fused,unknown_cal,1036_R,8,False,1571_R,1.38166225834637,,
fused,unknown_cal,1043_L,1,False,1516_L,1.4601646790884661,,
fused,unknown_cal,1043_L,2,False,1516_L,1.8827138112685426,,
fused,unknown_cal,1043_L,3,False,1516_L,2.236908844905866,,
fused,unknown_cal,1043_L,4,False,1516_L,1.903855386607547,,
fused,unknown_cal,1043_L,5,False,1516_L,1.9926355264238613,,
fused,unknown_cal,1043_L,6,False,1516_L,1.650163467671307,,
fused,unknown_cal,1043_L,7,False,1516_L,1.632815973092646,,
fused,unknown_cal,1043_R,1,False,1516_R,2.4299664218514576,,
fused,unknown_cal,1043_R,2,False,1516_R,2.2495811289268497,,
fused,unknown_cal,1043_R,3,False,1516_R,2.6535694303118182,,
fused,unknown_cal,1043_R,4,False,1516_R,1.8514163708926632,,
fused,unknown_cal,1043_R,5,False,1516_R,1.9291443475263255,,
fused,unknown_cal,1043_R,6,False,1516_R,2.2187074510415923,,
fused,unknown_cal,1043_R,7,False,1516_R,2.4186696380278514,,
fused,unknown_cal,1043_R,8,False,1516_R,2.341392972858062,,
fused,unknown_cal,1043_R,9,False,1516_R,2.270542726270456,,
fused,unknown_cal,1043_R,10,False,1516_R,2.174493758595216,,
fused,unknown_cal,1043_R,11,False,1516_R,2.107251431875006,,
fused,unknown_cal,1060_L,1,False,1513_L,1.0329401605734203,,
fused,unknown_cal,1060_L,2,False,1028_L,0.8681972687683482,,
fused,unknown_cal,1060_L,3,False,1528_L,0.8231213958793976,,
fused,unknown_cal,1060_L,4,False,1528_L,0.8458857522430685,,
fused,unknown_cal,1060_L,5,False,571_L,0.9387824983996358,,
fused,unknown_cal,1060_L,6,False,1528_L,0.69813595919506,,
fused,unknown_cal,1060_L,7,False,1028_L,0.7320669493943522,,
fused,unknown_cal,1060_L,8,False,1028_L,0.8044305514881559,,
fused,unknown_cal,1060_L,9,False,1528_L,1.0137070952319183,,
fused,unknown_cal,1060_L,10,False,571_L,0.9982591572625445,,
fused,unknown_cal,1060_L,11,False,571_L,0.9192053014500037,,
fused,unknown_cal,1060_L,12,False,571_L,1.1724115779689381,,
fused,unknown_cal,1060_L,13,False,571_L,0.7806641483196793,,
fused,unknown_cal,1060_L,14,False,571_L,1.1355698804128498,,
fused,unknown_cal,1060_L,15,False,1528_L,0.9700920601292345,,
fused,unknown_cal,1060_R,1,False,13_R,1.6480337765289257,,
fused,unknown_cal,1060_R,2,False,13_R,1.6692290478399756,,
fused,unknown_cal,1060_R,3,False,13_R,1.6892581089341876,,
fused,unknown_cal,1060_R,4,False,13_R,1.4427860185217871,,
fused,unknown_cal,1060_R,5,False,13_R,1.539879799206462,,
fused,unknown_cal,1060_R,6,False,13_R,1.330936976559472,,
fused,unknown_cal,1060_R,7,False,571_R,1.361048366160872,,
fused,unknown_cal,1060_R,8,False,571_R,1.702496419453634,,
fused,unknown_cal,1060_R,9,False,571_R,1.1346937327931932,,
fused,unknown_cal,1060_R,10,False,13_R,1.255974375991449,,
fused,unknown_cal,1060_R,11,False,13_R,1.0461446122685716,,
fused,unknown_cal,1060_R,12,False,571_R,1.0092714505362579,,
fused,unknown_cal,1060_R,13,False,571_R,1.106818785534558,,
fused,unknown_cal,1060_R,14,False,571_R,1.2736836833712286,,
fused,unknown_cal,1060_R,15,False,571_R,1.2567183487762006,,
fused,unknown_cal,1060_R,16,False,559_R,1.354128758416563,,
fused,unknown_cal,1060_R,17,False,571_R,1.2995622728400782,,
fused,unknown_cal,1067_L,1,False,1571_L,1.2238237237096525,,
fused,unknown_cal,1067_L,2,False,1571_L,1.180716392228669,,
fused,unknown_cal,1067_L,3,False,1571_L,1.2723160459845941,,
fused,unknown_cal,1067_L,4,False,1571_L,1.3482634590482945,,
fused,unknown_cal,1067_L,5,False,576_L,1.3470980652593507,,
fused,unknown_cal,1067_L,6,False,576_L,1.35143344488778,,
fused,unknown_cal,1067_L,7,False,1571_L,1.173083649843683,,
fused,unknown_cal,1067_L,8,False,1571_L,1.5307562741054588,,
fused,unknown_cal,1067_L,9,False,1571_L,1.317368125869954,,
fused,unknown_cal,1067_L,10,False,1571_L,1.365800275823423,,
fused,unknown_cal,1067_L,11,False,1571_L,1.2938140373452376,,
fused,unknown_cal,1067_L,12,False,1571_L,1.0277679485745075,,
fused,unknown_cal,1067_L,13,False,1571_L,1.6123376629205035,,
fused,unknown_cal,1067_L,14,False,1571_L,1.5256595577931251,,
fused,unknown_cal,1067_L,15,False,576_L,1.4926162605137905,,
fused,unknown_cal,1067_L,16,False,576_L,1.2583786031261488,,
fused,unknown_cal,1067_L,17,False,576_L,1.459628671849246,,
fused,unknown_cal,1067_R,1,False,576_R,0.9007629794710016,,
fused,unknown_cal,1067_R,2,False,1510_R,0.5442235501446275,,
fused,unknown_cal,1067_R,3,False,1571_R,0.7181618557432391,,
fused,unknown_cal,1067_R,4,False,1571_R,1.3253319584487566,,
fused,unknown_cal,1067_R,5,False,1571_R,1.3639685491961957,,
fused,unknown_cal,1067_R,6,False,1571_R,1.0358728098333034,,
fused,unknown_cal,1067_R,7,False,1571_R,1.307729548609717,,
fused,unknown_cal,1067_R,8,False,1571_R,0.936441142453778,,
fused,unknown_cal,1067_R,9,False,1571_R,1.0059983567810027,,
fused,unknown_cal,1067_R,10,False,1571_R,1.24861157671741,,
fused,unknown_cal,1067_R,11,False,1571_R,0.9602180833170852,,
fused,unknown_cal,1067_R,12,False,1571_R,1.1271096352061698,,
fused,unknown_cal,1067_R,13,False,1510_R,1.23656180130621,,
fused,unknown_cal,11_L,1,False,1528_L,1.8444511136420456,,
fused,unknown_cal,11_L,2,False,1069_L,1.556746727250834,,
fused,unknown_cal,11_L,3,False,86_L,1.1973428912659019,,
fused,unknown_cal,11_L,4,False,1022_L,1.6146289914064083,,
fused,unknown_cal,11_L,5,False,1023_L,1.6639455697628482,,
fused,unknown_cal,11_L,6,False,86_L,1.550846689966344,,
fused,unknown_cal,11_L,7,False,86_L,1.7793346934946817,,
fused,unknown_cal,11_L,8,False,1069_L,1.6280113650194163,,
fused,unknown_cal,11_R,1,False,559_R,1.707993604347883,,
fused,unknown_cal,11_R,2,False,1069_R,1.803777995487511,,
fused,unknown_cal,11_R,3,False,559_R,1.5608128972357957,,
fused,unknown_cal,11_R,4,False,559_R,1.8058858847320818,,
fused,unknown_cal,11_R,5,False,559_R,1.5418095890095338,,
fused,unknown_cal,1540_L,1,False,559_L,0.7484414872887195,,
fused,unknown_cal,1540_L,2,False,571_L,1.1031171264058777,,
fused,unknown_cal,1540_L,3,False,571_L,0.8269563585711679,,
fused,unknown_cal,1540_L,4,False,1042_L,0.837025635405574,,
fused,unknown_cal,1540_L,5,False,571_L,0.7640664584013422,,
fused,unknown_cal,1540_L,6,False,1528_L,0.8632602066130883,,
fused,unknown_cal,1540_L,7,False,1042_L,1.224754245203774,,
fused,unknown_cal,1540_L,8,False,1528_L,0.8944763570483996,,
fused,unknown_cal,1540_L,9,False,571_L,0.9564484522678709,,
fused,unknown_cal,1540_L,10,False,1023_L,1.1632563999002128,,
fused,unknown_cal,1540_L,11,False,1023_L,1.287125733078194,,
fused,unknown_cal,1540_L,12,False,1023_L,1.4667379551644113,,
fused,unknown_cal,1540_L,13,False,1023_L,1.3483689269078627,,
fused,unknown_cal,1540_L,14,False,1023_L,1.0710541202072903,,
fused,unknown_cal,1540_L,15,False,1023_L,1.1630198919090744,,
fused,unknown_cal,1540_L,16,False,1023_L,1.070631097209722,,
fused,unknown_cal,1540_L,17,False,559_L,0.7855221212895411,,
fused,unknown_cal,1540_L,18,False,1042_L,1.1569149716467995,,
fused,unknown_cal,1540_L,19,False,559_L,0.9073404601798718,,
fused,unknown_cal,1540_L,20,False,1042_L,0.7805292542261213,,
fused,unknown_cal,1540_L,21,False,1592_L,0.5685575274742997,,
fused,unknown_cal,1540_L,22,False,1042_L,1.0034929239491812,,
fused,unknown_cal,1540_R,1,False,571_R,1.2776760373012845,,
fused,unknown_cal,1540_R,2,False,1042_R,1.0858628196162705,,
fused,unknown_cal,1540_R,3,False,1042_R,1.350707367263348,,
fused,unknown_cal,1540_R,4,False,1042_R,1.240026417008111,,
fused,unknown_cal,1540_R,5,False,1042_R,1.4853404211969519,,
fused,unknown_cal,1540_R,6,False,1042_R,1.6045604272064469,,
fused,unknown_cal,1540_R,7,False,1042_R,1.4849571567468696,,
fused,unknown_cal,1540_R,8,False,1042_R,1.7516721224137082,,
fused,unknown_cal,1540_R,9,False,1042_R,1.6971814107768597,,
fused,unknown_cal,1540_R,10,False,1042_R,1.5447207838012935,,
fused,unknown_cal,1540_R,11,False,1042_R,1.7165237147666965,,
fused,unknown_cal,1540_R,12,False,1042_R,2.1101867082268244,,
fused,unknown_cal,1540_R,13,False,1042_R,1.847160878875762,,
fused,unknown_cal,1540_R,14,False,1042_R,2.084397480690661,,
fused,unknown_cal,1540_R,15,False,1042_R,1.992575923388772,,
fused,unknown_cal,1540_R,16,False,1042_R,1.9968589426652636,,
fused,unknown_cal,1540_R,17,False,1042_R,2.2781656578431058,,
fused,unknown_cal,1540_R,18,False,1042_R,1.4316895263468126,,
fused,unknown_cal,1540_R,19,False,1042_R,1.9566711546626532,,
fused,unknown_cal,1540_R,20,False,1042_R,2.0480924272385783,,
fused,unknown_cal,1540_R,21,False,1042_R,1.7555488519014337,,
fused,unknown_cal,1540_R,22,False,1042_R,1.5256801600275813,,
fused,unknown_cal,1540_R,23,False,1042_R,1.9946698825180058,,
fused,unknown_cal,1540_R,24,False,1042_R,1.7493601845616955,,
fused,unknown_cal,1540_R,25,False,1042_R,1.9819663226164734,,
fused,unknown_cal,1540_R,26,False,1042_R,2.003406127714058,,
fused,unknown_cal,1540_R,27,False,1042_R,1.9499185212570391,,
fused,unknown_cal,1540_R,28,False,1042_R,1.2571379591875305,,
fused,unknown_cal,1546_R,1,False,576_R,1.2795836877441744,,
fused,unknown_cal,1546_R,2,False,576_R,1.3049267812306111,,
fused,unknown_cal,1546_R,3,False,576_R,1.3132953759300845,,
fused,unknown_cal,1546_R,4,False,1026_R,1.356644304861883,,
fused,unknown_cal,1546_R,5,False,576_R,1.8383630137188667,,
fused,unknown_cal,1546_R,6,False,576_R,1.7282899037261794,,
fused,unknown_cal,1546_R,7,False,576_R,1.6235856564935742,,
fused,unknown_cal,1546_R,8,False,576_R,2.0318135273107716,,
fused,unknown_cal,1546_R,9,False,576_R,1.7927185528760394,,
fused,unknown_cal,1546_R,10,False,576_R,1.4553739805810735,,
fused,unknown_cal,1556_L,1,False,1510_L,0.4532725926121024,,
fused,unknown_cal,1556_L,2,False,576_L,0.7373589042019237,,
fused,unknown_cal,1556_L,3,False,576_L,0.8931312160257038,,
fused,unknown_cal,1556_L,4,False,576_L,0.7973403775020941,,
fused,unknown_cal,1556_L,5,False,576_L,1.2433900683586172,,
fused,unknown_cal,1556_L,6,False,576_L,0.9069714448705293,,
fused,unknown_cal,1556_L,7,False,576_L,0.9746592340361462,,
fused,unknown_cal,1556_L,8,False,1022_L,0.485032294329496,,
fused,unknown_cal,1556_L,9,False,576_L,0.7496583371536651,,
fused,unknown_cal,1556_L,10,False,576_L,0.8395759383035156,,
fused,unknown_cal,1556_L,11,False,576_L,0.9692008565943913,,
fused,unknown_cal,1556_L,12,False,576_L,1.0711607429522434,,
fused,unknown_cal,1556_L,13,False,576_L,1.4870604409093529,,
fused,unknown_cal,1556_L,14,False,576_L,1.3190475227495626,,
fused,unknown_cal,1556_L,15,False,576_L,1.457210806946487,,
fused,unknown_cal,1556_L,16,False,576_L,1.1876413640791652,,
fused,unknown_cal,1556_L,17,False,1571_L,1.1307218519347175,,
fused,unknown_cal,1556_L,18,False,576_L,0.9582450667428595,,
fused,unknown_cal,1556_L,19,False,576_L,1.2282075534594843,,
fused,unknown_cal,1556_L,20,False,576_L,0.9567118606735435,,
fused,unknown_cal,1556_L,21,False,1571_L,0.6714060039110978,,
fused,unknown_cal,1556_L,22,False,576_L,1.0054527478256836,,
fused,unknown_cal,1556_L,23,False,576_L,1.3327940726615886,,
fused,unknown_cal,1556_R,1,False,576_R,1.2998274747130365,,
fused,unknown_cal,1556_R,2,False,1510_R,1.2076705601897588,,
fused,unknown_cal,1556_R,3,False,1510_R,1.5165070311690085,,
fused,unknown_cal,1556_R,4,False,576_R,1.4799448870181797,,
fused,unknown_cal,1556_R,5,False,576_R,1.5574595783670404,,
fused,unknown_cal,1556_R,6,False,576_R,1.3308125842254817,,
fused,unknown_cal,1556_R,7,False,576_R,1.586004810125447,,
fused,unknown_cal,1556_R,8,False,576_R,1.4666720685354082,,
fused,unknown_cal,1556_R,9,False,576_R,1.3945951295337826,,
fused,unknown_cal,1556_R,10,False,576_R,1.5332249035141237,,
fused,unknown_cal,1556_R,11,False,576_R,1.489875083869474,,
fused,unknown_cal,1556_R,12,False,576_R,1.5053408091408538,,
fused,unknown_cal,1556_R,13,False,576_R,1.4986747842215569,,
fused,unknown_cal,1556_R,14,False,576_R,1.3458852135256427,,
fused,unknown_cal,1559_L,1,False,1074_L,1.405915326998056,,
fused,unknown_cal,1559_L,2,False,1074_L,1.6114782371956928,,
fused,unknown_cal,1559_L,3,False,1023_L,1.627806180425618,,
fused,unknown_cal,1559_L,4,False,1074_L,1.705860911359839,,
fused,unknown_cal,1559_L,5,False,1074_L,1.5983693329502304,,
fused,unknown_cal,1559_L,6,False,1042_L,1.167370314283576,,
fused,unknown_cal,1559_L,7,False,1042_L,1.3869781965851826,,
fused,unknown_cal,1559_L,8,False,1042_L,1.497674963364243,,
fused,unknown_cal,1559_L,9,False,1093_L,0.7968262323164177,,
fused,unknown_cal,1559_L,10,False,1074_L,1.419412996575022,,
fused,unknown_cal,1559_L,11,False,1074_L,1.4473452766727277,,
fused,unknown_cal,1559_L,12,False,1528_L,1.2721165175009537,,
fused,unknown_cal,1559_L,13,False,1042_L,0.8616708467738635,,
fused,unknown_cal,1559_L,14,False,1074_L,1.1835128601802902,,
fused,unknown_cal,1559_L,15,False,1042_L,1.5272265955102668,,
fused,unknown_cal,1559_L,16,False,1042_L,1.2806892415154438,,
fused,unknown_cal,1559_L,17,False,1042_L,0.9636509282234964,,
fused,unknown_cal,1559_L,18,False,1074_L,1.3648028796891274,,
fused,unknown_cal,1559_L,19,False,1074_L,1.1979547765835792,,
fused,unknown_cal,1559_L,20,False,1042_L,1.6196978672416487,,
fused,unknown_cal,1559_R,1,False,1528_R,1.3067233864968508,,
fused,unknown_cal,1559_R,2,False,559_R,1.4033519888657113,,
fused,unknown_cal,1559_R,3,False,559_R,1.109606062984204,,
fused,unknown_cal,1559_R,4,False,559_R,1.6577082735244812,,
fused,unknown_cal,1559_R,5,False,559_R,1.730175132494281,,
fused,unknown_cal,1559_R,6,False,1093_R,0.8840416201763498,,
fused,unknown_cal,1559_R,7,False,1042_R,1.2609922087857184,,
fused,unknown_cal,1559_R,8,False,559_R,0.6794287628348732,,
fused,unknown_cal,1559_R,9,False,13_R,1.150577774060488,,
fused,unknown_cal,1559_R,10,False,1528_R,1.075310868408975,,
fused,unknown_cal,1559_R,11,False,1592_R,1.1464368744515794,,
fused,unknown_cal,1559_R,12,False,1528_R,0.9640462322874194,,
fused,unknown_cal,1559_R,13,False,1528_R,0.9334818978611334,,
fused,unknown_cal,1559_R,14,False,1528_R,1.160107150255502,,
fused,unknown_cal,3000000_L,1,False,1510_L,1.7754500082045548,,
fused,unknown_cal,3000000_L,2,False,1510_L,1.4847124927036508,,
fused,unknown_cal,3000000_L,3,False,1510_L,1.3747007983978532,,
fused,unknown_cal,3000000_L,4,False,1510_L,1.1633159154724868,,
fused,unknown_cal,3000000_L,5,False,1026_L,1.5023343703512688,,
fused,unknown_cal,3000000_L,6,False,1510_L,1.7330853327486877,,
fused,unknown_cal,3000000_L,7,False,1510_L,1.445960015379899,,
fused,unknown_cal,3000000_L,8,False,1093_L,1.5074468793530968,,
fused,unknown_cal,3000000_L,9,False,1093_L,1.4346248472792513,,
fused,unknown_cal,3000000_L,10,False,1093_L,1.4984793277688673,,
fused,unknown_cal,3000000_L,11,False,1093_L,1.3744935122207331,,
fused,unknown_cal,3000000_L,12,False,1093_L,1.3712775368071197,,
fused,unknown_cal,3000000_L,13,False,1093_L,1.7234481043588654,,
fused,unknown_cal,3000000_R,1,False,1093_R,1.2215552435552557,,
fused,unknown_cal,3000000_R,2,False,1093_R,2.115325304673185,,
fused,unknown_cal,3000000_R,3,False,1093_R,1.4624068584267529,,
fused,unknown_cal,3000000_R,4,False,1093_R,1.3947439916588544,,
fused,unknown_cal,3000000_R,5,False,1093_R,1.3487094704236178,,
fused,unknown_cal,55_L,1,False,13_L,2.060983715086486,,
fused,unknown_cal,55_L,2,False,13_L,2.298623240475122,,
fused,unknown_cal,55_L,3,False,13_L,1.6823155352854084,,
fused,unknown_cal,55_L,4,False,1074_L,1.6157031525830678,,
fused,unknown_cal,55_L,5,False,13_L,1.8987348010475609,,
fused,unknown_cal,55_L,6,False,1592_L,1.3498763244438003,,
fused,unknown_cal,55_L,7,False,1592_L,1.5227857522305133,,
fused,unknown_cal,55_L,8,False,1074_L,2.080117455136686,,
fused,unknown_cal,55_L,9,False,1074_L,2.225085891995219,,
fused,unknown_cal,55_L,10,False,1074_L,2.0787424598638418,,
fused,unknown_cal,55_L,11,False,13_L,1.128322624247542,,
fused,unknown_cal,55_L,12,False,559_L,1.2447754694770643,,
fused,unknown_cal,55_L,13,False,13_L,1.49064644253334,,
fused,unknown_cal,55_L,14,False,1069_L,1.0484638181666996,,
fused,unknown_cal,55_L,15,False,1069_L,0.9066460711836889,,
fused,unknown_cal,55_L,16,False,1592_L,0.9976983829652338,,
fused,unknown_cal,55_L,17,False,1592_L,1.0359950278339645,,
fused,unknown_cal,55_L,18,False,86_L,0.7603828734347412,,
fused,unknown_cal,55_L,19,False,86_L,1.0379374188191828,,
fused,unknown_cal,55_L,20,False,86_L,1.2548686098455788,,
fused,unknown_cal,55_L,21,False,1510_L,0.844306431285357,,
fused,unknown_cal,55_L,22,False,1510_L,0.9572904333694248,,
fused,unknown_cal,55_L,23,False,1510_L,1.2724189231591723,,
fused,unknown_cal,55_L,24,False,1510_L,1.3859114349994108,,
fused,unknown_cal,55_R,1,False,13_R,2.0453873081239142,,
fused,unknown_cal,55_R,2,False,13_R,1.698325372807509,,
fused,unknown_cal,55_R,3,False,13_R,1.8879976619682393,,
fused,unknown_cal,55_R,4,False,13_R,1.6590615940705318,,
fused,unknown_cal,55_R,5,False,1023_R,1.033840380465742,,
fused,unknown_cal,55_R,6,False,1023_R,0.710033266244107,,
fused,unknown_cal,55_R,7,False,1023_R,1.1037550997653,,
fused,unknown_cal,55_R,8,False,1023_R,0.9455852562414669,,
fused,unknown_cal,55_R,9,False,1026_R,0.3921677547221345,,
fused,unknown_cal,55_R,10,False,1023_R,0.642554802378366,,
fused,unknown_cal,55_R,11,False,1023_R,0.8293578698823103,,
fused,unknown_cal,55_R,12,False,1022_R,0.4553345430037445,,
fused,unknown_cal,55_R,13,False,1510_R,0.49492541209810814,,
fused,unknown_cal,55_R,14,False,1042_R,0.5913022740707402,,
fused,unknown_cal,55_R,15,False,1022_R,0.8434320743808709,,
fused,unknown_cal,55_R,16,False,1023_R,0.8735043409886091,,
fused,unknown_cal,55_R,17,False,1023_R,0.8101074898150119,,
fused,unknown_cal,55_R,18,False,1510_R,0.7434872767342589,,
fused,unknown_cal,55_R,19,False,1023_R,0.6966152563219303,,
fused,unknown_cal,552_L,1,False,1026_L,1.0870274490305563,,
fused,unknown_cal,552_L,2,False,1026_L,1.1215055837904817,,
fused,unknown_cal,552_L,3,False,1026_L,0.9676352502605634,,
fused,unknown_cal,552_L,4,False,1510_L,0.6282821818676523,,
fused,unknown_cal,552_L,5,False,1069_L,0.6340405684508454,,
fused,unknown_cal,552_L,6,False,1069_L,0.7081030067517176,,
fused,unknown_cal,552_L,7,False,1069_L,0.6590344718828836,,
fused,unknown_cal,552_L,8,False,1069_L,0.4915451416079374,,
fused,unknown_cal,552_L,9,False,1069_L,1.0259177478043133,,
fused,unknown_cal,552_L,10,False,1069_L,0.9298202344612662,,
fused,unknown_cal,552_L,11,False,576_L,0.3981247081362536,,
fused,unknown_cal,552_L,12,False,1069_L,0.4453617791716924,,
fused,unknown_cal,552_L,13,False,1069_L,0.6614066269462193,,
fused,unknown_cal,552_L,14,False,576_L,0.4280551910381276,,
fused,unknown_cal,552_L,15,False,1026_L,0.5690996115616795,,
fused,unknown_cal,552_R,1,False,576_R,0.579305212571725,,
fused,unknown_cal,552_R,2,False,576_R,0.638396817326045,,
fused,unknown_cal,552_R,3,False,1069_R,0.5594625372341063,,
fused,unknown_cal,552_R,4,False,576_R,0.7502552016724022,,
fused,unknown_cal,552_R,5,False,1069_R,0.5059399502308083,,
fused,unknown_cal,552_R,6,False,1026_R,0.4866871601100077,,
fused,unknown_cal,552_R,7,False,1528_R,0.35445937416772433,,
fused,unknown_cal,552_R,8,False,1528_R,0.537588546102409,,
fused,unknown_cal,552_R,9,False,1026_R,0.7033618959536638,,
fused,unknown_cal,552_R,10,False,1026_R,0.5268687595364061,,
fused,unknown_cal,552_R,11,False,1510_R,0.441438663726451,,
fused,unknown_cal,552_R,12,False,1022_R,0.19345901080136388,,
fused,unknown_cal,552_R,13,False,571_R,0.15163834115867392,,
fused,unknown_cal,552_R,14,False,1026_R,0.4379572799103188,,
fused,unknown_cal,552_R,15,False,576_R,0.5674648138591804,,
fused,unknown_cal,552_R,16,False,1026_R,0.21762341439289373,,
fused,unknown_cal,552_R,17,False,1510_R,0.7388388132103716,,
fused,unknown_cal,552_R,18,False,1022_R,0.7139560099541895,,
fused,unknown_cal,552_R,19,False,1510_R,0.5271977494839324,,
fused,unknown_cal,66_L,1,False,1510_L,0.8888853685772173,,
fused,unknown_cal,66_L,2,False,571_L,1.4444241378156826,,
fused,unknown_cal,66_L,3,False,571_L,1.682614445694251,,
fused,unknown_cal,66_L,4,False,571_L,1.168883757782068,,
fused,unknown_cal,66_L,5,False,571_L,1.5811166303078183,,
fused,unknown_cal,66_L,6,False,571_L,1.410678191810185,,
fused,unknown_cal,66_L,7,False,571_L,1.4895687568747162,,
fused,unknown_cal,66_L,8,False,559_L,1.452830377714001,,
fused,unknown_cal,66_L,9,False,571_L,1.709162157900447,,
fused,unknown_cal,66_L,10,False,571_L,1.4510493678054668,,
fused,unknown_cal,66_L,11,False,571_L,1.3456287069268773,,
fused,unknown_cal,66_R,1,False,559_R,0.7089540481714671,,
fused,unknown_cal,66_R,2,False,571_R,0.46419074139186406,,
fused,unknown_cal,66_R,3,False,1510_R,0.6184980832306044,,
fused,unknown_cal,66_R,4,False,571_R,0.6785873133122274,,
fused,unknown_cal,66_R,5,False,571_R,1.3706886646507628,,
fused,unknown_cal,66_R,6,False,571_R,0.9636948055245645,,
fused,unknown_cal,66_R,7,False,571_R,0.8055872695642412,,
fused,unknown_cal,66_R,8,False,559_R,1.109294013956601,,
fused,unknown_cal,66_R,9,False,559_R,1.259746401688657,,
fused,unknown_cal,66_R,10,False,559_R,1.0166098063046198,,
fused,unknown_cal,8000000_L,1,False,571_L,1.5235755467694734,,
fused,unknown_cal,8000000_L,2,False,1513_L,1.5782396233446365,,
fused,unknown_cal,8000000_L,3,False,1513_L,1.1757062506485239,,
fused,unknown_cal,8000000_L,4,False,543_L,0.9195271886174863,,
fused,unknown_cal,8000000_L,5,False,571_L,1.281069449594011,,
fused,unknown_cal,8000000_L,6,False,1513_L,1.4292714952566299,,
fused,unknown_cal,8000000_L,7,False,1513_L,1.4903916574611498,,
fused,unknown_cal,8000000_L,8,False,1516_L,1.1633520125580255,,
fused,unknown_cal,8000000_L,9,False,571_L,1.3665881228808607,,
fused,unknown_cal,8000000_L,10,False,571_L,1.0260307468951249,,
fused,unknown_cal,8000000_L,11,False,1528_L,1.2630527684699424,,
fused,unknown_cal,8000000_L,12,False,1042_L,1.2901536932746196,,
fused,unknown_cal,8000000_L,13,False,1513_L,0.7644800798871313,,
fused,unknown_cal,8000000_L,14,False,571_L,0.8182939579675333,,
fused,unknown_cal,8000000_R,1,False,571_R,1.6591087273690082,,
fused,unknown_cal,8000000_R,2,False,571_R,1.4565676312467402,,
fused,unknown_cal,8000000_R,3,False,571_R,1.2306674044900656,,
fused,unknown_cal,8000000_R,4,False,1028_R,0.9922099623394837,,
fused,unknown_cal,8000000_R,5,False,1028_R,1.1801200651909574,,
fused,unknown_cal,8000000_R,6,False,571_R,1.017160264514771,,
fused,unknown_cal,8000000_R,7,False,1513_R,1.0953895145087986,,
fused,unknown_cal,8000000_R,8,False,1513_R,1.191477424145118,,
fused,unknown_cal,8000000_R,9,False,1513_R,1.273724399586614,,
fused,unknown_test,1005_L,1,False,559_L,1.2970264680517412,,
fused,unknown_test,1005_L,2,False,559_L,1.4347402075226476,,
fused,unknown_test,1005_L,3,False,559_L,1.1988894416451534,,
fused,unknown_test,1005_L,4,False,559_L,1.3884875160339907,,
fused,unknown_test,1005_L,5,False,559_L,1.3846978956642009,,
fused,unknown_test,1005_L,6,False,559_L,1.375017312119121,,
fused,unknown_test,1005_L,7,False,559_L,1.0883701614194468,,
fused,unknown_test,1005_L,8,False,559_L,1.2591807505103572,,
fused,unknown_test,1005_L,9,False,559_L,1.148773334352127,,
fused,unknown_test,1005_L,10,False,559_L,1.5255979003724947,,
fused,unknown_test,1005_L,11,False,559_L,1.42897359486307,,
fused,unknown_test,1005_R,1,False,559_R,1.349021821105247,,
fused,unknown_test,1005_R,2,False,559_R,0.9086034662236909,,
fused,unknown_test,1005_R,3,False,559_R,1.4390630067949148,,
fused,unknown_test,1005_R,4,False,559_R,1.5468240935795072,,
fused,unknown_test,1005_R,5,False,559_R,1.4894786208874222,,
fused,unknown_test,1005_R,6,False,571_R,1.455977276397185,,
fused,unknown_test,1005_R,7,False,571_R,1.348114227657087,,
fused,unknown_test,1005_R,8,False,571_R,1.308362244090989,,
fused,unknown_test,1005_R,9,False,559_R,1.1944764326959034,,
fused,unknown_test,1005_R,10,False,559_R,1.608974173805874,,
fused,unknown_test,1005_R,11,False,571_R,1.5264375441736058,,
fused,unknown_test,1005_R,12,False,559_R,1.4694841549347768,,
fused,unknown_test,1013_L,1,False,1513_L,0.9459545456965629,,
fused,unknown_test,1013_L,2,False,1513_L,0.9108705478681132,,
fused,unknown_test,1013_L,3,False,1022_L,0.9080679430688074,,
fused,unknown_test,1013_L,4,False,1513_L,1.085219473715743,,
fused,unknown_test,1013_L,5,False,1042_L,0.8636382190730908,,
fused,unknown_test,1013_L,6,False,1028_L,0.6680260838796162,,
fused,unknown_test,1013_L,7,False,1028_L,1.169801143465058,,
fused,unknown_test,1013_L,8,False,1028_L,0.8500027167430313,,
fused,unknown_test,1013_L,9,False,1513_L,0.9530592965196587,,
fused,unknown_test,1013_L,10,False,1513_L,0.7698900896668439,,
fused,unknown_test,1013_L,11,False,1513_L,1.1066418730463943,,
fused,unknown_test,1013_L,12,False,1513_L,0.8785236064303276,,
fused,unknown_test,1013_L,13,False,1513_L,1.1913185936128392,,
fused,unknown_test,1013_L,14,False,1513_L,0.9502765013242421,,
fused,unknown_test,1013_L,15,False,1513_L,0.9509774602892976,,
fused,unknown_test,1013_L,16,False,1513_L,1.1279891998627192,,
fused,unknown_test,1013_L,17,False,1513_L,0.6436346797155348,,
fused,unknown_test,1013_R,1,False,86_R,1.3655056440035436,,
fused,unknown_test,1013_R,2,False,1516_R,1.163546343589166,,
fused,unknown_test,1013_R,3,False,1513_R,1.208675669656227,,
fused,unknown_test,1013_R,4,False,1513_R,1.2016336984790734,,
fused,unknown_test,1013_R,5,False,86_R,1.0680626926498715,,
fused,unknown_test,1013_R,6,False,1516_R,0.9193889779437867,,
fused,unknown_test,1013_R,7,False,86_R,1.0388401253529262,,
fused,unknown_test,1013_R,8,False,86_R,0.9975518387932696,,
fused,unknown_test,1013_R,9,False,1513_R,1.1685217544755193,,
fused,unknown_test,1013_R,10,False,1513_R,1.5119428275243816,,
fused,unknown_test,1013_R,11,False,1513_R,1.5568238268474768,,
fused,unknown_test,1013_R,12,False,1513_R,1.3506303494918024,,
fused,unknown_test,1013_R,13,False,1513_R,1.41953041161071,,
fused,unknown_test,1013_R,14,False,1516_R,1.8237106536950578,,
fused,unknown_test,1013_R,15,False,1516_R,1.5438126831066667,,
fused,unknown_test,1013_R,16,False,1069_R,0.6959115175674025,,
fused,unknown_test,1013_R,17,False,1513_R,0.8409475262624679,,
fused,unknown_test,1013_R,18,False,1069_R,0.8449325222390344,,
fused,unknown_test,1013_R,19,False,1069_R,1.2321261982027867,,
fused,unknown_test,1013_R,20,False,1069_R,0.8300637209263368,,
fused,unknown_test,1013_R,21,False,1069_R,1.044184031612856,,
fused,unknown_test,1013_R,22,False,1069_R,0.9979352296065271,,
fused,unknown_test,1013_R,23,False,1513_R,0.8729650118888506,,
fused,unknown_test,1034_L,1,False,1023_L,1.7394883588329422,,
fused,unknown_test,1034_L,2,False,1023_L,1.8387721671217467,,
fused,unknown_test,1034_L,3,False,1023_L,1.8902324074779286,,
fused,unknown_test,1034_L,4,False,1023_L,1.712896911405264,,
fused,unknown_test,1034_L,5,False,1023_L,1.58835016509732,,
fused,unknown_test,1034_L,6,False,1023_L,1.4808889219409578,,
fused,unknown_test,1034_L,7,False,1023_L,1.8794692047695867,,
fused,unknown_test,1034_L,8,False,1023_L,1.940225197208919,,
fused,unknown_test,1034_L,9,False,1023_L,2.049215657786327,,
fused,unknown_test,1034_L,10,False,1023_L,1.6414769806013703,,
fused,unknown_test,1034_L,11,False,1023_L,2.0224327039216905,,
fused,unknown_test,1034_L,12,False,1023_L,1.9904201112982358,,
fused,unknown_test,1034_L,13,False,1023_L,2.0805214310318716,,
fused,unknown_test,1034_L,14,False,1023_L,2.1612332971570782,,
fused,unknown_test,1034_L,15,False,1023_L,1.945937495612365,,
fused,unknown_test,1034_L,16,False,1023_L,1.692880847427558,,
fused,unknown_test,1034_L,17,False,1023_L,1.6825671362141588,,
fused,unknown_test,1034_L,18,False,1023_L,1.8149313270156786,,
fused,unknown_test,1034_L,19,False,1023_L,1.5161274947396333,,
fused,unknown_test,1034_L,20,False,1023_L,1.8493226437049288,,
fused,unknown_test,1034_L,21,False,1023_L,1.940065210851226,,
fused,unknown_test,1034_L,22,False,1023_L,1.7033772811519277,,
fused,unknown_test,1034_L,23,False,1023_L,1.6813118148847135,,
fused,unknown_test,1034_R,1,False,1023_R,1.061762609309377,,
fused,unknown_test,1034_R,2,False,1023_R,0.9642113486212921,,
fused,unknown_test,1034_R,3,False,1528_R,1.0548117914683708,,
fused,unknown_test,1034_R,4,False,1023_R,1.5188131039071413,,
fused,unknown_test,1034_R,5,False,1528_R,1.3489423058404861,,
fused,unknown_test,1034_R,6,False,1023_R,1.3517576353255312,,
fused,unknown_test,1034_R,7,False,1023_R,1.280844576172211,,
fused,unknown_test,1034_R,8,False,1023_R,1.601282042423732,,
fused,unknown_test,1034_R,9,False,1023_R,1.4453739692061045,,
fused,unknown_test,1034_R,10,False,1023_R,1.278562762924671,,
fused,unknown_test,1034_R,11,False,1528_R,1.558266004166207,,
fused,unknown_test,1034_R,12,False,1528_R,1.68380859579557,,
fused,unknown_test,1034_R,13,False,1023_R,1.6057645791596258,,
fused,unknown_test,1034_R,14,False,1528_R,1.5885137885586331,,
fused,unknown_test,1034_R,15,False,1528_R,1.3999450175940442,,
fused,unknown_test,1034_R,16,False,1023_R,1.4879715145838854,,
fused,unknown_test,1034_R,17,False,1528_R,1.4375672281313032,,
fused,unknown_test,1034_R,18,False,1528_R,1.5631525471922216,,
fused,unknown_test,1034_R,19,False,1528_R,1.503039831398688,,
fused,unknown_test,1034_R,20,False,1528_R,1.7274547767131847,,
fused,unknown_test,1034_R,21,False,1528_R,1.621756808725822,,
fused,unknown_test,1041_L,1,False,1571_L,1.0470749680753733,,
fused,unknown_test,1041_L,2,False,1028_L,0.8743762333536621,,
fused,unknown_test,1041_L,3,False,1571_L,1.0768096646670724,,
fused,unknown_test,1041_L,4,False,1571_L,1.0533872455089488,,
fused,unknown_test,1041_L,5,False,1571_L,0.9294824369626138,,
fused,unknown_test,1041_L,6,False,1028_L,0.7288193688936662,,
fused,unknown_test,1041_L,7,False,1028_L,0.5323326048834796,,
fused,unknown_test,1041_L,8,False,1571_L,0.9692995206767308,,
fused,unknown_test,1041_R,1,False,576_R,0.9230078653874452,,
fused,unknown_test,1041_R,2,False,1022_R,0.4296597543265504,,
fused,unknown_test,1041_R,3,False,576_R,0.5394613301215497,,
fused,unknown_test,1041_R,4,False,1516_R,0.5524027080406735,,
fused,unknown_test,1041_R,5,False,576_R,0.6766257832018167,,
fused,unknown_test,1041_R,6,False,86_R,0.8251092630301671,,
fused,unknown_test,1041_R,7,False,86_R,0.7004898247730404,,
fused,unknown_test,1041_R,8,False,1028_R,0.5064019123255367,,
fused,unknown_test,1041_R,9,False,86_R,0.7881554385554784,,
fused,unknown_test,1041_R,10,False,86_R,0.7950905955545107,,
fused,unknown_test,1041_R,11,False,576_R,0.6977892278504483,,
fused,unknown_test,1041_R,12,False,1571_R,0.42185172846958247,,
fused,unknown_test,1041_R,13,False,1022_R,0.3614270856766041,,
fused,unknown_test,1041_R,14,False,1042_R,0.37068040918544054,,
fused,unknown_test,1052_L,1,False,1026_L,0.661014021095351,,
fused,unknown_test,1052_L,2,False,1028_L,0.4785876080804691,,
fused,unknown_test,1052_L,3,False,1028_L,0.4871237535905985,,
fused,unknown_test,1052_L,4,False,1028_L,0.6206039145699903,,
fused,unknown_test,1052_L,5,False,1028_L,0.7573034735087703,,
fused,unknown_test,1052_L,6,False,1028_L,0.7187623178684351,,
fused,unknown_test,1052_L,7,False,1026_L,0.31815602987143565,,
fused,unknown_test,1052_L,8,False,1028_L,0.6114880150423734,,
fused,unknown_test,1052_L,9,False,1028_L,0.5639894538575971,,
fused,unknown_test,1052_L,10,False,1028_L,0.6337876506288994,,
fused,unknown_test,1052_L,11,False,1026_L,0.637354173786951,,
fused,unknown_test,1052_L,12,False,1028_L,0.7231127404077982,,
fused,unknown_test,1052_L,13,False,1028_L,0.6376912138756765,,
fused,unknown_test,1052_L,14,False,1028_L,0.9231101368383272,,
fused,unknown_test,1052_L,15,False,1028_L,0.8169016408688259,,
fused,unknown_test,1052_L,16,False,1028_L,0.8413580993185718,,
fused,unknown_test,1052_R,1,False,1510_R,0.8185853082739025,,
fused,unknown_test,1052_R,2,False,1510_R,1.357172980036008,,
fused,unknown_test,1052_R,3,False,1510_R,0.5111661746857421,,
fused,unknown_test,1052_R,4,False,1510_R,0.9770991886856042,,
fused,unknown_test,1052_R,5,False,1510_R,0.7379353192730296,,
fused,unknown_test,1052_R,6,False,1510_R,1.0217305619564128,,
fused,unknown_test,1052_R,7,False,1026_R,1.0331554660253774,,
fused,unknown_test,1052_R,8,False,1510_R,0.9307515629824076,,
fused,unknown_test,1085_L,1,False,1513_L,0.9131592268776736,,
fused,unknown_test,1085_L,2,False,13_L,0.7766094573454322,,
fused,unknown_test,1085_L,3,False,1513_L,1.4016415832248734,,
fused,unknown_test,1085_L,4,False,1074_L,0.8108724344176426,,
fused,unknown_test,1085_L,5,False,1513_L,0.8504529344012856,,
fused,unknown_test,1085_L,6,False,1513_L,0.8144664167008796,,
fused,unknown_test,1085_L,7,False,559_L,0.7327750734628611,,
fused,unknown_test,1085_L,8,False,13_L,0.7040722244547588,,
fused,unknown_test,1085_L,9,False,1513_L,1.2017380807148497,,
fused,unknown_test,1085_R,1,False,1028_R,1.6570142767262284,,
fused,unknown_test,1085_R,2,False,1028_R,1.501587737490139,,
fused,unknown_test,1085_R,3,False,1028_R,1.3969050486246555,,
fused,unknown_test,1085_R,4,False,1028_R,1.1901696894181168,,
fused,unknown_test,1085_R,5,False,1028_R,0.9425013693518494,,
fused,unknown_test,1085_R,6,False,1528_R,1.1270518530567346,,
fused,unknown_test,1085_R,7,False,571_R,1.5372568854627806,,
fused,unknown_test,1085_R,8,False,1028_R,1.4591135394158026,,
fused,unknown_test,1085_R,9,False,1028_R,1.4579000971622726,,
fused,unknown_test,1085_R,10,False,1028_R,1.6303181166722358,,
fused,unknown_test,1085_R,11,False,571_R,1.0615426647725172,,
fused,unknown_test,1085_R,12,False,1028_R,1.0175236042179612,,
fused,unknown_test,1085_R,13,False,1028_R,1.0947383208965915,,
fused,unknown_test,1085_R,14,False,1028_R,1.5525605302121255,,
fused,unknown_test,1085_R,15,False,1028_R,1.1169025770598053,,
fused,unknown_test,1085_R,16,False,1028_R,0.9870547725396954,,
fused,unknown_test,1085_R,17,False,1028_R,1.4008277195691257,,
fused,unknown_test,1509_L,1,False,1528_L,2.1740631752587136,,
fused,unknown_test,1509_L,2,False,1074_L,2.1683318312787945,,
fused,unknown_test,1509_L,3,False,1074_L,2.3721677510433015,,
fused,unknown_test,1509_L,4,False,1074_L,2.5979504413231194,,
fused,unknown_test,1509_R,1,False,1069_R,1.6507205002516683,,
fused,unknown_test,1509_R,2,False,1069_R,1.1943513812138136,,
fused,unknown_test,1509_R,3,False,1022_R,1.0681523874425376,,
fused,unknown_test,1509_R,4,False,13_R,1.549440826830554,,
fused,unknown_test,1509_R,5,False,1528_R,1.492360431060146,,
fused,unknown_test,1515_L,1,False,1528_L,1.4597701673919128,,
fused,unknown_test,1515_L,2,False,1592_L,1.697627534216694,,
fused,unknown_test,1515_L,3,False,1592_L,1.9556971712430293,,
fused,unknown_test,1515_L,4,False,1592_L,2.2394932445654936,,
fused,unknown_test,1515_L,5,False,1592_L,2.0708482459965314,,
fused,unknown_test,1515_R,1,False,13_R,2.390144220273993,,
fused,unknown_test,1515_R,2,False,13_R,1.954893824824279,,
fused,unknown_test,1515_R,3,False,13_R,2.357381988317194,,
fused,unknown_test,1515_R,4,False,13_R,2.3642854698544715,,
fused,unknown_test,1515_R,5,False,13_R,2.442501544729583,,
fused,unknown_test,1515_R,6,False,13_R,2.342535682164224,,
fused,unknown_test,1515_R,7,False,13_R,2.464110162092996,,
fused,unknown_test,1527_L,1,False,1026_L,1.1107552489328718,,
fused,unknown_test,1527_L,2,False,1026_L,0.9978952948322873,,
fused,unknown_test,1527_L,3,False,1023_L,0.9984225217881617,,
fused,unknown_test,1527_L,4,False,576_L,1.2107355991138704,,
fused,unknown_test,1527_L,5,False,576_L,0.8928667931990919,,
fused,unknown_test,1527_L,6,False,576_L,1.2346740127278966,,
fused,unknown_test,1527_L,7,False,576_L,0.9738433854084179,,
fused,unknown_test,1527_L,8,False,1026_L,1.0998509830395893,,
fused,unknown_test,1527_L,9,False,576_L,1.1149031606112894,,
fused,unknown_test,1527_L,10,False,1026_L,0.8550654058406757,,
fused,unknown_test,1527_L,11,False,576_L,1.1790830797546277,,
fused,unknown_test,1527_R,1,False,1026_R,0.7216860431327936,,
fused,unknown_test,1527_R,2,False,1592_R,0.7220053242270567,,
fused,unknown_test,1527_R,3,False,571_R,0.9317079614537054,,
fused,unknown_test,1527_R,4,False,571_R,0.7507967676221384,,
fused,unknown_test,1527_R,5,False,1571_R,0.7005312239272927,,
fused,unknown_test,1527_R,6,False,1571_R,0.6873422031968058,,
fused,unknown_test,1527_R,7,False,1022_R,0.9471913732050167,,
fused,unknown_test,1527_R,8,False,571_R,0.7289266633483402,,
fused,unknown_test,1527_R,9,False,576_R,0.4447768964890278,,
fused,unknown_test,1527_R,10,False,571_R,0.7323092791437601,,
fused,unknown_test,1531_L,1,False,1513_L,1.4838493858525248,,
fused,unknown_test,1531_L,2,False,1513_L,1.0652685822063035,,
fused,unknown_test,1531_L,3,False,1513_L,1.2565217651568537,,
fused,unknown_test,1531_L,4,False,1513_L,1.1598728136597523,,
fused,unknown_test,1531_L,5,False,1022_L,0.9268948015979177,,
fused,unknown_test,1531_L,6,False,1022_L,1.239429414139543,,
fused,unknown_test,1531_L,7,False,1513_L,1.2690573100725873,,
fused,unknown_test,1531_L,8,False,571_L,1.131161141132894,,
fused,unknown_test,1531_L,9,False,1028_L,0.860620270445458,,
fused,unknown_test,1531_L,10,False,1513_L,1.0660187179837217,,
fused,unknown_test,1531_R,1,False,1513_R,1.1461905493556968,,
fused,unknown_test,1531_R,2,False,1028_R,1.042549942927919,,
fused,unknown_test,1531_R,3,False,1028_R,1.2217754959093363,,
fused,unknown_test,1531_R,4,False,1028_R,1.0902431356128568,,
fused,unknown_test,1531_R,5,False,1513_R,1.2276113033931835,,
fused,unknown_test,1531_R,6,False,1513_R,1.3780031379445303,,
fused,unknown_test,1531_R,7,False,1513_R,1.1026353148055525,,
fused,unknown_test,1531_R,8,False,1513_R,0.8198712464611859,,
fused,unknown_test,1531_R,9,False,1028_R,1.0521104404886596,,
fused,unknown_test,1531_R,10,False,1513_R,1.0169586992208797,,
fused,unknown_test,1531_R,11,False,1513_R,0.9161622927342179,,
fused,unknown_test,1550_L,1,False,559_L,1.3261435156749681,,
fused,unknown_test,1550_L,2,False,559_L,1.1012117453630779,,
fused,unknown_test,1550_L,3,False,571_L,0.7322658170263358,,
fused,unknown_test,1550_L,4,False,559_L,1.130817225493125,,
fused,unknown_test,1550_L,5,False,571_L,1.060606960880837,,
fused,unknown_test,1550_L,6,False,571_L,0.9272988172991921,,
fused,unknown_test,1550_L,7,False,571_L,1.2068527984702357,,
fused,unknown_test,1550_L,8,False,571_L,1.4197988678302131,,
fused,unknown_test,1550_L,9,False,559_L,1.3380298051136932,,
fused,unknown_test,1550_L,10,False,559_L,1.34303768683435,,
fused,unknown_test,1550_R,1,False,571_R,1.1731966262467486,,
fused,unknown_test,1550_R,2,False,571_R,1.1414535248590032,,
fused,unknown_test,1550_R,3,False,571_R,1.130245294685388,,
fused,unknown_test,1550_R,4,False,571_R,1.0885161771129495,,
fused,unknown_test,1550_R,5,False,571_R,1.6012136397069092,,
fused,unknown_test,1550_R,6,False,571_R,1.6119624813684985,,
fused,unknown_test,1550_R,7,False,571_R,1.8493574966514554,,
fused,unknown_test,1550_R,8,False,571_R,1.8689194154212756,,
fused,unknown_test,1550_R,9,False,571_R,1.4984747166648917,,
fused,unknown_test,1550_R,10,False,571_R,1.5778410089558803,,
fused,unknown_test,1550_R,11,False,571_R,1.1223100922142586,,
fused,unknown_test,1550_R,12,False,571_R,1.3793930875457678,,
fused,unknown_test,1550_R,13,False,571_R,1.1711214300879398,,
fused,unknown_test,1555_L,1,False,1023_L,1.6486034330879191,,
fused,unknown_test,1555_L,2,False,559_L,1.695482526611651,,
fused,unknown_test,1555_L,3,False,559_L,1.7123816729615562,,
fused,unknown_test,1555_L,4,False,559_L,1.502159126895238,,
fused,unknown_test,1555_L,5,False,559_L,1.329592097843999,,
fused,unknown_test,1555_L,6,False,1042_L,1.5003721439568616,,
fused,unknown_test,1555_L,7,False,1528_L,1.4979932038997457,,
fused,unknown_test,1555_L,8,False,1528_L,1.3937597131083752,,
fused,unknown_test,1555_L,9,False,559_L,1.4340288628356042,,
fused,unknown_test,1555_L,10,False,559_L,1.56842238622809,,
fused,unknown_test,1555_R,1,False,1022_R,1.3147603798339835,,
fused,unknown_test,1555_R,2,False,1022_R,1.3190010812173985,,
fused,unknown_test,1555_R,3,False,571_R,1.0083850214345305,,
fused,unknown_test,1555_R,4,False,1022_R,0.9669597756218868,,
fused,unknown_test,1555_R,5,False,571_R,1.1393204522957159,,
fused,unknown_test,1555_R,6,False,1022_R,1.1090290471125153,,
fused,unknown_test,1555_R,7,False,571_R,1.285832244183748,,
fused,unknown_test,1557_L,1,False,1571_L,1.1671796776232741,,
fused,unknown_test,1557_L,2,False,1571_L,1.2787469280023933,,
fused,unknown_test,1557_L,3,False,1571_L,0.9064477578387764,,
fused,unknown_test,1557_L,4,False,1571_L,1.422687200406115,,
fused,unknown_test,1557_L,5,False,1571_L,1.0918724691253396,,
fused,unknown_test,1557_L,6,False,576_L,1.0586662210413147,,
fused,unknown_test,1557_L,7,False,1571_L,1.2469410160138232,,
fused,unknown_test,1557_L,8,False,576_L,1.3324520413145733,,
fused,unknown_test,1557_L,9,False,1571_L,1.202615418983222,,
fused,unknown_test,1557_R,1,False,1510_R,0.6482047024516171,,
fused,unknown_test,1557_R,2,False,1022_R,0.5863785576070889,,
fused,unknown_test,1557_R,3,False,576_R,0.6283665082348554,,
fused,unknown_test,1557_R,4,False,1022_R,0.8976670946486927,,
fused,unknown_test,1557_R,5,False,1022_R,0.6491534648597004,,
fused,unknown_test,1557_R,6,False,1022_R,0.9579886728390569,,
fused,unknown_test,1557_R,7,False,576_R,0.552050536344741,,
fused,unknown_test,1557_R,8,False,1026_R,0.7032592539999412,,
fused,unknown_test,1557_R,9,False,576_R,0.7597067860821438,,
fused,unknown_test,1557_R,10,False,1510_R,0.7446218517682991,,
fused,unknown_test,1566_L,1,False,1022_L,1.3861848722442296,,
fused,unknown_test,1566_L,2,False,1513_L,1.4124866350410623,,
fused,unknown_test,1566_L,3,False,1513_L,1.3076420359376446,,
fused,unknown_test,1566_L,4,False,1022_L,1.2625822900880606,,
fused,unknown_test,1566_L,5,False,1022_L,1.4398039057270853,,
fused,unknown_test,1566_L,6,False,1022_L,1.6238748577843363,,
fused,unknown_test,1566_L,7,False,1028_L,1.6271328092741286,,
fused,unknown_test,1566_L,8,False,1042_L,1.3942853581961816,,
fused,unknown_test,1566_L,9,False,1028_L,1.6344377050008236,,
fused,unknown_test,1566_L,10,False,1028_L,1.5815856758038613,,
fused,unknown_test,1566_L,11,False,1022_L,1.6227758441461322,,
fused,unknown_test,1566_L,12,False,1028_L,1.4076767454237167,,
fused,unknown_test,1566_L,13,False,1042_L,1.5524988952094754,,
fused,unknown_test,1566_L,14,False,1023_L,1.3470912752934527,,
fused,unknown_test,1566_L,15,False,1513_L,1.657451622197725,,
fused,unknown_test,1566_L,16,False,1028_L,1.4219325543777102,,
fused,unknown_test,1566_L,17,False,1028_L,1.2696603711625338,,
fused,unknown_test,1566_L,18,False,1528_L,0.9510473943369686,,
fused,unknown_test,1566_L,19,False,1513_L,1.674755035941954,,
fused,unknown_test,1566_L,20,False,1028_L,1.6591154324522805,,
fused,unknown_test,1566_L,21,False,1513_L,1.3026619483181956,,
fused,unknown_test,1566_L,22,False,1513_L,1.57392793396687,,
fused,unknown_test,1566_R,1,False,1028_R,1.6216993095899834,,
fused,unknown_test,1566_R,2,False,1028_R,1.5625256370312757,,
fused,unknown_test,1566_R,3,False,1028_R,1.9357039644758387,,
fused,unknown_test,1566_R,4,False,1028_R,1.8907379619990197,,
fused,unknown_test,1566_R,5,False,1028_R,2.1068280611442023,,
fused,unknown_test,1566_R,6,False,1028_R,1.774557166051789,,
fused,unknown_test,1566_R,7,False,1028_R,1.857441243325655,,
fused,unknown_test,1566_R,8,False,1028_R,1.716678178997852,,
fused,unknown_test,1566_R,9,False,1028_R,2.1240470588780713,,
fused,unknown_test,1566_R,10,False,1028_R,1.6973214599514725,,
fused,unknown_test,1566_R,11,False,1028_R,1.8972453689469335,,
fused,unknown_test,1566_R,12,False,1028_R,1.9031422634831423,,
fused,unknown_test,1566_R,13,False,1028_R,1.6930938124901012,,
fused,unknown_test,1566_R,14,False,571_R,1.1817972813450164,,
fused,unknown_test,1566_R,15,False,1028_R,1.280534334026418,,
fused,unknown_test,1566_R,16,False,1028_R,1.5282363066498457,,
fused,unknown_test,1566_R,17,False,1028_R,1.83599888176195,,
fused,unknown_test,1566_R,18,False,1028_R,2.0403595652461792,,
fused,unknown_test,1585_L,1,False,1592_L,1.4751298292436448,,
fused,unknown_test,1585_L,2,False,1592_L,1.0968875294048246,,
fused,unknown_test,1585_L,3,False,543_L,1.1394780043682136,,
fused,unknown_test,1585_L,4,False,543_L,1.563299652760581,,
fused,unknown_test,1585_R,1,False,13_R,1.2598464994222356,,
fused,unknown_test,1585_R,2,False,543_R,1.2251502467795796,,
fused,unknown_test,1585_R,3,False,543_R,1.592930714282579,,
fused,unknown_test,1585_R,4,False,543_R,1.4428629046476384,,
fused,unknown_test,54_L,1,False,1023_L,1.4001173185572848,,
fused,unknown_test,54_L,2,False,1074_L,0.9949885395867325,,
fused,unknown_test,54_L,3,False,86_L,1.549635061814861,,
fused,unknown_test,54_L,4,False,1592_L,1.2992177271896996,,
fused,unknown_test,54_R,1,False,1592_R,2.0750564477100237,,
fused,unknown_test,54_R,2,False,1592_R,2.096446201674685,,
fused,unknown_test,54_R,3,False,559_R,2.1006763418931733,,
fused,unknown_test,54_R,4,False,1592_R,2.467934827250398,,
fused,unknown_test,546_L,1,False,1516_L,1.37274075888854,,
fused,unknown_test,546_L,2,False,1516_L,0.9996020124839158,,
fused,unknown_test,546_L,3,False,1516_L,1.0847209333897716,,
fused,unknown_test,546_L,4,False,1516_L,1.2456072352941547,,
fused,unknown_test,546_L,5,False,1516_L,1.4345271823180692,,
fused,unknown_test,546_L,6,False,576_L,0.9093954068751913,,
fused,unknown_test,546_L,7,False,1516_L,1.333435566875592,,
fused,unknown_test,546_L,8,False,1516_L,1.4025452297636734,,
fused,unknown_test,546_L,9,False,1516_L,1.370530621228865,,
fused,unknown_test,546_L,10,False,1069_L,1.4149375075296975,,
fused,unknown_test,546_L,11,False,1516_L,1.2647558053817511,,
fused,unknown_test,546_L,12,False,576_L,1.3626099142665673,,
fused,unknown_test,546_L,13,False,576_L,1.2953244182938373,,
fused,unknown_test,546_R,1,False,576_R,1.7267446254964427,,
fused,unknown_test,546_R,2,False,576_R,1.0974895260385487,,
fused,unknown_test,546_R,3,False,576_R,0.7777853337200915,,
fused,unknown_test,546_R,4,False,543_R,0.7463909732030036,,
fused,unknown_test,546_R,5,False,576_R,1.1773496819666396,,
fused,unknown_test,546_R,6,False,576_R,1.2336273227083854,,
fused,unknown_test,546_R,7,False,543_R,1.3772534772202687,,
fused,unknown_test,546_R,8,False,543_R,1.2776723227156928,,
fused,unknown_test,546_R,9,False,576_R,1.1620049403577761,,
fused,unknown_test,546_R,10,False,576_R,1.4581008502642434,,
fused,unknown_test,546_R,11,False,543_R,1.5934542190482004,,
fused,unknown_test,546_R,12,False,543_R,1.7374409220007285,,
fused,unknown_test,546_R,13,False,576_R,1.5375918804437434,,
fused,unknown_test,546_R,14,False,543_R,1.4752037052577198,,
fused,unknown_test,546_R,15,False,543_R,1.1090778278149203,,
fused,unknown_test,546_R,16,False,543_R,1.4056495511431373,,
fused,unknown_test,574_L,1,False,1042_L,1.378780863411096,,
fused,unknown_test,574_L,2,False,1023_L,1.6456103734178353,,
fused,unknown_test,574_L,3,False,1023_L,1.7279242710101381,,
fused,unknown_test,574_L,4,False,86_L,1.2676163777355614,,
fused,unknown_test,574_L,5,False,1023_L,1.7396819287190732,,
fused,unknown_test,574_L,6,False,86_L,1.193300389332255,,
fused,unknown_test,574_L,7,False,1023_L,1.141892927182424,,
fused,unknown_test,574_R,1,False,1069_R,1.6250813160137665,,
fused,unknown_test,574_R,2,False,1069_R,1.4656860676376806,,
fused,unknown_test,574_R,3,False,1069_R,1.948215886539042,,
fused,unknown_test,574_R,4,False,86_R,2.2108113055342704,,
fused,unknown_test,574_R,5,False,1023_R,0.9817937896888003,,
fused,unknown_test,574_R,6,False,1069_R,1.1275568319501565,,
fused,unknown_test,574_R,7,False,1069_R,1.28440297335941,,
fused,unknown_test,574_R,8,False,1023_R,1.460798246272443,,
fused,unknown_test,581_L,1,False,1069_L,0.9888652601690502,,
fused,unknown_test,581_L,2,False,1069_L,1.3948408295073524,,
fused,unknown_test,581_L,3,False,1069_L,1.1691425525958148,,
fused,unknown_test,581_L,4,False,1069_L,1.4439918799523577,,
fused,unknown_test,581_L,5,False,1069_L,1.031006231207853,,
fused,unknown_test,581_L,6,False,1069_L,1.1746675331956298,,
fused,unknown_test,581_L,7,False,1069_L,1.0900025095122048,,
fused,unknown_test,581_L,8,False,1069_L,0.8232756685875476,,
fused,unknown_test,581_L,9,False,86_L,0.7001902462581817,,
fused,unknown_test,581_L,10,False,1022_L,0.9587982734046072,,
fused,unknown_test,581_R,1,False,1513_R,0.9117111681836588,,
fused,unknown_test,581_R,2,False,1042_R,0.5770992483525633,,
fused,unknown_test,581_R,3,False,1042_R,1.2012990558183094,,
fused,unknown_test,581_R,4,False,1042_R,0.8443614869828432,,
fused,unknown_test,581_R,5,False,1042_R,0.8417340007822388,,
fused,unknown_test,581_R,6,False,1042_R,0.9153926963007561,,
fused,unknown_test,581_R,7,False,1042_R,0.8564467852698205,,
fused,unknown_test,581_R,8,False,1042_R,0.6792372927335107,,
fused,unknown_test,588_L,1,False,1093_L,1.706593562869991,,
fused,unknown_test,588_L,2,False,1093_L,1.6727959678162398,,
fused,unknown_test,588_L,3,False,1093_L,1.9079183490351528,,
fused,unknown_test,588_L,4,False,1093_L,1.4377097458178962,,
fused,unknown_test,588_L,5,False,1093_L,1.4317931589180473,,
fused,unknown_test,588_L,6,False,1093_L,1.275405247739338,,
fused,unknown_test,588_L,7,False,1093_L,1.240832056214162,,
fused,unknown_test,588_L,8,False,1510_L,1.43031741715656,,
fused,unknown_test,588_L,9,False,1026_L,1.0527144762159626,,
fused,unknown_test,588_L,10,False,1026_L,1.5875797251308035,,
fused,unknown_test,588_L,11,False,1026_L,1.2125553340276458,,
fused,unknown_test,588_L,12,False,1093_L,1.4537283091699256,,
fused,unknown_test,588_R,1,False,1026_R,1.9588046474340195,,
fused,unknown_test,588_R,2,False,1026_R,1.5617606886147422,,
fused,unknown_test,588_R,3,False,1026_R,2.2199654671159976,,
fused,unknown_test,588_R,4,False,1026_R,1.9073966553499895,,
fused,unknown_test,588_R,5,False,1026_R,2.1102434397862853,,
fused,unknown_test,92_L,1,False,1510_L,1.0549798903691543,,
fused,unknown_test,92_L,2,False,1510_L,1.0029270239342107,,
fused,unknown_test,92_L,3,False,1510_L,1.1415104312295805,,
fused,unknown_test,92_L,4,False,1571_L,0.9308620010995214,,
fused,unknown_test,92_L,5,False,1571_L,1.1308740674096038,,
fused,unknown_test,92_L,6,False,1571_L,1.1975813670041096,,
fused,unknown_test,92_L,7,False,1571_L,1.0352727567457287,,
fused,unknown_test,92_L,8,False,1571_L,0.6088312207126914,,
fused,unknown_test,92_L,9,False,1571_L,0.9097384777690216,,
fused,unknown_test,92_L,10,False,1571_L,1.0611564645644753,,
fused,unknown_test,92_L,11,False,1571_L,1.0640041697542715,,
fused,unknown_test,92_L,12,False,1093_L,0.8692387907355625,,
fused,unknown_test,92_L,13,False,1093_L,1.0657551522532935,,
fused,unknown_test,92_L,14,False,86_L,0.6769760395686288,,
fused,unknown_test,92_L,15,False,1571_L,0.76991701685555,,
fused,unknown_test,92_L,16,False,1571_L,0.7237971576699096,,
fused,unknown_test,92_R,1,False,1528_R,1.2217670634923583,,
fused,unknown_test,92_R,2,False,1510_R,1.1734397635416676,,
fused,unknown_test,92_R,3,False,1528_R,1.0296073355486504,,
fused,unknown_test,92_R,4,False,1510_R,0.9861375533536979,,
fused,unknown_test,92_R,5,False,1026_R,1.3640158867076462,,
fused,unknown_test,92_R,6,False,1528_R,1.1564297510987442,,
fused,unknown_test,92_R,7,False,1026_R,1.0931415520668426,,
fused,unknown_test,92_R,8,False,1510_R,0.9524922866290079,,
fused,unknown_test,92_R,9,False,1528_R,1.0393133579959386,,
fused,unknown_test,92_R,10,False,1093_R,1.1340294260285724,,
fused,unknown_test,92_R,11,False,1528_R,1.321546102769009,,
fused,unknown_test,92_R,12,False,1026_R,1.5551151015176057,,
fused,unknown_test,92_R,13,False,1528_R,0.9446919429981935,,
fused,unknown_test,92_R,14,False,1026_R,1.2184306559348161,,
fused,unknown_test,92_R,15,False,1026_R,1.1049010722068724,,
fused,unknown_test,92_R,16,False,1026_R,1.1798093639684735,,
fused,unknown_test,92_R,17,False,1528_R,1.0606864503833195,,
fused,unknown_test,92_R,18,False,1026_R,1.2403414093442162,,
