system,probe_set,threshold,fpir,fnir,dir_rank1,dir_rank5
palm,all,0.16064216034771384,1.0,0.07499999999999996,0.925,1.0
palm,all,0.1831003811462751,0.9967845659163987,0.07499999999999996,0.925,1.0
palm,all,0.18932520791520385,0.9935691318327974,0.07499999999999996,0.925,1.0
palm,all,0.1934486474284071,0.9903536977491961,0.07499999999999996,0.925,1.0
palm,all,0.20306730285735083,0.9860664523043944,0.07499999999999996,0.925,1.0
palm,all,0.20764587584735683,0.9828510182207931,0.07499999999999996,0.925,1.0
palm,all,0.21110619965943245,0.9796355841371919,0.07499999999999996,0.925,1.0
palm,all,0.2137946821396242,0.9764201500535906,0.07499999999999996,0.925,1.0
palm,all,0.21753645080293157,0.9721329046087889,0.07499999999999996,0.925,1.0
palm,all,0.21984566928919685,0.9689174705251876,0.07499999999999996,0.925,1.0
palm,all,0.22495585848220148,0.9657020364415863,0.07499999999999996,0.925,1.0
palm,all,0.2273189741085685,0.962486602357985,0.07499999999999996,0.925,0.975
palm,all,0.2287849307730525,0.9581993569131833,0.07499999999999996,0.925,0.975
palm,all,0.22952425952180128,0.954983922829582,0.07499999999999996,0.925,0.975
palm,all,0.23166526913647978,0.9517684887459807,0.07499999999999996,0.925,0.975
palm,all,0.2336585724038926,0.9485530546623794,0.07499999999999996,0.925,0.975
palm,all,0.23586781701188236,0.9442658092175777,0.07499999999999996,0.925,0.975
palm,all,0.2384011451708779,0.9410503751339764,0.07499999999999996,0.925,0.975
palm,all,0.24102418029504905,0.9378349410503751,0.07499999999999996,0.925,0.975
palm,all,0.24215443622328836,0.9346195069667739,0.07499999999999996,0.925,0.975
palm,all,0.24480402420523228,0.9303322615219721,0.07499999999999996,0.925,0.975
palm,all,0.24541230060347174,0.9271168274383709,0.07499999999999996,0.925,0.975
palm,all,0.24625654843788852,0.9239013933547695,0.07499999999999996,0.925,0.975
palm,all,0.2479141725555587,0.9206859592711683,0.07499999999999996,0.925,0.975
palm,all,0.24987064210987806,0.9163987138263665,0.07499999999999996,0.925,0.975
palm,all,0.25152960085674153,0.9131832797427653,0.07499999999999996,0.925,0.975
palm,all,0.2544980618921701,0.909967845659164,0.07499999999999996,0.925,0.975
palm,all,0.2553389844689789,0.9067524115755627,0.07499999999999996,0.925,0.975
palm,all,0.2572327077026475,0.902465166130761,0.07499999999999996,0.925,0.975
palm,all,0.2575228796323439,0.8992497320471597,0.07499999999999996,0.925,0.975
palm,all,0.25856452632091437,0.8960342979635584,0.07499999999999996,0.925,0.975
palm,all,0.259917578472464,0.8928188638799571,0.07499999999999996,0.925,0.975
palm,all,0.2626866119428352,0.8885316184351554,0.07499999999999996,0.925,0.975
palm,all,0.2629424189751874,0.8853161843515541,0.07499999999999996,0.925,0.975
palm,all,0.26542692525368955,0.8821007502679529,0.07499999999999996,0.925,0.975
palm,all,0.266180774211701,0.8788853161843515,0.07499999999999996,0.925,0.975
palm,all,0.26887358178388604,0.8745980707395499,0.07499999999999996,0.925,0.975
palm,all,0.2708904033086995,0.8713826366559485,0.07499999999999996,0.925,0.975
palm,all,0.27155597551990684,0.8681672025723473,0.07499999999999996,0.925,0.975
palm,all,0.2733972889718174,0.864951768488746,0.07499999999999996,0.925,0.975
palm,all,0.2744531080307124,0.8606645230439443,0.07499999999999996,0.925,0.975
palm,all,0.27620112527464485,0.857449088960343,0.07499999999999996,0.925,0.975
palm,all,0.27719086067210574,0.8542336548767417,0.07499999999999996,0.925,0.975
palm,all,0.27833891915156217,0.8510182207931404,0.07499999999999996,0.925,0.975
palm,all,0.28041007246226335,0.8467309753483387,0.07499999999999996,0.925,0.975
palm,all,0.28190966803705586,0.8435155412647374,0.07499999999999996,0.925,0.975
palm,all,0.2822789986065428,0.8403001071811361,0.07499999999999996,0.925,0.975
palm,all,0.28263607320006867,0.8370846730975349,0.07499999999999996,0.925,0.975
palm,all,0.2845611486383822,0.8327974276527331,0.07499999999999996,0.925,0.975
palm,all,0.28603183981287233,0.8295819935691319,0.07499999999999996,0.925,0.975
palm,all,0.2865442148820506,0.8263665594855305,0.07499999999999996,0.925,0.975
palm,all,0.2875294052308861,0.8231511254019293,0.07499999999999996,0.925,0.975
palm,all,0.28825433929062516,0.8188638799571275,0.07499999999999996,0.925,0.975
palm,all,0.2906068301636703,0.8156484458735263,0.07499999999999996,0.925,0.975
palm,all,0.2928550435475568,0.812433011789925,0.07499999999999996,0.925,0.975
palm,all,0.2947067272015048,0.8092175777063236,0.07499999999999996,0.925,0.975
palm,all,0.29561256782686085,0.804930332261522,0.07499999999999996,0.925,0.975
palm,all,0.29848136268179254,0.8017148981779206,0.07499999999999996,0.925,0.975
palm,all,0.2992648834540311,0.7984994640943194,0.07499999999999996,0.925,0.975
palm,all,0.29988157253064573,0.7952840300107181,0.07499999999999996,0.925,0.975
palm,all,0.3011007635623174,0.7909967845659164,0.07499999999999996,0.925,0.975
palm,all,0.30122569165463753,0.7877813504823151,0.07499999999999996,0.925,0.975
palm,all,0.30178594920922014,0.7845659163987139,0.07499999999999996,0.925,0.975
palm,all,0.30230657993904536,0.7813504823151125,0.07499999999999996,0.925,0.975
palm,all,0.30265643482813354,0.7770632368703109,0.07499999999999996,0.925,0.975
palm,all,0.3031371714540134,0.7738478027867095,0.07499999999999996,0.925,0.975
palm,all,0.3042339500588377,0.7706323687031083,0.07499999999999996,0.925,0.975
palm,all,0.3049815804017223,0.767416934619507,0.07499999999999996,0.925,0.975
palm,all,0.30590960990477223,0.7631296891747053,0.07499999999999996,0.925,0.975
palm,all,0.30726828339336776,0.759914255091104,0.07499999999999996,0.925,0.975
palm,all,0.3081865472764723,0.7566988210075026,0.07499999999999996,0.925,0.975
palm,all,0.30931065359177623,0.7534833869239014,0.07499999999999996,0.925,0.975
palm,all,0.30978508901782464,0.7491961414790996,0.07499999999999996,0.925,0.975
palm,all,0.31080674223533994,0.7459807073954984,0.07499999999999996,0.925,0.975
palm,all,0.31166905184439864,0.7427652733118971,0.07499999999999996,0.925,0.975
palm,all,0.31354124387079885,0.7395498392282959,0.07499999999999996,0.925,0.975
palm,all,0.3159051234116509,0.7352625937834941,0.07499999999999996,0.925,0.975
palm,all,0.3169162701431779,0.7320471596998929,0.07499999999999996,0.925,0.975
palm,all,0.31713629550881195,0.7288317256162915,0.07499999999999996,0.925,0.975
palm,all,0.31769030894984274,0.7256162915326902,0.07499999999999996,0.925,0.975
palm,all,0.3182402948057568,0.7213290460878885,0.07499999999999996,0.925,0.975
palm,all,0.3188996021944571,0.7181136120042872,0.07499999999999996,0.925,0.975
palm,all,0.3207563945746086,0.714898177920686,0.07499999999999996,0.925,0.975
palm,all,0.3214594036185059,0.7116827438370846,0.07499999999999996,0.925,0.975
palm,all,0.32233277561105467,0.707395498392283,0.07499999999999996,0.925,0.975
palm,all,0.32335789372343043,0.7041800643086816,0.07499999999999996,0.925,0.975
palm,all,0.3238712169147641,0.7009646302250804,0.07499999999999996,0.925,0.975
palm,all,0.325156324845288,0.6977491961414791,0.07499999999999996,0.925,0.975
palm,all,0.32631245924647445,0.6934619506966774,0.07499999999999996,0.925,0.975
palm,all,0.32704155952588276,0.6902465166130761,0.07499999999999996,0.925,0.975
palm,all,0.32761588535093067,0.6870310825294748,0.07499999999999996,0.925,0.975
palm,all,0.32801064561040316,0.6838156484458735,0.07499999999999996,0.925,0.975
palm,all,0.32915722574037193,0.6795284030010718,0.07499999999999996,0.925,0.975
palm,all,0.3305495560737122,0.6763129689174705,0.07499999999999996,0.925,0.975
palm,all,0.3310180186892685,0.6730975348338692,0.07499999999999996,0.925,0.975
palm,all,0.3315688586834369,0.669882100750268,0.07499999999999996,0.925,0.975
palm,all,0.3326733643257246,0.6655948553054662,0.07499999999999996,0.925,0.975
palm,all,0.33356842551442745,0.662379421221865,0.07499999999999996,0.925,0.975
palm,all,0.33426096324948484,0.6591639871382636,0.07499999999999996,0.925,0.975
palm,all,0.3352729220588851,0.6559485530546624,0.07499999999999996,0.925,0.975
palm,all,0.33889736974944684,0.6516613076098606,0.07499999999999996,0.925,0.975
palm,all,0.33920754964287303,0.6484458735262594,0.07499999999999996,0.925,0.975
palm,all,0.34001007343320727,0.6452304394426581,0.07499999999999996,0.925,0.975
palm,all,0.3407832114222897,0.6420150053590568,0.07499999999999996,0.925,0.975
palm,all,0.3430255858323197,0.6377277599142551,0.07499999999999996,0.925,0.975
palm,all,0.3433834735323038,0.6345123258306538,0.07499999999999996,0.925,0.975
palm,all,0.3438937713268346,0.6312968917470525,0.07499999999999996,0.925,0.975
palm,all,0.3449267042846195,0.6280814576634512,0.07499999999999996,0.925,0.975
palm,all,0.34677173856071564,0.6237942122186495,0.07499999999999996,0.925,0.975
palm,all,0.3477152090972293,0.6205787781350482,0.07499999999999996,0.925,0.975
palm,all,0.3490124506710896,0.617363344051447,0.07499999999999996,0.925,0.95
palm,all,0.3493028558432287,0.6141479099678456,0.07499999999999996,0.925,0.95
palm,all,0.3498008646272382,0.609860664523044,0.07499999999999996,0.925,0.95
palm,all,0.35106636919919487,0.6066452304394426,0.07499999999999996,0.925,0.95
palm,all,0.35204557970981587,0.6034297963558414,0.07499999999999996,0.925,0.95
palm,all,0.3530211872570076,0.6002143622722401,0.07499999999999996,0.925,0.95
palm,all,0.3539497809724529,0.5959271168274384,0.07499999999999996,0.925,0.95
palm,all,0.35474311819483495,0.5937834941050375,0.07499999999999996,0.925,0.95
palm,all,0.35655006285041535,0.5905680600214362,0.07499999999999996,0.925,0.95
palm,all,0.35713449734387814,0.587352625937835,0.07499999999999996,0.925,0.95
palm,all,0.35721526485746097,0.5830653804930332,0.07499999999999996,0.925,0.95
palm,all,0.35803577387121976,0.579849946409432,0.07499999999999996,0.925,0.95
palm,all,0.3592621118648801,0.5766345123258306,0.07499999999999996,0.925,0.95
palm,all,0.3596196312236063,0.5734190782422294,0.07499999999999996,0.925,0.95
palm,all,0.3599360500647888,0.5691318327974276,0.07499999999999996,0.925,0.95
palm,all,0.361059474680363,0.5659163987138264,0.07499999999999996,0.925,0.95
palm,all,0.36138608189775023,0.5627009646302251,0.07499999999999996,0.925,0.95
palm,all,0.3618847078299088,0.5594855305466238,0.07499999999999996,0.925,0.95
palm,all,0.36293017825909346,0.5551982851018221,0.07499999999999996,0.925,0.95
palm,all,0.36407600731799533,0.5519828510182208,0.07499999999999996,0.925,0.95
palm,all,0.3650530508478441,0.5487674169346195,0.07499999999999996,0.925,0.95
palm,all,0.3658494291670635,0.5455519828510182,0.07499999999999996,0.925,0.95
palm,all,0.36699540452191143,0.5412647374062165,0.07499999999999996,0.925,0.95
palm,all,0.36780196818751987,0.5380493033226152,0.07499999999999996,0.925,0.95
palm,all,0.3684627360649799,0.5348338692390139,0.07499999999999996,0.925,0.95
palm,all,0.3687074185450867,0.5316184351554126,0.07499999999999996,0.925,0.95
palm,all,0.3695576035571654,0.5273311897106109,0.07499999999999996,0.925,0.95
palm,all,0.3711127012099689,0.5241157556270096,0.07499999999999996,0.925,0.95
palm,all,0.37194102586703004,0.5209003215434084,0.07499999999999996,0.925,0.95
palm,all,0.3731719811677708,0.5176848874598071,0.07499999999999996,0.925,0.95
palm,all,0.3735803734180063,0.5133976420150054,0.07499999999999996,0.925,0.95
palm,all,0.37414316504105977,0.5101822079314041,0.07499999999999996,0.925,0.95
palm,all,0.37451722344791216,0.5069667738478028,0.07499999999999996,0.925,0.95
palm,all,0.37634408054209834,0.5037513397642015,0.07499999999999996,0.925,0.95
palm,all,0.37709234833599037,0.4994640943193998,0.07499999999999996,0.925,0.95
palm,all,0.3780551248368036,0.4962486602357985,0.07499999999999996,0.925,0.95
palm,all,0.37889339456595406,0.4930332261521972,0.07499999999999996,0.925,0.95
palm,all,0.3816997917910009,0.48981779206859594,0.07499999999999996,0.925,0.95
palm,all,0.3825657660061669,0.4855305466237942,0.07499999999999996,0.925,0.95
palm,all,0.38278009918713707,0.48231511254019294,0.07499999999999996,0.925,0.95
palm,all,0.38460386200711416,0.4790996784565916,0.07499999999999996,0.925,0.95
palm,all,0.38527021282201074,0.4758842443729904,0.07499999999999996,0.925,0.95
palm,all,0.3861986294667751,0.4715969989281886,0.07499999999999996,0.925,0.95
palm,all,0.3868573295781961,0.4683815648445874,0.07499999999999996,0.925,0.95
palm,all,0.3876158387237788,0.46516613076098606,0.07499999999999996,0.925,0.95
palm,all,0.388216073982127,0.46195069667738475,0.07499999999999996,0.925,0.95
palm,all,0.3886513943220275,0.45766345123258306,0.07499999999999996,0.925,0.95
palm,all,0.38979630867740667,0.45444801714898175,0.07499999999999996,0.925,0.95
palm,all,0.3910189490253284,0.4512325830653805,0.07499999999999996,0.925,0.95
palm,all,0.39255472096773925,0.4480171489817792,0.07499999999999996,0.925,0.95
palm,all,0.3941111932021003,0.4437299035369775,0.07499999999999996,0.925,0.95
palm,all,0.3947569316660099,0.4405144694533762,0.07499999999999996,0.925,0.95
palm,all,0.3958830837089443,0.43729903536977494,0.07499999999999996,0.925,0.95
palm,all,0.39644158569553434,0.4340836012861736,0.07499999999999996,0.925,0.95
palm,all,0.398313310957374,0.42979635584137194,0.07499999999999996,0.925,0.95
palm,all,0.3996962717004735,0.4265809217577706,0.07499999999999996,0.925,0.95
palm,all,0.4001616393806062,0.42336548767416937,0.07499999999999996,0.925,0.95
palm,all,0.4005580223322597,0.42015005359056806,0.07499999999999996,0.925,0.95
palm,all,0.40163166626495017,0.41586280814576637,0.07499999999999996,0.925,0.95
palm,all,0.4022577176947926,0.41264737406216506,0.07499999999999996,0.925,0.95
palm,all,0.4028323594502056,0.40943193997856375,0.07499999999999996,0.925,0.95
palm,all,0.40436881635378097,0.4062165058949625,0.07499999999999996,0.925,0.95
palm,all,0.40544492410437877,0.40192926045016075,0.07499999999999996,0.925,0.95
palm,all,0.4058076412075688,0.3987138263665595,0.07499999999999996,0.925,0.95
palm,all,0.4063781643716422,0.3954983922829582,0.07499999999999996,0.925,0.95
palm,all,0.4084882526121296,0.39228295819935693,0.07499999999999996,0.925,0.95
palm,all,0.40981959035764154,0.3879957127545552,0.07499999999999996,0.925,0.95
palm,all,0.41113895536421785,0.38478027867095393,0.07499999999999996,0.925,0.95
palm,all,0.411967941893692,0.3815648445873526,0.07499999999999996,0.925,0.95
palm,all,0.412882388397264,0.3783494105037513,0.07499999999999996,0.925,0.95
palm,all,0.41378524597374355,0.3740621650589496,0.07499999999999996,0.925,0.95
palm,all,0.4157658568763867,0.3708467309753483,0.07499999999999996,0.925,0.95
palm,all,0.41613451355605097,0.36763129689174706,0.07499999999999996,0.925,0.95
palm,all,0.4175362047580879,0.36441586280814575,0.07499999999999996,0.925,0.95
palm,all,0.4205462599290374,0.36012861736334406,0.07499999999999996,0.925,0.95
palm,all,0.4211873896683557,0.3579849946409432,0.07499999999999996,0.925,0.95
palm,all,0.42172070930683836,0.35476956055734193,0.07499999999999996,0.925,0.95
palm,all,0.42354384295588343,0.3515541264737406,0.07499999999999996,0.925,0.95
palm,all,0.4253063616232009,0.3483386923901393,0.09999999999999998,0.9,0.925
palm,all,0.4262269351571517,0.34512325830653806,0.09999999999999998,0.9,0.925
palm,all,0.427748053966347,0.34190782422293675,0.09999999999999998,0.9,0.925
palm,all,0.4287098316292608,0.3386923901393355,0.09999999999999998,0.9,0.925
palm,all,0.4290825097491028,0.33440514469453375,0.09999999999999998,0.9,0.925
palm,all,0.4302046024028007,0.3311897106109325,0.09999999999999998,0.9,0.925
palm,all,0.43246244662541344,0.3279742765273312,0.09999999999999998,0.9,0.925
palm,all,0.4337336211851004,0.3247588424437299,0.09999999999999998,0.9,0.925
palm,all,0.43485775015501754,0.3204715969989282,0.09999999999999998,0.9,0.925
palm,all,0.43653893136036737,0.3172561629153269,0.09999999999999998,0.9,0.925
palm,all,0.43788978738293083,0.3140407288317256,0.09999999999999998,0.9,0.925
palm,all,0.4388915409948586,0.3108252947481243,0.09999999999999998,0.9,0.925
palm,all,0.44035794368044523,0.3065380493033226,0.09999999999999998,0.9,0.925
palm,all,0.4413709361688379,0.3033226152197213,0.09999999999999998,0.9,0.925
palm,all,0.44267463749341907,0.30010718113612006,0.09999999999999998,0.9,0.925
palm,all,0.44418549265807417,0.29689174705251875,0.09999999999999998,0.9,0.925
palm,all,0.44583992065477307,0.29260450160771706,0.09999999999999998,0.9,0.925
palm,all,0.4469553987154772,0.28938906752411575,0.09999999999999998,0.9,0.925
palm,all,0.44752619573008895,0.2861736334405145,0.09999999999999998,0.9,0.925
palm,all,0.4483592256637483,0.2829581993569132,0.09999999999999998,0.9,0.925
palm,all,0.4495543410129364,0.27867095391211144,0.09999999999999998,0.9,0.925
palm,all,0.44992713374850446,0.2754555198285102,0.09999999999999998,0.9,0.925
palm,all,0.4505661809250068,0.2722400857449089,0.09999999999999998,0.9,0.925
palm,all,0.4509526464548077,0.2690246516613076,0.09999999999999998,0.9,0.925
palm,all,0.4529420379872898,0.2647374062165059,0.09999999999999998,0.9,0.925
palm,all,0.45464764788442447,0.2615219721329046,0.09999999999999998,0.9,0.925
palm,all,0.45659810202700213,0.2583065380493033,0.09999999999999998,0.9,0.925
palm,all,0.4577289720500648,0.25509110396570206,0.09999999999999998,0.9,0.925
palm,all,0.4588413868173875,0.2508038585209003,0.09999999999999998,0.9,0.925
palm,all,0.4593654792512523,0.24758842443729903,0.09999999999999998,0.9,0.925
palm,all,0.4602038869116213,0.24437299035369775,0.09999999999999998,0.9,0.925
palm,all,0.4614633575447905,0.24115755627009647,0.09999999999999998,0.9,0.925
palm,all,0.4624533134209479,0.23687031082529475,0.09999999999999998,0.9,0.925
palm,all,0.4634212876968695,0.23365487674169347,0.09999999999999998,0.9,0.925
palm,all,0.4650620865911889,0.2304394426580922,0.09999999999999998,0.9,0.925
palm,all,0.4661979931715762,0.22722400857449088,0.09999999999999998,0.9,0.925
palm,all,0.47028215632603315,0.22293676312968919,0.09999999999999998,0.9,0.925
palm,all,0.47171512162842344,0.21972132904608788,0.09999999999999998,0.9,0.925
palm,all,0.4722959357510788,0.2165058949624866,0.09999999999999998,0.9,0.925
palm,all,0.4732954129078267,0.2132904608788853,0.09999999999999998,0.9,0.925
palm,all,0.47430440060132284,0.2090032154340836,0.09999999999999998,0.9,0.925
palm,all,0.4746586699264417,0.2057877813504823,0.09999999999999998,0.9,0.925
palm,all,0.47859530009715023,0.20257234726688103,0.09999999999999998,0.9,0.925
palm,all,0.4796366722684984,0.19935691318327975,0.09999999999999998,0.9,0.925
palm,all,0.4812258187478081,0.19506966773847803,0.09999999999999998,0.9,0.925
palm,all,0.4829388255172798,0.19185423365487675,0.09999999999999998,0.9,0.925
palm,all,0.48336853022177095,0.18863879957127547,0.09999999999999998,0.9,0.925
palm,all,0.48468479288986027,0.18542336548767416,0.09999999999999998,0.9,0.925
palm,all,0.4854061090322257,0.18113612004287247,0.09999999999999998,0.9,0.925
palm,all,0.4866050753260362,0.17792068595927116,0.09999999999999998,0.9,0.925
palm,all,0.48715500614551843,0.17470525187566988,0.09999999999999998,0.9,0.925
palm,all,0.4899249149036753,0.1714898177920686,0.09999999999999998,0.9,0.925
palm,all,0.4915768230483439,0.16720257234726688,0.09999999999999998,0.9,0.925
palm,all,0.4920222071153213,0.1639871382636656,0.09999999999999998,0.9,0.925
palm,all,0.49376279484690516,0.1607717041800643,0.09999999999999998,0.9,0.925
palm,all,0.49454933670542656,0.15755627009646303,0.09999999999999998,0.9,0.925
palm,all,0.49634127466290834,0.1532690246516613,0.09999999999999998,0.9,0.925
palm,all,0.4982967597864715,0.15005359056806003,0.09999999999999998,0.9,0.925
palm,all,0.49964926906404006,0.14683815648445875,0.09999999999999998,0.9,0.925
palm,all,0.5000440607329341,0.14362272240085744,0.09999999999999998,0.9,0.925
palm,all,0.500889423044852,0.13933547695605572,0.09999999999999998,0.9,0.925
palm,all,0.5025557232519298,0.13612004287245444,0.09999999999999998,0.9,0.925
palm,all,0.503561398930113,0.13290460878885316,0.09999999999999998,0.9,0.925
palm,all,0.5044731298973553,0.12968917470525188,0.09999999999999998,0.9,0.925
palm,all,0.5071776289426386,0.12540192926045016,0.09999999999999998,0.9,0.925
palm,all,0.5096853928250951,0.12218649517684887,0.09999999999999998,0.9,0.925
palm,all,0.5110174048403057,0.1189710610932476,0.09999999999999998,0.9,0.925
palm,all,0.5124959734607939,0.1157556270096463,0.09999999999999998,0.9,0.925
palm,all,0.514809089025898,0.11146838156484459,0.09999999999999998,0.9,0.925
palm,all,0.517126846403293,0.1082529474812433,0.09999999999999998,0.9,0.925
palm,all,0.5181654018308668,0.10503751339764202,0.09999999999999998,0.9,0.925
palm,all,0.5190352826945308,0.10182207931404073,0.09999999999999998,0.9,0.925
palm,all,0.5204467971557445,0.09753483386923902,0.09999999999999998,0.9,0.925
palm,all,0.5233346165993742,0.09431939978563773,0.09999999999999998,0.9,0.925
palm,all,0.5238874158063032,0.09110396570203644,0.09999999999999998,0.9,0.925
palm,all,0.5249539118092432,0.08788853161843516,0.09999999999999998,0.9,0.925
palm,all,0.5264353781351738,0.08360128617363344,0.09999999999999998,0.9,0.925
palm,all,0.5291351733694283,0.08038585209003216,0.09999999999999998,0.9,0.925
palm,all,0.5316479461820977,0.07717041800643087,0.09999999999999998,0.9,0.925
palm,all,0.533090641778134,0.07395498392282958,0.09999999999999998,0.9,0.925
palm,all,0.534217263692483,0.06966773847802786,0.09999999999999998,0.9,0.925
palm,all,0.5380156782923706,0.06645230439442658,0.09999999999999998,0.9,0.925
palm,all,0.5391483804415469,0.0632368703108253,0.09999999999999998,0.9,0.925
palm,all,0.5413710399465335,0.06002143622722401,0.09999999999999998,0.9,0.925
palm,all,0.5473644461281529,0.055734190782422297,0.09999999999999998,0.9,0.925
palm,all,0.5506402749155939,0.05251875669882101,0.09999999999999998,0.9,0.925
palm,all,0.5517531363065153,0.04930332261521972,0.09999999999999998,0.9,0.925
palm,all,0.5572433143795539,0.04608788853161844,0.09999999999999998,0.9,0.925
palm,all,0.5597485551537267,0.04180064308681672,0.09999999999999998,0.9,0.925
palm,all,0.5651329157426052,0.03858520900321544,0.09999999999999998,0.9,0.9
palm,all,0.5675517702922142,0.03536977491961415,0.09999999999999998,0.9,0.9
palm,all,0.5715261611741564,0.03215434083601286,0.09999999999999998,0.9,0.9
palm,all,0.5744191750362468,0.027867095391211148,0.09999999999999998,0.9,0.9
palm,all,0.5768195598205734,0.02572347266881029,0.125,0.875,0.875
palm,all,0.5834325652746443,0.022508038585209004,0.125,0.875,0.875
palm,all,0.5931906468765155,0.01929260450160772,0.125,0.875,0.875
palm,all,0.5966306106318062,0.01607717041800643,0.125,0.875,0.875
palm,all,0.6124690879059632,0.012861736334405145,0.125,0.875,0.875
palm,all,0.6212472907354525,0.00964630225080386,0.125,0.875,0.875
palm,all,0.6393640326077641,0.007502679528403001,0.15000000000000002,0.85,0.85
palm,all,0.663824140382097,0.004287245444801715,0.17500000000000004,0.825,0.825
palm,all,0.6937735178560492,0.0010718113612004287,0.17500000000000004,0.825,0.825
palm,all,0.7083772336820027,0.0010718113612004287,0.25,0.75,0.75
palm,all,0.7489566839426778,0.0,0.30000000000000004,0.7,0.7
palm,all,0.7904407056579829,0.0,0.4,0.6,0.6
palm,all,0.8054481802446525,0.0,0.475,0.525,0.525
palm,all,0.8059931966611682,0.0,0.55,0.45,0.45
palm,all,0.8577781568207763,0.0,0.625,0.375,0.375
palm,all,0.8806948880294827,0.0,0.725,0.275,0.275
palm,all,0.8908655449514538,0.0,0.8,0.2,0.2
palm,all,0.9072880383511371,0.0,0.875,0.125,0.125
palm,all,0.9392765718149826,0.0,0.975,0.025,0.025
palm,real_only,0.16064216034771384,1.0,0.07499999999999996,0.925,1.0
palm,real_only,0.1831003811462751,0.9967845659163987,0.07499999999999996,0.925,1.0
palm,real_only,0.18932520791520385,0.9935691318327974,0.07499999999999996,0.925,1.0
palm,real_only,0.1934486474284071,0.9903536977491961,0.07499999999999996,0.925,1.0
palm,real_only,0.20306730285735083,0.9860664523043944,0.07499999999999996,0.925,1.0
palm,real_only,0.20764587584735683,0.9828510182207931,0.07499999999999996,0.925,1.0
palm,real_only,0.21110619965943245,0.9796355841371919,0.07499999999999996,0.925,1.0
palm,real_only,0.2137946821396242,0.9764201500535906,0.07499999999999996,0.925,1.0
palm,real_only,0.21753645080293157,0.9721329046087889,0.07499999999999996,0.925,1.0
palm,real_only,0.21984566928919685,0.9689174705251876,0.07499999999999996,0.925,1.0
palm,real_only,0.22495585848220148,0.9657020364415863,0.07499999999999996,0.925,1.0
palm,real_only,0.2273189741085685,0.962486602357985,0.07499999999999996,0.925,0.975
palm,real_only,0.2287849307730525,0.9581993569131833,0.07499999999999996,0.925,0.975
palm,real_only,0.22952425952180128,0.954983922829582,0.07499999999999996,0.925,0.975
palm,real_only,0.23166526913647978,0.9517684887459807,0.07499999999999996,0.925,0.975
palm,real_only,0.2336585724038926,0.9485530546623794,0.07499999999999996,0.925,0.975
palm,real_only,0.23586781701188236,0.9442658092175777,0.07499999999999996,0.925,0.975
palm,real_only,0.2384011451708779,0.9410503751339764,0.07499999999999996,0.925,0.975
palm,real_only,0.24102418029504905,0.9378349410503751,0.07499999999999996,0.925,0.975
palm,real_only,0.24215443622328836,0.9346195069667739,0.07499999999999996,0.925,0.975
palm,real_only,0.24480402420523228,0.9303322615219721,0.07499999999999996,0.925,0.975
palm,real_only,0.24541230060347174,0.9271168274383709,0.07499999999999996,0.925,0.975
palm,real_only,0.24625654843788852,0.9239013933547695,0.07499999999999996,0.925,0.975
palm,real_only,0.2479141725555587,0.9206859592711683,0.07499999999999996,0.925,0.975
palm,real_only,0.24987064210987806,0.9163987138263665,0.07499999999999996,0.925,0.975
palm,real_only,0.25152960085674153,0.9131832797427653,0.07499999999999996,0.925,0.975
palm,real_only,0.2544980618921701,0.909967845659164,0.07499999999999996,0.925,0.975
palm,real_only,0.2553389844689789,0.9067524115755627,0.07499999999999996,0.925,0.975
palm,real_only,0.2572327077026475,0.902465166130761,0.07499999999999996,0.925,0.975
palm,real_only,0.2575228796323439,0.8992497320471597,0.07499999999999996,0.925,0.975
palm,real_only,0.25856452632091437,0.8960342979635584,0.07499999999999996,0.925,0.975
palm,real_only,0.259917578472464,0.8928188638799571,0.07499999999999996,0.925,0.975
palm,real_only,0.2626866119428352,0.8885316184351554,0.07499999999999996,0.925,0.975
palm,real_only,0.2629424189751874,0.8853161843515541,0.07499999999999996,0.925,0.975
palm,real_only,0.26542692525368955,0.8821007502679529,0.07499999999999996,0.925,0.975
palm,real_only,0.266180774211701,0.8788853161843515,0.07499999999999996,0.925,0.975
palm,real_only,0.26887358178388604,0.8745980707395499,0.07499999999999996,0.925,0.975
palm,real_only,0.2708904033086995,0.8713826366559485,0.07499999999999996,0.925,0.975
palm,real_only,0.27155597551990684,0.8681672025723473,0.07499999999999996,0.925,0.975
palm,real_only,0.2733972889718174,0.864951768488746,0.07499999999999996,0.925,0.975
palm,real_only,0.2744531080307124,0.8606645230439443,0.07499999999999996,0.925,0.975
palm,real_only,0.27620112527464485,0.857449088960343,0.07499999999999996,0.925,0.975
palm,real_only,0.27719086067210574,0.8542336548767417,0.07499999999999996,0.925,0.975
palm,real_only,0.27833891915156217,0.8510182207931404,0.07499999999999996,0.925,0.975
palm,real_only,0.28041007246226335,0.8467309753483387,0.07499999999999996,0.925,0.975
palm,real_only,0.28190966803705586,0.8435155412647374,0.07499999999999996,0.925,0.975
palm,real_only,0.2822789986065428,0.8403001071811361,0.07499999999999996,0.925,0.975
palm,real_only,0.28263607320006867,0.8370846730975349,0.07499999999999996,0.925,0.975
palm,real_only,0.2845611486383822,0.8327974276527331,0.07499999999999996,0.925,0.975
palm,real_only,0.28603183981287233,0.8295819935691319,0.07499999999999996,0.925,0.975
palm,real_only,0.2865442148820506,0.8263665594855305,0.07499999999999996,0.925,0.975
palm,real_only,0.2875294052308861,0.8231511254019293,0.07499999999999996,0.925,0.975
palm,real_only,0.28825433929062516,0.8188638799571275,0.07499999999999996,0.925,0.975
palm,real_only,0.2906068301636703,0.8156484458735263,0.07499999999999996,0.925,0.975
palm,real_only,0.2928550435475568,0.812433011789925,0.07499999999999996,0.925,0.975
palm,real_only,0.2947067272015048,0.8092175777063236,0.07499999999999996,0.925,0.975
palm,real_only,0.29561256782686085,0.804930332261522,0.07499999999999996,0.925,0.975
palm,real_only,0.29848136268179254,0.8017148981779206,0.07499999999999996,0.925,0.975
palm,real_only,0.2992648834540311,0.7984994640943194,0.07499999999999996,0.925,0.975
palm,real_only,0.29988157253064573,0.7952840300107181,0.07499999999999996,0.925,0.975
palm,real_only,0.3011007635623174,0.7909967845659164,0.07499999999999996,0.925,0.975
palm,real_only,0.30122569165463753,0.7877813504823151,0.07499999999999996,0.925,0.975
palm,real_only,0.30178594920922014,0.7845659163987139,0.07499999999999996,0.925,0.975
palm,real_only,0.30230657993904536,0.7813504823151125,0.07499999999999996,0.925,0.975
palm,real_only,0.30265643482813354,0.7770632368703109,0.07499999999999996,0.925,0.975
palm,real_only,0.3031371714540134,0.7738478027867095,0.07499999999999996,0.925,0.975
palm,real_only,0.3042339500588377,0.7706323687031083,0.07499999999999996,0.925,0.975
palm,real_only,0.3049815804017223,0.767416934619507,0.07499999999999996,0.925,0.975
palm,real_only,0.30590960990477223,0.7631296891747053,0.07499999999999996,0.925,0.975
palm,real_only,0.30726828339336776,0.759914255091104,0.07499999999999996,0.925,0.975
palm,real_only,0.3081865472764723,0.7566988210075026,0.07499999999999996,0.925,0.975
palm,real_only,0.30931065359177623,0.7534833869239014,0.07499999999999996,0.925,0.975
palm,real_only,0.30978508901782464,0.7491961414790996,0.07499999999999996,0.925,0.975
palm,real_only,0.31080674223533994,0.7459807073954984,0.07499999999999996,0.925,0.975
palm,real_only,0.31166905184439864,0.7427652733118971,0.07499999999999996,0.925,0.975
palm,real_only,0.31354124387079885,0.7395498392282959,0.07499999999999996,0.925,0.975
palm,real_only,0.3159051234116509,0.7352625937834941,0.07499999999999996,0.925,0.975
palm,real_only,0.3169162701431779,0.7320471596998929,0.07499999999999996,0.925,0.975
palm,real_only,0.31713629550881195,0.7288317256162915,0.07499999999999996,0.925,0.975
palm,real_only,0.31769030894984274,0.7256162915326902,0.07499999999999996,0.925,0.975
palm,real_only,0.3182402948057568,0.7213290460878885,0.07499999999999996,0.925,0.975
palm,real_only,0.3188996021944571,0.7181136120042872,0.07499999999999996,0.925,0.975
palm,real_only,0.3207563945746086,0.714898177920686,0.07499999999999996,0.925,0.975
palm,real_only,0.3214594036185059,0.7116827438370846,0.07499999999999996,0.925,0.975
palm,real_only,0.32233277561105467,0.707395498392283,0.07499999999999996,0.925,0.975
palm,real_only,0.32335789372343043,0.7041800643086816,0.07499999999999996,0.925,0.975
palm,real_only,0.3238712169147641,0.7009646302250804,0.07499999999999996,0.925,0.975
palm,real_only,0.325156324845288,0.6977491961414791,0.07499999999999996,0.925,0.975
palm,real_only,0.32631245924647445,0.6934619506966774,0.07499999999999996,0.925,0.975
palm,real_only,0.32704155952588276,0.6902465166130761,0.07499999999999996,0.925,0.975
palm,real_only,0.32761588535093067,0.6870310825294748,0.07499999999999996,0.925,0.975
palm,real_only,0.32801064561040316,0.6838156484458735,0.07499999999999996,0.925,0.975
palm,real_only,0.32915722574037193,0.6795284030010718,0.07499999999999996,0.925,0.975
palm,real_only,0.3305495560737122,0.6763129689174705,0.07499999999999996,0.925,0.975
palm,real_only,0.3310180186892685,0.6730975348338692,0.07499999999999996,0.925,0.975
palm,real_only,0.3315688586834369,0.669882100750268,0.07499999999999996,0.925,0.975
palm,real_only,0.3326733643257246,0.6655948553054662,0.07499999999999996,0.925,0.975
palm,real_only,0.33356842551442745,0.662379421221865,0.07499999999999996,0.925,0.975
palm,real_only,0.33426096324948484,0.6591639871382636,0.07499999999999996,0.925,0.975
palm,real_only,0.3352729220588851,0.6559485530546624,0.07499999999999996,0.925,0.975
palm,real_only,0.33889736974944684,0.6516613076098606,0.07499999999999996,0.925,0.975
palm,real_only,0.33920754964287303,0.6484458735262594,0.07499999999999996,0.925,0.975
palm,real_only,0.34001007343320727,0.6452304394426581,0.07499999999999996,0.925,0.975
palm,real_only,0.3407832114222897,0.6420150053590568,0.07499999999999996,0.925,0.975
palm,real_only,0.3430255858323197,0.6377277599142551,0.07499999999999996,0.925,0.975
palm,real_only,0.3433834735323038,0.6345123258306538,0.07499999999999996,0.925,0.975
palm,real_only,0.3438937713268346,0.6312968917470525,0.07499999999999996,0.925,0.975
palm,real_only,0.3449267042846195,0.6280814576634512,0.07499999999999996,0.925,0.975
palm,real_only,0.34677173856071564,0.6237942122186495,0.07499999999999996,0.925,0.975
palm,real_only,0.3477152090972293,0.6205787781350482,0.07499999999999996,0.925,0.975
palm,real_only,0.3490124506710896,0.617363344051447,0.07499999999999996,0.925,0.95
palm,real_only,0.3493028558432287,0.6141479099678456,0.07499999999999996,0.925,0.95
palm,real_only,0.3498008646272382,0.609860664523044,0.07499999999999996,0.925,0.95
palm,real_only,0.35106636919919487,0.6066452304394426,0.07499999999999996,0.925,0.95
palm,real_only,0.35204557970981587,0.6034297963558414,0.07499999999999996,0.925,0.95
palm,real_only,0.3530211872570076,0.6002143622722401,0.07499999999999996,0.925,0.95
palm,real_only,0.3539497809724529,0.5959271168274384,0.07499999999999996,0.925,0.95
palm,real_only,0.35474311819483495,0.5937834941050375,0.07499999999999996,0.925,0.95
palm,real_only,0.35655006285041535,0.5905680600214362,0.07499999999999996,0.925,0.95
palm,real_only,0.35713449734387814,0.587352625937835,0.07499999999999996,0.925,0.95
palm,real_only,0.35721526485746097,0.5830653804930332,0.07499999999999996,0.925,0.95
palm,real_only,0.35803577387121976,0.579849946409432,0.07499999999999996,0.925,0.95
palm,real_only,0.3592621118648801,0.5766345123258306,0.07499999999999996,0.925,0.95
palm,real_only,0.3596196312236063,0.5734190782422294,0.07499999999999996,0.925,0.95
palm,real_only,0.3599360500647888,0.5691318327974276,0.07499999999999996,0.925,0.95
palm,real_only,0.361059474680363,0.5659163987138264,0.07499999999999996,0.925,0.95
palm,real_only,0.36138608189775023,0.5627009646302251,0.07499999999999996,0.925,0.95
palm,real_only,0.3618847078299088,0.5594855305466238,0.07499999999999996,0.925,0.95
palm,real_only,0.36293017825909346,0.5551982851018221,0.07499999999999996,0.925,0.95
palm,real_only,0.36407600731799533,0.5519828510182208,0.07499999999999996,0.925,0.95
palm,real_only,0.3650530508478441,0.5487674169346195,0.07499999999999996,0.925,0.95
palm,real_only,0.3658494291670635,0.5455519828510182,0.07499999999999996,0.925,0.95
palm,real_only,0.36699540452191143,0.5412647374062165,0.07499999999999996,0.925,0.95
palm,real_only,0.36780196818751987,0.5380493033226152,0.07499999999999996,0.925,0.95
palm,real_only,0.3684627360649799,0.5348338692390139,0.07499999999999996,0.925,0.95
palm,real_only,0.3687074185450867,0.5316184351554126,0.07499999999999996,0.925,0.95
palm,real_only,0.3695576035571654,0.5273311897106109,0.07499999999999996,0.925,0.95
palm,real_only,0.3711127012099689,0.5241157556270096,0.07499999999999996,0.925,0.95
palm,real_only,0.37194102586703004,0.5209003215434084,0.07499999999999996,0.925,0.95
palm,real_only,0.3731719811677708,0.5176848874598071,0.07499999999999996,0.925,0.95
palm,real_only,0.3735803734180063,0.5133976420150054,0.07499999999999996,0.925,0.95
palm,real_only,0.37414316504105977,0.5101822079314041,0.07499999999999996,0.925,0.95
palm,real_only,0.37451722344791216,0.5069667738478028,0.07499999999999996,0.925,0.95
palm,real_only,0.37634408054209834,0.5037513397642015,0.07499999999999996,0.925,0.95
palm,real_only,0.37709234833599037,0.4994640943193998,0.07499999999999996,0.925,0.95
palm,real_only,0.3780551248368036,0.4962486602357985,0.07499999999999996,0.925,0.95
palm,real_only,0.37889339456595406,0.4930332261521972,0.07499999999999996,0.925,0.95
palm,real_only,0.3816997917910009,0.48981779206859594,0.07499999999999996,0.925,0.95
palm,real_only,0.3825657660061669,0.4855305466237942,0.07499999999999996,0.925,0.95
palm,real_only,0.38278009918713707,0.48231511254019294,0.07499999999999996,0.925,0.95
palm,real_only,0.38460386200711416,0.4790996784565916,0.07499999999999996,0.925,0.95
palm,real_only,0.38527021282201074,0.4758842443729904,0.07499999999999996,0.925,0.95
palm,real_only,0.3861986294667751,0.4715969989281886,0.07499999999999996,0.925,0.95
palm,real_only,0.3868573295781961,0.4683815648445874,0.07499999999999996,0.925,0.95
palm,real_only,0.3876158387237788,0.46516613076098606,0.07499999999999996,0.925,0.95
palm,real_only,0.388216073982127,0.46195069667738475,0.07499999999999996,0.925,0.95
palm,real_only,0.3886513943220275,0.45766345123258306,0.07499999999999996,0.925,0.95
palm,real_only,0.38979630867740667,0.45444801714898175,0.07499999999999996,0.925,0.95
palm,real_only,0.3910189490253284,0.4512325830653805,0.07499999999999996,0.925,0.95
palm,real_only,0.39255472096773925,0.4480171489817792,0.07499999999999996,0.925,0.95
palm,real_only,0.3941111932021003,0.4437299035369775,0.07499999999999996,0.925,0.95
palm,real_only,0.3947569316660099,0.4405144694533762,0.07499999999999996,0.925,0.95
palm,real_only,0.3958830837089443,0.43729903536977494,0.07499999999999996,0.925,0.95
palm,real_only,0.39644158569553434,0.4340836012861736,0.07499999999999996,0.925,0.95
palm,real_only,0.398313310957374,0.42979635584137194,0.07499999999999996,0.925,0.95
palm,real_only,0.3996962717004735,0.4265809217577706,0.07499999999999996,0.925,0.95
palm,real_only,0.4001616393806062,0.42336548767416937,0.07499999999999996,0.925,0.95
palm,real_only,0.4005580223322597,0.42015005359056806,0.07499999999999996,0.925,0.95
palm,real_only,0.40163166626495017,0.41586280814576637,0.07499999999999996,0.925,0.95
palm,real_only,0.4022577176947926,0.41264737406216506,0.07499999999999996,0.925,0.95
palm,real_only,0.4028323594502056,0.40943193997856375,0.07499999999999996,0.925,0.95
palm,real_only,0.40436881635378097,0.4062165058949625,0.07499999999999996,0.925,0.95
palm,real_only,0.40544492410437877,0.40192926045016075,0.07499999999999996,0.925,0.95
palm,real_only,0.4058076412075688,0.3987138263665595,0.07499999999999996,0.925,0.95
palm,real_only,0.4063781643716422,0.3954983922829582,0.07499999999999996,0.925,0.95
palm,real_only,0.4084882526121296,0.39228295819935693,0.07499999999999996,0.925,0.95
palm,real_only,0.40981959035764154,0.3879957127545552,0.07499999999999996,0.925,0.95
palm,real_only,0.41113895536421785,0.38478027867095393,0.07499999999999996,0.925,0.95
palm,real_only,0.411967941893692,0.3815648445873526,0.07499999999999996,0.925,0.95
palm,real_only,0.412882388397264,0.3783494105037513,0.07499999999999996,0.925,0.95
palm,real_only,0.41378524597374355,0.3740621650589496,0.07499999999999996,0.925,0.95
palm,real_only,0.4157658568763867,0.3708467309753483,0.07499999999999996,0.925,0.95
palm,real_only,0.41613451355605097,0.36763129689174706,0.07499999999999996,0.925,0.95
palm,real_only,0.4175362047580879,0.36441586280814575,0.07499999999999996,0.925,0.95
palm,real_only,0.4205462599290374,0.36012861736334406,0.07499999999999996,0.925,0.95
palm,real_only,0.4211873896683557,0.3579849946409432,0.07499999999999996,0.925,0.95
palm,real_only,0.42172070930683836,0.35476956055734193,0.07499999999999996,0.925,0.95
palm,real_only,0.42354384295588343,0.3515541264737406,0.07499999999999996,0.925,0.95
palm,real_only,0.4253063616232009,0.3483386923901393,0.09999999999999998,0.9,0.925
palm,real_only,0.4262269351571517,0.34512325830653806,0.09999999999999998,0.9,0.925
palm,real_only,0.427748053966347,0.34190782422293675,0.09999999999999998,0.9,0.925
palm,real_only,0.4287098316292608,0.3386923901393355,0.09999999999999998,0.9,0.925
palm,real_only,0.4290825097491028,0.33440514469453375,0.09999999999999998,0.9,0.925
palm,real_only,0.4302046024028007,0.3311897106109325,0.09999999999999998,0.9,0.925
palm,real_only,0.43246244662541344,0.3279742765273312,0.09999999999999998,0.9,0.925
palm,real_only,0.4337336211851004,0.3247588424437299,0.09999999999999998,0.9,0.925
palm,real_only,0.43485775015501754,0.3204715969989282,0.09999999999999998,0.9,0.925
palm,real_only,0.43653893136036737,0.3172561629153269,0.09999999999999998,0.9,0.925
palm,real_only,0.43788978738293083,0.3140407288317256,0.09999999999999998,0.9,0.925
palm,real_only,0.4388915409948586,0.3108252947481243,0.09999999999999998,0.9,0.925
palm,real_only,0.44035794368044523,0.3065380493033226,0.09999999999999998,0.9,0.925
palm,real_only,0.4413709361688379,0.3033226152197213,0.09999999999999998,0.9,0.925
palm,real_only,0.44267463749341907,0.30010718113612006,0.09999999999999998,0.9,0.925
palm,real_only,0.44418549265807417,0.29689174705251875,0.09999999999999998,0.9,0.925
palm,real_only,0.44583992065477307,0.29260450160771706,0.09999999999999998,0.9,0.925
palm,real_only,0.4469553987154772,0.28938906752411575,0.09999999999999998,0.9,0.925
palm,real_only,0.44752619573008895,0.2861736334405145,0.09999999999999998,0.9,0.925
palm,real_only,0.4483592256637483,0.2829581993569132,0.09999999999999998,0.9,0.925
palm,real_only,0.4495543410129364,0.27867095391211144,0.09999999999999998,0.9,0.925
palm,real_only,0.44992713374850446,0.2754555198285102,0.09999999999999998,0.9,0.925
palm,real_only,0.4505661809250068,0.2722400857449089,0.09999999999999998,0.9,0.925
palm,real_only,0.4509526464548077,0.2690246516613076,0.09999999999999998,0.9,0.925
palm,real_only,0.4529420379872898,0.2647374062165059,0.09999999999999998,0.9,0.925
palm,real_only,0.45464764788442447,0.2615219721329046,0.09999999999999998,0.9,0.925
palm,real_only,0.45659810202700213,0.2583065380493033,0.09999999999999998,0.9,0.925
palm,real_only,0.4577289720500648,0.25509110396570206,0.09999999999999998,0.9,0.925
palm,real_only,0.4588413868173875,0.2508038585209003,0.09999999999999998,0.9,0.925
palm,real_only,0.4593654792512523,0.24758842443729903,0.09999999999999998,0.9,0.925
palm,real_only,0.4602038869116213,0.24437299035369775,0.09999999999999998,0.9,0.925
palm,real_only,0.4614633575447905,0.24115755627009647,0.09999999999999998,0.9,0.925
palm,real_only,0.4624533134209479,0.23687031082529475,0.09999999999999998,0.9,0.925
palm,real_only,0.4634212876968695,0.23365487674169347,0.09999999999999998,0.9,0.925
palm,real_only,0.4650620865911889,0.2304394426580922,0.09999999999999998,0.9,0.925
palm,real_only,0.4661979931715762,0.22722400857449088,0.09999999999999998,0.9,0.925
palm,real_only,0.47028215632603315,0.22293676312968919,0.09999999999999998,0.9,0.925
palm,real_only,0.47171512162842344,0.21972132904608788,0.09999999999999998,0.9,0.925
palm,real_only,0.4722959357510788,0.2165058949624866,0.09999999999999998,0.9,0.925
palm,real_only,0.4732954129078267,0.2132904608788853,0.09999999999999998,0.9,0.925
palm,real_only,0.47430440060132284,0.2090032154340836,0.09999999999999998,0.9,0.925
palm,real_only,0.4746586699264417,0.2057877813504823,0.09999999999999998,0.9,0.925
palm,real_only,0.47859530009715023,0.20257234726688103,0.09999999999999998,0.9,0.925
palm,real_only,0.4796366722684984,0.19935691318327975,0.09999999999999998,0.9,0.925
palm,real_only,0.4812258187478081,0.19506966773847803,0.09999999999999998,0.9,0.925
palm,real_only,0.4829388255172798,0.19185423365487675,0.09999999999999998,0.9,0.925
palm,real_only,0.48336853022177095,0.18863879957127547,0.09999999999999998,0.9,0.925
palm,real_only,0.48468479288986027,0.18542336548767416,0.09999999999999998,0.9,0.925
palm,real_only,0.4854061090322257,0.18113612004287247,0.09999999999999998,0.9,0.925
palm,real_only,0.4866050753260362,0.17792068595927116,0.09999999999999998,0.9,0.925
palm,real_only,0.48715500614551843,0.17470525187566988,0.09999999999999998,0.9,0.925
palm,real_only,0.4899249149036753,0.1714898177920686,0.09999999999999998,0.9,0.925
palm,real_only,0.4915768230483439,0.16720257234726688,0.09999999999999998,0.9,0.925
palm,real_only,0.4920222071153213,0.1639871382636656,0.09999999999999998,0.9,0.925
palm,real_only,0.49376279484690516,0.1607717041800643,0.09999999999999998,0.9,0.925
palm,real_only,0.49454933670542656,0.15755627009646303,0.09999999999999998,0.9,0.925
palm,real_only,0.49634127466290834,0.1532690246516613,0.09999999999999998,0.9,0.925
palm,real_only,0.4982967597864715,0.15005359056806003,0.09999999999999998,0.9,0.925
palm,real_only,0.49964926906404006,0.14683815648445875,0.09999999999999998,0.9,0.925
palm,real_only,0.5000440607329341,0.14362272240085744,0.09999999999999998,0.9,0.925
palm,real_only,0.500889423044852,0.13933547695605572,0.09999999999999998,0.9,0.925
palm,real_only,0.5025557232519298,0.13612004287245444,0.09999999999999998,0.9,0.925
palm,real_only,0.503561398930113,0.13290460878885316,0.09999999999999998,0.9,0.925
palm,real_only,0.5044731298973553,0.12968917470525188,0.09999999999999998,0.9,0.925
palm,real_only,0.5071776289426386,0.12540192926045016,0.09999999999999998,0.9,0.925
palm,real_only,0.5096853928250951,0.12218649517684887,0.09999999999999998,0.9,0.925
palm,real_only,0.5110174048403057,0.1189710610932476,0.09999999999999998,0.9,0.925
palm,real_only,0.5124959734607939,0.1157556270096463,0.09999999999999998,0.9,0.925
palm,real_only,0.514809089025898,0.11146838156484459,0.09999999999999998,0.9,0.925
palm,real_only,0.517126846403293,0.1082529474812433,0.09999999999999998,0.9,0.925
palm,real_only,0.5181654018308668,0.10503751339764202,0.09999999999999998,0.9,0.925
palm,real_only,0.5190352826945308,0.10182207931404073,0.09999999999999998,0.9,0.925
palm,real_only,0.5204467971557445,0.09753483386923902,0.09999999999999998,0.9,0.925
palm,real_only,0.5233346165993742,0.09431939978563773,0.09999999999999998,0.9,0.925
palm,real_only,0.5238874158063032,0.09110396570203644,0.09999999999999998,0.9,0.925
palm,real_only,0.5249539118092432,0.08788853161843516,0.09999999999999998,0.9,0.925
palm,real_only,0.5264353781351738,0.08360128617363344,0.09999999999999998,0.9,0.925
palm,real_only,0.5291351733694283,0.08038585209003216,0.09999999999999998,0.9,0.925
palm,real_only,0.5316479461820977,0.07717041800643087,0.09999999999999998,0.9,0.925
palm,real_only,0.533090641778134,0.07395498392282958,0.09999999999999998,0.9,0.925
palm,real_only,0.534217263692483,0.06966773847802786,0.09999999999999998,0.9,0.925
palm,real_only,0.5380156782923706,0.06645230439442658,0.09999999999999998,0.9,0.925
palm,real_only,0.5391483804415469,0.0632368703108253,0.09999999999999998,0.9,0.925
palm,real_only,0.5413710399465335,0.06002143622722401,0.09999999999999998,0.9,0.925
palm,real_only,0.5473644461281529,0.055734190782422297,0.09999999999999998,0.9,0.925
palm,real_only,0.5506402749155939,0.05251875669882101,0.09999999999999998,0.9,0.925
palm,real_only,0.5517531363065153,0.04930332261521972,0.09999999999999998,0.9,0.925
palm,real_only,0.5572433143795539,0.04608788853161844,0.09999999999999998,0.9,0.925
palm,real_only,0.5597485551537267,0.04180064308681672,0.09999999999999998,0.9,0.925
palm,real_only,0.5651329157426052,0.03858520900321544,0.09999999999999998,0.9,0.9
palm,real_only,0.5675517702922142,0.03536977491961415,0.09999999999999998,0.9,0.9
palm,real_only,0.5715261611741564,0.03215434083601286,0.09999999999999998,0.9,0.9
palm,real_only,0.5744191750362468,0.027867095391211148,0.09999999999999998,0.9,0.9
palm,real_only,0.5768195598205734,0.02572347266881029,0.125,0.875,0.875
palm,real_only,0.5834325652746443,0.022508038585209004,0.125,0.875,0.875
palm,real_only,0.5931906468765155,0.01929260450160772,0.125,0.875,0.875
palm,real_only,0.5966306106318062,0.01607717041800643,0.125,0.875,0.875
palm,real_only,0.6124690879059632,0.012861736334405145,0.125,0.875,0.875
palm,real_only,0.6212472907354525,0.00964630225080386,0.125,0.875,0.875
palm,real_only,0.6393640326077641,0.007502679528403001,0.15000000000000002,0.85,0.85
palm,real_only,0.663824140382097,0.004287245444801715,0.17500000000000004,0.825,0.825
palm,real_only,0.6937735178560492,0.0010718113612004287,0.17500000000000004,0.825,0.825
palm,real_only,0.7083772336820027,0.0010718113612004287,0.25,0.75,0.75
palm,real_only,0.7489566839426778,0.0,0.30000000000000004,0.7,0.7
palm,real_only,0.7904407056579829,0.0,0.4,0.6,0.6
palm,real_only,0.8054481802446525,0.0,0.475,0.525,0.525
palm,real_only,0.8059931966611682,0.0,0.55,0.45,0.45
palm,real_only,0.8577781568207763,0.0,0.625,0.375,0.375
palm,real_only,0.8806948880294827,0.0,0.725,0.275,0.275
palm,real_only,0.8908655449514538,0.0,0.8,0.2,0.2
palm,real_only,0.9072880383511371,0.0,0.875,0.125,0.125
palm,real_only,0.9392765718149826,0.0,0.975,0.025,0.025
dorsal,all,0.09476018581774875,1.0,0.0,1.0,1.0
dorsal,all,0.12418818848157176,0.9967845659163987,0.0,1.0,1.0
dorsal,all,0.13241503432454496,0.9935691318327974,0.0,1.0,1.0
dorsal,all,0.13874454966778416,0.9903536977491961,0.0,1.0,1.0
dorsal,all,0.15042059772639918,0.9860664523043944,0.0,1.0,1.0
dorsal,all,0.16056523077683998,0.9828510182207931,0.0,1.0,1.0
dorsal,all,0.17191746537638858,0.9796355841371919,0.0,1.0,1.0
dorsal,all,0.17542647595474703,0.9764201500535906,0.0,1.0,1.0
dorsal,all,0.18228756389628725,0.9721329046087889,0.0,1.0,1.0
dorsal,all,0.18843252531397478,0.9689174705251876,0.0,1.0,1.0
dorsal,all,0.19191906214318033,0.9657020364415863,0.0,1.0,1.0
dorsal,all,0.19349141193350577,0.962486602357985,0.0,1.0,1.0
dorsal,all,0.19913180087974558,0.9581993569131833,0.0,1.0,1.0
dorsal,all,0.20238763603042415,0.954983922829582,0.0,1.0,1.0
dorsal,all,0.20563088871134422,0.9517684887459807,0.0,1.0,1.0
dorsal,all,0.20960386664467834,0.9485530546623794,0.0,1.0,1.0
dorsal,all,0.2164401243336972,0.9442658092175777,0.0,1.0,1.0
dorsal,all,0.2182749322012971,0.9410503751339764,0.0,1.0,1.0
dorsal,all,0.2192932342977013,0.9378349410503751,0.0,1.0,1.0
dorsal,all,0.2211587794694234,0.9346195069667739,0.0,1.0,1.0
dorsal,all,0.22546254051266457,0.9303322615219721,0.0,1.0,1.0
dorsal,all,0.22994740070297842,0.9271168274383709,0.0,1.0,1.0
dorsal,all,0.2350930399100771,0.9239013933547695,0.0,1.0,1.0
dorsal,all,0.23718691098715097,0.9206859592711683,0.0,1.0,1.0
dorsal,all,0.24253939827696186,0.9163987138263665,0.0,1.0,1.0
dorsal,all,0.24448173641229665,0.9131832797427653,0.0,1.0,1.0
dorsal,all,0.2471161796457335,0.909967845659164,0.0,1.0,1.0
dorsal,all,0.24748847965969156,0.9067524115755627,0.0,1.0,1.0
dorsal,all,0.25389385853781377,0.902465166130761,0.0,1.0,1.0
dorsal,all,0.25525532590759314,0.8992497320471597,0.0,1.0,1.0
dorsal,all,0.2566303863557359,0.8960342979635584,0.0,1.0,1.0
dorsal,all,0.25739029329984897,0.8928188638799571,0.0,1.0,1.0
dorsal,all,0.259064901935465,0.8885316184351554,0.0,1.0,1.0
dorsal,all,0.25953745496197295,0.8853161843515541,0.0,1.0,1.0
dorsal,all,0.26046237932523253,0.8821007502679529,0.0,1.0,1.0
dorsal,all,0.26092287112797674,0.8788853161843515,0.0,1.0,1.0
dorsal,all,0.261151726228954,0.8745980707395499,0.0,1.0,1.0
dorsal,all,0.2619343410045376,0.8713826366559485,0.0,1.0,1.0
dorsal,all,0.2638815045092445,0.8681672025723473,0.0,1.0,1.0
dorsal,all,0.2652008287308995,0.864951768488746,0.0,1.0,1.0
dorsal,all,0.2669203222808712,0.8606645230439443,0.0,1.0,1.0
dorsal,all,0.2693587166172611,0.857449088960343,0.0,1.0,1.0
dorsal,all,0.2700720550306991,0.8542336548767417,0.0,1.0,1.0
dorsal,all,0.27078636593250255,0.8510182207931404,0.0,1.0,1.0
dorsal,all,0.27197990803053096,0.8467309753483387,0.0,1.0,1.0
dorsal,all,0.2740655972127001,0.8435155412647374,0.0,1.0,1.0
dorsal,all,0.2761042213012205,0.8403001071811361,0.0,1.0,1.0
dorsal,all,0.2775534774573084,0.8370846730975349,0.0,1.0,1.0
dorsal,all,0.28159791833200987,0.8327974276527331,0.0,1.0,1.0
dorsal,all,0.28247929137025,0.8295819935691319,0.0,1.0,1.0
dorsal,all,0.2835887774983369,0.8263665594855305,0.0,1.0,1.0
dorsal,all,0.28447119546913,0.8231511254019293,0.0,1.0,1.0
dorsal,all,0.2866733035991647,0.8188638799571275,0.0,1.0,1.0
dorsal,all,0.2889363868722573,0.8156484458735263,0.0,1.0,1.0
dorsal,all,0.2906635448272795,0.812433011789925,0.0,1.0,1.0
dorsal,all,0.29219509673743693,0.8092175777063236,0.0,1.0,1.0
dorsal,all,0.294849781943999,0.804930332261522,0.0,1.0,1.0
dorsal,all,0.2972880101637134,0.8017148981779206,0.0,1.0,1.0
dorsal,all,0.2983246156967394,0.7984994640943194,0.0,1.0,1.0
dorsal,all,0.2986137005814446,0.7952840300107181,0.0,1.0,1.0
dorsal,all,0.300448280584674,0.7909967845659164,0.0,1.0,1.0
dorsal,all,0.30121290695935066,0.7877813504823151,0.0,1.0,1.0
dorsal,all,0.30214883305759277,0.7845659163987139,0.0,1.0,1.0
dorsal,all,0.3035924260718637,0.7813504823151125,0.0,1.0,1.0
dorsal,all,0.30453981338865665,0.7770632368703109,0.0,1.0,1.0
dorsal,all,0.3050148572045455,0.7738478027867095,0.0,1.0,1.0
dorsal,all,0.30640525239041483,0.7706323687031083,0.0,1.0,1.0
dorsal,all,0.3075719524342286,0.767416934619507,0.0,1.0,1.0
dorsal,all,0.3090685586634717,0.7631296891747053,0.0,1.0,1.0
dorsal,all,0.3093933959209046,0.759914255091104,0.0,1.0,1.0
dorsal,all,0.3106229644917318,0.7566988210075026,0.0,1.0,1.0
dorsal,all,0.3119828581318993,0.7534833869239014,0.0,1.0,1.0
dorsal,all,0.3149048506472947,0.7491961414790996,0.0,1.0,1.0
dorsal,all,0.31573051163399934,0.7459807073954984,0.0,1.0,1.0
dorsal,all,0.31649660089400555,0.7427652733118971,0.0,1.0,1.0
dorsal,all,0.31723156568025646,0.7395498392282959,0.0,1.0,1.0
dorsal,all,0.31988817401762193,0.7352625937834941,0.0,1.0,1.0
dorsal,all,0.32124544864368487,0.7320471596998929,0.0,1.0,1.0
dorsal,all,0.3222616494230658,0.7288317256162915,0.0,1.0,1.0
dorsal,all,0.323507325540487,0.7256162915326902,0.0,1.0,1.0
dorsal,all,0.3240445106148483,0.7213290460878885,0.0,1.0,1.0
dorsal,all,0.3248383880735206,0.7181136120042872,0.0,1.0,1.0
dorsal,all,0.32588017577158523,0.714898177920686,0.0,1.0,1.0
dorsal,all,0.3264567986162233,0.7116827438370846,0.0,1.0,1.0
dorsal,all,0.3292877688287539,0.707395498392283,0.0,1.0,1.0
dorsal,all,0.33072410544485453,0.7041800643086816,0.0,1.0,1.0
dorsal,all,0.3326230292091559,0.7009646302250804,0.0,1.0,1.0
dorsal,all,0.3332549329260377,0.6977491961414791,0.0,1.0,1.0
dorsal,all,0.3345962631486229,0.6934619506966774,0.0,1.0,1.0
dorsal,all,0.33539155111356256,0.6902465166130761,0.0,1.0,1.0
dorsal,all,0.3364736522272635,0.6870310825294748,0.0,1.0,1.0
dorsal,all,0.3366581426388038,0.6838156484458735,0.0,1.0,1.0
dorsal,all,0.3377715479537835,0.6795284030010718,0.0,1.0,1.0
dorsal,all,0.3413126822891023,0.6763129689174705,0.0,1.0,1.0
dorsal,all,0.3415127036683344,0.6730975348338692,0.0,1.0,1.0
dorsal,all,0.3422139816715426,0.669882100750268,0.0,1.0,1.0
dorsal,all,0.34317939137774695,0.6655948553054662,0.0,1.0,1.0
dorsal,all,0.34368980855193065,0.662379421221865,0.0,1.0,1.0
dorsal,all,0.3447350368958547,0.6591639871382636,0.0,1.0,1.0
dorsal,all,0.3462900036168026,0.6559485530546624,0.0,1.0,1.0
dorsal,all,0.3473467400894376,0.6516613076098606,0.0,1.0,1.0
dorsal,all,0.34901137392568515,0.6484458735262594,0.0,1.0,1.0
dorsal,all,0.34964708211554213,0.6452304394426581,0.0,1.0,1.0
dorsal,all,0.3506738132720518,0.6420150053590568,0.0,1.0,1.0
dorsal,all,0.3518477008024733,0.6377277599142551,0.0,1.0,1.0
dorsal,all,0.352423703266452,0.6345123258306538,0.0,1.0,1.0
dorsal,all,0.3531394815761865,0.6312968917470525,0.0,1.0,1.0
dorsal,all,0.35382471076093946,0.6280814576634512,0.0,1.0,1.0
dorsal,all,0.3575389978618379,0.6237942122186495,0.0,1.0,1.0
dorsal,all,0.3587627003420732,0.6205787781350482,0.0,1.0,1.0
dorsal,all,0.3604216981274486,0.617363344051447,0.0,1.0,1.0
dorsal,all,0.36153441488479965,0.6141479099678456,0.0,1.0,1.0
dorsal,all,0.3627638479523545,0.609860664523044,0.0,1.0,1.0
dorsal,all,0.36332205963797415,0.6066452304394426,0.0,1.0,1.0
dorsal,all,0.36367922979975303,0.6034297963558414,0.0,1.0,1.0
dorsal,all,0.36458075778152654,0.6002143622722401,0.0,1.0,1.0
dorsal,all,0.36523585468712694,0.5959271168274384,0.0,1.0,1.0
dorsal,all,0.36737401965944194,0.5927116827438371,0.0,1.0,1.0
dorsal,all,0.36766048533270035,0.5894962486602358,0.0,1.0,1.0
dorsal,all,0.36907349516780663,0.5862808145766345,0.0,1.0,1.0
dorsal,all,0.3702567036740888,0.5819935691318328,0.0,1.0,1.0
dorsal,all,0.3717160133072976,0.5787781350482315,0.0,1.0,1.0
dorsal,all,0.37289457845468543,0.5755627009646302,0.0,1.0,1.0
dorsal,all,0.37325068168812947,0.572347266881029,0.0,1.0,1.0
dorsal,all,0.3753269350477739,0.5680600214362272,0.0,1.0,1.0
dorsal,all,0.3769880804076401,0.564844587352626,0.0,1.0,1.0
dorsal,all,0.37753558748043736,0.5616291532690246,0.0,1.0,1.0
dorsal,all,0.37788665616115524,0.5584137191854234,0.0,1.0,1.0
dorsal,all,0.3791678223719579,0.5541264737406216,0.0,1.0,1.0
dorsal,all,0.38014958557216183,0.5509110396570204,0.0,1.0,1.0
dorsal,all,0.38025989005141725,0.5476956055734191,0.0,1.0,1.0
dorsal,all,0.3811596876557326,0.5444801714898178,0.0,1.0,1.0
dorsal,all,0.3824819402615124,0.5401929260450161,0.0,1.0,1.0
dorsal,all,0.38319873410388194,0.5369774919614148,0.0,1.0,1.0
dorsal,all,0.3837058779653404,0.5337620578778135,0.0,1.0,1.0
dorsal,all,0.3842612990947144,0.5305466237942122,0.0,1.0,1.0
dorsal,all,0.38595167851364287,0.5262593783494105,0.0,1.0,1.0
dorsal,all,0.3871605361149816,0.5230439442658092,0.0,1.0,1.0
dorsal,all,0.3875857303128242,0.5198285101822079,0.0,1.0,1.0
dorsal,all,0.3889516224326639,0.5166130760986066,0.0,1.0,1.0
dorsal,all,0.39043059304661165,0.5123258306538049,0.0,1.0,1.0
dorsal,all,0.390888757466082,0.5091103965702036,0.0,1.0,1.0
dorsal,all,0.3919413853159519,0.5058949624866024,0.0,1.0,1.0
dorsal,all,0.3926343498928233,0.5026795284030011,0.0,1.0,1.0
dorsal,all,0.3936754262498938,0.4983922829581994,0.0,1.0,1.0
dorsal,all,0.39529663390584985,0.49517684887459806,0.0,1.0,1.0
dorsal,all,0.3960281037314316,0.4919614147909968,0.0,1.0,1.0
dorsal,all,0.39635040141918076,0.4887459807073955,0.0,1.0,1.0
dorsal,all,0.39850337673445346,0.4844587352625938,0.0,1.0,1.0
dorsal,all,0.40004244473859557,0.4812433011789925,0.0,1.0,1.0
dorsal,all,0.40138959161008075,0.4780278670953912,0.0,1.0,1.0
dorsal,all,0.40301955153390756,0.47481243301178994,0.0,1.0,1.0
dorsal,all,0.404434331292277,0.4705251875669882,0.0,1.0,1.0
dorsal,all,0.40494676638708427,0.46730975348338694,0.0,1.0,1.0
dorsal,all,0.4071378238481361,0.4640943193997856,0.0,1.0,1.0
dorsal,all,0.4076644820976143,0.4608788853161844,0.0,1.0,1.0
dorsal,all,0.4083784110508697,0.4565916398713826,0.0,1.0,1.0
dorsal,all,0.40876018323698493,0.4533762057877814,0.0,1.0,1.0
dorsal,all,0.40965574610274136,0.45016077170418006,0.0,1.0,1.0
dorsal,all,0.4107767427107255,0.44694533762057875,0.0,1.0,1.0
dorsal,all,0.41148281174843326,0.44265809217577706,0.0,1.0,1.0
dorsal,all,0.41187660663074177,0.43944265809217575,0.0,1.0,1.0
dorsal,all,0.41273257418489,0.4362272240085745,0.0,1.0,1.0
dorsal,all,0.4131532574245401,0.4330117899249732,0.0,1.0,1.0
dorsal,all,0.4141440760857566,0.4287245444801715,0.0,1.0,1.0
dorsal,all,0.41511091444005543,0.4255091103965702,0.0,1.0,1.0
dorsal,all,0.41635151209586974,0.42229367631296894,0.0,1.0,1.0
dorsal,all,0.4173338130840853,0.4190782422293676,0.0,1.0,1.0
dorsal,all,0.41822637494584136,0.41479099678456594,0.0,1.0,1.0
dorsal,all,0.4189316171242611,0.4115755627009646,0.0,1.0,1.0
dorsal,all,0.4202057726128451,0.40836012861736337,0.0,1.0,1.0
dorsal,all,0.42116072415177686,0.40514469453376206,0.0,1.0,1.0
dorsal,all,0.42194449363481457,0.4008574490889603,0.0,1.0,1.0
dorsal,all,0.4237292442364151,0.39764201500535906,0.0,1.0,1.0
dorsal,all,0.4246171472380228,0.39442658092175775,0.0,1.0,1.0
dorsal,all,0.4249578452142304,0.3912111468381565,0.0,1.0,1.0
dorsal,all,0.42615292016561745,0.38692390139335475,0.0,1.0,1.0
dorsal,all,0.4270535949739568,0.3837084673097535,0.0,1.0,1.0
dorsal,all,0.4278986513199786,0.3804930332261522,0.0,1.0,1.0
dorsal,all,0.42848572004871543,0.37727759914255093,0.0,1.0,1.0
dorsal,all,0.4297913107564575,0.3729903536977492,0.0,1.0,1.0
dorsal,all,0.43046516929531575,0.36977491961414793,0.0,1.0,1.0
dorsal,all,0.43177878843956863,0.3665594855305466,0.0,1.0,1.0
dorsal,all,0.4331291193821818,0.3633440514469453,0.0,1.0,1.0
dorsal,all,0.43436985109617177,0.3590568060021436,0.0,1.0,1.0
dorsal,all,0.4349335717813425,0.3558413719185423,0.0,1.0,1.0
dorsal,all,0.4358870551370744,0.35262593783494106,0.0,1.0,1.0
dorsal,all,0.43698154472515705,0.34941050375133975,0.0,1.0,1.0
dorsal,all,0.43806177407421576,0.34512325830653806,0.0,1.0,1.0
dorsal,all,0.43871262204316164,0.34190782422293675,0.0,1.0,1.0
dorsal,all,0.4398774525816147,0.3386923901393355,0.0,1.0,1.0
dorsal,all,0.4402697283851099,0.3354769560557342,0.0,1.0,1.0
dorsal,all,0.44136168862962943,0.3311897106109325,0.0,1.0,1.0
dorsal,all,0.4430656206044288,0.3279742765273312,0.0,1.0,1.0
dorsal,all,0.44492316179369035,0.3247588424437299,0.0,1.0,1.0
dorsal,all,0.44568342330512956,0.3215434083601286,0.0,1.0,1.0
dorsal,all,0.4468759908248039,0.3172561629153269,0.0,1.0,1.0
dorsal,all,0.44758136861528197,0.3140407288317256,0.0,1.0,1.0
dorsal,all,0.4487455610437159,0.3108252947481243,0.0,1.0,1.0
dorsal,all,0.44938505109197535,0.30760986066452306,0.0,1.0,1.0
dorsal,all,0.45084432155340665,0.3033226152197213,0.0,1.0,1.0
dorsal,all,0.453366169342391,0.30010718113612006,0.0,1.0,1.0
dorsal,all,0.45394760996290046,0.29689174705251875,0.0,1.0,1.0
dorsal,all,0.45491360604562925,0.2947481243301179,0.025000000000000022,0.975,0.975
dorsal,all,0.45684641397974934,0.2904608788853162,0.025000000000000022,0.975,0.975
dorsal,all,0.4603237257517484,0.2872454448017149,0.025000000000000022,0.975,0.975
dorsal,all,0.46147768525089405,0.2840300107181136,0.025000000000000022,0.975,0.975
dorsal,all,0.4625893516163565,0.2808145766345123,0.025000000000000022,0.975,0.975
dorsal,all,0.46386163834616423,0.2765273311897106,0.025000000000000022,0.975,0.975
dorsal,all,0.46443620937219793,0.2733118971061093,0.025000000000000022,0.975,0.975
dorsal,all,0.4672500452511556,0.27009646302250806,0.025000000000000022,0.975,0.975
dorsal,all,0.46959150091129376,0.26688102893890675,0.025000000000000022,0.975,0.975
dorsal,all,0.47080171975328655,0.26259378349410506,0.025000000000000022,0.975,0.975
dorsal,all,0.47175799061455403,0.25937834941050375,0.025000000000000022,0.975,0.975
dorsal,all,0.4721656281002269,0.25616291532690244,0.025000000000000022,0.975,0.975
dorsal,all,0.47327304465244613,0.2529474812433012,0.025000000000000022,0.975,0.975
dorsal,all,0.47453381455286936,0.24866023579849947,0.025000000000000022,0.975,0.975
dorsal,all,0.4753557181772151,0.2454448017148982,0.025000000000000022,0.975,0.975
dorsal,all,0.4763612730009613,0.2422293676312969,0.025000000000000022,0.975,0.975
dorsal,all,0.4777937581152871,0.2390139335476956,0.025000000000000022,0.975,0.975
dorsal,all,0.4781095657257116,0.2347266881028939,0.025000000000000022,0.975,0.975
dorsal,all,0.4785420189345981,0.2315112540192926,0.025000000000000022,0.975,0.975
dorsal,all,0.4794982184773446,0.2282958199356913,0.025000000000000022,0.975,0.975
dorsal,all,0.4815563494860259,0.22508038585209003,0.025000000000000022,0.975,0.975
dorsal,all,0.48373359144555783,0.2207931404072883,0.025000000000000022,0.975,0.975
dorsal,all,0.4856845748696814,0.21757770632368703,0.025000000000000022,0.975,0.975
dorsal,all,0.48631110009212764,0.21436227224008575,0.025000000000000022,0.975,0.975
dorsal,all,0.48680975254058434,0.21114683815648447,0.025000000000000022,0.975,0.975
dorsal,all,0.4895676378535369,0.20685959271168275,0.025000000000000022,0.975,0.975
dorsal,all,0.49032319418250325,0.20364415862808147,0.025000000000000022,0.975,0.975
dorsal,all,0.49135703959643207,0.20042872454448016,0.025000000000000022,0.975,0.975
dorsal,all,0.4921769305087482,0.19721329046087888,0.025000000000000022,0.975,0.975
dorsal,all,0.49434879407428245,0.19292604501607716,0.025000000000000022,0.975,0.975
dorsal,all,0.4962726356007622,0.18971061093247588,0.025000000000000022,0.975,0.975
dorsal,all,0.4979287598501685,0.1864951768488746,0.025000000000000022,0.975,0.975
dorsal,all,0.5013396243182814,0.1832797427652733,0.025000000000000022,0.975,0.975
dorsal,all,0.5028987038345705,0.1789924973204716,0.025000000000000022,0.975,0.975
dorsal,all,0.5037948751862096,0.1757770632368703,0.025000000000000022,0.975,0.975
dorsal,all,0.5044342648862573,0.17256162915326903,0.025000000000000022,0.975,0.975
dorsal,all,0.5049409633533909,0.16934619506966775,0.025000000000000022,0.975,0.975
dorsal,all,0.5081848044412509,0.16505894962486603,0.025000000000000022,0.975,0.975
dorsal,all,0.5088954243885673,0.16184351554126475,0.025000000000000022,0.975,0.975
dorsal,all,0.5099343104750594,0.15862808145766344,0.025000000000000022,0.975,0.975
dorsal,all,0.5116425809159267,0.15541264737406216,0.025000000000000022,0.975,0.975
dorsal,all,0.5152629564372059,0.15112540192926044,0.025000000000000022,0.975,0.975
dorsal,all,0.5225563578506034,0.14790996784565916,0.025000000000000022,0.975,0.975
dorsal,all,0.5289519993316816,0.14469453376205788,0.025000000000000022,0.975,0.975
dorsal,all,0.5299656113792188,0.1414790996784566,0.025000000000000022,0.975,0.975
dorsal,all,0.5314670028347566,0.13719185423365488,0.025000000000000022,0.975,0.975
dorsal,all,0.5343986530732104,0.1339764201500536,0.025000000000000022,0.975,0.975
dorsal,all,0.5361617300064256,0.1307609860664523,0.025000000000000022,0.975,0.975
dorsal,all,0.5369772524758568,0.12754555198285103,0.025000000000000022,0.975,0.975
dorsal,all,0.5381200840063154,0.1232583065380493,0.025000000000000022,0.975,0.975
dorsal,all,0.538591914698678,0.12004287245444802,0.025000000000000022,0.975,0.975
dorsal,all,0.5411977908612845,0.11789924973204716,0.050000000000000044,0.95,0.95
dorsal,all,0.543044896615148,0.11468381564844587,0.050000000000000044,0.95,0.95
dorsal,all,0.5475243830082266,0.11039657020364416,0.050000000000000044,0.95,0.95
dorsal,all,0.5499347825315559,0.10718113612004287,0.050000000000000044,0.95,0.95
dorsal,all,0.5523375632583476,0.10396570203644159,0.050000000000000044,0.95,0.95
dorsal,all,0.5551807124814842,0.1007502679528403,0.050000000000000044,0.95,0.95
dorsal,all,0.5590215444461022,0.09646302250803858,0.050000000000000044,0.95,0.95
dorsal,all,0.5629707099145231,0.0932475884244373,0.050000000000000044,0.95,0.95
dorsal,all,0.5668671814771971,0.09110396570203644,0.07499999999999996,0.925,0.925
dorsal,all,0.5698310043434818,0.08788853161843516,0.07499999999999996,0.925,0.925
dorsal,all,0.5745756477990499,0.08360128617363344,0.07499999999999996,0.925,0.925
dorsal,all,0.5780164942569669,0.08038585209003216,0.07499999999999996,0.925,0.925
dorsal,all,0.582206037186971,0.07717041800643087,0.07499999999999996,0.925,0.925
dorsal,all,0.5853542019814987,0.07395498392282958,0.07499999999999996,0.925,0.925
dorsal,all,0.5875611311374878,0.06966773847802786,0.07499999999999996,0.925,0.925
dorsal,all,0.5890211695898091,0.06645230439442658,0.07499999999999996,0.925,0.925
dorsal,all,0.5908280548913369,0.0632368703108253,0.07499999999999996,0.925,0.925
dorsal,all,0.594963883745917,0.06002143622722401,0.07499999999999996,0.925,0.925
dorsal,all,0.5986266746091239,0.055734190782422297,0.07499999999999996,0.925,0.925
dorsal,all,0.5996640310525765,0.05251875669882101,0.07499999999999996,0.925,0.925
dorsal,all,0.60122028685088,0.04930332261521972,0.07499999999999996,0.925,0.925
dorsal,all,0.6051187976739982,0.04608788853161844,0.07499999999999996,0.925,0.925
dorsal,all,0.61596688806106,0.04180064308681672,0.07499999999999996,0.925,0.925
dorsal,all,0.6218748830117908,0.03858520900321544,0.07499999999999996,0.925,0.925
dorsal,all,0.6245505861816629,0.03536977491961415,0.07499999999999996,0.925,0.925
dorsal,all,0.6278166653185893,0.03215434083601286,0.07499999999999996,0.925,0.925
dorsal,all,0.635075941306087,0.027867095391211148,0.07499999999999996,0.925,0.925
dorsal,all,0.6434276750024953,0.02465166130760986,0.07499999999999996,0.925,0.925
dorsal,all,0.6460848230665848,0.021436227224008574,0.07499999999999996,0.925,0.925
dorsal,all,0.6578107555079307,0.01822079314040729,0.07499999999999996,0.925,0.925
dorsal,all,0.6655105447009488,0.013933547695605574,0.07499999999999996,0.925,0.925
dorsal,all,0.670278189264874,0.010718113612004287,0.07499999999999996,0.925,0.925
dorsal,all,0.6878753137266316,0.007502679528403001,0.07499999999999996,0.925,0.925
dorsal,all,0.6962247962299598,0.004287245444801715,0.07499999999999996,0.925,0.925
dorsal,all,0.7085067380012855,0.0010718113612004287,0.09999999999999998,0.9,0.9
dorsal,all,0.7293702571161694,0.0,0.15000000000000002,0.85,0.85
dorsal,all,0.7503470372580925,0.0,0.22499999999999998,0.775,0.775
dorsal,all,0.7746075641055721,0.0,0.30000000000000004,0.7,0.7
dorsal,all,0.7941273505618875,0.0,0.4,0.6,0.6
dorsal,all,0.8196974380982637,0.0,0.475,0.525,0.525
dorsal,all,0.8384059036784193,0.0,0.55,0.45,0.45
dorsal,all,0.8476524866688113,0.0,0.625,0.375,0.375
dorsal,all,0.8848475284989175,0.0,0.725,0.275,0.275
dorsal,all,0.9004686654372192,0.0,0.8,0.2,0.2
dorsal,all,0.9251375718176815,0.0,0.875,0.125,0.125
dorsal,all,0.9476585331136093,0.0,0.975,0.025,0.025
dorsal,real_only,0.09476018581774875,1.0,0.0,1.0,1.0
dorsal,real_only,0.12418818848157176,0.9967845659163987,0.0,1.0,1.0
dorsal,real_only,0.13241503432454496,0.9935691318327974,0.0,1.0,1.0
dorsal,real_only,0.13874454966778416,0.9903536977491961,0.0,1.0,1.0
dorsal,real_only,0.15042059772639918,0.9860664523043944,0.0,1.0,1.0
dorsal,real_only,0.16056523077683998,0.9828510182207931,0.0,1.0,1.0
dorsal,real_only,0.17191746537638858,0.9796355841371919,0.0,1.0,1.0
dorsal,real_only,0.17542647595474703,0.9764201500535906,0.0,1.0,1.0
dorsal,real_only,0.18228756389628725,0.9721329046087889,0.0,1.0,1.0
dorsal,real_only,0.18843252531397478,0.9689174705251876,0.0,1.0,1.0
dorsal,real_only,0.19191906214318033,0.9657020364415863,0.0,1.0,1.0
dorsal,real_only,0.19349141193350577,0.962486602357985,0.0,1.0,1.0
dorsal,real_only,0.19913180087974558,0.9581993569131833,0.0,1.0,1.0
dorsal,real_only,0.20238763603042415,0.954983922829582,0.0,1.0,1.0
dorsal,real_only,0.20563088871134422,0.9517684887459807,0.0,1.0,1.0
dorsal,real_only,0.20960386664467834,0.9485530546623794,0.0,1.0,1.0
dorsal,real_only,0.2164401243336972,0.9442658092175777,0.0,1.0,1.0
dorsal,real_only,0.2182749322012971,0.9410503751339764,0.0,1.0,1.0
dorsal,real_only,0.2192932342977013,0.9378349410503751,0.0,1.0,1.0
dorsal,real_only,0.2211587794694234,0.9346195069667739,0.0,1.0,1.0
dorsal,real_only,0.22546254051266457,0.9303322615219721,0.0,1.0,1.0
dorsal,real_only,0.22994740070297842,0.9271168274383709,0.0,1.0,1.0
dorsal,real_only,0.2350930399100771,0.9239013933547695,0.0,1.0,1.0
dorsal,real_only,0.23718691098715097,0.9206859592711683,0.0,1.0,1.0
dorsal,real_only,0.24253939827696186,0.9163987138263665,0.0,1.0,1.0
dorsal,real_only,0.24448173641229665,0.9131832797427653,0.0,1.0,1.0
dorsal,real_only,0.2471161796457335,0.909967845659164,0.0,1.0,1.0
dorsal,real_only,0.24748847965969156,0.9067524115755627,0.0,1.0,1.0
dorsal,real_only,0.25389385853781377,0.902465166130761,0.0,1.0,1.0
dorsal,real_only,0.25525532590759314,0.8992497320471597,0.0,1.0,1.0
dorsal,real_only,0.2566303863557359,0.8960342979635584,0.0,1.0,1.0
dorsal,real_only,0.25739029329984897,0.8928188638799571,0.0,1.0,1.0
dorsal,real_only,0.259064901935465,0.8885316184351554,0.0,1.0,1.0
dorsal,real_only,0.25953745496197295,0.8853161843515541,0.0,1.0,1.0
dorsal,real_only,0.26046237932523253,0.8821007502679529,0.0,1.0,1.0
dorsal,real_only,0.26092287112797674,0.8788853161843515,0.0,1.0,1.0
dorsal,real_only,0.261151726228954,0.8745980707395499,0.0,1.0,1.0
dorsal,real_only,0.2619343410045376,0.8713826366559485,0.0,1.0,1.0
dorsal,real_only,0.2638815045092445,0.8681672025723473,0.0,1.0,1.0
dorsal,real_only,0.2652008287308995,0.864951768488746,0.0,1.0,1.0
dorsal,real_only,0.2669203222808712,0.8606645230439443,0.0,1.0,1.0
dorsal,real_only,0.2693587166172611,0.857449088960343,0.0,1.0,1.0
dorsal,real_only,0.2700720550306991,0.8542336548767417,0.0,1.0,1.0
dorsal,real_only,0.27078636593250255,0.8510182207931404,0.0,1.0,1.0
dorsal,real_only,0.27197990803053096,0.8467309753483387,0.0,1.0,1.0
dorsal,real_only,0.2740655972127001,0.8435155412647374,0.0,1.0,1.0
dorsal,real_only,0.2761042213012205,0.8403001071811361,0.0,1.0,1.0
dorsal,real_only,0.2775534774573084,0.8370846730975349,0.0,1.0,1.0
dorsal,real_only,0.28159791833200987,0.8327974276527331,0.0,1.0,1.0
dorsal,real_only,0.28247929137025,0.8295819935691319,0.0,1.0,1.0
dorsal,real_only,0.2835887774983369,0.8263665594855305,0.0,1.0,1.0
dorsal,real_only,0.28447119546913,0.8231511254019293,0.0,1.0,1.0
dorsal,real_only,0.2866733035991647,0.8188638799571275,0.0,1.0,1.0
dorsal,real_only,0.2889363868722573,0.8156484458735263,0.0,1.0,1.0
dorsal,real_only,0.2906635448272795,0.812433011789925,0.0,1.0,1.0
dorsal,real_only,0.29219509673743693,0.8092175777063236,0.0,1.0,1.0
dorsal,real_only,0.294849781943999,0.804930332261522,0.0,1.0,1.0
dorsal,real_only,0.2972880101637134,0.8017148981779206,0.0,1.0,1.0
dorsal,real_only,0.2983246156967394,0.7984994640943194,0.0,1.0,1.0
dorsal,real_only,0.2986137005814446,0.7952840300107181,0.0,1.0,1.0
dorsal,real_only,0.300448280584674,0.7909967845659164,0.0,1.0,1.0
dorsal,real_only,0.30121290695935066,0.7877813504823151,0.0,1.0,1.0
dorsal,real_only,0.30214883305759277,0.7845659163987139,0.0,1.0,1.0
dorsal,real_only,0.3035924260718637,0.7813504823151125,0.0,1.0,1.0
dorsal,real_only,0.30453981338865665,0.7770632368703109,0.0,1.0,1.0
dorsal,real_only,0.3050148572045455,0.7738478027867095,0.0,1.0,1.0
dorsal,real_only,0.30640525239041483,0.7706323687031083,0.0,1.0,1.0
dorsal,real_only,0.3075719524342286,0.767416934619507,0.0,1.0,1.0
dorsal,real_only,0.3090685586634717,0.7631296891747053,0.0,1.0,1.0
dorsal,real_only,0.3093933959209046,0.759914255091104,0.0,1.0,1.0
dorsal,real_only,0.3106229644917318,0.7566988210075026,0.0,1.0,1.0
dorsal,real_only,0.3119828581318993,0.7534833869239014,0.0,1.0,1.0
dorsal,real_only,0.3149048506472947,0.7491961414790996,0.0,1.0,1.0
dorsal,real_only,0.31573051163399934,0.7459807073954984,0.0,1.0,1.0
dorsal,real_only,0.31649660089400555,0.7427652733118971,0.0,1.0,1.0
dorsal,real_only,0.31723156568025646,0.7395498392282959,0.0,1.0,1.0
dorsal,real_only,0.31988817401762193,0.7352625937834941,0.0,1.0,1.0
dorsal,real_only,0.32124544864368487,0.7320471596998929,0.0,1.0,1.0
dorsal,real_only,0.3222616494230658,0.7288317256162915,0.0,1.0,1.0
dorsal,real_only,0.323507325540487,0.7256162915326902,0.0,1.0,1.0
dorsal,real_only,0.3240445106148483,0.7213290460878885,0.0,1.0,1.0
dorsal,real_only,0.3248383880735206,0.7181136120042872,0.0,1.0,1.0
dorsal,real_only,0.32588017577158523,0.714898177920686,0.0,1.0,1.0
dorsal,real_only,0.3264567986162233,0.7116827438370846,0.0,1.0,1.0
dorsal,real_only,0.3292877688287539,0.707395498392283,0.0,1.0,1.0
dorsal,real_only,0.33072410544485453,0.7041800643086816,0.0,1.0,1.0
dorsal,real_only,0.3326230292091559,0.7009646302250804,0.0,1.0,1.0
dorsal,real_only,0.3332549329260377,0.6977491961414791,0.0,1.0,1.0
dorsal,real_only,0.3345962631486229,0.6934619506966774,0.0,1.0,1.0
dorsal,real_only,0.33539155111356256,0.6902465166130761,0.0,1.0,1.0
dorsal,real_only,0.3364736522272635,0.6870310825294748,0.0,1.0,1.0
dorsal,real_only,0.3366581426388038,0.6838156484458735,0.0,1.0,1.0
dorsal,real_only,0.3377715479537835,0.6795284030010718,0.0,1.0,1.0
dorsal,real_only,0.3413126822891023,0.6763129689174705,0.0,1.0,1.0
dorsal,real_only,0.3415127036683344,0.6730975348338692,0.0,1.0,1.0
dorsal,real_only,0.3422139816715426,0.669882100750268,0.0,1.0,1.0
dorsal,real_only,0.34317939137774695,0.6655948553054662,0.0,1.0,1.0
dorsal,real_only,0.34368980855193065,0.662379421221865,0.0,1.0,1.0
dorsal,real_only,0.3447350368958547,0.6591639871382636,0.0,1.0,1.0
dorsal,real_only,0.3462900036168026,0.6559485530546624,0.0,1.0,1.0
dorsal,real_only,0.3473467400894376,0.6516613076098606,0.0,1.0,1.0
dorsal,real_only,0.34901137392568515,0.6484458735262594,0.0,1.0,1.0
dorsal,real_only,0.34964708211554213,0.6452304394426581,0.0,1.0,1.0
dorsal,real_only,0.3506738132720518,0.6420150053590568,0.0,1.0,1.0
dorsal,real_only,0.3518477008024733,0.6377277599142551,0.0,1.0,1.0
dorsal,real_only,0.352423703266452,0.6345123258306538,0.0,1.0,1.0
dorsal,real_only,0.3531394815761865,0.6312968917470525,0.0,1.0,1.0
dorsal,real_only,0.35382471076093946,0.6280814576634512,0.0,1.0,1.0
dorsal,real_only,0.3575389978618379,0.6237942122186495,0.0,1.0,1.0
dorsal,real_only,0.3587627003420732,0.6205787781350482,0.0,1.0,1.0
dorsal,real_only,0.3604216981274486,0.617363344051447,0.0,1.0,1.0
dorsal,real_only,0.36153441488479965,0.6141479099678456,0.0,1.0,1.0
dorsal,real_only,0.3627638479523545,0.609860664523044,0.0,1.0,1.0
dorsal,real_only,0.36332205963797415,0.6066452304394426,0.0,1.0,1.0
dorsal,real_only,0.36367922979975303,0.6034297963558414,0.0,1.0,1.0
dorsal,real_only,0.36458075778152654,0.6002143622722401,0.0,1.0,1.0
dorsal,real_only,0.36523585468712694,0.5959271168274384,0.0,1.0,1.0
dorsal,real_only,0.36737401965944194,0.5927116827438371,0.0,1.0,1.0
dorsal,real_only,0.36766048533270035,0.5894962486602358,0.0,1.0,1.0
dorsal,real_only,0.36907349516780663,0.5862808145766345,0.0,1.0,1.0
dorsal,real_only,0.3702567036740888,0.5819935691318328,0.0,1.0,1.0
dorsal,real_only,0.3717160133072976,0.5787781350482315,0.0,1.0,1.0
dorsal,real_only,0.37289457845468543,0.5755627009646302,0.0,1.0,1.0
dorsal,real_only,0.37325068168812947,0.572347266881029,0.0,1.0,1.0
dorsal,real_only,0.3753269350477739,0.5680600214362272,0.0,1.0,1.0
dorsal,real_only,0.3769880804076401,0.564844587352626,0.0,1.0,1.0
dorsal,real_only,0.37753558748043736,0.5616291532690246,0.0,1.0,1.0
dorsal,real_only,0.37788665616115524,0.5584137191854234,0.0,1.0,1.0
dorsal,real_only,0.3791678223719579,0.5541264737406216,0.0,1.0,1.0
dorsal,real_only,0.38014958557216183,0.5509110396570204,0.0,1.0,1.0
dorsal,real_only,0.38025989005141725,0.5476956055734191,0.0,1.0,1.0
dorsal,real_only,0.3811596876557326,0.5444801714898178,0.0,1.0,1.0
dorsal,real_only,0.3824819402615124,0.5401929260450161,0.0,1.0,1.0
dorsal,real_only,0.38319873410388194,0.5369774919614148,0.0,1.0,1.0
dorsal,real_only,0.3837058779653404,0.5337620578778135,0.0,1.0,1.0
dorsal,real_only,0.3842612990947144,0.5305466237942122,0.0,1.0,1.0
dorsal,real_only,0.38595167851364287,0.5262593783494105,0.0,1.0,1.0
dorsal,real_only,0.3871605361149816,0.5230439442658092,0.0,1.0,1.0
dorsal,real_only,0.3875857303128242,0.5198285101822079,0.0,1.0,1.0
dorsal,real_only,0.3889516224326639,0.5166130760986066,0.0,1.0,1.0
dorsal,real_only,0.39043059304661165,0.5123258306538049,0.0,1.0,1.0
dorsal,real_only,0.390888757466082,0.5091103965702036,0.0,1.0,1.0
dorsal,real_only,0.3919413853159519,0.5058949624866024,0.0,1.0,1.0
dorsal,real_only,0.3926343498928233,0.5026795284030011,0.0,1.0,1.0
dorsal,real_only,0.3936754262498938,0.4983922829581994,0.0,1.0,1.0
dorsal,real_only,0.39529663390584985,0.49517684887459806,0.0,1.0,1.0
dorsal,real_only,0.3960281037314316,0.4919614147909968,0.0,1.0,1.0
dorsal,real_only,0.39635040141918076,0.4887459807073955,0.0,1.0,1.0
dorsal,real_only,0.39850337673445346,0.4844587352625938,0.0,1.0,1.0
dorsal,real_only,0.40004244473859557,0.4812433011789925,0.0,1.0,1.0
dorsal,real_only,0.40138959161008075,0.4780278670953912,0.0,1.0,1.0
dorsal,real_only,0.40301955153390756,0.47481243301178994,0.0,1.0,1.0
dorsal,real_only,0.404434331292277,0.4705251875669882,0.0,1.0,1.0
dorsal,real_only,0.40494676638708427,0.46730975348338694,0.0,1.0,1.0
dorsal,real_only,0.4071378238481361,0.4640943193997856,0.0,1.0,1.0
dorsal,real_only,0.4076644820976143,0.4608788853161844,0.0,1.0,1.0
dorsal,real_only,0.4083784110508697,0.4565916398713826,0.0,1.0,1.0
dorsal,real_only,0.40876018323698493,0.4533762057877814,0.0,1.0,1.0
dorsal,real_only,0.40965574610274136,0.45016077170418006,0.0,1.0,1.0
dorsal,real_only,0.4107767427107255,0.44694533762057875,0.0,1.0,1.0
dorsal,real_only,0.41148281174843326,0.44265809217577706,0.0,1.0,1.0
dorsal,real_only,0.41187660663074177,0.43944265809217575,0.0,1.0,1.0
dorsal,real_only,0.41273257418489,0.4362272240085745,0.0,1.0,1.0
dorsal,real_only,0.4131532574245401,0.4330117899249732,0.0,1.0,1.0
dorsal,real_only,0.4141440760857566,0.4287245444801715,0.0,1.0,1.0
dorsal,real_only,0.41511091444005543,0.4255091103965702,0.0,1.0,1.0
dorsal,real_only,0.41635151209586974,0.42229367631296894,0.0,1.0,1.0
dorsal,real_only,0.4173338130840853,0.4190782422293676,0.0,1.0,1.0
dorsal,real_only,0.41822637494584136,0.41479099678456594,0.0,1.0,1.0
dorsal,real_only,0.4189316171242611,0.4115755627009646,0.0,1.0,1.0
dorsal,real_only,0.4202057726128451,0.40836012861736337,0.0,1.0,1.0
dorsal,real_only,0.42116072415177686,0.40514469453376206,0.0,1.0,1.0
dorsal,real_only,0.42194449363481457,0.4008574490889603,0.0,1.0,1.0
dorsal,real_only,0.4237292442364151,0.39764201500535906,0.0,1.0,1.0
dorsal,real_only,0.4246171472380228,0.39442658092175775,0.0,1.0,1.0
dorsal,real_only,0.4249578452142304,0.3912111468381565,0.0,1.0,1.0
dorsal,real_only,0.42615292016561745,0.38692390139335475,0.0,1.0,1.0
dorsal,real_only,0.4270535949739568,0.3837084673097535,0.0,1.0,1.0
dorsal,real_only,0.4278986513199786,0.3804930332261522,0.0,1.0,1.0
dorsal,real_only,0.42848572004871543,0.37727759914255093,0.0,1.0,1.0
dorsal,real_only,0.4297913107564575,0.3729903536977492,0.0,1.0,1.0
dorsal,real_only,0.43046516929531575,0.36977491961414793,0.0,1.0,1.0
dorsal,real_only,0.43177878843956863,0.3665594855305466,0.0,1.0,1.0
dorsal,real_only,0.4331291193821818,0.3633440514469453,0.0,1.0,1.0
dorsal,real_only,0.43436985109617177,0.3590568060021436,0.0,1.0,1.0
dorsal,real_only,0.4349335717813425,0.3558413719185423,0.0,1.0,1.0
dorsal,real_only,0.4358870551370744,0.35262593783494106,0.0,1.0,1.0
dorsal,real_only,0.43698154472515705,0.34941050375133975,0.0,1.0,1.0
dorsal,real_only,0.43806177407421576,0.34512325830653806,0.0,1.0,1.0
dorsal,real_only,0.43871262204316164,0.34190782422293675,0.0,1.0,1.0
dorsal,real_only,0.4398774525816147,0.3386923901393355,0.0,1.0,1.0
dorsal,real_only,0.4402697283851099,0.3354769560557342,0.0,1.0,1.0
dorsal,real_only,0.44136168862962943,0.3311897106109325,0.0,1.0,1.0
dorsal,real_only,0.4430656206044288,0.3279742765273312,0.0,1.0,1.0
dorsal,real_only,0.44492316179369035,0.3247588424437299,0.0,1.0,1.0
dorsal,real_only,0.44568342330512956,0.3215434083601286,0.0,1.0,1.0
dorsal,real_only,0.4468759908248039,0.3172561629153269,0.0,1.0,1.0
dorsal,real_only,0.44758136861528197,0.3140407288317256,0.0,1.0,1.0
dorsal,real_only,0.4487455610437159,0.3108252947481243,0.0,1.0,1.0
dorsal,real_only,0.44938505109197535,0.30760986066452306,0.0,1.0,1.0
dorsal,real_only,0.45084432155340665,0.3033226152197213,0.0,1.0,1.0
dorsal,real_only,0.453366169342391,0.30010718113612006,0.0,1.0,1.0
dorsal,real_only,0.45394760996290046,0.29689174705251875,0.0,1.0,1.0
dorsal,real_only,0.45491360604562925,0.2947481243301179,0.025000000000000022,0.975,0.975
dorsal,real_only,0.45684641397974934,0.2904608788853162,0.025000000000000022,0.975,0.975
dorsal,real_only,0.4603237257517484,0.2872454448017149,0.025000000000000022,0.975,0.975
dorsal,real_only,0.46147768525089405,0.2840300107181136,0.025000000000000022,0.975,0.975
dorsal,real_only,0.4625893516163565,0.2808145766345123,0.025000000000000022,0.975,0.975
dorsal,real_only,0.46386163834616423,0.2765273311897106,0.025000000000000022,0.975,0.975
dorsal,real_only,0.46443620937219793,0.2733118971061093,0.025000000000000022,0.975,0.975
dorsal,real_only,0.4672500452511556,0.27009646302250806,0.025000000000000022,0.975,0.975
dorsal,real_only,0.46959150091129376,0.26688102893890675,0.025000000000000022,0.975,0.975
dorsal,real_only,0.47080171975328655,0.26259378349410506,0.025000000000000022,0.975,0.975
dorsal,real_only,0.47175799061455403,0.25937834941050375,0.025000000000000022,0.975,0.975
dorsal,real_only,0.4721656281002269,0.25616291532690244,0.025000000000000022,0.975,0.975
dorsal,real_only,0.47327304465244613,0.2529474812433012,0.025000000000000022,0.975,0.975
dorsal,real_only,0.47453381455286936,0.24866023579849947,0.025000000000000022,0.975,0.975
dorsal,real_only,0.4753557181772151,0.2454448017148982,0.025000000000000022,0.975,0.975
dorsal,real_only,0.4763612730009613,0.2422293676312969,0.025000000000000022,0.975,0.975
dorsal,real_only,0.4777937581152871,0.2390139335476956,0.025000000000000022,0.975,0.975
dorsal,real_only,0.4781095657257116,0.2347266881028939,0.025000000000000022,0.975,0.975
dorsal,real_only,0.4785420189345981,0.2315112540192926,0.025000000000000022,0.975,0.975
dorsal,real_only,0.4794982184773446,0.2282958199356913,0.025000000000000022,0.975,0.975
dorsal,real_only,0.4815563494860259,0.22508038585209003,0.025000000000000022,0.975,0.975
dorsal,real_only,0.48373359144555783,0.2207931404072883,0.025000000000000022,0.975,0.975
dorsal,real_only,0.4856845748696814,0.21757770632368703,0.025000000000000022,0.975,0.975
dorsal,real_only,0.48631110009212764,0.21436227224008575,0.025000000000000022,0.975,0.975
dorsal,real_only,0.48680975254058434,0.21114683815648447,0.025000000000000022,0.975,0.975
dorsal,real_only,0.4895676378535369,0.20685959271168275,0.025000000000000022,0.975,0.975
dorsal,real_only,0.49032319418250325,0.20364415862808147,0.025000000000000022,0.975,0.975
dorsal,real_only,0.49135703959643207,0.20042872454448016,0.025000000000000022,0.975,0.975
dorsal,real_only,0.4921769305087482,0.19721329046087888,0.025000000000000022,0.975,0.975
dorsal,real_only,0.49434879407428245,0.19292604501607716,0.025000000000000022,0.975,0.975
dorsal,real_only,0.4962726356007622,0.18971061093247588,0.025000000000000022,0.975,0.975
dorsal,real_only,0.4979287598501685,0.1864951768488746,0.025000000000000022,0.975,0.975
dorsal,real_only,0.5013396243182814,0.1832797427652733,0.025000000000000022,0.975,0.975
dorsal,real_only,0.5028987038345705,0.1789924973204716,0.025000000000000022,0.975,0.975
dorsal,real_only,0.5037948751862096,0.1757770632368703,0.025000000000000022,0.975,0.975
dorsal,real_only,0.5044342648862573,0.17256162915326903,0.025000000000000022,0.975,0.975
dorsal,real_only,0.5049409633533909,0.16934619506966775,0.025000000000000022,0.975,0.975
dorsal,real_only,0.5081848044412509,0.16505894962486603,0.025000000000000022,0.975,0.975
dorsal,real_only,0.5088954243885673,0.16184351554126475,0.025000000000000022,0.975,0.975
dorsal,real_only,0.5099343104750594,0.15862808145766344,0.025000000000000022,0.975,0.975
dorsal,real_only,0.5116425809159267,0.15541264737406216,0.025000000000000022,0.975,0.975
dorsal,real_only,0.5152629564372059,0.15112540192926044,0.025000000000000022,0.975,0.975
dorsal,real_only,0.5225563578506034,0.14790996784565916,0.025000000000000022,0.975,0.975
dorsal,real_only,0.5289519993316816,0.14469453376205788,0.025000000000000022,0.975,0.975
dorsal,real_only,0.5299656113792188,0.1414790996784566,0.025000000000000022,0.975,0.975
dorsal,real_only,0.5314670028347566,0.13719185423365488,0.025000000000000022,0.975,0.975
dorsal,real_only,0.5343986530732104,0.1339764201500536,0.025000000000000022,0.975,0.975
dorsal,real_only,0.5361617300064256,0.1307609860664523,0.025000000000000022,0.975,0.975
dorsal,real_only,0.5369772524758568,0.12754555198285103,0.025000000000000022,0.975,0.975
dorsal,real_only,0.5381200840063154,0.1232583065380493,0.025000000000000022,0.975,0.975
dorsal,real_only,0.538591914698678,0.12004287245444802,0.025000000000000022,0.975,0.975
dorsal,real_only,0.5411977908612845,0.11789924973204716,0.050000000000000044,0.95,0.95
dorsal,real_only,0.543044896615148,0.11468381564844587,0.050000000000000044,0.95,0.95
dorsal,real_only,0.5475243830082266,0.11039657020364416,0.050000000000000044,0.95,0.95
dorsal,real_only,0.5499347825315559,0.10718113612004287,0.050000000000000044,0.95,0.95
dorsal,real_only,0.5523375632583476,0.10396570203644159,0.050000000000000044,0.95,0.95
dorsal,real_only,0.5551807124814842,0.1007502679528403,0.050000000000000044,0.95,0.95
dorsal,real_only,0.5590215444461022,0.09646302250803858,0.050000000000000044,0.95,0.95
dorsal,real_only,0.5629707099145231,0.0932475884244373,0.050000000000000044,0.95,0.95
dorsal,real_only,0.5668671814771971,0.09110396570203644,0.07499999999999996,0.925,0.925
dorsal,real_only,0.5698310043434818,0.08788853161843516,0.07499999999999996,0.925,0.925
dorsal,real_only,0.5745756477990499,0.08360128617363344,0.07499999999999996,0.925,0.925
dorsal,real_only,0.5780164942569669,0.08038585209003216,0.07499999999999996,0.925,0.925
dorsal,real_only,0.582206037186971,0.07717041800643087,0.07499999999999996,0.925,0.925
dorsal,real_only,0.5853542019814987,0.07395498392282958,0.07499999999999996,0.925,0.925
dorsal,real_only,0.5875611311374878,0.06966773847802786,0.07499999999999996,0.925,0.925
dorsal,real_only,0.5890211695898091,0.06645230439442658,0.07499999999999996,0.925,0.925
dorsal,real_only,0.5908280548913369,0.0632368703108253,0.07499999999999996,0.925,0.925
dorsal,real_only,0.594963883745917,0.06002143622722401,0.07499999999999996,0.925,0.925
dorsal,real_only,0.5986266746091239,0.055734190782422297,0.07499999999999996,0.925,0.925
dorsal,real_only,0.5996640310525765,0.05251875669882101,0.07499999999999996,0.925,0.925
dorsal,real_only,0.60122028685088,0.04930332261521972,0.07499999999999996,0.925,0.925
dorsal,real_only,0.6051187976739982,0.04608788853161844,0.07499999999999996,0.925,0.925
dorsal,real_only,0.61596688806106,0.04180064308681672,0.07499999999999996,0.925,0.925
dorsal,real_only,0.6218748830117908,0.03858520900321544,0.07499999999999996,0.925,0.925
dorsal,real_only,0.6245505861816629,0.03536977491961415,0.07499999999999996,0.925,0.925
dorsal,real_only,0.6278166653185893,0.03215434083601286,0.07499999999999996,0.925,0.925
dorsal,real_only,0.635075941306087,0.027867095391211148,0.07499999999999996,0.925,0.925
dorsal,real_only,0.6434276750024953,0.02465166130760986,0.07499999999999996,0.925,0.925
dorsal,real_only,0.6460848230665848,0.021436227224008574,0.07499999999999996,0.925,0.925
dorsal,real_only,0.6578107555079307,0.01822079314040729,0.07499999999999996,0.925,0.925
dorsal,real_only,0.6655105447009488,0.013933547695605574,0.07499999999999996,0.925,0.925
dorsal,real_only,0.670278189264874,0.010718113612004287,0.07499999999999996,0.925,0.925
dorsal,real_only,0.6878753137266316,0.007502679528403001,0.07499999999999996,0.925,0.925
dorsal,real_only,0.6962247962299598,0.004287245444801715,0.07499999999999996,0.925,0.925
dorsal,real_only,0.7085067380012855,0.0010718113612004287,0.09999999999999998,0.9,0.9
dorsal,real_only,0.7293702571161694,0.0,0.15000000000000002,0.85,0.85
dorsal,real_only,0.7503470372580925,0.0,0.22499999999999998,0.775,0.775
dorsal,real_only,0.7746075641055721,0.0,0.30000000000000004,0.7,0.7
dorsal,real_only,0.7941273505618875,0.0,0.4,0.6,0.6
dorsal,real_only,0.8196974380982637,0.0,0.475,0.525,0.525
dorsal,real_only,0.8384059036784193,0.0,0.55,0.45,0.45
dorsal,real_only,0.8476524866688113,0.0,0.625,0.375,0.375
dorsal,real_only,0.8848475284989175,0.0,0.725,0.275,0.275
dorsal,real_only,0.9004686654372192,0.0,0.8,0.2,0.2
dorsal,real_only,0.9251375718176815,0.0,0.875,0.125,0.125
dorsal,real_only,0.9476585331136093,0.0,0.975,0.025,0.025
fused,all,0.15163834115867392,1.0,0.0,1.0,1.0
fused,all,0.31815602987143565,0.9967845659163987,0.0,1.0,1.0
fused,all,0.37068040918544054,0.9935691318327974,0.0,1.0,1.0
fused,all,0.42185172846958247,0.9903536977491961,0.0,1.0,1.0
fused,all,0.441438663726451,0.9860664523043944,0.0,1.0,1.0
fused,all,0.4532725926121024,0.9828510182207931,0.0,1.0,1.0
fused,all,0.4785876080804691,0.9796355841371919,0.0,1.0,1.0
fused,all,0.4871237535905985,0.9764201500535906,0.0,1.0,1.0
fused,all,0.5064019123255367,0.9721329046087889,0.0,1.0,1.0
fused,all,0.5271977494839324,0.9689174705251876,0.0,1.0,1.0
fused,all,0.5394613301215497,0.9657020364415863,0.0,1.0,1.0
fused,all,0.5524027080406735,0.962486602357985,0.0,1.0,1.0
fused,all,0.5685575274742997,0.9581993569131833,0.0,1.0,1.0
fused,all,0.579305212571725,0.954983922829582,0.0,1.0,1.0
fused,all,0.6088312207126914,0.9517684887459807,0.0,1.0,1.0
fused,all,0.6206039145699903,0.9485530546623794,0.0,1.0,1.0
fused,all,0.6340405684508454,0.9442658092175777,0.0,1.0,1.0
fused,all,0.638396817326045,0.9410503751339764,0.0,1.0,1.0
fused,all,0.6482047024516171,0.9378349410503751,0.0,1.0,1.0
fused,all,0.661014021095351,0.9346195069667739,0.0,1.0,1.0
fused,all,0.6766257832018167,0.9303322615219721,0.0,1.0,1.0
fused,all,0.6792372927335107,0.9271168274383709,0.0,1.0,1.0
fused,all,0.6959115175674025,0.9239013933547695,0.0,1.0,1.0
fused,all,0.69813595919506,0.9206859592711683,0.0,1.0,1.0
fused,all,0.7032592539999412,0.9163987138263665,0.0,1.0,1.0
fused,all,0.7081030067517176,0.9131832797427653,0.0,1.0,1.0
fused,all,0.7139560099541895,0.909967845659164,0.0,1.0,1.0
fused,all,0.7216860431327936,0.9067524115755627,0.0,1.0,1.0
fused,all,0.7288193688936662,0.902465166130761,0.0,1.0,1.0
fused,all,0.7322658170263358,0.8992497320471597,0.0,1.0,1.0
fused,all,0.7373589042019237,0.8960342979635584,0.0,1.0,1.0
fused,all,0.7434872767342589,0.8928188638799571,0.0,1.0,1.0
fused,all,0.7496583371536651,0.8885316184351554,0.0,1.0,1.0
fused,all,0.7573034735087703,0.8853161843515541,0.0,1.0,1.0
fused,all,0.7640664584013422,0.8821007502679529,0.0,1.0,1.0
fused,all,0.76991701685555,0.8788853161843515,0.0,1.0,1.0
fused,all,0.7806641483196793,0.8745980707395499,0.0,1.0,1.0
fused,all,0.7950905955545107,0.8713826366559485,0.0,1.0,1.0
fused,all,0.8044305514881559,0.8681672025723473,0.0,1.0,1.0
fused,all,0.8108724344176426,0.864951768488746,0.0,1.0,1.0
fused,all,0.8185853082739025,0.8606645230439443,0.0,1.0,1.0
fused,all,0.8232756685875476,0.857449088960343,0.0,1.0,1.0
fused,all,0.8293578698823103,0.8542336548767417,0.0,1.0,1.0
fused,all,0.8395759383035156,0.8510182207931404,0.0,1.0,1.0
fused,all,0.8434320743808709,0.8467309753483387,0.0,1.0,1.0
fused,all,0.8449325222390344,0.8435155412647374,0.0,1.0,1.0
fused,all,0.8500027167430313,0.8403001071811361,0.0,1.0,1.0
fused,all,0.8564467852698205,0.8370846730975349,0.0,1.0,1.0
fused,all,0.8636382190730908,0.8327974276527331,0.0,1.0,1.0
fused,all,0.8729650118888506,0.8295819935691319,0.0,1.0,1.0
fused,all,0.8785236064303276,0.8263665594855305,0.0,1.0,1.0
fused,all,0.8928667931990919,0.8231511254019293,0.0,1.0,1.0
fused,all,0.9007629794710016,0.8188638799571275,0.0,1.0,1.0
fused,all,0.9069714448705293,0.8156484458735263,0.0,1.0,1.0
fused,all,0.9086034662236909,0.812433011789925,0.0,1.0,1.0
fused,all,0.9108705478681132,0.8092175777063236,0.0,1.0,1.0
fused,all,0.9161622927342179,0.804930332261522,0.0,1.0,1.0
fused,all,0.9195271886174863,0.8017148981779206,0.0,1.0,1.0
fused,all,0.9262579802964181,0.7984994640943194,0.0,1.0,1.0
fused,all,0.9294824369626138,0.7952840300107181,0.0,1.0,1.0
fused,all,0.9317079614537054,0.7909967845659164,0.0,1.0,1.0
fused,all,0.9387824983996358,0.7877813504823151,0.0,1.0,1.0
fused,all,0.9455852562414669,0.7845659163987139,0.0,1.0,1.0
fused,all,0.9502765013242421,0.7813504823151125,0.0,1.0,1.0
fused,all,0.9525960229614656,0.7770632368703109,0.0,1.0,1.0
fused,all,0.9543665779889171,0.7738478027867095,0.0,1.0,1.0
fused,all,0.9572904333694248,0.7706323687031083,0.0,1.0,1.0
fused,all,0.9587982734046072,0.767416934619507,0.0,1.0,1.0
fused,all,0.9640462322874194,0.7631296891747053,0.0,1.0,1.0
fused,all,0.9676352502605634,0.759914255091104,0.0,1.0,1.0
fused,all,0.9700920601292345,0.7566988210075026,0.0,1.0,1.0
fused,all,0.9770991886856042,0.7534833869239014,0.0,1.0,1.0
fused,all,0.9888652601690502,0.7491961414790996,0.0,1.0,1.0
fused,all,0.9975518387932696,0.7459807073954984,0.0,1.0,1.0
fused,all,0.9979352296065271,0.7427652733118971,0.0,1.0,1.0
fused,all,0.9996020124839158,0.7395498392282959,0.0,1.0,1.0
fused,all,1.0059983567810027,0.7352625937834941,0.0,1.0,1.0
fused,all,1.0099896344150827,0.7320471596998929,0.0,1.0,1.0
fused,all,1.0169586992208797,0.7288317256162915,0.0,1.0,1.0
fused,all,1.0203365077519786,0.7256162915326902,0.0,1.0,1.0
fused,all,1.0277679485745075,0.7213290460878885,0.0,1.0,1.0
fused,all,1.0329401605734203,0.7181136120042872,0.0,1.0,1.0
fused,all,1.0352727567457287,0.714898177920686,0.0,1.0,1.0
fused,all,1.0379374188191828,0.7116827438370846,0.0,1.0,1.0
fused,all,1.044184031612856,0.707395498392283,0.0,1.0,1.0
fused,all,1.0484638181666996,0.7041800643086816,0.0,1.0,1.0
fused,all,1.0533872455089488,0.7009646302250804,0.0,1.0,1.0
fused,all,1.0586662210413147,0.6977491961414791,0.0,1.0,1.0
fused,all,1.0615426647725172,0.6934619506966774,0.0,1.0,1.0
fused,all,1.0652685822063035,0.6902465166130761,0.0,1.0,1.0
fused,all,1.0680626926498715,0.6870310825294748,0.0,1.0,1.0
fused,all,1.070631097209722,0.6838156484458735,0.0,1.0,1.0
fused,all,1.0768096646670724,0.6795284030010718,0.0,1.0,1.0
fused,all,1.0858628196162705,0.6763129689174705,0.0,1.0,1.0
fused,all,1.0885161771129495,0.6730975348338692,0.0,1.0,1.0
fused,all,1.0918724691253396,0.669882100750268,0.0,1.0,1.0
fused,all,1.0954229321133544,0.6655948553054662,0.0,1.0,1.0
fused,all,1.0998509830395893,0.662379421221865,0.0,1.0,1.0
fused,all,1.1031171264058777,0.6591639871382636,0.0,1.0,1.0
fused,all,1.1066418730463943,0.6559485530546624,0.0,1.0,1.0
fused,all,1.109294013956601,0.6516613076098606,0.0,1.0,1.0
fused,all,1.1149031606112894,0.6484458735262594,0.0,1.0,1.0
fused,all,1.1215055837904817,0.6452304394426581,0.0,1.0,1.0
fused,all,1.1271096352061698,0.6420150053590568,0.0,1.0,1.0
fused,all,1.130245294685388,0.6377277599142551,0.0,1.0,1.0
fused,all,1.1308740674096038,0.6345123258306538,0.0,1.0,1.0
fused,all,1.1340294260285724,0.6312968917470525,0.0,1.0,1.0
fused,all,1.1355698804128498,0.6280814576634512,0.0,1.0,1.0
fused,all,1.1414535248590032,0.6237942122186495,0.0,1.0,1.0
fused,all,1.1461905493556968,0.6205787781350482,0.0,1.0,1.0
fused,all,1.150577774060488,0.617363344051447,0.0,1.0,1.0
fused,all,1.1598728136597523,0.6141479099678456,0.0,1.0,1.0
fused,all,1.1632563999002128,0.609860664523044,0.0,1.0,1.0
fused,all,1.163546343589166,0.6066452304394426,0.0,1.0,1.0
fused,all,1.167370314283576,0.6034297963558414,0.0,1.0,1.0
fused,all,1.1691425525958148,0.6002143622722401,0.0,1.0,1.0
fused,all,1.173083649843683,0.5959271168274384,0.0,1.0,1.0
fused,all,1.1746675331956298,0.5927116827438371,0.0,1.0,1.0
fused,all,1.1790830797546277,0.5894962486602358,0.0,1.0,1.0
fused,all,1.180716392228669,0.5862808145766345,0.0,1.0,1.0
fused,all,1.1901696894181168,0.5819935691318328,0.0,1.0,1.0
fused,all,1.19324914219998,0.5787781350482315,0.0,1.0,1.0
fused,all,1.1944764326959034,0.5755627009646302,0.0,1.0,1.0
fused,all,1.1979547765835792,0.572347266881029,0.0,1.0,1.0
fused,all,1.2016336984790734,0.5680600214362272,0.0,1.0,1.0
fused,all,1.2068527984702357,0.564844587352626,0.0,1.0,1.0
fused,all,1.2107355991138704,0.5616291532690246,0.0,1.0,1.0
fused,all,1.2184306559348161,0.5584137191854234,0.0,1.0,1.0
fused,all,1.2217754959093363,0.5541264737406216,0.0,1.0,1.0
fused,all,1.2251502467795796,0.5509110396570204,0.0,1.0,1.0
fused,all,1.2306674044900656,0.5476956055734191,0.0,1.0,1.0
fused,all,1.2336273227083854,0.5444801714898178,0.0,1.0,1.0
fused,all,1.240026417008111,0.5401929260450161,0.0,1.0,1.0
fused,all,1.2433900683586172,0.5369774919614148,0.0,1.0,1.0
fused,all,1.2469410160138232,0.5337620578778135,0.0,1.0,1.0
fused,all,1.255974375991449,0.5305466237942122,0.0,1.0,1.0
fused,all,1.2583786031261488,0.5262593783494105,0.0,1.0,1.0
fused,all,1.2598464994222356,0.5230439442658092,0.0,1.0,1.0
fused,all,1.2630527684699424,0.5198285101822079,0.0,1.0,1.0
fused,all,1.2676163777355614,0.5166130760986066,0.0,1.0,1.0
fused,all,1.2723160459845941,0.5123258306538049,0.0,1.0,1.0
fused,all,1.2736836833712286,0.5091103965702036,0.0,1.0,1.0
fused,all,1.2776723227156928,0.5058949624866024,0.0,1.0,1.0
fused,all,1.2787469280023933,0.5026795284030011,0.0,1.0,1.0
fused,all,1.280844576172211,0.4983922829581994,0.0,1.0,1.0
fused,all,1.285832244183748,0.49517684887459806,0.0,1.0,1.0
fused,all,1.2938140373452376,0.4919614147909968,0.0,1.0,1.0
fused,all,1.2992177271896996,0.4887459807073955,0.0,1.0,1.0
fused,all,1.3049267812306111,0.4844587352625938,0.0,1.0,1.0
fused,all,1.307729548609717,0.4812433011789925,0.0,1.0,1.0
fused,all,1.3132953759300845,0.4780278670953912,0.0,1.0,1.0
fused,all,1.3190010812173985,0.47481243301178994,0.0,1.0,1.0
fused,all,1.3261435156749681,0.4705251875669882,0.0,1.0,1.0
fused,all,1.3308125842254817,0.46730975348338694,0.0,1.0,1.0
fused,all,1.3327940726615886,0.4640943193997856,0.0,1.0,1.0
fused,all,1.34303768683435,0.4608788853161844,0.0,1.0,1.0
fused,all,1.3470980652593507,0.4565916398713826,0.0,1.0,1.0
fused,all,1.3483689269078627,0.4533762057877814,0.0,1.0,1.0
fused,all,1.349021821105247,0.45016077170418006,0.0,1.0,1.0
fused,all,1.350707367263348,0.44694533762057875,0.0,1.0,1.0
fused,all,1.356644304861883,0.44265809217577706,0.0,1.0,1.0
fused,all,1.3626099142665673,0.43944265809217575,0.0,1.0,1.0
fused,all,1.3648028796891274,0.4362272240085745,0.0,1.0,1.0
fused,all,1.3665881228808607,0.4330117899249732,0.0,1.0,1.0
fused,all,1.3718490606545004,0.4287245444801715,0.0,1.0,1.0
fused,all,1.3747007983978532,0.4255091103965702,0.0,1.0,1.0
fused,all,1.3780031379445303,0.42229367631296894,0.0,1.0,1.0
fused,all,1.38166225834637,0.4190782422293676,0.0,1.0,1.0
fused,all,1.3869781965851826,0.41479099678456594,0.0,1.0,1.0
fused,all,1.3942853581961816,0.4115755627009646,0.0,1.0,1.0
fused,all,1.3948408295073524,0.40836012861736337,0.0,1.0,1.0
fused,all,1.4001173185572848,0.40514469453376206,0.0,1.0,1.0
fused,all,1.4033519888657113,0.4008574490889603,0.0,1.0,1.0
fused,all,1.4076767454237167,0.39764201500535906,0.0,1.0,1.0
fused,all,1.4149375075296975,0.39442658092175775,0.0,1.0,1.0
fused,all,1.4197988678302131,0.3912111468381565,0.0,1.0,1.0
fused,all,1.4292714952566299,0.38692390139335475,0.0,1.0,1.0
fused,all,1.4317931589180473,0.3837084673097535,0.0,1.0,1.0
fused,all,1.4346248472792513,0.3804930332261522,0.0,1.0,1.0
fused,all,1.4377097458178962,0.37727759914255093,0.0,1.0,1.0
fused,all,1.4428629046476384,0.3729903536977492,0.0,1.0,1.0
fused,all,1.4444241378156826,0.36977491961414793,0.0,1.0,1.0
fused,all,1.4473452766727277,0.3665594855305466,0.0,1.0,1.0
fused,all,1.452830377714001,0.3633440514469453,0.0,1.0,1.0
fused,all,1.4565676312467402,0.3590568060021436,0.0,1.0,1.0
fused,all,1.4579000971622726,0.3558413719185423,0.0,1.0,1.0
fused,all,1.459628671849246,0.35262593783494106,0.0,1.0,1.0
fused,all,1.4601646790884661,0.34941050375133975,0.0,1.0,1.0
fused,all,1.4628490238556957,0.34512325830653806,0.0,1.0,1.0
fused,all,1.4667379551644113,0.34190782422293675,0.0,1.0,1.0
fused,all,1.4751298292436448,0.3386923901393355,0.0,1.0,1.0
fused,all,1.4799448870181797,0.3354769560557342,0.0,1.0,1.0
fused,all,1.4849571567468696,0.3311897106109325,0.0,1.0,1.0
fused,all,1.4870604409093529,0.3279742765273312,0.0,1.0,1.0
fused,all,1.4894786208874222,0.3247588424437299,0.0,1.0,1.0
fused,all,1.4903916574611498,0.3215434083601286,0.0,1.0,1.0
fused,all,1.4926162605137905,0.3172561629153269,0.0,1.0,1.0
fused,all,1.4979932038997457,0.3140407288317256,0.0,1.0,1.0
fused,all,1.4986747842215569,0.3108252947481243,0.0,1.0,1.0
fused,all,1.502159126895238,0.30760986066452306,0.0,1.0,1.0
fused,all,1.5074468793530968,0.3033226152197213,0.0,1.0,1.0
fused,all,1.5161274947396333,0.30010718113612006,0.0,1.0,1.0
fused,all,1.5176696014329996,0.29689174705251875,0.0,1.0,1.0
fused,all,1.5235755467694734,0.2936763129689175,0.0,1.0,1.0
fused,all,1.5264375441736058,0.28938906752411575,0.0,1.0,1.0
fused,all,1.5303487032525278,0.2861736334405145,0.0,1.0,1.0
fused,all,1.5332249035141237,0.2829581993569132,0.0,1.0,1.0
fused,all,1.5375918804437434,0.2797427652733119,0.0,1.0,1.0
fused,all,1.5418095890095338,0.2754555198285102,0.0,1.0,1.0
fused,all,1.5447207838012935,0.2722400857449089,0.0,1.0,1.0
fused,all,1.549440826830554,0.2690246516613076,0.0,1.0,1.0
fused,all,1.5524988952094754,0.2658092175777063,0.0,1.0,1.0
fused,all,1.5568238268474768,0.2615219721329046,0.0,1.0,1.0
fused,all,1.5585011214898632,0.2583065380493033,0.0,1.0,1.0
fused,all,1.5625256370312757,0.25509110396570206,0.0,1.0,1.0
fused,all,1.5658419408741973,0.25187566988210075,0.0,1.0,1.0
fused,all,1.5778410089558803,0.24758842443729903,0.0,1.0,1.0
fused,all,1.5815856758038613,0.24437299035369775,0.0,1.0,1.0
fused,all,1.5875797251308035,0.24115755627009647,0.0,1.0,1.0
fused,all,1.592930714282579,0.2379421221864952,0.0,1.0,1.0
fused,all,1.601282042423732,0.23365487674169347,0.0,1.0,1.0
fused,all,1.6057645791596258,0.2304394426580922,0.0,1.0,1.0
fused,all,1.6114782371956928,0.22722400857449088,0.0,1.0,1.0
fused,all,1.6146289914064083,0.2240085744908896,0.0,1.0,1.0
fused,all,1.621756808725822,0.21972132904608788,0.0,1.0,1.0
fused,all,1.6238748577843363,0.2165058949624866,0.0,1.0,1.0
fused,all,1.627806180425618,0.2132904608788853,0.0,1.0,1.0
fused,all,1.632815973092646,0.21007502679528403,0.0,1.0,1.0
fused,all,1.6456103734178353,0.2057877813504823,0.0,1.0,1.0
fused,all,1.649593478213812,0.20257234726688103,0.0,1.0,1.0
fused,all,1.6570142767262284,0.19935691318327975,0.0,1.0,1.0
fused,all,1.6590615940705318,0.19614147909967847,0.0,1.0,1.0
fused,all,1.6639455697628482,0.19185423365487675,0.0,1.0,1.0
fused,all,1.674755035941954,0.18863879957127547,0.0,1.0,1.0
fused,all,1.6823155352854084,0.18542336548767416,0.0,1.0,1.0
fused,all,1.68380859579557,0.18220793140407288,0.0,1.0,1.0
fused,all,1.6930938124901012,0.17792068595927116,0.0,1.0,1.0
fused,all,1.6973214599514725,0.17470525187566988,0.0,1.0,1.0
fused,all,1.698325372807509,0.1714898177920686,0.0,1.0,1.0
fused,all,1.7026376537898387,0.1682743837084673,0.0,1.0,1.0
fused,all,1.706593562869991,0.1639871382636656,0.0,1.0,1.0
fused,all,1.709162157900447,0.1607717041800643,0.0,1.0,1.0
fused,all,1.712896911405264,0.15755627009646303,0.0,1.0,1.0
fused,all,1.7234481043588654,0.15434083601286175,0.0,1.0,1.0
fused,all,1.7279242710101381,0.15005359056806003,0.0,1.0,1.0
fused,all,1.7323651508611284,0.14683815648445875,0.0,1.0,1.0
fused,all,1.7394883588329422,0.14362272240085744,0.0,1.0,1.0
fused,all,1.7410282521459304,0.14040728831725616,0.0,1.0,1.0
fused,all,1.7555488519014337,0.13612004287245444,0.0,1.0,1.0
fused,all,1.7754500082045548,0.13290460878885316,0.0,1.0,1.0
fused,all,1.7794873707583863,0.12968917470525188,0.0,1.0,1.0
fused,all,1.8058858847320818,0.1264737406216506,0.0,1.0,1.0
fused,all,1.83599888176195,0.12218649517684887,0.0,1.0,1.0
fused,all,1.841561393766423,0.1189710610932476,0.0,1.0,1.0
fused,all,1.847160878875762,0.1157556270096463,0.0,1.0,1.0
fused,all,1.8493574966514554,0.11254019292604502,0.0,1.0,1.0
fused,all,1.8629727310891184,0.1082529474812433,0.0,1.0,1.0
fused,all,1.8794692047695867,0.10503751339764202,0.0,1.0,1.0
fused,all,1.8879976619682393,0.10182207931404073,0.0,1.0,1.0
fused,all,1.8907862976653744,0.09860664523043944,0.0,1.0,1.0
fused,all,1.9031422634831423,0.09431939978563773,0.0,1.0,1.0
fused,all,1.907576733657777,0.09110396570203644,0.0,1.0,1.0
fused,all,1.9357039644758387,0.08788853161843516,0.0,1.0,1.0
fused,all,1.940225197208919,0.08467309753483387,0.0,1.0,1.0
fused,all,1.9499185212570391,0.08038585209003216,0.0,1.0,1.0
fused,all,1.9556971712430293,0.07717041800643087,0.0,1.0,1.0
fused,all,1.9594873355720588,0.07395498392282958,0.0,1.0,1.0
fused,all,1.9819663226164734,0.0707395498392283,0.0,1.0,1.0
fused,all,1.9946698825180058,0.06645230439442658,0.0,1.0,1.0
fused,all,2.004360354784315,0.0632368703108253,0.0,1.0,1.0
fused,all,2.0318135273107716,0.06002143622722401,0.0,1.0,1.0
fused,all,2.0453873081239142,0.05680600214362272,0.0,1.0,1.0
fused,all,2.0622288268311895,0.05251875669882101,0.0,1.0,1.0
fused,all,2.0750564477100237,0.04930332261521972,0.0,1.0,1.0
fused,all,2.0805214310318716,0.04608788853161844,0.0,1.0,1.0
fused,all,2.0975309502165786,0.04287245444801715,0.0,1.0,1.0
fused,all,2.1101867082268244,0.03858520900321544,0.0,1.0,1.0
fused,all,2.1240470588780713,0.03536977491961415,0.0,1.0,1.0
fused,all,2.1612332971570782,0.03215434083601286,0.0,1.0,1.0
fused,all,2.174493758595216,0.028938906752411574,0.0,1.0,1.0
fused,all,2.2199654671159976,0.02572347266881029,0.025000000000000022,0.975,0.975
fused,all,2.236908844905866,0.023579849946409433,0.050000000000000044,0.95,0.95
fused,all,2.270542726270456,0.020364415862808145,0.050000000000000044,0.95,0.95
fused,all,2.298623240475122,0.01714898177920686,0.050000000000000044,0.95,0.95
fused,all,2.357381988317194,0.012861736334405145,0.050000000000000044,0.95,0.95
fused,all,2.3721677510433015,0.00964630225080386,0.050000000000000044,0.95,0.95
fused,all,2.4299664218514576,0.006430868167202572,0.050000000000000044,0.95,0.95
fused,all,2.467934827250398,0.003215434083601286,0.050000000000000044,0.95,0.95
fused,all,2.6535694303118182,0.0010718113612004287,0.09999999999999998,0.9,0.9
fused,all,3.007637317671264,0.0,0.15000000000000002,0.85,0.85
fused,all,3.1245542522070053,0.0,0.22499999999999998,0.775,0.775
fused,all,3.296681950638612,0.0,0.30000000000000004,0.7,0.7
fused,all,3.473455818659299,0.0,0.4,0.6,0.6
fused,all,3.571973587397748,0.0,0.475,0.525,0.525
fused,all,3.594713751510822,0.0,0.55,0.45,0.45
fused,all,3.68294238052328,0.0,0.625,0.375,0.375
fused,all,3.7874923991098983,0.0,0.725,0.275,0.275
fused,all,3.8242228578160895,0.0,0.8,0.2,0.2
fused,all,3.966585118892425,0.0,0.875,0.125,0.125
fused,all,4.136293541230023,0.0,0.975,0.025,0.025
fused,real_only,0.15163834115867392,1.0,0.0,1.0,1.0
fused,real_only,0.31815602987143565,0.9967845659163987,0.0,1.0,1.0
fused,real_only,0.37068040918544054,0.9935691318327974,0.0,1.0,1.0
fused,real_only,0.42185172846958247,0.9903536977491961,0.0,1.0,1.0
fused,real_only,0.441438663726451,0.9860664523043944,0.0,1.0,1.0
fused,real_only,0.4532725926121024,0.9828510182207931,0.0,1.0,1.0
fused,real_only,0.4785876080804691,0.9796355841371919,0.0,1.0,1.0
fused,real_only,0.4871237535905985,0.9764201500535906,0.0,1.0,1.0
fused,real_only,0.5064019123255367,0.9721329046087889,0.0,1.0,1.0
fused,real_only,0.5271977494839324,0.9689174705251876,0.0,1.0,1.0
fused,real_only,0.5394613301215497,0.9657020364415863,0.0,1.0,1.0
fused,real_only,0.5524027080406735,0.962486602357985,0.0,1.0,1.0
fused,real_only,0.5685575274742997,0.9581993569131833,0.0,1.0,1.0
fused,real_only,0.579305212571725,0.954983922829582,0.0,1.0,1.0
fused,real_only,0.6088312207126914,0.9517684887459807,0.0,1.0,1.0
fused,real_only,0.6206039145699903,0.9485530546623794,0.0,1.0,1.0
fused,real_only,0.6340405684508454,0.9442658092175777,0.0,1.0,1.0
fused,real_only,0.638396817326045,0.9410503751339764,0.0,1.0,1.0
fused,real_only,0.6482047024516171,0.9378349410503751,0.0,1.0,1.0
fused,real_only,0.661014021095351,0.9346195069667739,0.0,1.0,1.0
fused,real_only,0.6766257832018167,0.9303322615219721,0.0,1.0,1.0
fused,real_only,0.6792372927335107,0.9271168274383709,0.0,1.0,1.0
fused,real_only,0.6959115175674025,0.9239013933547695,0.0,1.0,1.0
fused,real_only,0.69813595919506,0.9206859592711683,0.0,1.0,1.0
fused,real_only,0.7032592539999412,0.9163987138263665,0.0,1.0,1.0
fused,real_only,0.7081030067517176,0.9131832797427653,0.0,1.0,1.0
fused,real_only,0.7139560099541895,0.909967845659164,0.0,1.0,1.0
fused,real_only,0.7216860431327936,0.9067524115755627,0.0,1.0,1.0
fused,real_only,0.7288193688936662,0.902465166130761,0.0,1.0,1.0
fused,real_only,0.7322658170263358,0.8992497320471597,0.0,1.0,1.0
fused,real_only,0.7373589042019237,0.8960342979635584,0.0,1.0,1.0
fused,real_only,0.7434872767342589,0.8928188638799571,0.0,1.0,1.0
fused,real_only,0.7496583371536651,0.8885316184351554,0.0,1.0,1.0
fused,real_only,0.7573034735087703,0.8853161843515541,0.0,1.0,1.0
fused,real_only,0.7640664584013422,0.8821007502679529,0.0,1.0,1.0
fused,real_only,0.76991701685555,0.8788853161843515,0.0,1.0,1.0
fused,real_only,0.7806641483196793,0.8745980707395499,0.0,1.0,1.0
fused,real_only,0.7950905955545107,0.8713826366559485,0.0,1.0,1.0
fused,real_only,0.8044305514881559,0.8681672025723473,0.0,1.0,1.0
fused,real_only,0.8108724344176426,0.864951768488746,0.0,1.0,1.0
fused,real_only,0.8185853082739025,0.8606645230439443,0.0,1.0,1.0
fused,real_only,0.8232756685875476,0.857449088960343,0.0,1.0,1.0
fused,real_only,0.8293578698823103,0.8542336548767417,0.0,1.0,1.0
fused,real_only,0.8395759383035156,0.8510182207931404,0.0,1.0,1.0
fused,real_only,0.8434320743808709,0.8467309753483387,0.0,1.0,1.0
fused,real_only,0.8449325222390344,0.8435155412647374,0.0,1.0,1.0
fused,real_only,0.8500027167430313,0.8403001071811361,0.0,1.0,1.0
fused,real_only,0.8564467852698205,0.8370846730975349,0.0,1.0,1.0
fused,real_only,0.8636382190730908,0.8327974276527331,0.0,1.0,1.0
fused,real_only,0.8729650118888506,0.8295819935691319,0.0,1.0,1.0
fused,real_only,0.8785236064303276,0.8263665594855305,0.0,1.0,1.0
fused,real_only,0.8928667931990919,0.8231511254019293,0.0,1.0,1.0
fused,real_only,0.9007629794710016,0.8188638799571275,0.0,1.0,1.0
fused,real_only,0.9069714448705293,0.8156484458735263,0.0,1.0,1.0
fused,real_only,0.9086034662236909,0.812433011789925,0.0,1.0,1.0
fused,real_only,0.9108705478681132,0.8092175777063236,0.0,1.0,1.0
fused,real_only,0.9161622927342179,0.804930332261522,0.0,1.0,1.0
fused,real_only,0.9195271886174863,0.8017148981779206,0.0,1.0,1.0
fused,real_only,0.9262579802964181,0.7984994640943194,0.0,1.0,1.0
fused,real_only,0.9294824369626138,0.7952840300107181,0.0,1.0,1.0
fused,real_only,0.9317079614537054,0.7909967845659164,0.0,1.0,1.0
fused,real_only,0.9387824983996358,0.7877813504823151,0.0,1.0,1.0
fused,real_only,0.9455852562414669,0.7845659163987139,0.0,1.0,1.0
fused,real_only,0.9502765013242421,0.7813504823151125,0.0,1.0,1.0
fused,real_only,0.9525960229614656,0.7770632368703109,0.0,1.0,1.0
fused,real_only,0.9543665779889171,0.7738478027867095,0.0,1.0,1.0
fused,real_only,0.9572904333694248,0.7706323687031083,0.0,1.0,1.0
fused,real_only,0.9587982734046072,0.767416934619507,0.0,1.0,1.0
fused,real_only,0.9640462322874194,0.7631296891747053,0.0,1.0,1.0
fused,real_only,0.9676352502605634,0.759914255091104,0.0,1.0,1.0
fused,real_only,0.9700920601292345,0.7566988210075026,0.0,1.0,1.0
fused,real_only,0.9770991886856042,0.7534833869239014,0.0,1.0,1.0
fused,real_only,0.9888652601690502,0.7491961414790996,0.0,1.0,1.0
fused,real_only,0.9975518387932696,0.7459807073954984,0.0,1.0,1.0
fused,real_only,0.9979352296065271,0.7427652733118971,0.0,1.0,1.0
fused,real_only,0.9996020124839158,0.7395498392282959,0.0,1.0,1.0
fused,real_only,1.0059983567810027,0.7352625937834941,0.0,1.0,1.0
fused,real_only,1.0099896344150827,0.7320471596998929,0.0,1.0,1.0
fused,real_only,1.0169586992208797,0.7288317256162915,0.0,1.0,1.0
fused,real_only,1.0203365077519786,0.7256162915326902,0.0,1.0,1.0
fused,real_only,1.0277679485745075,0.7213290460878885,0.0,1.0,1.0
fused,real_only,1.0329401605734203,0.7181136120042872,0.0,1.0,1.0
fused,real_only,1.0352727567457287,0.714898177920686,0.0,1.0,1.0
fused,real_only,1.0379374188191828,0.7116827438370846,0.0,1.0,1.0
fused,real_only,1.044184031612856,0.707395498392283,0.0,1.0,1.0
fused,real_only,1.0484638181666996,0.7041800643086816,0.0,1.0,1.0
fused,real_only,1.0533872455089488,0.7009646302250804,0.0,1.0,1.0
fused,real_only,1.0586662210413147,0.6977491961414791,0.0,1.0,1.0
fused,real_only,1.0615426647725172,0.6934619506966774,0.0,1.0,1.0
fused,real_only,1.0652685822063035,0.6902465166130761,0.0,1.0,1.0
fused,real_only,1.0680626926498715,0.6870310825294748,0.0,1.0,1.0
fused,real_only,1.070631097209722,0.6838156484458735,0.0,1.0,1.0
fused,real_only,1.0768096646670724,0.6795284030010718,0.0,1.0,1.0
fused,real_only,1.0858628196162705,0.6763129689174705,0.0,1.0,1.0
fused,real_only,1.0885161771129495,0.6730975348338692,0.0,1.0,1.0
fused,real_only,1.0918724691253396,0.669882100750268,0.0,1.0,1.0
fused,real_only,1.0954229321133544,0.6655948553054662,0.0,1.0,1.0
fused,real_only,1.0998509830395893,0.662379421221865,0.0,1.0,1.0
fused,real_only,1.1031171264058777,0.6591639871382636,0.0,1.0,1.0
fused,real_only,1.1066418730463943,0.6559485530546624,0.0,1.0,1.0
fused,real_only,1.109294013956601,0.6516613076098606,0.0,1.0,1.0
fused,real_only,1.1149031606112894,0.6484458735262594,0.0,1.0,1.0
fused,real_only,1.1215055837904817,0.6452304394426581,0.0,1.0,1.0
fused,real_only,1.1271096352061698,0.6420150053590568,0.0,1.0,1.0
fused,real_only,1.130245294685388,0.6377277599142551,0.0,1.0,1.0
fused,real_only,1.1308740674096038,0.6345123258306538,0.0,1.0,1.0
fused,real_only,1.1340294260285724,0.6312968917470525,0.0,1.0,1.0
fused,real_only,1.1355698804128498,0.6280814576634512,0.0,1.0,1.0
fused,real_only,1.1414535248590032,0.6237942122186495,0.0,1.0,1.0
fused,real_only,1.1461905493556968,0.6205787781350482,0.0,1.0,1.0
fused,real_only,1.150577774060488,0.617363344051447,0.0,1.0,1.0
fused,real_only,1.1598728136597523,0.6141479099678456,0.0,1.0,1.0
fused,real_only,1.1632563999002128,0.609860664523044,0.0,1.0,1.0
fused,real_only,1.163546343589166,0.6066452304394426,0.0,1.0,1.0
fused,real_only,1.167370314283576,0.6034297963558414,0.0,1.0,1.0
fused,real_only,1.1691425525958148,0.6002143622722401,0.0,1.0,1.0
fused,real_only,1.173083649843683,0.5959271168274384,0.0,1.0,1.0
fused,real_only,1.1746675331956298,0.5927116827438371,0.0,1.0,1.0
fused,real_only,1.1790830797546277,0.5894962486602358,0.0,1.0,1.0
fused,real_only,1.180716392228669,0.5862808145766345,0.0,1.0,1.0
fused,real_only,1.1901696894181168,0.5819935691318328,0.0,1.0,1.0
fused,real_only,1.19324914219998,0.5787781350482315,0.0,1.0,1.0
fused,real_only,1.1944764326959034,0.5755627009646302,0.0,1.0,1.0
fused,real_only,1.1979547765835792,0.572347266881029,0.0,1.0,1.0
fused,real_only,1.2016336984790734,0.5680600214362272,0.0,1.0,1.0
fused,real_only,1.2068527984702357,0.564844587352626,0.0,1.0,1.0
fused,real_only,1.2107355991138704,0.5616291532690246,0.0,1.0,1.0
fused,real_only,1.2184306559348161,0.5584137191854234,0.0,1.0,1.0
fused,real_only,1.2217754959093363,0.5541264737406216,0.0,1.0,1.0
fused,real_only,1.2251502467795796,0.5509110396570204,0.0,1.0,1.0
fused,real_only,1.2306674044900656,0.5476956055734191,0.0,1.0,1.0
fused,real_only,1.2336273227083854,0.5444801714898178,0.0,1.0,1.0
fused,real_only,1.240026417008111,0.5401929260450161,0.0,1.0,1.0
fused,real_only,1.2433900683586172,0.5369774919614148,0.0,1.0,1.0
fused,real_only,1.2469410160138232,0.5337620578778135,0.0,1.0,1.0
fused,real_only,1.255974375991449,0.5305466237942122,0.0,1.0,1.0
fused,real_only,1.2583786031261488,0.5262593783494105,0.0,1.0,1.0
fused,real_only,1.2598464994222356,0.5230439442658092,0.0,1.0,1.0
fused,real_only,1.2630527684699424,0.5198285101822079,0.0,1.0,1.0
fused,real_only,1.2676163777355614,0.5166130760986066,0.0,1.0,1.0
fused,real_only,1.2723160459845941,0.5123258306538049,0.0,1.0,1.0
fused,real_only,1.2736836833712286,0.5091103965702036,0.0,1.0,1.0
fused,real_only,1.2776723227156928,0.5058949624866024,0.0,1.0,1.0
fused,real_only,1.2787469280023933,0.5026795284030011,0.0,1.0,1.0
fused,real_only,1.280844576172211,0.4983922829581994,0.0,1.0,1.0
fused,real_only,1.285832244183748,0.49517684887459806,0.0,1.0,1.0
fused,real_only,1.2938140373452376,0.4919614147909968,0.0,1.0,1.0
fused,real_only,1.2992177271896996,0.4887459807073955,0.0,1.0,1.0
fused,real_only,1.3049267812306111,0.4844587352625938,0.0,1.0,1.0
fused,real_only,1.307729548609717,0.4812433011789925,0.0,1.0,1.0
fused,real_only,1.3132953759300845,0.4780278670953912,0.0,1.0,1.0
fused,real_only,1.3190010812173985,0.47481243301178994,0.0,1.0,1.0
fused,real_only,1.3261435156749681,0.4705251875669882,0.0,1.0,1.0
fused,real_only,1.3308125842254817,0.46730975348338694,0.0,1.0,1.0
fused,real_only,1.3327940726615886,0.4640943193997856,0.0,1.0,1.0
fused,real_only,1.34303768683435,0.4608788853161844,0.0,1.0,1.0
fused,real_only,1.3470980652593507,0.4565916398713826,0.0,1.0,1.0
fused,real_only,1.3483689269078627,0.4533762057877814,0.0,1.0,1.0
fused,real_only,1.349021821105247,0.45016077170418006,0.0,1.0,1.0
fused,real_only,1.350707367263348,0.44694533762057875,0.0,1.0,1.0
fused,real_only,1.356644304861883,0.44265809217577706,0.0,1.0,1.0
fused,real_only,1.3626099142665673,0.43944265809217575,0.0,1.0,1.0
fused,real_only,1.3648028796891274,0.4362272240085745,0.0,1.0,1.0
fused,real_only,1.3665881228808607,0.4330117899249732,0.0,1.0,1.0
fused,real_only,1.3718490606545004,0.4287245444801715,0.0,1.0,1.0
fused,real_only,1.3747007983978532,0.4255091103965702,0.0,1.0,1.0
fused,real_only,1.3780031379445303,0.42229367631296894,0.0,1.0,1.0
fused,real_only,1.38166225834637,0.4190782422293676,0.0,1.0,1.0
fused,real_only,1.3869781965851826,0.41479099678456594,0.0,1.0,1.0
fused,real_only,1.3942853581961816,0.4115755627009646,0.0,1.0,1.0
fused,real_only,1.3948408295073524,0.40836012861736337,0.0,1.0,1.0
fused,real_only,1.4001173185572848,0.40514469453376206,0.0,1.0,1.0
fused,real_only,1.4033519888657113,0.4008574490889603,0.0,1.0,1.0
fused,real_only,1.4076767454237167,0.39764201500535906,0.0,1.0,1.0
fused,real_only,1.4149375075296975,0.39442658092175775,0.0,1.0,1.0
fused,real_only,1.4197988678302131,0.3912111468381565,0.0,1.0,1.0
fused,real_only,1.4292714952566299,0.38692390139335475,0.0,1.0,1.0
fused,real_only,1.4317931589180473,0.3837084673097535,0.0,1.0,1.0
fused,real_only,1.4346248472792513,0.3804930332261522,0.0,1.0,1.0
fused,real_only,1.4377097458178962,0.37727759914255093,0.0,1.0,1.0
fused,real_only,1.4428629046476384,0.3729903536977492,0.0,1.0,1.0
fused,real_only,1.4444241378156826,0.36977491961414793,0.0,1.0,1.0
fused,real_only,1.4473452766727277,0.3665594855305466,0.0,1.0,1.0
fused,real_only,1.452830377714001,0.3633440514469453,0.0,1.0,1.0
fused,real_only,1.4565676312467402,0.3590568060021436,0.0,1.0,1.0
fused,real_only,1.4579000971622726,0.3558413719185423,0.0,1.0,1.0
fused,real_only,1.459628671849246,0.35262593783494106,0.0,1.0,1.0
fused,real_only,1.4601646790884661,0.34941050375133975,0.0,1.0,1.0
fused,real_only,1.4628490238556957,0.34512325830653806,0.0,1.0,1.0
fused,real_only,1.4667379551644113,0.34190782422293675,0.0,1.0,1.0
fused,real_only,1.4751298292436448,0.3386923901393355,0.0,1.0,1.0
fused,real_only,1.4799448870181797,0.3354769560557342,0.0,1.0,1.0
fused,real_only,1.4849571567468696,0.3311897106109325,0.0,1.0,1.0
fused,real_only,1.4870604409093529,0.3279742765273312,0.0,1.0,1.0
fused,real_only,1.4894786208874222,0.3247588424437299,0.0,1.0,1.0
fused,real_only,1.4903916574611498,0.3215434083601286,0.0,1.0,1.0
fused,real_only,1.4926162605137905,0.3172561629153269,0.0,1.0,1.0
fused,real_only,1.4979932038997457,0.3140407288317256,0.0,1.0,1.0
fused,real_only,1.4986747842215569,0.3108252947481243,0.0,1.0,1.0
fused,real_only,1.502159126895238,0.30760986066452306,0.0,1.0,1.0
fused,real_only,1.5074468793530968,0.3033226152197213,0.0,1.0,1.0
fused,real_only,1.5161274947396333,0.30010718113612006,0.0,1.0,1.0
fused,real_only,1.5176696014329996,0.29689174705251875,0.0,1.0,1.0
fused,real_only,1.5235755467694734,0.2936763129689175,0.0,1.0,1.0
fused,real_only,1.5264375441736058,0.28938906752411575,0.0,1.0,1.0
fused,real_only,1.5303487032525278,0.2861736334405145,0.0,1.0,1.0
fused,real_only,1.5332249035141237,0.2829581993569132,0.0,1.0,1.0
fused,real_only,1.5375918804437434,0.2797427652733119,0.0,1.0,1.0
fused,real_only,1.5418095890095338,0.2754555198285102,0.0,1.0,1.0
fused,real_only,1.5447207838012935,0.2722400857449089,0.0,1.0,1.0
fused,real_only,1.549440826830554,0.2690246516613076,0.0,1.0,1.0
fused,real_only,1.5524988952094754,0.2658092175777063,0.0,1.0,1.0
fused,real_only,1.5568238268474768,0.2615219721329046,0.0,1.0,1.0
fused,real_only,1.5585011214898632,0.2583065380493033,0.0,1.0,1.0
fused,real_only,1.5625256370312757,0.25509110396570206,0.0,1.0,1.0
fused,real_only,1.5658419408741973,0.25187566988210075,0.0,1.0,1.0
fused,real_only,1.5778410089558803,0.24758842443729903,0.0,1.0,1.0
fused,real_only,1.5815856758038613,0.24437299035369775,0.0,1.0,1.0
fused,real_only,1.5875797251308035,0.24115755627009647,0.0,1.0,1.0
fused,real_only,1.592930714282579,0.2379421221864952,0.0,1.0,1.0
fused,real_only,1.601282042423732,0.23365487674169347,0.0,1.0,1.0
fused,real_only,1.6057645791596258,0.2304394426580922,0.0,1.0,1.0
fused,real_only,1.6114782371956928,0.22722400857449088,0.0,1.0,1.0
fused,real_only,1.6146289914064083,0.2240085744908896,0.0,1.0,1.0
fused,real_only,1.621756808725822,0.21972132904608788,0.0,1.0,1.0
fused,real_only,1.6238748577843363,0.2165058949624866,0.0,1.0,1.0
fused,real_only,1.627806180425618,0.2132904608788853,0.0,1.0,1.0
fused,real_only,1.632815973092646,0.21007502679528403,0.0,1.0,1.0
fused,real_only,1.6456103734178353,0.2057877813504823,0.0,1.0,1.0
fused,real_only,1.649593478213812,0.20257234726688103,0.0,1.0,1.0
fused,real_only,1.6570142767262284,0.19935691318327975,0.0,1.0,1.0
fused,real_only,1.6590615940705318,0.19614147909967847,0.0,1.0,1.0
fused,real_only,1.6639455697628482,0.19185423365487675,0.0,1.0,1.0
fused,real_only,1.674755035941954,0.18863879957127547,0.0,1.0,1.0
fused,real_only,1.6823155352854084,0.18542336548767416,0.0,1.0,1.0
fused,real_only,1.68380859579557,0.18220793140407288,0.0,1.0,1.0
fused,real_only,1.6930938124901012,0.17792068595927116,0.0,1.0,1.0
fused,real_only,1.6973214599514725,0.17470525187566988,0.0,1.0,1.0
fused,real_only,1.698325372807509,0.1714898177920686,0.0,1.0,1.0
fused,real_only,1.7026376537898387,0.1682743837084673,0.0,1.0,1.0
fused,real_only,1.706593562869991,0.1639871382636656,0.0,1.0,1.0
fused,real_only,1.709162157900447,0.1607717041800643,0.0,1.0,1.0
fused,real_only,1.712896911405264,0.15755627009646303,0.0,1.0,1.0
fused,real_only,1.7234481043588654,0.15434083601286175,0.0,1.0,1.0
fused,real_only,1.7279242710101381,0.15005359056806003,0.0,1.0,1.0
fused,real_only,1.7323651508611284,0.14683815648445875,0.0,1.0,1.0
fused,real_only,1.7394883588329422,0.14362272240085744,0.0,1.0,1.0
fused,real_only,1.7410282521459304,0.14040728831725616,0.0,1.0,1.0
fused,real_only,1.7555488519014337,0.13612004287245444,0.0,1.0,1.0
fused,real_only,1.7754500082045548,0.13290460878885316,0.0,1.0,1.0
fused,real_only,1.7794873707583863,0.12968917470525188,0.0,1.0,1.0
fused,real_only,1.8058858847320818,0.1264737406216506,0.0,1.0,1.0
fused,real_only,1.83599888176195,0.12218649517684887,0.0,1.0,1.0
fused,real_only,1.841561393766423,0.1189710610932476,0.0,1.0,1.0
fused,real_only,1.847160878875762,0.1157556270096463,0.0,1.0,1.0
fused,real_only,1.8493574966514554,0.11254019292604502,0.0,1.0,1.0
fused,real_only,1.8629727310891184,0.1082529474812433,0.0,1.0,1.0
fused,real_only,1.8794692047695867,0.10503751339764202,0.0,1.0,1.0
fused,real_only,1.8879976619682393,0.10182207931404073,0.0,1.0,1.0
fused,real_only,1.8907862976653744,0.09860664523043944,0.0,1.0,1.0
fused,real_only,1.9031422634831423,0.09431939978563773,0.0,1.0,1.0
fused,real_only,1.907576733657777,0.09110396570203644,0.0,1.0,1.0
fused,real_only,1.9357039644758387,0.08788853161843516,0.0,1.0,1.0
fused,real_only,1.940225197208919,0.08467309753483387,0.0,1.0,1.0
fused,real_only,1.9499185212570391,0.08038585209003216,0.0,1.0,1.0
fused,real_only,1.9556971712430293,0.07717041800643087,0.0,1.0,1.0
fused,real_only,1.9594873355720588,0.07395498392282958,0.0,1.0,1.0
fused,real_only,1.9819663226164734,0.0707395498392283,0.0,1.0,1.0
fused,real_only,1.9946698825180058,0.06645230439442658,0.0,1.0,1.0
fused,real_only,2.004360354784315,0.0632368703108253,0.0,1.0,1.0
fused,real_only,2.0318135273107716,0.06002143622722401,0.0,1.0,1.0
fused,real_only,2.0453873081239142,0.05680600214362272,0.0,1.0,1.0
fused,real_only,2.0622288268311895,0.05251875669882101,0.0,1.0,1.0
fused,real_only,2.0750564477100237,0.04930332261521972,0.0,1.0,1.0
fused,real_only,2.0805214310318716,0.04608788853161844,0.0,1.0,1.0
fused,real_only,2.0975309502165786,0.04287245444801715,0.0,1.0,1.0
fused,real_only,2.1101867082268244,0.03858520900321544,0.0,1.0,1.0
fused,real_only,2.1240470588780713,0.03536977491961415,0.0,1.0,1.0
fused,real_only,2.1612332971570782,0.03215434083601286,0.0,1.0,1.0
fused,real_only,2.174493758595216,0.028938906752411574,0.0,1.0,1.0
fused,real_only,2.2199654671159976,0.02572347266881029,0.025000000000000022,0.975,0.975
fused,real_only,2.236908844905866,0.023579849946409433,0.050000000000000044,0.95,0.95
fused,real_only,2.270542726270456,0.020364415862808145,0.050000000000000044,0.95,0.95
fused,real_only,2.298623240475122,0.01714898177920686,0.050000000000000044,0.95,0.95
fused,real_only,2.357381988317194,0.012861736334405145,0.050000000000000044,0.95,0.95
fused,real_only,2.3721677510433015,0.00964630225080386,0.050000000000000044,0.95,0.95
fused,real_only,2.4299664218514576,0.006430868167202572,0.050000000000000044,0.95,0.95
fused,real_only,2.467934827250398,0.003215434083601286,0.050000000000000044,0.95,0.95
fused,real_only,2.6535694303118182,0.0010718113612004287,0.09999999999999998,0.9,0.9
fused,real_only,3.007637317671264,0.0,0.15000000000000002,0.85,0.85
fused,real_only,3.1245542522070053,0.0,0.22499999999999998,0.775,0.775
fused,real_only,3.296681950638612,0.0,0.30000000000000004,0.7,0.7
fused,real_only,3.473455818659299,0.0,0.4,0.6,0.6
fused,real_only,3.571973587397748,0.0,0.475,0.525,0.525
fused,real_only,3.594713751510822,0.0,0.55,0.45,0.45
fused,real_only,3.68294238052328,0.0,0.625,0.375,0.375
fused,real_only,3.7874923991098983,0.0,0.725,0.275,0.275
fused,real_only,3.8242228578160895,0.0,0.8,0.2,0.2
fused,real_only,3.966585118892425,0.0,0.875,0.125,0.125
fused,real_only,4.136293541230023,0.0,0.975,0.025,0.025
