system,role,probe_identity,probe_sample_id,probe_is_augmented,top1_identity,top1_score,true_score,rank_true_identity
palm,genuine_known,0_L,32,False,0_L,0.9502383772434821,0.9502383772434821,1
palm,genuine_known,10_L,5,False,10_L,0.9849056707171058,0.9849056707171058,1
palm,genuine_known,10_R,13,False,61_R,0.9710159295614536,0.9370019786505001,27
palm,genuine_known,1000000_L,17,False,1000000_L,0.9507468652058246,0.9507468652058246,1
palm,genuine_known,1000000_R,9,False,1510_R,0.8527120966396006,0.708925674346941,60
palm,genuine_known,1003_L,12,False,1504_L,0.9450094370694161,0.9321989935172681,13
palm,genuine_known,1003_R,10,False,1003_R,0.9257772929065855,0.9257772929065855,1
palm,genuine_known,1009_L,13,False,573_L,0.9640233528198592,0.9635640466775928,2
palm,genuine_known,1009_R,11,False,573_R,0.9679077668962707,0.8995616872844794,49
palm,genuine_known,1011_L,14,False,1011_L,0.8950240799004436,0.8950240799004436,1
palm,genuine_known,1011_R,16,False,1011_R,0.9545451178414697,0.9545451178414697,1
palm,genuine_known,1013_L,17,False,1013_L,0.970178704526087,0.970178704526087,1
palm,genuine_known,1013_R,23,False,1013_R,0.9667147464549973,0.9667147464549973,1
palm,genuine_known,1014_L,3,False,1051_L,0.977954850502841,0.9762097920124404,2
palm,genuine_known,1014_R,9,False,1014_R,0.8844652641959676,0.8844652641959676,1
palm,genuine_known,1018_L,19,False,573_L,0.9559874347358572,0.8813463258137162,72
palm,genuine_known,1018_R,13,False,1018_R,0.9647161138810167,0.9647161138810167,1
palm,genuine_known,1019_L,26,False,1019_L,0.8621064484165277,0.8621064484165277,1
palm,genuine_known,1019_R,29,False,1061_R,0.9513009997492328,0.9394486502222991,3
palm,genuine_known,1024_L,42,False,1060_L,0.9456498234304629,0.9402846968959999,4
palm,genuine_known,1024_R,40,False,1009_R,0.9312229112135213,0.8881218129948995,17
palm,genuine_known,1026_L,6,False,1026_L,0.976220148054743,0.976220148054743,1
palm,genuine_known,1026_R,5,False,1026_R,0.9662708362498453,0.9662708362498453,1
palm,genuine_known,1028_L,14,False,1028_L,0.9335822037613934,0.9335822037613934,1
palm,genuine_known,1028_R,7,False,1028_R,0.9940557735562945,0.9940557735562945,1
palm,genuine_known,1030_L,17,False,1030_L,0.948371455922463,0.948371455922463,1
palm,genuine_known,1030_R,41,False,1030_R,0.9721911491259638,0.9721911491259638,1
palm,genuine_known,1033_L,29,False,1033_L,0.967173766955501,0.967173766955501,1
palm,genuine_known,1033_R,31,False,1558_R,0.9802840863464244,0.9677207801162913,3
palm,genuine_known,1037_L,21,False,1037_L,0.9468943568705797,0.9468943568705797,1
palm,genuine_known,1037_R,24,False,1033_R,0.980471984637887,0.969458227096182,7
palm,genuine_known,1041_L,8,False,1041_L,0.9364993703015467,0.9364993703015467,1
palm,genuine_known,1041_R,14,False,1200000_R,0.9011289353480231,0.8339626978552406,33
palm,genuine_known,1042_L,17,False,1042_L,0.9773249001805947,0.9773249001805947,1
palm,genuine_known,1042_R,12,False,1042_R,0.9811900677836932,0.9811900677836932,1
palm,genuine_known,1046_L,13,False,1061_L,0.9023876456435765,0.8286333170078608,17
palm,genuine_known,1046_R,11,False,573_R,0.9687969016099642,0.8124459647366195,76
palm,genuine_known,1050_L,28,False,1050_L,0.9800230171177768,0.9800230171177768,1
palm,genuine_known,1050_R,41,False,1050_R,0.9935262153090626,0.9935262153090626,1
palm,genuine_known,1051_L,19,False,1051_L,0.9584800447919366,0.9584800447919366,1
palm,genuine_known,1051_R,18,False,1028_R,0.972374680282487,0.9586585838411716,3
palm,genuine_known,1052_L,16,False,1052_L,0.9580504367945359,0.9580504367945359,1
palm,genuine_known,1052_R,8,False,1052_R,0.9548303824421519,0.9548303824421519,1
palm,genuine_known,1060_L,15,False,1594_L,0.9300663541485518,0.9286799724904018,3
palm,genuine_known,1060_R,17,False,1009_R,0.9560979651072581,0.9373170916571771,6
palm,genuine_known,1061_L,12,False,1532_L,0.9679662912276246,0.9084636079515802,51
palm,genuine_known,1061_R,11,False,1061_R,0.9406214938841451,0.9406214938841451,1
palm,genuine_known,1067_L,17,False,573_L,0.9343474854620419,0.9309319297739218,5
palm,genuine_known,1067_R,13,False,1067_R,0.9725332093230326,0.9725332093230326,1
palm,genuine_known,1069_L,6,False,576_L,0.9719765140856926,0.9520145239650575,22
palm,genuine_known,1069_R,8,False,11_R,0.9571123314004277,0.9458516719033261,5
palm,genuine_known,1074_L,5,False,1074_L,0.9517799393217872,0.9517799393217872,1
palm,genuine_known,1074_R,5,False,1037_R,0.974656799503458,0.9712585015106597,2
palm,genuine_known,1075_L,17,False,1594_L,0.968209125643881,0.88774124693088,56
palm,genuine_known,1075_R,19,False,1075_R,0.9673354353865967,0.9673354353865967,1
palm,genuine_known,1080_L,21,False,1080_L,0.955962906878278,0.955962906878278,1
palm,genuine_known,1080_R,22,False,1080_R,0.9873767038966614,0.9873767038966614,1
palm,genuine_known,1081_L,8,False,1081_L,0.95985113469085,0.95985113469085,1
palm,genuine_known,1081_R,7,False,1081_R,0.9677685440308614,0.9677685440308614,1
palm,genuine_known,1082_L,13,False,1061_L,0.8701413665275239,0.8033758390121928,9
palm,genuine_known,1082_R,15,False,92_R,0.9653635898884965,0.9594940078943214,2
palm,genuine_known,1085_L,9,False,1085_L,0.8793067897679374,0.8793067897679374,1
palm,genuine_known,1085_R,17,False,92_R,0.9409302826050676,0.8967566267898055,25
palm,genuine_known,1093_L,10,False,1093_L,0.9509244455190264,0.9509244455190264,1
palm,genuine_known,1093_R,12,False,1552_R,0.9367609191744098,0.8506244240950978,36
palm,genuine_known,11_L,8,False,559_L,0.9637511577286269,0.9368908683952846,10
palm,genuine_known,11_R,5,False,11_R,0.9819904816298473,0.9819904816298473,1
palm,genuine_known,1100000_L,7,False,1100000_L,0.945253201116121,0.945253201116121,1
palm,genuine_known,1100000_R,8,False,1100000_R,0.9401097584076539,0.9401097584076539,1
palm,genuine_known,1200000_L,8,False,1200000_L,0.9724773377381677,0.9724773377381677,1
palm,genuine_known,1200000_R,10,False,1200000_R,0.957155798720779,0.957155798720779,1
palm,genuine_known,13_L,6,False,13_L,0.9471846236212482,0.9471846236212482,1
palm,genuine_known,13_R,5,False,1081_R,0.9413042500802501,0.9302195744711075,3
palm,genuine_known,1504_L,13,False,1504_L,0.9624957892782173,0.9624957892782173,1
palm,genuine_known,1504_R,13,False,1504_R,0.9799382328323691,0.9799382328323691,1
palm,genuine_known,1510_L,12,False,1061_L,0.9588436506540223,0.9445800903293244,3
palm,genuine_known,1510_R,11,False,1067_R,0.9242497276758225,0.862103128857395,57
palm,genuine_known,1513_L,13,False,1513_L,0.9600150705783879,0.9600150705783879,1
palm,genuine_known,1513_R,17,False,1513_R,0.9785894773985566,0.9785894773985566,1
palm,genuine_known,1515_L,5,False,1024_L,0.8852236643220195,0.8521975561732823,12
palm,genuine_known,1515_R,7,False,1515_R,0.9775830526633753,0.9775830526633753,1
palm,genuine_known,1520_L,7,False,1520_L,0.9847906782059959,0.9847906782059959,1
palm,genuine_known,1520_R,6,False,1520_R,0.9832210319555829,0.9832210319555829,1
palm,genuine_known,1525_L,9,False,1061_L,0.9054211532982398,0.8391032875229462,30
palm,genuine_known,1525_R,10,False,1552_R,0.9660132411276967,0.9652527575827623,2
palm,genuine_known,1529_L,12,False,1529_L,0.9235099064365384,0.9235099064365384,1
palm,genuine_known,1529_R,18,False,1529_R,0.9566509158479688,0.9566509158479688,1
palm,genuine_known,1532_L,9,False,1532_L,0.9428078470076522,0.9428078470076522,1
palm,genuine_known,1532_R,15,False,1532_R,0.9348077351177578,0.9348077351177578,1
palm,genuine_known,1533_L,18,False,1050_L,0.9701825269685689,0.9681054628687688,2
palm,genuine_known,1533_R,27,False,1533_R,0.9666685044927927,0.9666685044927927,1
palm,genuine_known,1536_L,11,False,1075_L,0.9549997271294122,0.9183166176645949,27
palm,genuine_known,1536_R,9,False,1536_R,0.9753912519638894,0.9753912519638894,1
palm,genuine_known,1537_L,15,False,1537_L,0.9758611257110945,0.9758611257110945,1
palm,genuine_known,1537_R,8,False,1537_R,0.9808798231869833,0.9808798231869833,1
palm,genuine_known,1540_L,22,False,1540_L,0.9662834821289484,0.9662834821289484,1
palm,genuine_known,1540_R,28,False,1558_R,0.9702159396891481,0.9434757534321554,12
palm,genuine_known,1545_L,20,False,1545_L,0.9718620230000533,0.9718620230000533,1
palm,genuine_known,1545_R,12,False,1545_R,0.9692599096366178,0.9692599096366178,1
palm,genuine_known,1549_L,12,False,67_L,0.8960915728923705,0.8579003190617174,4
palm,genuine_known,1549_R,6,False,1549_R,0.9665803410686892,0.9665803410686892,1
palm,genuine_known,1550_L,10,False,1594_L,0.9490049299206824,0.8902367848238937,21
palm,genuine_known,1550_R,13,False,1009_R,0.9050627277647294,0.8877035676087557,4
palm,genuine_known,1552_L,5,False,1525_L,0.9715724917122273,0.9629650069631626,3
palm,genuine_known,1552_R,6,False,1552_R,0.9722107779731504,0.9722107779731504,1
palm,genuine_known,1556_L,23,False,1100000_L,0.9437979953079016,0.9101979880352258,20
palm,genuine_known,1556_R,14,False,1556_R,0.9665772160815032,0.9665772160815032,1
palm,genuine_known,1558_L,18,False,1558_L,0.9567595093140482,0.9567595093140482,1
palm,genuine_known,1558_R,25,False,1558_R,0.9839681350586543,0.9839681350586543,1
palm,genuine_known,1560_L,10,False,1560_L,0.91148195958408,0.91148195958408,1
palm,genuine_known,1560_R,9,False,1009_R,0.9391040174924931,0.9381196387313068,2
palm,genuine_known,1585_L,4,False,1552_L,0.9605310334544419,0.9503615605516047,3
palm,genuine_known,1585_R,4,False,92_R,0.9493473897587505,0.916600281477653,28
palm,genuine_known,1588_L,10,False,1588_L,0.9595492203588274,0.9595492203588274,1
palm,genuine_known,1588_R,12,False,1588_R,0.9801470220439314,0.9801470220439314,1
palm,genuine_known,1589_L,14,False,1594_L,0.9490202907748586,0.9141294848599345,11
palm,genuine_known,1589_R,5,False,1589_R,0.9934068408670307,0.9934068408670307,1
palm,genuine_known,1594_L,6,False,1594_L,0.9787184326885258,0.9787184326885258,1
palm,genuine_known,1594_R,7,False,1009_R,0.9367800017311323,0.9323178500718363,2
palm,genuine_known,2000000_L,11,False,2000000_L,0.9589858878085776,0.9589858878085776,1
palm,genuine_known,2000000_R,19,False,2000000_R,0.9504581024712829,0.9504581024712829,1
palm,genuine_known,543_L,8,False,543_L,0.9712475598136497,0.9712475598136497,1
palm,genuine_known,543_R,6,False,543_R,0.9638012473850301,0.9638012473850301,1
palm,genuine_known,546_L,13,False,1556_L,0.870853600496605,0.817342651125424,13
palm,genuine_known,546_R,16,False,546_R,0.9599207187818065,0.9599207187818065,1
palm,genuine_known,552_L,15,False,1558_L,0.9732587767024357,0.9553736719237153,9
palm,genuine_known,552_R,19,False,1536_R,0.9442791949356732,0.917063343380156,11
palm,genuine_known,559_L,7,False,86_L,0.9266858192849311,0.9117694177007609,3
palm,genuine_known,559_R,5,False,559_R,0.9476457494109072,0.9476457494109072,1
palm,genuine_known,572_L,5,False,595_L,0.9440557100454576,0.8606472036213372,41
palm,genuine_known,572_R,5,False,572_R,0.9785132772631142,0.9785132772631142,1
palm,genuine_known,573_L,10,False,573_L,0.9739084046325654,0.9739084046325654,1
palm,genuine_known,573_R,11,False,573_R,0.9791366432867059,0.9791366432867059,1
palm,genuine_known,576_L,11,False,1014_L,0.9662085667716948,0.9647513839764761,2
palm,genuine_known,576_R,14,False,1536_R,0.9446983801158877,0.937647601038381,3
palm,genuine_known,587_L,15,False,587_L,0.9537933770630254,0.9537933770630254,1
palm,genuine_known,587_R,14,False,587_R,0.9014932335826951,0.9014932335826951,1
palm,genuine_known,594_L,5,False,594_L,0.9521546856041415,0.9521546856041415,1
palm,genuine_known,594_R,4,False,594_R,0.9741662848548788,0.9741662848548788,1
palm,genuine_known,595_L,10,False,1536_L,0.9474481511635976,0.8545173060694571,68
palm,genuine_known,595_R,6,False,595_R,0.9555767257067577,0.9555767257067577,1
palm,genuine_known,6000000_L,8,False,1552_L,0.9418642058442533,0.9321101300234163,8
palm,genuine_known,6000000_R,10,False,1019_R,0.9430794035548681,0.9428119696601808,2
palm,genuine_known,61_L,6,False,1093_L,0.9452993343633851,0.9044913865166884,50
palm,genuine_known,61_R,7,False,1552_R,0.9537810366395376,0.9489699250543557,4
palm,genuine_known,63_L,4,False,63_L,0.9626712804768561,0.9626712804768561,1
palm,genuine_known,63_R,6,False,63_R,0.9495178194458613,0.9495178194458613,1
palm,genuine_known,67_L,8,False,67_L,0.9764057433703504,0.9764057433703504,1
palm,genuine_known,67_R,20,False,67_R,0.9626759948299763,0.9626759948299763,1
palm,genuine_known,8_L,5,False,11_L,0.9167009047574304,0.89049094250944,9
palm,genuine_known,8_R,4,False,8_R,0.9428439730507594,0.9428439730507594,1
palm,genuine_known,8000000_L,14,False,1075_L,0.9464108293599615,0.9205669768259616,13
palm,genuine_known,8000000_R,9,False,8000000_R,0.9668813370843423,0.9668813370843423,1
palm,genuine_known,81_L,7,False,81_L,0.9121405522950015,0.9121405522950015,1
palm,genuine_known,81_R,5,False,86_R,0.8821315766174384,0.8525011655813988,2
palm,genuine_known,86_L,8,False,86_L,0.9498295326185454,0.9498295326185454,1
palm,genuine_known,86_R,8,False,86_R,0.953212603963586,0.953212603963586,1
palm,genuine_known,88_L,9,False,88_L,0.8768310005075634,0.8768310005075634,1
palm,genuine_known,88_R,7,False,1009_R,0.947748676153918,0.9285445037371403,16
palm,genuine_known,92_L,16,False,1594_L,0.9299996747377232,0.9051713454633885,17
palm,genuine_known,92_R,18,False,1009_R,0.9548766061522883,0.9535367088196671,2
palm,genuine_known,93_L,9,False,93_L,0.9754701829878292,0.9754701829878292,1
palm,genuine_known,93_R,11,False,93_R,0.9687749050325796,0.9687749050325796,1
palm,unknown_cal,1002_L,1,False,1030_L,0.9464924665541459,,
palm,unknown_cal,1002_L,2,False,1060_L,0.9372253157578863,,
palm,unknown_cal,1002_L,3,False,1060_L,0.9494223536022277,,
palm,unknown_cal,1002_L,4,False,546_L,0.9541364515265525,,
palm,unknown_cal,1002_L,5,False,1589_L,0.9377624804519773,,
palm,unknown_cal,1002_L,6,False,1594_L,0.933240076231225,,
palm,unknown_cal,1002_L,7,False,1594_L,0.9610713946479732,,
palm,unknown_cal,1002_L,8,False,1594_L,0.9413961459351763,,
palm,unknown_cal,1002_L,9,False,1594_L,0.9338267002224998,,
palm,unknown_cal,1002_L,10,False,1594_L,0.9503525178224965,,
palm,unknown_cal,1002_L,11,False,1009_L,0.9624602163557698,,
palm,unknown_cal,1002_L,12,False,1009_L,0.961551409683181,,
palm,unknown_cal,1002_L,13,False,1009_L,0.9556790539627448,,
palm,unknown_cal,1002_R,1,False,1028_R,0.9580481899983277,,
palm,unknown_cal,1002_R,2,False,88_R,0.972156611197775,,
palm,unknown_cal,1002_R,3,False,88_R,0.9697688865110582,,
palm,unknown_cal,1002_R,4,False,88_R,0.9676792931139726,,
palm,unknown_cal,1002_R,5,False,1028_R,0.9718280771211427,,
palm,unknown_cal,1002_R,6,False,1560_R,0.9569743211539952,,
palm,unknown_cal,1020_L,1,False,1558_L,0.9726828587774675,,
palm,unknown_cal,1020_L,2,False,1050_L,0.9672992290090827,,
palm,unknown_cal,1020_L,3,False,1050_L,0.9670601807918988,,
palm,unknown_cal,1020_L,4,False,1050_L,0.9652106329345096,,
palm,unknown_cal,1020_L,5,False,1050_L,0.9676247478837654,,
palm,unknown_cal,1020_L,6,False,1558_L,0.9671560827357593,,
palm,unknown_cal,1020_L,7,False,1545_L,0.9753710020438721,,
palm,unknown_cal,1020_L,8,False,1545_L,0.9497713256152485,,
palm,unknown_cal,1020_L,9,False,1074_L,0.9407795627392481,,
palm,unknown_cal,1020_L,10,False,1061_L,0.9168619897262769,,
palm,unknown_cal,1020_L,11,False,1061_L,0.9018205041552301,,
palm,unknown_cal,1020_L,12,False,1061_L,0.9017875394677962,,
palm,unknown_cal,1020_L,13,False,1061_L,0.9156088991317004,,
palm,unknown_cal,1020_L,14,False,1545_L,0.9683441200435574,,
palm,unknown_cal,1020_L,15,False,1558_L,0.9757912282659371,,
palm,unknown_cal,1020_L,16,False,1558_L,0.9811540998029877,,
palm,unknown_cal,1020_L,17,False,1558_L,0.9770411946520283,,
palm,unknown_cal,1020_L,18,False,1050_L,0.9245468072195604,,
palm,unknown_cal,1020_L,19,False,1014_L,0.9111789662458647,,
palm,unknown_cal,1020_L,20,False,1050_L,0.935961245466288,,
palm,unknown_cal,1020_R,1,False,1520_R,0.9468254028898428,,
palm,unknown_cal,1020_R,2,False,1520_R,0.9616711553643211,,
palm,unknown_cal,1020_R,3,False,1520_R,0.9633476177293719,,
palm,unknown_cal,1020_R,4,False,1520_R,0.9534720208725935,,
palm,unknown_cal,1020_R,5,False,1520_R,0.9630052784387473,,
palm,unknown_cal,1020_R,6,False,1050_R,0.9546747085852869,,
palm,unknown_cal,1020_R,7,False,1520_R,0.9660261754837718,,
palm,unknown_cal,1020_R,8,False,1540_R,0.893729870088346,,
palm,unknown_cal,1020_R,9,False,1510_R,0.8215491544657434,,
palm,unknown_cal,1020_R,10,False,1510_R,0.8083076394756364,,
palm,unknown_cal,1020_R,11,False,1510_R,0.8146137098560873,,
palm,unknown_cal,1020_R,12,False,1510_R,0.837915336083275,,
palm,unknown_cal,1020_R,13,False,1014_R,0.8821859639945002,,
palm,unknown_cal,1020_R,14,False,1540_R,0.9084343521754017,,
palm,unknown_cal,1020_R,15,False,1540_R,0.9485990953455301,,
palm,unknown_cal,1020_R,16,False,1540_R,0.952141590720823,,
palm,unknown_cal,1020_R,17,False,1540_R,0.9488834453584776,,
palm,unknown_cal,1020_R,18,False,1558_R,0.961665508640867,,
palm,unknown_cal,1020_R,19,False,1558_R,0.9637087790476226,,
palm,unknown_cal,1020_R,20,False,1558_R,0.9574515376358219,,
palm,unknown_cal,1020_R,21,False,1558_R,0.9513375299251434,,
palm,unknown_cal,1022_L,1,False,81_L,0.9470420169307856,,
palm,unknown_cal,1022_L,2,False,1545_L,0.9669021893781566,,
palm,unknown_cal,1022_L,3,False,61_L,0.8771230068035745,,
palm,unknown_cal,1022_L,4,False,1081_L,0.9294770281111953,,
palm,unknown_cal,1022_L,5,False,11_L,0.938264253674128,,
palm,unknown_cal,1022_R,1,False,1033_R,0.956202360422474,,
palm,unknown_cal,1022_R,2,False,1033_R,0.9539045142616891,,
palm,unknown_cal,1022_R,3,False,1080_R,0.9598947860830457,,
palm,unknown_cal,1022_R,4,False,10_R,0.9500511614177798,,
palm,unknown_cal,1022_R,5,False,1080_R,0.9409152450469157,,
palm,unknown_cal,1029_L,1,False,1081_L,0.9557604778892865,,
palm,unknown_cal,1029_L,2,False,1030_L,0.960967293937508,,
palm,unknown_cal,1029_L,3,False,1513_L,0.9389324358613855,,
palm,unknown_cal,1029_L,4,False,1532_L,0.9430500073168993,,
palm,unknown_cal,1029_L,5,False,1513_L,0.9543942271185109,,
palm,unknown_cal,1029_L,6,False,1588_L,0.9431004155428868,,
palm,unknown_cal,1029_L,7,False,1504_L,0.9560940730721175,,
palm,unknown_cal,1029_L,8,False,1082_L,0.933700861355307,,
palm,unknown_cal,1029_L,9,False,1082_L,0.9391693882892496,,
palm,unknown_cal,1029_L,10,False,1061_L,0.8637046789512306,,
palm,unknown_cal,1029_L,11,False,1061_L,0.8987293481598158,,
palm,unknown_cal,1029_L,12,False,1051_L,0.8931798671400288,,
palm,unknown_cal,1029_L,13,False,1024_L,0.9074212767331219,,
palm,unknown_cal,1029_L,14,False,1024_L,0.8866609880983498,,
palm,unknown_cal,1029_L,15,False,1024_L,0.8979678188288086,,
palm,unknown_cal,1029_L,16,False,1024_L,0.9043405652377665,,
palm,unknown_cal,1029_L,17,False,1024_L,0.8773326420119729,,
palm,unknown_cal,1029_L,18,False,1532_L,0.9530932741004023,,
palm,unknown_cal,1029_L,19,False,1504_L,0.942250751627379,,
palm,unknown_cal,1029_R,1,False,1028_R,0.9645035371582331,,
palm,unknown_cal,1029_R,2,False,1028_R,0.9627872753314148,,
palm,unknown_cal,1029_R,3,False,1051_R,0.9375235351719235,,
palm,unknown_cal,1029_R,4,False,1026_R,0.96734711253738,,
palm,unknown_cal,1029_R,5,False,1009_R,0.9540850706979846,,
palm,unknown_cal,1029_R,6,False,1009_R,0.9599067320300776,,
palm,unknown_cal,1029_R,7,False,1009_R,0.9456552067621045,,
palm,unknown_cal,1029_R,8,False,1009_R,0.9418554906150255,,
palm,unknown_cal,1029_R,9,False,1009_R,0.9599893051965755,,
palm,unknown_cal,1029_R,10,False,1009_R,0.9451660403163854,,
palm,unknown_cal,1029_R,11,False,1009_R,0.9324373861677608,,
palm,unknown_cal,1029_R,12,False,1009_R,0.9708817017883579,,
palm,unknown_cal,1029_R,13,False,1009_R,0.9523760983907771,,
palm,unknown_cal,1029_R,14,False,1028_R,0.9633369333007699,,
palm,unknown_cal,1029_R,15,False,1028_R,0.9629882685319081,,
palm,unknown_cal,1029_R,16,False,1028_R,0.958181977094904,,
palm,unknown_cal,1032_L,1,False,1532_L,0.9328320108321144,,
palm,unknown_cal,1032_L,2,False,1540_L,0.9512786792546359,,
palm,unknown_cal,1032_L,3,False,1540_L,0.9546562170800418,,
palm,unknown_cal,1032_L,4,False,1540_L,0.954168527634927,,
palm,unknown_cal,1032_L,5,False,1540_L,0.9367190153970798,,
palm,unknown_cal,1032_L,6,False,1540_L,0.9428821376500732,,
palm,unknown_cal,1032_L,7,False,1540_L,0.9355293319447724,,
palm,unknown_cal,1032_L,8,False,1540_L,0.9494025309478397,,
palm,unknown_cal,1032_L,9,False,1074_L,0.9439731089780358,,
palm,unknown_cal,1032_L,10,False,0_L,0.948781689305722,,
palm,unknown_cal,1032_L,11,False,0_L,0.9476821150501131,,
palm,unknown_cal,1032_L,12,False,0_L,0.9494722433197902,,
palm,unknown_cal,1032_L,13,False,0_L,0.9542227692520598,,
palm,unknown_cal,1032_L,14,False,0_L,0.9427721542566263,,
palm,unknown_cal,1032_L,15,False,0_L,0.9518152611253885,,
palm,unknown_cal,1032_L,16,False,1011_L,0.9267653127135749,,
palm,unknown_cal,1032_L,17,False,13_L,0.9181057842146947,,
palm,unknown_cal,1032_L,18,False,1042_L,0.9497358092804211,,
palm,unknown_cal,1032_L,19,False,1532_L,0.9309529580154312,,
palm,unknown_cal,1032_L,20,False,1042_L,0.9161243013233803,,
palm,unknown_cal,1032_L,21,False,1540_L,0.9380590776313745,,
palm,unknown_cal,1032_R,1,False,1504_R,0.9544551770983414,,
palm,unknown_cal,1032_R,2,False,573_R,0.9663462660567066,,
palm,unknown_cal,1032_R,3,False,573_R,0.9637627152063268,,
palm,unknown_cal,1032_R,4,False,1504_R,0.9689520265387269,,
palm,unknown_cal,1032_R,5,False,1529_R,0.9661050426122633,,
palm,unknown_cal,1032_R,6,False,1051_R,0.9672108659469334,,
palm,unknown_cal,1032_R,7,False,1009_R,0.9599821792886781,,
palm,unknown_cal,1032_R,8,False,1051_R,0.9675284386513656,,
palm,unknown_cal,1032_R,9,False,1051_R,0.9652034660948321,,
palm,unknown_cal,1032_R,10,False,1051_R,0.9568788142861498,,
palm,unknown_cal,1032_R,11,False,1051_R,0.9608803375720363,,
palm,unknown_cal,1032_R,12,False,1009_R,0.9542265242932277,,
palm,unknown_cal,1032_R,13,False,1051_R,0.9558705378244506,,
palm,unknown_cal,1032_R,14,False,1051_R,0.9561121536494396,,
palm,unknown_cal,1032_R,15,False,1594_R,0.9686836786887525,,
palm,unknown_cal,1032_R,16,False,587_R,0.9647382020290003,,
palm,unknown_cal,1032_R,17,False,1075_R,0.9685249605154981,,
palm,unknown_cal,1032_R,18,False,1552_R,0.9687955308122203,,
palm,unknown_cal,1032_R,19,False,1504_R,0.9679381886493312,,
palm,unknown_cal,1035_L,1,False,1041_L,0.9283438387348468,,
palm,unknown_cal,1035_L,2,False,1041_L,0.9214757000386895,,
palm,unknown_cal,1035_L,3,False,1074_L,0.92755401210237,,
palm,unknown_cal,1035_L,4,False,1011_L,0.9337555748277315,,
palm,unknown_cal,1035_L,5,False,1041_L,0.8991672114983684,,
palm,unknown_cal,1035_L,6,False,1074_L,0.9205918756717265,,
palm,unknown_cal,1035_L,7,False,1074_L,0.8998879954009512,,
palm,unknown_cal,1035_L,8,False,1074_L,0.9154375694500414,,
palm,unknown_cal,1035_L,9,False,1074_L,0.9347339128848806,,
palm,unknown_cal,1035_L,10,False,1074_L,0.913849079395386,,
palm,unknown_cal,1035_L,11,False,1074_L,0.9157030255632508,,
palm,unknown_cal,1035_L,12,False,1074_L,0.9076969980893239,,
palm,unknown_cal,1035_L,13,False,1074_L,0.9325301768788401,,
palm,unknown_cal,1035_L,14,False,1074_L,0.9292053316931002,,
palm,unknown_cal,1035_L,15,False,13_L,0.9086023102071602,,
palm,unknown_cal,1035_L,16,False,1041_L,0.9137229491714391,,
palm,unknown_cal,1035_L,17,False,1041_L,0.9327801586243567,,
palm,unknown_cal,1035_L,18,False,1011_L,0.9215228202625193,,
palm,unknown_cal,1035_L,19,False,1011_L,0.9166924873563054,,
palm,unknown_cal,1035_L,20,False,1041_L,0.8753707326301635,,
palm,unknown_cal,1035_L,21,False,1041_L,0.8875719134639839,,
palm,unknown_cal,1035_L,22,False,1041_L,0.9064268107985677,,
palm,unknown_cal,1035_R,1,False,10_R,0.9078606334005703,,
palm,unknown_cal,1035_R,2,False,10_R,0.9064181413591446,,
palm,unknown_cal,1035_R,3,False,10_R,0.9033159582335568,,
palm,unknown_cal,1035_R,4,False,10_R,0.9091557838853657,,
palm,unknown_cal,1035_R,5,False,10_R,0.8993788423527755,,
palm,unknown_cal,1035_R,6,False,10_R,0.8678222828703126,,
palm,unknown_cal,1035_R,7,False,93_R,0.8677741287247953,,
palm,unknown_cal,1035_R,8,False,10_R,0.8892477410689312,,
palm,unknown_cal,1035_R,9,False,10_R,0.9158626046890646,,
palm,unknown_cal,1035_R,10,False,10_R,0.8957692128537823,,
palm,unknown_cal,1035_R,11,False,10_R,0.9028938267990985,,
palm,unknown_cal,1035_R,12,False,10_R,0.8916095594454867,,
palm,unknown_cal,1035_R,13,False,10_R,0.8800099954032594,,
palm,unknown_cal,1035_R,14,False,10_R,0.8850077944789052,,
palm,unknown_cal,1035_R,15,False,93_R,0.8808879245989406,,
palm,unknown_cal,1035_R,16,False,93_R,0.8634503250505434,,
palm,unknown_cal,1035_R,17,False,1067_R,0.8755032234475917,,
palm,unknown_cal,1039_L,1,False,1520_L,0.9455593285911199,,
palm,unknown_cal,1039_L,2,False,1081_L,0.9777716272875425,,
palm,unknown_cal,1039_L,3,False,1558_L,0.9315956553443938,,
palm,unknown_cal,1039_L,4,False,1042_L,0.9514435562177816,,
palm,unknown_cal,1039_L,5,False,1558_L,0.9655673612993654,,
palm,unknown_cal,1039_L,6,False,1558_L,0.9635756942488644,,
palm,unknown_cal,1039_L,7,False,1520_L,0.9468461667390706,,
palm,unknown_cal,1039_L,8,False,1545_L,0.958784652327312,,
palm,unknown_cal,1039_L,9,False,1033_L,0.9629768944787296,,
palm,unknown_cal,1039_L,10,False,1545_L,0.9530847903534274,,
palm,unknown_cal,1039_L,11,False,1520_L,0.9580811759501517,,
palm,unknown_cal,1039_L,12,False,1520_L,0.9548379846394272,,
palm,unknown_cal,1039_L,13,False,1033_L,0.9594023290879554,,
palm,unknown_cal,1039_L,14,False,1003_L,0.9481780745395416,,
palm,unknown_cal,1039_L,15,False,1003_L,0.9583250374822861,,
palm,unknown_cal,1039_L,16,False,1033_L,0.9443505828528862,,
palm,unknown_cal,1039_L,17,False,1033_L,0.9626509304004178,,
palm,unknown_cal,1039_L,18,False,1033_L,0.9569344497422692,,
palm,unknown_cal,1039_L,19,False,1033_L,0.9562565086696437,,
palm,unknown_cal,1039_L,20,False,67_L,0.964823717258066,,
palm,unknown_cal,1039_L,21,False,1081_L,0.962654677729875,,
palm,unknown_cal,1039_L,22,False,1588_L,0.9440882607840874,,
palm,unknown_cal,1039_R,1,False,1529_R,0.9149014318672284,,
palm,unknown_cal,1039_R,2,False,1537_R,0.945964584703825,,
palm,unknown_cal,1039_R,3,False,1537_R,0.9382115323036974,,
palm,unknown_cal,1039_R,4,False,1013_R,0.9515050921712094,,
palm,unknown_cal,1039_R,5,False,1013_R,0.9243954351069245,,
palm,unknown_cal,1039_R,6,False,1013_R,0.960880629110594,,
palm,unknown_cal,1039_R,7,False,86_R,0.9272017792551683,,
palm,unknown_cal,1039_R,8,False,1080_R,0.9630893000931101,,
palm,unknown_cal,1039_R,9,False,1030_R,0.9509237151575858,,
palm,unknown_cal,1039_R,10,False,1033_R,0.9595713706687631,,
palm,unknown_cal,1039_R,11,False,1033_R,0.9580425111327711,,
palm,unknown_cal,1039_R,12,False,1033_R,0.9600387897150563,,
palm,unknown_cal,1039_R,13,False,1033_R,0.9555258110719185,,
palm,unknown_cal,1039_R,14,False,546_R,0.9574248270203864,,
palm,unknown_cal,1039_R,15,False,1033_R,0.9669755953375687,,
palm,unknown_cal,1039_R,16,False,1033_R,0.9658472708912647,,
palm,unknown_cal,1039_R,17,False,1030_R,0.9553857313970433,,
palm,unknown_cal,1039_R,18,False,1080_R,0.9561498020230295,,
palm,unknown_cal,1039_R,19,False,1080_R,0.9574719663473452,,
palm,unknown_cal,1039_R,20,False,1537_R,0.9458914878609361,,
palm,unknown_cal,1039_R,21,False,1504_R,0.9490155507209435,,
palm,unknown_cal,1039_R,22,False,1537_R,0.9374627939008497,,
palm,unknown_cal,1043_L,1,False,1061_L,0.8200339571113924,,
palm,unknown_cal,1043_L,2,False,1061_L,0.9055171794654719,,
palm,unknown_cal,1043_L,3,False,1061_L,0.9055477860965235,,
palm,unknown_cal,1043_L,4,False,1061_L,0.9079939873646354,,
palm,unknown_cal,1043_L,5,False,1061_L,0.9202826694943789,,
palm,unknown_cal,1043_L,6,False,1532_L,0.9242641414297972,,
palm,unknown_cal,1043_L,7,False,1513_L,0.9092465651136041,,
palm,unknown_cal,1043_R,1,False,1082_R,0.9403758943712575,,
palm,unknown_cal,1043_R,2,False,1026_R,0.9627598614147899,,
palm,unknown_cal,1043_R,3,False,1026_R,0.9720474327403246,,
palm,unknown_cal,1043_R,4,False,1009_R,0.9622026030986753,,
palm,unknown_cal,1043_R,5,False,1009_R,0.9571005423828558,,
palm,unknown_cal,1043_R,6,False,1009_R,0.9023525936920612,,
palm,unknown_cal,1043_R,7,False,1041_R,0.8970704177319111,,
palm,unknown_cal,1043_R,8,False,1009_R,0.9007435493503642,,
palm,unknown_cal,1043_R,9,False,1009_R,0.8910561454807193,,
palm,unknown_cal,1043_R,10,False,1009_R,0.9275976919042606,,
palm,unknown_cal,1043_R,11,False,1026_R,0.9685099473945857,,
palm,unknown_cal,1066_L,1,False,1050_L,0.9708131684200944,,
palm,unknown_cal,1066_L,2,False,1050_L,0.9571128947879912,,
palm,unknown_cal,1066_L,3,False,1050_L,0.9701606461756636,,
palm,unknown_cal,1066_L,4,False,1050_L,0.9702064191634895,,
palm,unknown_cal,1066_L,5,False,1050_L,0.9709373425931602,,
palm,unknown_cal,1066_L,6,False,1080_L,0.97254803684133,,
palm,unknown_cal,1066_L,7,False,1067_L,0.9688050091286124,,
palm,unknown_cal,1066_L,8,False,1080_L,0.9601212874788242,,
palm,unknown_cal,1066_L,9,False,1067_L,0.9685654938476537,,
palm,unknown_cal,1066_L,10,False,1067_L,0.9650675331898682,,
palm,unknown_cal,1066_L,11,False,1067_L,0.9639941283986837,,
palm,unknown_cal,1066_L,12,False,1067_L,0.9567268309537797,,
palm,unknown_cal,1066_L,13,False,1067_L,0.9610915812218777,,
palm,unknown_cal,1066_L,14,False,1067_L,0.9658924759865498,,
palm,unknown_cal,1066_L,15,False,1067_L,0.9716723739950714,,
palm,unknown_cal,1066_L,16,False,1067_L,0.9761492628787365,,
palm,unknown_cal,1066_L,17,False,1067_L,0.9710213451152724,,
palm,unknown_cal,1066_L,18,False,1100000_L,0.9674964463084883,,
palm,unknown_cal,1066_L,19,False,1050_L,0.9636266772429138,,
palm,unknown_cal,1066_L,20,False,1009_L,0.9491813352529119,,
palm,unknown_cal,1066_L,21,False,1050_L,0.9623306193379781,,
palm,unknown_cal,1066_L,22,False,1013_L,0.9583536916828344,,
palm,unknown_cal,1066_R,1,False,1558_R,0.9731535405911564,,
palm,unknown_cal,1066_R,2,False,1080_R,0.9779326589039576,,
palm,unknown_cal,1066_R,3,False,1080_R,0.9735702673709031,,
palm,unknown_cal,1066_R,4,False,1080_R,0.9771137661545263,,
palm,unknown_cal,1066_R,5,False,1030_R,0.9707527438629271,,
palm,unknown_cal,1066_R,6,False,1080_R,0.972859735509656,,
palm,unknown_cal,1066_R,7,False,1080_R,0.9707387235436096,,
palm,unknown_cal,1066_R,8,False,1540_R,0.9632787445065768,,
palm,unknown_cal,1066_R,9,False,1540_R,0.9602923825736187,,
palm,unknown_cal,1066_R,10,False,1080_R,0.9545493174475914,,
palm,unknown_cal,1066_R,11,False,1080_R,0.9635722588292416,,
palm,unknown_cal,1066_R,12,False,1033_R,0.9709402864168731,,
palm,unknown_cal,1066_R,13,False,1033_R,0.9589075229539521,,
palm,unknown_cal,1066_R,14,False,1033_R,0.9614827728223478,,
palm,unknown_cal,1066_R,15,False,1030_R,0.9656717937226282,,
palm,unknown_cal,1066_R,16,False,1080_R,0.9729736760742511,,
palm,unknown_cal,1066_R,17,False,1080_R,0.9716564323837278,,
palm,unknown_cal,1066_R,18,False,1080_R,0.9718931165494328,,
palm,unknown_cal,1066_R,19,False,1080_R,0.9666479302323476,,
palm,unknown_cal,1066_R,20,False,1080_R,0.9672993787935894,,
palm,unknown_cal,1066_R,21,False,1080_R,0.9748369663567436,,
palm,unknown_cal,1066_R,22,False,1030_R,0.9662509417442388,,
palm,unknown_cal,1066_R,23,False,1533_R,0.9740132629981129,,
palm,unknown_cal,1066_R,24,False,1533_R,0.9727072703333881,,
palm,unknown_cal,1066_R,25,False,1533_R,0.9657203268165961,,
palm,unknown_cal,1079_L,1,False,1061_L,0.9444841869100102,,
palm,unknown_cal,1079_L,2,False,1061_L,0.9269961034429797,,
palm,unknown_cal,1079_L,3,False,1061_L,0.9130472402364547,,
palm,unknown_cal,1079_L,4,False,1061_L,0.8821709881247499,,
palm,unknown_cal,1079_L,5,False,1061_L,0.8492051250267103,,
palm,unknown_cal,1079_L,6,False,1061_L,0.8430384961556378,,
palm,unknown_cal,1079_L,7,False,1061_L,0.8886746402310811,,
palm,unknown_cal,1079_L,8,False,1513_L,0.9380437259251957,,
palm,unknown_cal,1079_L,9,False,1513_L,0.950345260273471,,
palm,unknown_cal,1079_L,10,False,1009_L,0.9534288573165268,,
palm,unknown_cal,1079_L,11,False,1009_L,0.9431963756740345,,
palm,unknown_cal,1079_L,12,False,1552_L,0.9132253893775575,,
palm,unknown_cal,1079_R,1,False,552_R,0.898569038725503,,
palm,unknown_cal,1079_R,2,False,1200000_R,0.9230461341181619,,
palm,unknown_cal,1079_R,3,False,1200000_R,0.9435277744956154,,
palm,unknown_cal,1079_R,4,False,1200000_R,0.922222554530106,,
palm,unknown_cal,1079_R,5,False,1200000_R,0.9139181549136534,,
palm,unknown_cal,1079_R,6,False,1200000_R,0.858475624457318,,
palm,unknown_cal,1079_R,7,False,1200000_R,0.929861546989623,,
palm,unknown_cal,1079_R,8,False,1041_R,0.91282346160123,,
palm,unknown_cal,1079_R,9,False,1041_R,0.8876620113715736,,
palm,unknown_cal,1079_R,10,False,1041_R,0.8804397419380545,,
palm,unknown_cal,1079_R,11,False,1200000_R,0.8648820293274717,,
palm,unknown_cal,1079_R,12,False,1200000_R,0.925514753075461,,
palm,unknown_cal,1079_R,13,False,1200000_R,0.9061745440695363,,
palm,unknown_cal,12_R,1,False,1050_R,0.9647931103555649,,
palm,unknown_cal,12_R,2,False,1533_R,0.9601685932333284,,
palm,unknown_cal,12_R,3,False,1558_R,0.9653241066329005,,
palm,unknown_cal,12_R,4,False,1558_R,0.9740998733092405,,
palm,unknown_cal,12_R,5,False,1033_R,0.9677356322700019,,
palm,unknown_cal,12_R,6,False,1558_R,0.9717758216101811,,
palm,unknown_cal,12_R,7,False,1080_R,0.9700215670472814,,
palm,unknown_cal,12_R,8,False,1080_R,0.9549852955001444,,
palm,unknown_cal,12_R,9,False,1520_R,0.9588732830838248,,
palm,unknown_cal,12_R,10,False,1520_R,0.9570700283084301,,
palm,unknown_cal,1503_L,1,False,1558_L,0.9691856585951004,,
palm,unknown_cal,1503_L,2,False,1080_L,0.959200360952006,,
palm,unknown_cal,1503_L,3,False,1200000_L,0.9482665538275852,,
palm,unknown_cal,1503_L,4,False,1067_L,0.9652320741098883,,
palm,unknown_cal,1503_L,5,False,1558_L,0.9672228454679013,,
palm,unknown_cal,1503_R,1,False,1513_R,0.9623878783037583,,
palm,unknown_cal,1503_R,2,False,1536_R,0.9455497535628826,,
palm,unknown_cal,1503_R,3,False,1536_R,0.9491317003336457,,
palm,unknown_cal,1503_R,4,False,1069_R,0.9555012853654035,,
palm,unknown_cal,1503_R,5,False,1589_R,0.9578078566180734,,
palm,unknown_cal,1506_L,1,False,10_L,0.9483503416934251,,
palm,unknown_cal,1506_L,2,False,1540_L,0.9366758549472659,,
palm,unknown_cal,1506_L,3,False,1009_L,0.9442206137863742,,
palm,unknown_cal,1506_L,4,False,1504_L,0.946247605867082,,
palm,unknown_cal,1506_L,5,False,1504_L,0.9537130105625752,,
palm,unknown_cal,1506_L,6,False,1504_L,0.9529207569747563,,
palm,unknown_cal,1506_R,1,False,10_R,0.9411160242571046,,
palm,unknown_cal,1506_R,2,False,1052_R,0.9089984574278264,,
palm,unknown_cal,1506_R,3,False,6000000_R,0.9293105101151687,,
palm,unknown_cal,1506_R,4,False,10_R,0.9261484436800661,,
palm,unknown_cal,1506_R,5,False,10_R,0.9389706520626941,,
palm,unknown_cal,1506_R,6,False,10_R,0.9141224319383515,,
palm,unknown_cal,1506_R,7,False,63_R,0.9035306177065247,,
palm,unknown_cal,1506_R,8,False,63_R,0.9073123984835274,,
palm,unknown_cal,1506_R,9,False,10_R,0.8966722522296393,,
palm,unknown_cal,1506_R,10,False,63_R,0.9040475881337346,,
palm,unknown_cal,1516_L,1,False,1529_L,0.9195269789062893,,
palm,unknown_cal,1516_L,2,False,1026_L,0.9336714230901592,,
palm,unknown_cal,1516_L,3,False,1061_L,0.8682709389535177,,
palm,unknown_cal,1516_L,4,False,1061_L,0.881226963932829,,
palm,unknown_cal,1516_L,5,False,1061_L,0.8364655772716544,,
palm,unknown_cal,1516_L,6,False,1061_L,0.8656961182943591,,
palm,unknown_cal,1516_L,7,False,1061_L,0.8621356855644443,,
palm,unknown_cal,1516_L,8,False,1061_L,0.8435220932938614,,
palm,unknown_cal,1516_L,9,False,1532_L,0.8703102444153201,,
palm,unknown_cal,1516_L,10,False,1532_L,0.9331310711443677,,
palm,unknown_cal,1516_L,11,False,1513_L,0.933130057232298,,
palm,unknown_cal,1516_L,12,False,1513_L,0.9532293857375762,,
palm,unknown_cal,1516_L,13,False,1513_L,0.9109922544645189,,
palm,unknown_cal,1516_L,14,False,1513_L,0.9603335097609942,,
palm,unknown_cal,1516_L,15,False,1009_L,0.9436394260586491,,
palm,unknown_cal,1516_L,16,False,1529_L,0.9102844575834675,,
palm,unknown_cal,1516_R,1,False,1009_R,0.8560960024256441,,
palm,unknown_cal,1516_R,2,False,1009_R,0.9148970993977427,,
palm,unknown_cal,1516_R,3,False,1009_R,0.923902340176489,,
palm,unknown_cal,1516_R,4,False,1009_R,0.9064120702591374,,
palm,unknown_cal,1516_R,5,False,1009_R,0.8954645752680768,,
palm,unknown_cal,1516_R,6,False,1009_R,0.8231167025436805,,
palm,unknown_cal,1516_R,7,False,1009_R,0.794540955262331,,
palm,unknown_cal,1516_R,8,False,1009_R,0.8905780582731923,,
palm,unknown_cal,1516_R,9,False,1009_R,0.9144679823150116,,
palm,unknown_cal,1516_R,10,False,1026_R,0.9545406062862671,,
palm,unknown_cal,1516_R,11,False,1009_R,0.9443209677766791,,
palm,unknown_cal,1516_R,12,False,1550_R,0.9088207160242591,,
palm,unknown_cal,1516_R,13,False,1082_R,0.9252060016287373,,
palm,unknown_cal,1516_R,14,False,1082_R,0.9123948630161517,,
palm,unknown_cal,1516_R,15,False,1082_R,0.922995033031045,,
palm,unknown_cal,1516_R,16,False,1026_R,0.9365745424507078,,
palm,unknown_cal,1516_R,17,False,1009_R,0.8937468568544944,,
palm,unknown_cal,1516_R,18,False,1009_R,0.9161683541505284,,
palm,unknown_cal,1516_R,19,False,1009_R,0.8371928335542922,,
palm,unknown_cal,1516_R,20,False,1009_R,0.8486067866489435,,
palm,unknown_cal,1517_L,1,False,13_L,0.9277565103917935,,
palm,unknown_cal,1517_L,2,False,11_L,0.9143586511703532,,
palm,unknown_cal,1517_L,3,False,1081_L,0.9470722564828213,,
palm,unknown_cal,1517_L,4,False,10_L,0.9427300112705949,,
palm,unknown_cal,1517_L,5,False,594_L,0.9001226727689083,,
palm,unknown_cal,1517_R,1,False,1050_R,0.9645583841014065,,
palm,unknown_cal,1517_R,2,False,1558_R,0.9610801359490895,,
palm,unknown_cal,1517_R,3,False,1533_R,0.9679008062025896,,
palm,unknown_cal,1517_R,4,False,1533_R,0.9625536470226279,,
palm,unknown_cal,1517_R,5,False,1533_R,0.9568511733089448,,
palm,unknown_cal,1517_R,6,False,1533_R,0.9686588945136914,,
palm,unknown_cal,1517_R,7,False,1050_R,0.9378778023799607,,
palm,unknown_cal,1531_L,1,False,1504_L,0.9404554346489807,,
palm,unknown_cal,1531_L,2,False,1075_L,0.9429103996451059,,
palm,unknown_cal,1531_L,3,False,1037_L,0.9650492087409753,,
palm,unknown_cal,1531_L,4,False,1200000_L,0.9501094612733166,,
palm,unknown_cal,1531_L,5,False,1594_L,0.9404229864072811,,
palm,unknown_cal,1531_L,6,False,1061_L,0.9361364803056241,,
palm,unknown_cal,1531_L,7,False,1003_L,0.9262036234083215,,
palm,unknown_cal,1531_L,8,False,1594_L,0.9177695271649323,,
palm,unknown_cal,1531_L,9,False,1594_L,0.9194814660750452,,
palm,unknown_cal,1531_L,10,False,1594_L,0.9355516879765491,,
palm,unknown_cal,1531_R,1,False,1028_R,0.974643763133477,,
palm,unknown_cal,1531_R,2,False,1028_R,0.972701281994501,,
palm,unknown_cal,1531_R,3,False,1028_R,0.9718895138598528,,
palm,unknown_cal,1531_R,4,False,1028_R,0.971426373865166,,
palm,unknown_cal,1531_R,5,False,1028_R,0.9749467014502287,,
palm,unknown_cal,1531_R,6,False,1028_R,0.9595087646886558,,
palm,unknown_cal,1531_R,7,False,1009_R,0.9512068819537719,,
palm,unknown_cal,1531_R,8,False,1594_R,0.9391012784847506,,
palm,unknown_cal,1531_R,9,False,1009_R,0.940651958362464,,
palm,unknown_cal,1531_R,10,False,1594_R,0.9374881533788729,,
palm,unknown_cal,1531_R,11,False,1594_R,0.9381949051575582,,
palm,unknown_cal,1543_L,1,False,1504_L,0.9520680807213626,,
palm,unknown_cal,1543_L,2,False,576_L,0.9300893471492448,,
palm,unknown_cal,1543_L,3,False,1067_L,0.9544189858788938,,
palm,unknown_cal,1543_L,4,False,1549_L,0.9339299032240207,,
palm,unknown_cal,1543_L,5,False,1549_L,0.9595140418682337,,
palm,unknown_cal,1543_L,6,False,1549_L,0.9272822532225421,,
palm,unknown_cal,1543_L,7,False,546_L,0.9458742856355666,,
palm,unknown_cal,1543_L,8,False,546_L,0.9235607192712092,,
palm,unknown_cal,1543_L,9,False,1560_L,0.7907152207813546,,
palm,unknown_cal,1543_L,10,False,546_L,0.9521677456216944,,
palm,unknown_cal,1543_L,11,False,1560_L,0.9245822156532666,,
palm,unknown_cal,1543_L,12,False,1504_L,0.9655179432767116,,
palm,unknown_cal,1543_L,13,False,1504_L,0.9660099860761872,,
palm,unknown_cal,1543_L,14,False,1504_L,0.9613505715622934,,
palm,unknown_cal,1543_L,15,False,1030_L,0.9588853883738704,,
palm,unknown_cal,1543_L,16,False,1028_L,0.9680902386348493,,
palm,unknown_cal,1543_L,17,False,1504_L,0.9729310703097112,,
palm,unknown_cal,1543_L,18,False,1028_L,0.9644248700483278,,
palm,unknown_cal,1543_L,19,False,576_L,0.9421061216805667,,
palm,unknown_cal,1543_L,20,False,1028_L,0.9671552583055727,,
palm,unknown_cal,1543_L,21,False,1003_L,0.9517840039706531,,
palm,unknown_cal,1543_L,22,False,1594_L,0.9625965330379291,,
palm,unknown_cal,1543_L,23,False,1003_L,0.9605222955983346,,
palm,unknown_cal,1543_L,24,False,1594_L,0.9523434930772039,,
palm,unknown_cal,1543_L,25,False,1051_L,0.9338814440238266,,
palm,unknown_cal,1543_L,26,False,1013_L,0.9682197583444545,,
palm,unknown_cal,1543_L,27,False,1028_L,0.9654603399835713,,
palm,unknown_cal,1543_L,28,False,1013_L,0.9634881281822858,,
palm,unknown_cal,1543_R,1,False,1504_R,0.9688719593276933,,
palm,unknown_cal,1543_R,2,False,1513_R,0.9730277413901361,,
palm,unknown_cal,1543_R,3,False,1513_R,0.9729281678226467,,
palm,unknown_cal,1543_R,4,False,1513_R,0.9727983539327243,,
palm,unknown_cal,1543_R,5,False,1513_R,0.9747346020380212,,
palm,unknown_cal,1543_R,6,False,1513_R,0.9692739596001345,,
palm,unknown_cal,1543_R,7,False,1560_R,0.9675805987877125,,
palm,unknown_cal,1543_R,8,False,546_R,0.9626308243073509,,
palm,unknown_cal,1543_R,9,False,67_R,0.9240760250539972,,
palm,unknown_cal,1543_R,10,False,67_R,0.9377940808900824,,
palm,unknown_cal,1543_R,11,False,1011_R,0.9484797214632393,,
palm,unknown_cal,1543_R,12,False,1011_R,0.9619292051167712,,
palm,unknown_cal,1543_R,13,False,1080_R,0.9649512417836389,,
palm,unknown_cal,1543_R,14,False,1513_R,0.9725671724633218,,
palm,unknown_cal,1543_R,15,False,1513_R,0.9767309035453661,,
palm,unknown_cal,1543_R,16,False,88_R,0.9717519870848876,,
palm,unknown_cal,1543_R,17,False,1513_R,0.9593832122412971,,
palm,unknown_cal,1543_R,18,False,1011_R,0.9575123620312923,,
palm,unknown_cal,1543_R,19,False,1588_R,0.9471077771242797,,
palm,unknown_cal,1543_R,20,False,1009_R,0.9432661233935149,,
palm,unknown_cal,1543_R,21,False,1009_R,0.9370177991883699,,
palm,unknown_cal,1543_R,22,False,92_R,0.945948984942339,,
palm,unknown_cal,1543_R,23,False,1080_R,0.9566853505341457,,
palm,unknown_cal,1543_R,24,False,1558_R,0.976640629139716,,
palm,unknown_cal,1543_R,25,False,1558_R,0.9819633859792687,,
palm,unknown_cal,1543_R,26,False,1558_R,0.9762199335644124,,
palm,unknown_cal,1543_R,27,False,1513_R,0.9764459919984964,,
palm,unknown_cal,1543_R,28,False,573_R,0.9755334760884586,,
palm,unknown_cal,1543_R,29,False,573_R,0.9713373547532324,,
palm,unknown_cal,1543_R,30,False,1028_R,0.9612506854971673,,
palm,unknown_cal,1543_R,31,False,573_R,0.9635150690760139,,
palm,unknown_cal,1543_R,32,False,573_R,0.9687633418675038,,
palm,unknown_cal,1544_L,1,False,1200000_L,0.9606912619409469,,
palm,unknown_cal,1544_L,2,False,1549_L,0.9707252863348712,,
palm,unknown_cal,1544_L,3,False,92_L,0.9497932195890731,,
palm,unknown_cal,1544_L,4,False,595_L,0.9343623478494654,,
palm,unknown_cal,1544_L,5,False,595_L,0.9499076550844918,,
palm,unknown_cal,1544_L,6,False,1552_L,0.9507512087017468,,
palm,unknown_cal,1544_L,7,False,6000000_L,0.957493943503621,,
palm,unknown_cal,1544_L,8,False,1594_L,0.953692474255966,,
palm,unknown_cal,1544_L,9,False,1594_L,0.9407227823088478,,
palm,unknown_cal,1544_L,10,False,1594_L,0.9555682079538927,,
palm,unknown_cal,1544_L,11,False,1594_L,0.9548418949608841,,
palm,unknown_cal,1544_R,1,False,1560_R,0.9218793621099093,,
palm,unknown_cal,1544_R,2,False,1033_R,0.9681101557997106,,
palm,unknown_cal,1544_R,3,False,573_R,0.9351574770344087,,
palm,unknown_cal,1544_R,4,False,573_R,0.9744155694517236,,
palm,unknown_cal,1544_R,5,False,573_R,0.974926096641047,,
palm,unknown_cal,1544_R,6,False,573_R,0.9831957561785849,,
palm,unknown_cal,1544_R,7,False,546_R,0.9303778117660184,,
palm,unknown_cal,1553_L,1,False,573_L,0.9579602168641179,,
palm,unknown_cal,1553_L,2,False,543_L,0.9400272721269525,,
palm,unknown_cal,1553_L,3,False,546_L,0.9261505418034155,,
palm,unknown_cal,1553_L,4,False,546_L,0.9567701358743739,,
palm,unknown_cal,1553_L,5,False,1550_L,0.9236102836079054,,
palm,unknown_cal,1553_L,6,False,543_L,0.9326274822723748,,
palm,unknown_cal,1553_L,7,False,6000000_L,0.9392887043088258,,
palm,unknown_cal,1553_L,8,False,1061_L,0.9401224660839379,,
palm,unknown_cal,1553_L,9,False,1556_L,0.8958812425438689,,
palm,unknown_cal,1553_L,10,False,546_L,0.9353905661527968,,
palm,unknown_cal,1553_L,11,False,546_L,0.8989420244795738,,
palm,unknown_cal,1553_L,12,False,1560_L,0.8630359632631205,,
palm,unknown_cal,1553_R,1,False,1510_R,0.8169599489085209,,
palm,unknown_cal,1553_R,2,False,1510_R,0.837684655697755,,
palm,unknown_cal,1553_R,3,False,1510_R,0.8076807285743898,,
palm,unknown_cal,1553_R,4,False,1510_R,0.8389651817115126,,
palm,unknown_cal,1553_R,5,False,1510_R,0.8232024419382389,,
palm,unknown_cal,1553_R,6,False,1510_R,0.810917085769131,,
palm,unknown_cal,1553_R,7,False,93_R,0.9223984340503275,,
palm,unknown_cal,1553_R,8,False,1019_R,0.9183342653298967,,
palm,unknown_cal,1555_L,1,False,1050_L,0.9745138304306258,,
palm,unknown_cal,1555_L,2,False,1013_L,0.9677088136916967,,
palm,unknown_cal,1555_L,3,False,1013_L,0.9692189010283994,,
palm,unknown_cal,1555_L,4,False,1545_L,0.9574410116300069,,
palm,unknown_cal,1555_L,5,False,1545_L,0.9689021440562564,,
palm,unknown_cal,1555_L,6,False,1013_L,0.966828847945569,,
palm,unknown_cal,1555_L,7,False,1013_L,0.9683145084768117,,
palm,unknown_cal,1555_L,8,False,1100000_L,0.9579355415414506,,
palm,unknown_cal,1555_L,9,False,1100000_L,0.9644897032684071,,
palm,unknown_cal,1555_L,10,False,1100000_L,0.9695862123101275,,
palm,unknown_cal,1555_R,1,False,1080_R,0.9699503675952839,,
palm,unknown_cal,1555_R,2,False,1013_R,0.9508180829325357,,
palm,unknown_cal,1555_R,3,False,1028_R,0.9650999944239144,,
palm,unknown_cal,1555_R,4,False,1533_R,0.9653250674408782,,
palm,unknown_cal,1555_R,5,False,1080_R,0.9682687756349634,,
palm,unknown_cal,1555_R,6,False,1520_R,0.9649661060899994,,
palm,unknown_cal,1555_R,7,False,1050_R,0.9615800221272087,,
palm,unknown_cal,1564_L,1,False,1042_L,0.9653953444321757,,
palm,unknown_cal,1564_L,2,False,1013_L,0.9698123297792889,,
palm,unknown_cal,1564_L,3,False,1558_L,0.9718846985608844,,
palm,unknown_cal,1564_L,4,False,1013_L,0.9739833160336749,,
palm,unknown_cal,1564_L,5,False,1558_L,0.9735981331537267,,
palm,unknown_cal,1564_L,6,False,552_L,0.9509559193141729,,
palm,unknown_cal,1564_L,7,False,552_L,0.9215211443358812,,
palm,unknown_cal,1564_L,8,False,1080_L,0.9314614653032058,,
palm,unknown_cal,1564_R,1,False,1080_R,0.9763178628711799,,
palm,unknown_cal,1564_R,2,False,1080_R,0.9777885266932251,,
palm,unknown_cal,1564_R,3,False,1080_R,0.9844365307887648,,
palm,unknown_cal,1564_R,4,False,1080_R,0.9868607448342359,,
palm,unknown_cal,1564_R,5,False,1013_R,0.9244207237874551,,
palm,unknown_cal,1564_R,6,False,1080_R,0.9623079269902165,,
palm,unknown_cal,1564_R,7,False,1080_R,0.9827366565506552,,
palm,unknown_cal,1564_R,8,False,1080_R,0.9770850873296932,,
palm,unknown_cal,1564_R,9,False,1080_R,0.9844415182429417,,
palm,unknown_cal,1566_L,1,False,1504_L,0.9519697991511032,,
palm,unknown_cal,1566_L,2,False,1030_L,0.953574572979289,,
palm,unknown_cal,1566_L,3,False,1014_L,0.9542832249130031,,
palm,unknown_cal,1566_L,4,False,1558_L,0.9529384203821095,,
palm,unknown_cal,1566_L,5,False,1558_L,0.9594718639848125,,
palm,unknown_cal,1566_L,6,False,1558_L,0.9471247489450934,,
palm,unknown_cal,1566_L,7,False,1558_L,0.9697671713025688,,
palm,unknown_cal,1566_L,8,False,1545_L,0.975494066476683,,
palm,unknown_cal,1566_L,9,False,1545_L,0.9748503464808833,,
palm,unknown_cal,1566_L,10,False,1545_L,0.9718580786515567,,
palm,unknown_cal,1566_L,11,False,1545_L,0.9561306267989176,,
palm,unknown_cal,1566_L,12,False,1594_L,0.9140860197585882,,
palm,unknown_cal,1566_L,13,False,1545_L,0.9368218201287768,,
palm,unknown_cal,1566_L,14,False,1558_L,0.9794167557694293,,
palm,unknown_cal,1566_L,15,False,1081_L,0.9416113275576348,,
palm,unknown_cal,1566_L,16,False,1081_L,0.956393973244567,,
palm,unknown_cal,1566_L,17,False,1081_L,0.95828998063628,,
palm,unknown_cal,1566_L,18,False,1540_L,0.9607829122627731,,
palm,unknown_cal,1566_L,19,False,1558_L,0.9583178023611111,,
palm,unknown_cal,1566_L,20,False,1081_L,0.951832080173018,,
palm,unknown_cal,1566_L,21,False,1081_L,0.9562436919319635,,
palm,unknown_cal,1566_L,22,False,1081_L,0.9580627735468853,,
palm,unknown_cal,1566_R,1,False,1028_R,0.9575377386801875,,
palm,unknown_cal,1566_R,2,False,1028_R,0.96586073733179,,
palm,unknown_cal,1566_R,3,False,1028_R,0.9593977884860898,,
palm,unknown_cal,1566_R,4,False,1028_R,0.9574496530786334,,
palm,unknown_cal,1566_R,5,False,1028_R,0.955852750797083,,
palm,unknown_cal,1566_R,6,False,1558_R,0.9722302073227282,,
palm,unknown_cal,1566_R,7,False,1558_R,0.9746536288140868,,
palm,unknown_cal,1566_R,8,False,1540_R,0.9592840218841565,,
palm,unknown_cal,1566_R,9,False,1540_R,0.9580773058680973,,
palm,unknown_cal,1566_R,10,False,1540_R,0.9574655151965374,,
palm,unknown_cal,1566_R,11,False,1520_R,0.9505993698385506,,
palm,unknown_cal,1566_R,12,False,1540_R,0.9572004167633399,,
palm,unknown_cal,1566_R,13,False,1540_R,0.9503021476332982,,
palm,unknown_cal,1566_R,14,False,1533_R,0.9756822575490358,,
palm,unknown_cal,1566_R,15,False,1028_R,0.9712587075382992,,
palm,unknown_cal,1566_R,16,False,1028_R,0.9551614682973818,,
palm,unknown_cal,1566_R,17,False,1028_R,0.9588188146568597,,
palm,unknown_cal,1566_R,18,False,1028_R,0.9639963754510206,,
palm,unknown_cal,1567_L,1,False,1552_L,0.9616369506006877,,
palm,unknown_cal,1567_L,2,False,573_L,0.9769665629493212,,
palm,unknown_cal,1567_L,3,False,576_L,0.9767516973857533,,
palm,unknown_cal,1567_L,4,False,576_L,0.971239990155498,,
palm,unknown_cal,1567_L,5,False,573_L,0.9740670200554247,,
palm,unknown_cal,1567_L,6,False,573_L,0.9720862594701272,,
palm,unknown_cal,1567_L,7,False,1504_L,0.9651840369656879,,
palm,unknown_cal,1567_R,1,False,1037_R,0.974256221013995,,
palm,unknown_cal,1567_R,2,False,1037_R,0.9766072975693487,,
palm,unknown_cal,1567_R,3,False,1075_R,0.9684478228115243,,
palm,unknown_cal,1567_R,4,False,1037_R,0.9702851139366523,,
palm,unknown_cal,1567_R,5,False,1513_R,0.9654802961021687,,
palm,unknown_cal,1567_R,6,False,1513_R,0.9659159732802158,,
palm,unknown_cal,1567_R,7,False,1513_R,0.9574527779210888,,
palm,unknown_cal,1567_R,8,False,546_R,0.9681918475431366,,
palm,unknown_cal,1567_R,9,False,1594_R,0.962299770857473,,
palm,unknown_cal,1567_R,10,False,1594_R,0.9598646994474751,,
palm,unknown_cal,1567_R,11,False,1513_R,0.9674851222825236,,
palm,unknown_cal,1568_L,1,False,1558_L,0.9760440630159787,,
palm,unknown_cal,1568_L,2,False,576_L,0.976606426689014,,
palm,unknown_cal,1568_L,3,False,576_L,0.9740025980173674,,
palm,unknown_cal,1568_L,4,False,1009_L,0.9762679187872998,,
palm,unknown_cal,1568_L,5,False,1560_L,0.9543067202415054,,
palm,unknown_cal,1568_L,6,False,1051_L,0.967280313460819,,
palm,unknown_cal,1568_L,7,False,1594_L,0.9688500875688124,,
palm,unknown_cal,1568_L,8,False,1594_L,0.9508567896697212,,
palm,unknown_cal,1568_L,9,False,1560_L,0.9044557487023188,,
palm,unknown_cal,1568_L,10,False,1061_L,0.930529911875315,,
palm,unknown_cal,1568_L,11,False,1061_L,0.914284700848103,,
palm,unknown_cal,1568_L,12,False,1009_L,0.9181327746474524,,
palm,unknown_cal,1568_L,13,False,1009_L,0.9628112416669685,,
palm,unknown_cal,1568_L,14,False,1560_L,0.9295857749013543,,
palm,unknown_cal,1568_L,15,False,1558_L,0.9700015252958291,,
palm,unknown_cal,1568_L,16,False,576_L,0.965387396062581,,
palm,unknown_cal,1568_R,1,False,1052_R,0.876913978876903,,
palm,unknown_cal,1568_R,2,False,1510_R,0.9212889448562867,,
palm,unknown_cal,1568_R,3,False,1061_R,0.9389937435403526,,
palm,unknown_cal,1568_R,4,False,6000000_R,0.9326255801150705,,
palm,unknown_cal,1568_R,5,False,1052_R,0.9190699735318132,,
palm,unknown_cal,1568_R,6,False,1556_R,0.9197187746678281,,
palm,unknown_cal,1568_R,7,False,1510_R,0.9228710994537015,,
palm,unknown_cal,1568_R,8,False,1556_R,0.9202083267739676,,
palm,unknown_cal,1568_R,9,False,1556_R,0.911200887337765,,
palm,unknown_cal,1568_R,10,False,1510_R,0.9176774299878983,,
palm,unknown_cal,1568_R,11,False,1556_R,0.9378009908904016,,
palm,unknown_cal,1568_R,12,False,1556_R,0.9382628661210155,,
palm,unknown_cal,1568_R,13,False,1052_R,0.9230199612625218,,
palm,unknown_cal,1568_R,14,False,93_R,0.9332809103899915,,
palm,unknown_cal,1569_L,1,False,1041_L,0.9241586038042253,,
palm,unknown_cal,1569_L,2,False,92_L,0.940736172573676,,
palm,unknown_cal,1569_L,3,False,92_L,0.9487850384800356,,
palm,unknown_cal,1569_L,4,False,92_L,0.9531739053688054,,
palm,unknown_cal,1569_L,5,False,92_L,0.9465963404874793,,
palm,unknown_cal,1569_L,6,False,92_L,0.9359269920857809,,
palm,unknown_cal,1569_L,7,False,1556_L,0.9321300036868225,,
palm,unknown_cal,1569_L,8,False,1018_L,0.9082738789476872,,
palm,unknown_cal,1569_L,9,False,92_L,0.9353843285267938,,
palm,unknown_cal,1569_L,10,False,92_L,0.9464295211785752,,
palm,unknown_cal,1569_L,11,False,92_L,0.9342766920858172,,
palm,unknown_cal,1569_L,12,False,92_L,0.9393450689284736,,
palm,unknown_cal,1569_R,1,False,1558_R,0.9747206897434324,,
palm,unknown_cal,1569_R,2,False,1037_R,0.9601872791407033,,
palm,unknown_cal,1569_R,3,False,1037_R,0.9747524154233449,,
palm,unknown_cal,1569_R,4,False,1080_R,0.9696004500396088,,
palm,unknown_cal,1569_R,5,False,1033_R,0.9657191146451094,,
palm,unknown_cal,1569_R,6,False,1033_R,0.9756523509608284,,
palm,unknown_cal,1569_R,7,False,1033_R,0.9706459776366312,,
palm,unknown_cal,1569_R,8,False,11_R,0.9583671546830169,,
palm,unknown_cal,1569_R,9,False,1037_R,0.9685475637137375,,
palm,unknown_cal,1569_R,10,False,573_R,0.967734893796412,,
palm,unknown_cal,1569_R,11,False,573_R,0.9641799653510053,,
palm,unknown_cal,1569_R,12,False,1037_R,0.9639197531536341,,
palm,unknown_cal,1571_L,1,False,1011_L,0.9398343048246697,,
palm,unknown_cal,1571_L,2,False,1011_L,0.9408783100664322,,
palm,unknown_cal,1571_L,3,False,1011_L,0.9344392706346325,,
palm,unknown_cal,1571_L,4,False,1011_L,0.8852367995407613,,
palm,unknown_cal,1571_L,5,False,1041_L,0.9030683293074888,,
palm,unknown_cal,1571_L,6,False,1018_L,0.9023081213129754,,
palm,unknown_cal,1571_L,7,False,1018_L,0.9159245521269896,,
palm,unknown_cal,1571_L,8,False,1041_L,0.8958735712859744,,
palm,unknown_cal,1571_L,9,False,1041_L,0.9205422458899477,,
palm,unknown_cal,1571_L,10,False,1011_L,0.9460685227801958,,
palm,unknown_cal,1571_L,11,False,1011_L,0.939900938232278,,
palm,unknown_cal,1571_L,12,False,1011_L,0.9020040849824796,,
palm,unknown_cal,1571_L,13,False,1011_L,0.9009929002426768,,
palm,unknown_cal,1571_L,14,False,92_L,0.9465677001494313,,
palm,unknown_cal,1571_L,15,False,92_L,0.9261422325375367,,
palm,unknown_cal,1571_L,16,False,1018_L,0.9032001580737634,,
palm,unknown_cal,1571_R,1,False,1019_R,0.9555045124019221,,
palm,unknown_cal,1571_R,2,False,1011_R,0.9607318664010995,,
palm,unknown_cal,1571_R,3,False,1052_R,0.9587501858582055,,
palm,unknown_cal,1571_R,4,False,6000000_R,0.9584985787522327,,
palm,unknown_cal,1571_R,5,False,1556_R,0.9300933266988813,,
palm,unknown_cal,1571_R,6,False,1510_R,0.931681263596725,,
palm,unknown_cal,1571_R,7,False,1556_R,0.940589329758891,,
palm,unknown_cal,1571_R,8,False,1556_R,0.9123445559956369,,
palm,unknown_cal,1571_R,9,False,1556_R,0.9209803948345061,,
palm,unknown_cal,1571_R,10,False,1510_R,0.9025131272123661,,
palm,unknown_cal,1579_L,1,False,1060_L,0.9593071295029162,,
palm,unknown_cal,1579_L,2,False,1536_L,0.9604838739812847,,
palm,unknown_cal,1579_L,3,False,1594_L,0.9607196472156665,,
palm,unknown_cal,1579_L,4,False,1549_L,0.9518252752791474,,
palm,unknown_cal,1579_L,5,False,1549_L,0.9645084684203655,,
palm,unknown_cal,1579_L,6,False,1550_L,0.9485633548120699,,
palm,unknown_cal,1579_L,7,False,1550_L,0.9312055148949172,,
palm,unknown_cal,1579_R,1,False,1037_R,0.9609230910752469,,
palm,unknown_cal,1579_R,2,False,1037_R,0.9537124625566529,,
palm,unknown_cal,1579_R,3,False,1513_R,0.9571950904355773,,
palm,unknown_cal,1579_R,4,False,1037_R,0.9443658582738403,,
palm,unknown_cal,1579_R,5,False,1513_R,0.9555409184807904,,
palm,unknown_cal,1579_R,6,False,546_R,0.9503476589336944,,
palm,unknown_cal,1579_R,7,False,6000000_R,0.947724363336463,,
palm,unknown_cal,1579_R,8,False,1061_R,0.9551320774560477,,
palm,unknown_cal,1579_R,9,False,1061_R,0.9534027771562257,,
palm,unknown_cal,1579_R,10,False,1061_R,0.9516514863525531,,
palm,unknown_cal,1587_L,1,False,1532_L,0.9411754919743236,,
palm,unknown_cal,1587_L,2,False,1513_L,0.9238155637781063,,
palm,unknown_cal,1587_L,3,False,1532_L,0.9516839855497543,,
palm,unknown_cal,1587_L,4,False,1504_L,0.9502787998539384,,
palm,unknown_cal,1587_L,5,False,1504_L,0.9511638688287749,,
palm,unknown_cal,1587_L,6,False,1504_L,0.9635886160063429,,
palm,unknown_cal,1587_L,7,False,1051_L,0.9710997248834987,,
palm,unknown_cal,1587_L,8,False,1051_L,0.9616854075284033,,
palm,unknown_cal,1587_L,9,False,1051_L,0.9584538106280738,,
palm,unknown_cal,1587_L,10,False,1051_L,0.936960826974182,,
palm,unknown_cal,1587_L,11,False,1051_L,0.8838902219295186,,
palm,unknown_cal,1587_L,12,False,1061_L,0.8623604567615386,,
palm,unknown_cal,1587_L,13,False,1061_L,0.8516742443775984,,
palm,unknown_cal,1587_L,14,False,1051_L,0.9663186069024958,,
palm,unknown_cal,1587_L,15,False,1513_L,0.9518532979583398,,
palm,unknown_cal,1587_L,16,False,1513_L,0.9579933792754043,,
palm,unknown_cal,1587_L,17,False,1532_L,0.9234829896710766,,
palm,unknown_cal,1587_L,18,False,1014_L,0.9297273964836904,,
palm,unknown_cal,1587_R,1,False,1588_R,0.9503472802365348,,
palm,unknown_cal,1587_R,2,False,1550_R,0.9391249021085524,,
palm,unknown_cal,1587_R,3,False,1026_R,0.9584437929270464,,
palm,unknown_cal,1587_R,4,False,1009_R,0.941158934092736,,
palm,unknown_cal,1587_R,5,False,1009_R,0.9518915077235579,,
palm,unknown_cal,1587_R,6,False,1009_R,0.9311667802863319,,
palm,unknown_cal,1587_R,7,False,1009_R,0.9532921011588278,,
palm,unknown_cal,1587_R,8,False,1009_R,0.9073972143492702,,
palm,unknown_cal,1587_R,9,False,1009_R,0.9191208539358072,,
palm,unknown_cal,1587_R,10,False,1009_R,0.914641138119568,,
palm,unknown_cal,1587_R,11,False,1009_R,0.9432153468540494,,
palm,unknown_cal,1587_R,12,False,1009_R,0.9517310747887738,,
palm,unknown_cal,1587_R,13,False,1051_R,0.9485843904517531,,
palm,unknown_cal,1587_R,14,False,1550_R,0.932484375524066,,
palm,unknown_cal,1587_R,15,False,552_R,0.9202260201378565,,
palm,unknown_cal,1593_L,1,False,13_L,0.9296789355787242,,
palm,unknown_cal,1593_L,2,False,13_L,0.9243920775416397,,
palm,unknown_cal,1593_L,3,False,13_L,0.9463966946631925,,
palm,unknown_cal,1593_L,4,False,13_L,0.9343076245116071,,
palm,unknown_cal,1593_L,5,False,13_L,0.9300438220154195,,
palm,unknown_cal,1593_L,6,False,13_L,0.9417895658310846,,
palm,unknown_cal,1593_R,1,False,1585_R,0.9533971871164695,,
palm,unknown_cal,1593_R,2,False,11_R,0.9274072291948745,,
palm,unknown_cal,1593_R,3,False,1513_R,0.9623672600487629,,
palm,unknown_cal,1593_R,4,False,1080_R,0.9526401834199862,,
palm,unknown_cal,1593_R,5,False,594_R,0.9686842456845761,,
palm,unknown_cal,1593_R,6,False,1585_R,0.9612869011727656,,
palm,unknown_cal,5000000_L,1,False,1075_L,0.9512618382955412,,
palm,unknown_cal,5000000_L,2,False,1552_L,0.9397286387952271,,
palm,unknown_cal,5000000_L,3,False,1552_L,0.9464961404051742,,
palm,unknown_cal,5000000_L,4,False,1075_L,0.9541374173669621,,
palm,unknown_cal,5000000_L,5,False,1552_L,0.9693864792540579,,
palm,unknown_cal,5000000_R,1,False,1552_R,0.9656342167812876,,
palm,unknown_cal,5000000_R,2,False,1552_R,0.9667815274068672,,
palm,unknown_cal,5000000_R,3,False,1075_R,0.9709572166118995,,
palm,unknown_cal,5000000_R,4,False,1075_R,0.9739688163799758,,
palm,unknown_cal,5000000_R,5,False,1075_R,0.9611044068766497,,
palm,unknown_cal,5000000_R,6,False,1075_R,0.9665013085419938,,
palm,unknown_cal,5000000_R,7,False,1075_R,0.9683875892443573,,
palm,unknown_cal,5000000_R,8,False,1075_R,0.9842087095579468,,
palm,unknown_cal,5000000_R,9,False,1075_R,0.961683096512381,,
palm,unknown_cal,5000000_R,10,False,1075_R,0.9581765915098486,,
palm,unknown_cal,5000000_R,11,False,1594_R,0.960546135882192,,
palm,unknown_cal,5000000_R,12,False,1594_R,0.9608345392761282,,
palm,unknown_cal,541_L,1,False,595_L,0.8603135812374357,,
palm,unknown_cal,541_L,2,False,1081_L,0.9538778300843218,,
palm,unknown_cal,541_L,3,False,1081_L,0.9582357316919778,,
palm,unknown_cal,541_L,4,False,1081_L,0.9516948168985332,,
palm,unknown_cal,541_L,5,False,1081_L,0.9541279296830143,,
palm,unknown_cal,541_L,6,False,1033_L,0.9460168322420442,,
palm,unknown_cal,541_L,7,False,546_L,0.945850084565917,,
palm,unknown_cal,541_L,8,False,1594_L,0.9425126402880651,,
palm,unknown_cal,541_L,9,False,546_L,0.9367538713362831,,
palm,unknown_cal,541_L,10,False,546_L,0.9402183297073088,,
palm,unknown_cal,541_L,11,False,1081_L,0.938076531406951,,
palm,unknown_cal,541_R,1,False,88_R,0.966086044366411,,
palm,unknown_cal,541_R,2,False,1513_R,0.9742088019465425,,
palm,unknown_cal,541_R,3,False,1013_R,0.9646565810941072,,
palm,unknown_cal,541_R,4,False,1033_R,0.9626123781131464,,
palm,unknown_cal,541_R,5,False,1013_R,0.9572876924777332,,
palm,unknown_cal,541_R,6,False,1033_R,0.9536653731671549,,
palm,unknown_cal,541_R,7,False,1033_R,0.9512149246334871,,
palm,unknown_cal,541_R,8,False,546_R,0.9639168134064469,,
palm,unknown_cal,541_R,9,False,546_R,0.9647675297229799,,
palm,unknown_cal,541_R,10,False,1560_R,0.9485300008586514,,
palm,unknown_cal,541_R,11,False,1529_R,0.9768890898290006,,
palm,unknown_cal,541_R,12,False,1529_R,0.963006826004006,,
palm,unknown_cal,541_R,13,False,88_R,0.962721217808943,,
palm,unknown_cal,570_L,1,False,587_L,0.7353183006876762,,
palm,unknown_cal,570_L,2,False,587_L,0.8019164648310955,,
palm,unknown_cal,570_L,3,False,587_L,0.7645772931172106,,
palm,unknown_cal,570_R,1,False,573_R,0.9569445869256066,,
palm,unknown_cal,570_R,2,False,1037_R,0.962625915543101,,
palm,unknown_cal,570_R,3,False,1037_R,0.9591431139805988,,
palm,unknown_cal,570_R,4,False,61_R,0.9563241106341741,,
palm,unknown_cal,570_R,5,False,594_R,0.9430453783378676,,
palm,unknown_cal,571_L,1,False,1504_L,0.9556983475888665,,
palm,unknown_cal,571_L,2,False,1525_L,0.9503025972011616,,
palm,unknown_cal,571_L,3,False,1037_L,0.9457706588971564,,
palm,unknown_cal,571_L,4,False,1003_L,0.9599116373501391,,
palm,unknown_cal,571_L,5,False,1024_L,0.9080567978716652,,
palm,unknown_cal,571_L,6,False,1003_L,0.9143415663846368,,
palm,unknown_cal,571_L,7,False,1594_L,0.9347988540922159,,
palm,unknown_cal,571_L,8,False,1594_L,0.9097440842139988,,
palm,unknown_cal,571_R,1,False,1075_R,0.9690183870905,,
palm,unknown_cal,571_R,2,False,1075_R,0.9617490278600327,,
palm,unknown_cal,571_R,3,False,1536_R,0.9595567834094434,,
palm,unknown_cal,571_R,4,False,1075_R,0.9678697073769698,,
palm,unknown_cal,571_R,5,False,67_R,0.9450322997981515,,
palm,unknown_cal,571_R,6,False,1560_R,0.9525336938714577,,
palm,unknown_cal,571_R,7,False,1560_R,0.9468285107553052,,
palm,unknown_cal,571_R,8,False,1560_R,0.9495671394477019,,
palm,unknown_cal,571_R,9,False,1560_R,0.9615464266246379,,
palm,unknown_cal,571_R,10,False,1100000_R,0.9484628461499609,,
palm,unknown_cal,571_R,11,False,1560_R,0.9563292703206445,,
palm,unknown_cal,581_L,1,False,1540_L,0.964963247511079,,
palm,unknown_cal,581_L,2,False,1050_L,0.967723492534595,,
palm,unknown_cal,581_L,3,False,1050_L,0.9578726019150058,,
palm,unknown_cal,581_L,4,False,1050_L,0.9619319742107755,,
palm,unknown_cal,581_L,5,False,1540_L,0.9643943224712294,,
palm,unknown_cal,581_L,6,False,1540_L,0.9663217842204133,,
palm,unknown_cal,581_L,7,False,1033_L,0.977933707663103,,
palm,unknown_cal,581_L,8,False,1033_L,0.9577902159563215,,
palm,unknown_cal,581_L,9,False,1033_L,0.97050963981794,,
palm,unknown_cal,581_L,10,False,1558_L,0.9723562281873402,,
palm,unknown_cal,581_R,1,False,1011_R,0.9360297968178151,,
palm,unknown_cal,581_R,2,False,1042_R,0.9384780768869112,,
palm,unknown_cal,581_R,3,False,1042_R,0.9390515343994061,,
palm,unknown_cal,581_R,4,False,1042_R,0.9399230612917637,,
palm,unknown_cal,581_R,5,False,1042_R,0.9300446625722406,,
palm,unknown_cal,581_R,6,False,1042_R,0.9385533476132851,,
palm,unknown_cal,581_R,7,False,1042_R,0.9118414935084477,,
palm,unknown_cal,581_R,8,False,1042_R,0.9031681855842968,,
palm,unknown_cal,586_L,1,False,1504_L,0.9454243231721897,,
palm,unknown_cal,586_L,2,False,1513_L,0.9473339545521421,,
palm,unknown_cal,586_L,3,False,1532_L,0.9406092220463065,,
palm,unknown_cal,586_L,4,False,1014_L,0.9368178180551927,,
palm,unknown_cal,586_L,5,False,1532_L,0.9644526482693121,,
palm,unknown_cal,586_L,6,False,1510_L,0.9665262712217699,,
palm,unknown_cal,586_L,7,False,1532_L,0.9392296010330257,,
palm,unknown_cal,586_L,8,False,1051_L,0.9625695606611689,,
palm,unknown_cal,586_L,9,False,1003_L,0.9484721961331715,,
palm,unknown_cal,586_L,10,False,1061_L,0.945609006686843,,
palm,unknown_cal,586_L,11,False,1061_L,0.9455496812932797,,
palm,unknown_cal,586_L,12,False,1504_L,0.9426914176833741,,
palm,unknown_cal,586_R,1,False,1067_R,0.9443228348545996,,
palm,unknown_cal,586_R,2,False,1067_R,0.9530687088181801,,
palm,unknown_cal,586_R,3,False,1067_R,0.9479481056971131,,
palm,unknown_cal,586_R,4,False,1067_R,0.9487101089553647,,
palm,unknown_cal,586_R,5,False,1067_R,0.9652004485331865,,
palm,unknown_cal,586_R,6,False,1067_R,0.9609626036128204,,
palm,unknown_cal,586_R,7,False,1067_R,0.9702381359734026,,
palm,unknown_cal,586_R,8,False,1067_R,0.9606448236070129,,
palm,unknown_cal,586_R,9,False,1067_R,0.964840142045315,,
palm,unknown_cal,586_R,10,False,1067_R,0.9636528600002217,,
palm,unknown_cal,586_R,11,False,1067_R,0.9587133233134296,,
palm,unknown_cal,586_R,12,False,1067_R,0.9515190893978843,,
palm,unknown_cal,586_R,13,False,1067_R,0.9278220141937334,,
palm,unknown_cal,586_R,14,False,1052_R,0.9328716841490099,,
palm,unknown_cal,586_R,15,False,6000000_R,0.9262870812536901,,
palm,unknown_cal,586_R,16,False,1067_R,0.9542689440918398,,
palm,unknown_cal,586_R,17,False,1067_R,0.952248960088222,,
palm,unknown_cal,586_R,18,False,1067_R,0.9552179810934557,,
palm,unknown_cal,586_R,19,False,1067_R,0.9557114524719668,,
palm,unknown_cal,586_R,20,False,6000000_R,0.9419014722153566,,
palm,unknown_cal,588_L,1,False,1532_L,0.949070271651083,,
palm,unknown_cal,588_L,2,False,1532_L,0.9227914237667021,,
palm,unknown_cal,588_L,3,False,1026_L,0.9532130158514455,,
palm,unknown_cal,588_L,4,False,1513_L,0.957946353697724,,
palm,unknown_cal,588_L,5,False,1082_L,0.9452893119722496,,
palm,unknown_cal,588_L,6,False,1560_L,0.8990802897573075,,
palm,unknown_cal,588_L,7,False,1061_L,0.8971273098881275,,
palm,unknown_cal,588_L,8,False,1061_L,0.9175949577636244,,
palm,unknown_cal,588_L,9,False,1061_L,0.8965553631581269,,
palm,unknown_cal,588_L,10,False,1082_L,0.9633100563951675,,
palm,unknown_cal,588_L,11,False,1082_L,0.9638445979786376,,
palm,unknown_cal,588_L,12,False,1082_L,0.9662561606242275,,
palm,unknown_cal,588_R,1,False,546_R,0.9671268393321643,,
palm,unknown_cal,588_R,2,False,546_R,0.9665616722572189,,
palm,unknown_cal,588_R,3,False,546_R,0.967009757421023,,
palm,unknown_cal,588_R,4,False,1529_R,0.962134828227945,,
palm,unknown_cal,588_R,5,False,1046_R,0.9089307980817842,,
palm,unknown_cal,596_L,1,False,13_L,0.9461033639685623,,
palm,unknown_cal,596_L,2,False,92_L,0.9563660346152032,,
palm,unknown_cal,596_L,3,False,92_L,0.9118313613800926,,
palm,unknown_cal,596_L,4,False,1033_L,0.947765731579719,,
palm,unknown_cal,596_L,5,False,1549_L,0.933291453936929,,
palm,unknown_cal,596_L,6,False,1560_L,0.7760239030088637,,
palm,unknown_cal,596_L,7,False,1560_L,0.812658193790853,,
palm,unknown_cal,596_L,8,False,1074_L,0.9474858499542589,,
palm,unknown_cal,596_L,9,False,1558_L,0.9625968239226467,,
palm,unknown_cal,596_L,10,False,1050_L,0.9616956522444589,,
palm,unknown_cal,596_L,11,False,1050_L,0.9509372095558177,,
palm,unknown_cal,596_L,12,False,1050_L,0.9591403627137118,,
palm,unknown_cal,596_L,13,False,1050_L,0.9560782122051223,,
palm,unknown_cal,596_R,1,False,1019_R,0.9334201541810899,,
palm,unknown_cal,596_R,2,False,1019_R,0.9135263820252401,,
palm,unknown_cal,596_R,3,False,1019_R,0.9335426545267436,,
palm,unknown_cal,596_R,4,False,1067_R,0.9315290476883518,,
palm,unknown_cal,596_R,5,False,1019_R,0.9197864654359043,,
palm,unknown_cal,596_R,6,False,1100000_R,0.8958632010851617,,
palm,unknown_cal,596_R,7,False,1042_R,0.9224912131030751,,
palm,unknown_cal,596_R,8,False,1042_R,0.9195164732370209,,
palm,unknown_cal,596_R,9,False,1588_R,0.927973936415086,,
palm,unknown_cal,596_R,10,False,1061_R,0.9138331040117464,,
palm,unknown_cal,596_R,11,False,1042_R,0.9246206208702127,,
palm,unknown_cal,596_R,12,False,1061_R,0.8988671209626704,,
palm,unknown_cal,596_R,13,False,1556_R,0.9626029101983372,,
palm,unknown_cal,596_R,14,False,1556_R,0.9369849098831322,,
palm,unknown_cal,596_R,15,False,1042_R,0.9189766905696344,,
palm,unknown_cal,596_R,16,False,1009_R,0.9158032519890471,,
palm,unknown_cal,596_R,17,False,1033_R,0.9749655654368703,,
palm,unknown_cal,596_R,18,False,1558_R,0.9546173119163206,,
palm,unknown_cal,596_R,19,False,93_R,0.9271257913754687,,
palm,unknown_cal,596_R,20,False,93_R,0.928400881608118,,
palm,unknown_cal,596_R,21,False,1019_R,0.9316928670080304,,
palm,unknown_cal,596_R,22,False,93_R,0.9060184081393712,,
palm,unknown_cal,596_R,23,False,93_R,0.9194510342565708,,
palm,unknown_cal,596_R,24,False,6000000_R,0.9325598394936212,,
palm,unknown_cal,62_L,1,False,1558_L,0.9496637405098705,,
palm,unknown_cal,62_L,2,False,1081_L,0.9589634967486774,,
palm,unknown_cal,62_L,3,False,61_L,0.9358530918561279,,
palm,unknown_cal,62_L,4,False,1069_L,0.9419798971229474,,
palm,unknown_cal,62_L,5,False,1014_L,0.9489724235674234,,
palm,unknown_cal,62_L,6,False,1050_L,0.9405600701809373,,
palm,unknown_cal,62_L,7,False,1558_L,0.9470296772589115,,
palm,unknown_cal,62_R,1,False,1052_R,0.919322742726217,,
palm,unknown_cal,62_R,2,False,1067_R,0.9248649338379352,,
palm,unknown_cal,62_R,3,False,10_R,0.9513228747622795,,
palm,unknown_cal,62_R,4,False,10_R,0.930385722917573,,
palm,unknown_cal,62_R,5,False,1019_R,0.9139717782190164,,
palm,unknown_cal,62_R,6,False,63_R,0.9189844503236682,,
palm,unknown_cal,66_L,1,False,1075_L,0.96577712989668,,
palm,unknown_cal,66_L,2,False,1060_L,0.863197572574036,,
palm,unknown_cal,66_L,3,False,1060_L,0.9026053815586705,,
palm,unknown_cal,66_L,4,False,595_L,0.9278979990028362,,
palm,unknown_cal,66_L,5,False,1550_L,0.9643170980714082,,
palm,unknown_cal,66_L,6,False,1550_L,0.9630821276625872,,
palm,unknown_cal,66_L,7,False,1550_L,0.9520214012420101,,
palm,unknown_cal,66_L,8,False,1060_L,0.9421176797942756,,
palm,unknown_cal,66_L,9,False,1075_L,0.9332455517446493,,
palm,unknown_cal,66_L,10,False,1075_L,0.952774187172442,,
palm,unknown_cal,66_L,11,False,1000000_L,0.9208895674326476,,
palm,unknown_cal,66_R,1,False,573_R,0.9532373579264415,,
palm,unknown_cal,66_R,2,False,573_R,0.9602671443869659,,
palm,unknown_cal,66_R,3,False,1536_R,0.9481284914213376,,
palm,unknown_cal,66_R,4,False,573_R,0.9399730381027147,,
palm,unknown_cal,66_R,5,False,573_R,0.9542836582482873,,
palm,unknown_cal,66_R,6,False,1069_R,0.9474038929052604,,
palm,unknown_cal,66_R,7,False,1536_R,0.926307957218647,,
palm,unknown_cal,66_R,8,False,1009_R,0.9427673360834099,,
palm,unknown_cal,66_R,9,False,1009_R,0.9444363838866934,,
palm,unknown_cal,66_R,10,False,1009_R,0.9482364007509765,,
palm,unknown_cal,84_L,1,False,1093_L,0.9642392879193985,,
palm,unknown_cal,84_L,2,False,93_L,0.958116143012377,,
palm,unknown_cal,84_L,3,False,1093_L,0.9443102653983715,,
palm,unknown_cal,84_L,4,False,1552_L,0.9576175614814461,,
palm,unknown_cal,84_L,5,False,1550_L,0.960581367597371,,
palm,unknown_cal,84_L,6,False,1100000_L,0.9653379146388392,,
palm,unknown_cal,84_L,7,False,1093_L,0.9549227684827327,,
palm,unknown_cal,84_L,8,False,1100000_L,0.9540812266833467,,
palm,unknown_cal,84_L,9,False,1594_L,0.9536724628382991,,
palm,unknown_cal,84_L,10,False,1594_L,0.9259876510048028,,
palm,unknown_cal,84_L,11,False,1594_L,0.9365285460083907,,
palm,unknown_cal,84_L,12,False,86_L,0.8954804541423415,,
palm,unknown_cal,84_L,13,False,1594_L,0.938902898371125,,
palm,unknown_cal,84_L,14,False,1594_L,0.9372542688740206,,
palm,unknown_cal,84_L,15,False,1061_L,0.9174564010376189,,
palm,unknown_cal,84_L,16,False,1594_L,0.9409852871341342,,
palm,unknown_cal,84_L,17,False,1594_L,0.9509401963148104,,
palm,unknown_cal,84_L,18,False,1594_L,0.9384155395608788,,
palm,unknown_cal,84_L,19,False,1594_L,0.9244584843394279,,
palm,unknown_cal,84_L,20,False,1594_L,0.9566779335864555,,
palm,unknown_cal,84_L,21,False,1594_L,0.9579690791333121,,
palm,unknown_cal,84_L,22,False,1550_L,0.9539150321686353,,
palm,unknown_cal,84_L,23,False,573_L,0.9675661313162846,,
palm,unknown_cal,84_L,24,False,1100000_L,0.9581857206625235,,
palm,unknown_cal,84_L,25,False,576_L,0.9618567692541705,,
palm,unknown_cal,84_R,1,False,1552_R,0.9670168126972127,,
palm,unknown_cal,84_R,2,False,1552_R,0.9712408552242685,,
palm,unknown_cal,84_R,3,False,1552_R,0.9713410156816824,,
palm,unknown_cal,84_R,4,False,1552_R,0.9725516185811156,,
palm,unknown_cal,84_R,5,False,1594_R,0.9580175496697707,,
palm,unknown_cal,84_R,6,False,1552_R,0.9603507282967395,,
palm,unknown_cal,84_R,7,False,1552_R,0.9669866219406924,,
palm,unknown_cal,84_R,8,False,1552_R,0.9696806496818293,,
palm,unknown_cal,84_R,9,False,1552_R,0.9710789888612053,,
palm,unknown_cal,84_R,10,False,1552_R,0.9580921006487948,,
palm,unknown_cal,84_R,11,False,1552_R,0.9653681450104795,,
palm,unknown_cal,84_R,12,False,1594_R,0.9330922228748783,,
palm,unknown_cal,84_R,13,False,1594_R,0.9387384549874564,,
palm,unknown_cal,84_R,14,False,1594_R,0.9410164415082959,,
palm,unknown_cal,84_R,15,False,1100000_R,0.9230708863865141,,
palm,unknown_cal,9000000_L,1,False,86_L,0.9265273175843922,,
palm,unknown_cal,9000000_L,2,False,86_L,0.9243536910961099,,
palm,unknown_cal,9000000_L,3,False,67_L,0.956172874865928,,
palm,unknown_cal,9000000_L,4,False,67_L,0.9596094838911001,,
palm,unknown_cal,9000000_L,5,False,67_L,0.9458443550614184,,
palm,unknown_cal,9000000_L,6,False,67_L,0.9216424229217373,,
palm,unknown_cal,9000000_L,7,False,1081_L,0.9354375510404249,,
palm,unknown_cal,9000000_R,1,False,1080_R,0.9564637093468178,,
palm,unknown_cal,9000000_R,2,False,1080_R,0.930624726344044,,
palm,unknown_cal,9000000_R,3,False,1533_R,0.9659612937389668,,
palm,unknown_cal,9000000_R,4,False,1037_R,0.9684329866315387,,
palm,unknown_cal,9000000_R,5,False,1037_R,0.9732403326413623,,
palm,unknown_cal,9000000_R,6,False,1037_R,0.9660593021247321,,
palm,unknown_cal,9000000_R,7,False,1533_R,0.9653175735716222,,
palm,unknown_cal,9000000_R,8,False,1080_R,0.9628046387602406,,
palm,unknown_cal,9000000_R,9,False,1033_R,0.9613564114598092,,
palm,unknown_cal,9000000_R,10,False,92_R,0.9051648976901607,,
palm,unknown_cal,9000000_R,11,False,8000000_R,0.9451985185545992,,
palm,unknown_cal,9000000_R,12,False,1080_R,0.9584401925769221,,
palm,unknown_cal,9000000_R,13,False,1080_R,0.9456373099452346,,
palm,unknown_cal,9000000_R,14,False,92_R,0.9104149701849164,,
palm,unknown_cal,9000000_R,15,False,67_R,0.9129504251937539,,
palm,unknown_test,1005_L,1,False,1075_L,0.9549539795174972,,
palm,unknown_test,1005_L,2,False,1552_L,0.9522388156938111,,
palm,unknown_test,1005_L,3,False,1075_L,0.9476644254813953,,
palm,unknown_test,1005_L,4,False,595_L,0.939912030557924,,
palm,unknown_test,1005_L,5,False,1075_L,0.9415656981486021,,
palm,unknown_test,1005_L,6,False,595_L,0.9253131689705092,,
palm,unknown_test,1005_L,7,False,1075_L,0.9508012793538241,,
palm,unknown_test,1005_L,8,False,1075_L,0.9463398042664766,,
palm,unknown_test,1005_L,9,False,595_L,0.9390405300082527,,
palm,unknown_test,1005_L,10,False,559_L,0.9484964233993006,,
palm,unknown_test,1005_L,11,False,1525_L,0.9308241218164097,,
palm,unknown_test,1005_R,1,False,88_R,0.956117507705231,,
palm,unknown_test,1005_R,2,False,1560_R,0.9467797563292122,,
palm,unknown_test,1005_R,3,False,1560_R,0.9652058008948927,,
palm,unknown_test,1005_R,4,False,1560_R,0.9524811205505896,,
palm,unknown_test,1005_R,5,False,1011_R,0.9317304793187124,,
palm,unknown_test,1005_R,6,False,92_R,0.9406732316216253,,
palm,unknown_test,1005_R,7,False,92_R,0.9516636741852232,,
palm,unknown_test,1005_R,8,False,92_R,0.9452497341527154,,
palm,unknown_test,1005_R,9,False,1513_R,0.9677263857590115,,
palm,unknown_test,1005_R,10,False,1075_R,0.9533896631737335,,
palm,unknown_test,1005_R,11,False,1536_R,0.8964917548886335,,
palm,unknown_test,1005_R,12,False,1536_R,0.9527471748100658,,
palm,unknown_test,1008_L,1,False,1558_L,0.9641909082986284,,
palm,unknown_test,1008_L,2,False,1014_L,0.9454681245397933,,
palm,unknown_test,1008_L,3,False,595_L,0.9419824093803422,,
palm,unknown_test,1008_L,4,False,1540_L,0.9547378555819002,,
palm,unknown_test,1008_L,5,False,1069_L,0.9042900470973031,,
palm,unknown_test,1008_L,6,False,1504_L,0.9240119476492457,,
palm,unknown_test,1008_R,1,False,10_R,0.9279282305609615,,
palm,unknown_test,1008_R,2,False,10_R,0.934372737336413,,
palm,unknown_test,1008_R,3,False,1558_R,0.942048497427805,,
palm,unknown_test,1008_R,4,False,10_R,0.9281958716333207,,
palm,unknown_test,1008_R,5,False,1081_R,0.9511377869596509,,
palm,unknown_test,1021_L,1,False,573_L,0.9573720523258571,,
palm,unknown_test,1021_L,2,False,1009_L,0.9492190266733398,,
palm,unknown_test,1021_L,3,False,67_L,0.944518547628014,,
palm,unknown_test,1021_L,4,False,1081_L,0.96596620837544,,
palm,unknown_test,1021_L,5,False,92_L,0.9564535789355566,,
palm,unknown_test,1021_L,6,False,1552_L,0.9487394523274733,,
palm,unknown_test,1021_L,7,False,573_L,0.9540067181044063,,
palm,unknown_test,1021_L,8,False,1549_L,0.9634082042408207,,
palm,unknown_test,1021_L,9,False,67_L,0.9385074331332266,,
palm,unknown_test,1021_L,10,False,1549_L,0.9613518532446734,,
palm,unknown_test,1021_L,11,False,1560_L,0.9338128049536439,,
palm,unknown_test,1021_L,12,False,546_L,0.9491693605017206,,
palm,unknown_test,1021_L,13,False,546_L,0.9408852424449352,,
palm,unknown_test,1021_L,14,False,1594_L,0.9298147168869657,,
palm,unknown_test,1021_L,15,False,1560_L,0.914652986270754,,
palm,unknown_test,1021_L,16,False,1549_L,0.9553042998708094,,
palm,unknown_test,1021_L,17,False,1549_L,0.9635632041124886,,
palm,unknown_test,1021_L,18,False,546_L,0.968902798966074,,
palm,unknown_test,1021_R,1,False,573_R,0.9747321843154406,,
palm,unknown_test,1021_R,2,False,573_R,0.9736408741068394,,
palm,unknown_test,1021_R,3,False,1080_R,0.9540571114510077,,
palm,unknown_test,1021_R,4,False,1080_R,0.9614222455064165,,
palm,unknown_test,1021_R,5,False,1080_R,0.955478722274166,,
palm,unknown_test,1021_R,6,False,1030_R,0.960674764047865,,
palm,unknown_test,1021_R,7,False,67_R,0.9123355601939489,,
palm,unknown_test,1023_L,1,False,1545_L,0.972711525664461,,
palm,unknown_test,1023_L,2,False,11_L,0.9675675407372591,,
palm,unknown_test,1023_L,3,False,11_L,0.9502336297749786,,
palm,unknown_test,1023_L,4,False,1545_L,0.940023121544707,,
palm,unknown_test,1023_L,5,False,1081_L,0.9457994636664243,,
palm,unknown_test,1023_L,6,False,11_L,0.9438870184570685,,
palm,unknown_test,1023_L,7,False,11_L,0.9230820449115533,,
palm,unknown_test,1023_R,1,False,1074_R,0.9566543646464404,,
palm,unknown_test,1023_R,2,False,1074_R,0.963946432985625,,
palm,unknown_test,1023_R,3,False,1074_R,0.9675155087260727,,
palm,unknown_test,1023_R,4,False,1028_R,0.9639889496893923,,
palm,unknown_test,1023_R,5,False,594_R,0.9314653149122287,,
palm,unknown_test,1023_R,6,False,559_R,0.933699456908201,,
palm,unknown_test,1023_R,7,False,1589_R,0.9459740346769082,,
palm,unknown_test,1023_R,8,False,1069_R,0.9631883916712407,,
palm,unknown_test,1034_L,1,False,1019_L,0.8969815498997608,,
palm,unknown_test,1034_L,2,False,1037_L,0.9077268406404353,,
palm,unknown_test,1034_L,3,False,1037_L,0.9064589373151578,,
palm,unknown_test,1034_L,4,False,1037_L,0.9049196520572996,,
palm,unknown_test,1034_L,5,False,1011_L,0.8761896511356885,,
palm,unknown_test,1034_L,6,False,1011_L,0.8824062334386178,,
palm,unknown_test,1034_L,7,False,1080_L,0.9022365778861143,,
palm,unknown_test,1034_L,8,False,1037_L,0.8619829916111903,,
palm,unknown_test,1034_L,9,False,0_L,0.8441039999544316,,
palm,unknown_test,1034_L,10,False,1037_L,0.8716472291449526,,
palm,unknown_test,1034_L,11,False,1545_L,0.8834018116665794,,
palm,unknown_test,1034_L,12,False,1037_L,0.8603640836610456,,
palm,unknown_test,1034_L,13,False,1037_L,0.871640326166728,,
palm,unknown_test,1034_L,14,False,1037_L,0.8855522029978686,,
palm,unknown_test,1034_L,15,False,1037_L,0.8788244894756136,,
palm,unknown_test,1034_L,16,False,1011_L,0.888511990751309,,
palm,unknown_test,1034_L,17,False,1037_L,0.8860778916657543,,
palm,unknown_test,1034_L,18,False,1019_L,0.8565030547135635,,
palm,unknown_test,1034_L,19,False,1037_L,0.9390518110750974,,
palm,unknown_test,1034_L,20,False,13_L,0.8805802716896902,,
palm,unknown_test,1034_L,21,False,13_L,0.9027960853345249,,
palm,unknown_test,1034_L,22,False,13_L,0.9396384515104068,,
palm,unknown_test,1034_L,23,False,13_L,0.9376807977663455,,
palm,unknown_test,1034_R,1,False,63_R,0.9261258483591673,,
palm,unknown_test,1034_R,2,False,63_R,0.94511885645089,,
palm,unknown_test,1034_R,3,False,1011_R,0.9420597812426487,,
palm,unknown_test,1034_R,4,False,63_R,0.9342253272480894,,
palm,unknown_test,1034_R,5,False,93_R,0.9162504949351624,,
palm,unknown_test,1034_R,6,False,1011_R,0.9404321722917109,,
palm,unknown_test,1034_R,7,False,1532_R,0.9430435508945856,,
palm,unknown_test,1034_R,8,False,1011_R,0.9379550837150189,,
palm,unknown_test,1034_R,9,False,1011_R,0.9346188761539909,,
palm,unknown_test,1034_R,10,False,1011_R,0.9279442125848885,,
palm,unknown_test,1034_R,11,False,1011_R,0.9481728938952543,,
palm,unknown_test,1034_R,12,False,1011_R,0.9465481387773274,,
palm,unknown_test,1034_R,13,False,1011_R,0.9469999161389787,,
palm,unknown_test,1034_R,14,False,1011_R,0.9310701941900839,,
palm,unknown_test,1034_R,15,False,1011_R,0.934820003816512,,
palm,unknown_test,1034_R,16,False,1011_R,0.9331950772920395,,
palm,unknown_test,1034_R,17,False,63_R,0.9285592445909802,,
palm,unknown_test,1034_R,18,False,1011_R,0.9406548412574512,,
palm,unknown_test,1034_R,19,False,1011_R,0.9411626320382427,,
palm,unknown_test,1034_R,20,False,1067_R,0.9361776897520775,,
palm,unknown_test,1034_R,21,False,63_R,0.9423295476126403,,
palm,unknown_test,1036_L,1,False,92_L,0.9359288294607022,,
palm,unknown_test,1036_L,2,False,92_L,0.9293375213311562,,
palm,unknown_test,1036_L,3,False,92_L,0.9244621837769422,,
palm,unknown_test,1036_L,4,False,92_L,0.9100794539777337,,
palm,unknown_test,1036_L,5,False,92_L,0.9152825998554652,,
palm,unknown_test,1036_L,6,False,92_L,0.9107491384442267,,
palm,unknown_test,1036_L,7,False,1067_L,0.9404900356708872,,
palm,unknown_test,1036_L,8,False,92_L,0.901471120857972,,
palm,unknown_test,1036_L,9,False,92_L,0.8772191057031682,,
palm,unknown_test,1036_L,10,False,92_L,0.9204831701001717,,
palm,unknown_test,1036_L,11,False,92_L,0.9202306781118588,,
palm,unknown_test,1036_R,1,False,1545_R,0.8669077099915442,,
palm,unknown_test,1036_R,2,False,63_R,0.8814872828467246,,
palm,unknown_test,1036_R,3,False,1545_R,0.8719837858092503,,
palm,unknown_test,1036_R,4,False,1532_R,0.8742660751956856,,
palm,unknown_test,1036_R,5,False,63_R,0.8977569774944675,,
palm,unknown_test,1036_R,6,False,63_R,0.9238613464354792,,
palm,unknown_test,1036_R,7,False,1532_R,0.8855756118752725,,
palm,unknown_test,1036_R,8,False,1532_R,0.9001318598584951,,
palm,unknown_test,1058_L,1,False,1513_L,0.9638382516192021,,
palm,unknown_test,1058_L,2,False,576_L,0.9581404503038649,,
palm,unknown_test,1058_L,3,False,573_L,0.9629420892583896,,
palm,unknown_test,1058_L,4,False,573_L,0.9246921867890527,,
palm,unknown_test,1058_L,5,False,573_L,0.9254618991842578,,
palm,unknown_test,1058_L,6,False,1550_L,0.9566875215075084,,
palm,unknown_test,1058_L,7,False,1550_L,0.9760175428436602,,
palm,unknown_test,1058_L,8,False,1594_L,0.9589285924078871,,
palm,unknown_test,1058_L,9,False,1594_L,0.9614698740625554,,
palm,unknown_test,1058_L,10,False,1556_L,0.8738797292627292,,
palm,unknown_test,1058_L,11,False,1556_L,0.8831723985136635,,
palm,unknown_test,1058_L,12,False,1061_L,0.8889154574276206,,
palm,unknown_test,1058_R,1,False,1504_R,0.9617265851439678,,
palm,unknown_test,1058_R,2,False,88_R,0.9632319138665772,,
palm,unknown_test,1058_R,3,False,546_R,0.9458238057281315,,
palm,unknown_test,1058_R,4,False,1082_R,0.9189726378528051,,
palm,unknown_test,1058_R,5,False,1060_R,0.9573051369110828,,
palm,unknown_test,1058_R,6,False,1082_R,0.9409665977030711,,
palm,unknown_test,1058_R,7,False,1060_R,0.9523502947116637,,
palm,unknown_test,1058_R,8,False,1009_R,0.9386218862175443,,
palm,unknown_test,1058_R,9,False,1510_R,0.8561300422547413,,
palm,unknown_test,1058_R,10,False,1510_R,0.8173243395921024,,
palm,unknown_test,1058_R,11,False,1014_R,0.818916891335991,,
palm,unknown_test,1058_R,12,False,1510_R,0.8808391950982886,,
palm,unknown_test,1058_R,13,False,1510_R,0.8720341564205085,,
palm,unknown_test,1058_R,14,False,1510_R,0.9098129543594558,,
palm,unknown_test,1059_L,1,False,1030_L,0.9611243543145418,,
palm,unknown_test,1059_L,2,False,1030_L,0.9657780554209121,,
palm,unknown_test,1059_L,3,False,1051_L,0.966117803214219,,
palm,unknown_test,1059_L,4,False,1051_L,0.9512458737203535,,
palm,unknown_test,1059_L,5,False,1051_L,0.9516394658651185,,
palm,unknown_test,1059_L,6,False,1051_L,0.9342819800282123,,
palm,unknown_test,1059_L,7,False,1051_L,0.9463455166093284,,
palm,unknown_test,1059_L,8,False,1051_L,0.9589189116537831,,
palm,unknown_test,1059_L,9,False,1051_L,0.927734402880292,,
palm,unknown_test,1059_L,10,False,1051_L,0.9358836977539147,,
palm,unknown_test,1059_L,11,False,1051_L,0.9380832802475021,,
palm,unknown_test,1059_L,12,False,1009_L,0.9720023941023168,,
palm,unknown_test,1059_L,13,False,1051_L,0.9729852692764169,,
palm,unknown_test,1059_L,14,False,1009_L,0.9737709229389512,,
palm,unknown_test,1059_L,15,False,576_L,0.9705651749278317,,
palm,unknown_test,1059_R,1,False,1028_R,0.9783926788137451,,
palm,unknown_test,1059_R,2,False,1028_R,0.9766063068256603,,
palm,unknown_test,1059_R,3,False,1028_R,0.9759551383756424,,
palm,unknown_test,1059_R,4,False,1028_R,0.9682280719756008,,
palm,unknown_test,1059_R,5,False,1560_R,0.9690113551681455,,
palm,unknown_test,1059_R,6,False,1560_R,0.9745722766972351,,
palm,unknown_test,1059_R,7,False,546_R,0.9076684699737454,,
palm,unknown_test,1059_R,8,False,1560_R,0.9649808043473382,,
palm,unknown_test,1059_R,9,False,1051_R,0.9452676640786264,,
palm,unknown_test,1059_R,10,False,1560_R,0.9576406522547973,,
palm,unknown_test,1059_R,11,False,1009_R,0.9351179330331192,,
palm,unknown_test,1059_R,12,False,1009_R,0.9306533235727196,,
palm,unknown_test,1059_R,13,False,1009_R,0.9387621868069511,,
palm,unknown_test,1059_R,14,False,1009_R,0.9528537062436582,,
palm,unknown_test,1059_R,15,False,1009_R,0.9390919141298655,,
palm,unknown_test,1059_R,16,False,1009_R,0.9211652271314865,,
palm,unknown_test,1070_L,1,False,1520_L,0.9536643492003347,,
palm,unknown_test,1070_L,2,False,1042_L,0.9592956496064344,,
palm,unknown_test,1070_L,3,False,1013_L,0.9670237059929108,,
palm,unknown_test,1070_L,4,False,8_L,0.9617144449746667,,
palm,unknown_test,1070_L,5,False,1540_L,0.9426442676791074,,
palm,unknown_test,1070_R,1,False,10_R,0.9409836960418885,,
palm,unknown_test,1070_R,2,False,63_R,0.9417663785446855,,
palm,unknown_test,1070_R,3,False,10_R,0.9431992234529728,,
palm,unknown_test,1070_R,4,False,63_R,0.9328732463241769,,
palm,unknown_test,1070_R,5,False,10_R,0.931921617828183,,
palm,unknown_test,1070_R,6,False,92_R,0.9438309140426666,,
palm,unknown_test,1070_R,7,False,11_R,0.9634402284890478,,
palm,unknown_test,1070_R,8,False,1585_R,0.9649776923718651,,
palm,unknown_test,1070_R,9,False,11_R,0.9501995231111877,,
palm,unknown_test,1070_R,10,False,11_R,0.9395321220000729,,
palm,unknown_test,1070_R,11,False,1082_R,0.9210272353476954,,
palm,unknown_test,1070_R,12,False,559_R,0.9484199585400854,,
palm,unknown_test,1073_L,1,False,1074_L,0.9311989062708863,,
palm,unknown_test,1073_L,2,False,1556_L,0.8027511529426485,,
palm,unknown_test,1073_L,3,False,1556_L,0.803870576036183,,
palm,unknown_test,1073_L,4,False,1556_L,0.8549167707603774,,
palm,unknown_test,1073_L,5,False,1556_L,0.8533618312670519,,
palm,unknown_test,1073_L,6,False,1556_L,0.8404961316883343,,
palm,unknown_test,1073_L,7,False,1024_L,0.8998377882758495,,
palm,unknown_test,1073_L,8,False,572_L,0.9520871287236503,,
palm,unknown_test,1073_L,9,False,1061_L,0.9046313723108078,,
palm,unknown_test,1073_L,10,False,1061_L,0.9182666030704925,,
palm,unknown_test,1073_L,11,False,1061_L,0.85336450026239,,
palm,unknown_test,1073_R,1,False,11_R,0.9454873677817882,,
palm,unknown_test,1073_R,2,False,81_R,0.9108045640631475,,
palm,unknown_test,1073_R,3,False,594_R,0.9529551357077498,,
palm,unknown_test,1073_R,4,False,1033_R,0.9388313139217674,,
palm,unknown_test,1073_R,5,False,559_R,0.9675069067113172,,
palm,unknown_test,1073_R,6,False,594_R,0.9671594632509246,,
palm,unknown_test,1088_L,1,False,595_L,0.9428379653199532,,
palm,unknown_test,1088_L,2,False,1075_L,0.9619580687034015,,
palm,unknown_test,1088_L,3,False,1075_L,0.9618986308986797,,
palm,unknown_test,1088_L,4,False,1075_L,0.9671570409088057,,
palm,unknown_test,1088_L,5,False,1536_L,0.9620791442694918,,
palm,unknown_test,1088_L,6,False,1536_L,0.9605567861674622,,
palm,unknown_test,1088_L,7,False,546_L,0.9341837372674887,,
palm,unknown_test,1088_L,8,False,1536_L,0.9588635468139759,,
palm,unknown_test,1088_L,9,False,1200000_L,0.9468489909109588,,
palm,unknown_test,1088_L,10,False,8000000_L,0.9502221246827951,,
palm,unknown_test,1088_R,1,False,573_R,0.9502360807832622,,
palm,unknown_test,1088_R,2,False,1075_R,0.9502748738089022,,
palm,unknown_test,1088_R,3,False,573_R,0.9504828948467908,,
palm,unknown_test,1088_R,4,False,573_R,0.9432486138853552,,
palm,unknown_test,1088_R,5,False,573_R,0.9561048812406897,,
palm,unknown_test,1088_R,6,False,1075_R,0.9333237226522412,,
palm,unknown_test,1088_R,7,False,1075_R,0.9758486295447588,,
palm,unknown_test,1088_R,8,False,67_R,0.9382399791942597,,
palm,unknown_test,1088_R,9,False,1011_R,0.962931175386548,,
palm,unknown_test,1089_L,1,False,1589_L,0.9447002242185183,,
palm,unknown_test,1089_L,2,False,1552_L,0.9573116741882116,,
palm,unknown_test,1089_L,3,False,1552_L,0.9569238776657543,,
palm,unknown_test,1089_L,4,False,1552_L,0.9633812295673327,,
palm,unknown_test,1089_L,5,False,1552_L,0.96870236802548,,
palm,unknown_test,1089_L,6,False,1589_L,0.9656969998170738,,
palm,unknown_test,1089_L,7,False,1594_L,0.9463992319841614,,
palm,unknown_test,1089_L,8,False,1093_L,0.9329767949655542,,
palm,unknown_test,1089_L,9,False,1594_L,0.9494864098457283,,
palm,unknown_test,1089_L,10,False,1594_L,0.9527317098450647,,
palm,unknown_test,1089_L,11,False,1594_L,0.94976472015465,,
palm,unknown_test,1089_L,12,False,1594_L,0.9593199028183883,,
palm,unknown_test,1089_R,1,False,573_R,0.9579309989671807,,
palm,unknown_test,1089_R,2,False,1536_R,0.9566626313815483,,
palm,unknown_test,1089_R,3,False,1536_R,0.9523454231233457,,
palm,unknown_test,1089_R,4,False,1536_R,0.9263193079748403,,
palm,unknown_test,1089_R,5,False,1075_R,0.9422913598582096,,
palm,unknown_test,1089_R,6,False,543_R,0.9296147111986774,,
palm,unknown_test,1089_R,7,False,1525_R,0.9532830452869671,,
palm,unknown_test,1089_R,8,False,1525_R,0.9584497380579466,,
palm,unknown_test,1089_R,9,False,543_R,0.9578345044191363,,
palm,unknown_test,1090_L,1,False,1014_L,0.9419828342681406,,
palm,unknown_test,1090_L,2,False,1100000_L,0.9388425925172755,,
palm,unknown_test,1090_L,3,False,595_L,0.9547845102411889,,
palm,unknown_test,1090_L,4,False,1100000_L,0.9297496540441643,,
palm,unknown_test,1090_L,5,False,1100000_L,0.9500839230210747,,
palm,unknown_test,1090_L,6,False,1100000_L,0.949920845842926,,
palm,unknown_test,1090_L,7,False,1100000_L,0.9422224072819805,,
palm,unknown_test,1090_L,8,False,1100000_L,0.9458771443506864,,
palm,unknown_test,1090_L,9,False,1550_L,0.9294725694013484,,
palm,unknown_test,1090_L,10,False,595_L,0.8596785238735603,,
palm,unknown_test,1090_L,11,False,1525_L,0.915767463055938,,
palm,unknown_test,1090_L,12,False,1594_L,0.9189221028955026,,
palm,unknown_test,1090_L,13,False,1061_L,0.8781878663467869,,
palm,unknown_test,1090_L,14,False,1100000_L,0.92172514823782,,
palm,unknown_test,1090_L,15,False,1014_L,0.9362445570855942,,
palm,unknown_test,1090_L,16,False,595_L,0.9477754824408482,,
palm,unknown_test,1090_L,17,False,1510_L,0.9366099683953681,,
palm,unknown_test,1090_L,18,False,1060_L,0.9514211610735708,,
palm,unknown_test,1090_L,19,False,1594_L,0.950399308267014,,
palm,unknown_test,1090_L,20,False,1594_L,0.9428155800155638,,
palm,unknown_test,1090_L,21,False,1594_L,0.920821353914711,,
palm,unknown_test,1090_L,22,False,1594_L,0.9122433253865865,,
palm,unknown_test,1090_R,1,False,1069_R,0.9505413007772422,,
palm,unknown_test,1090_R,2,False,1536_R,0.9507873310616998,,
palm,unknown_test,1090_R,3,False,1075_R,0.9502803301095455,,
palm,unknown_test,1090_R,4,False,1075_R,0.9483823864856725,,
palm,unknown_test,1090_R,5,False,1536_R,0.9570000022718508,,
palm,unknown_test,1090_R,6,False,1552_R,0.9426922141885066,,
palm,unknown_test,1090_R,7,False,1085_R,0.9396617943720735,,
palm,unknown_test,1090_R,8,False,1075_R,0.9430853303251616,,
palm,unknown_test,1090_R,9,False,1552_R,0.9517357775036757,,
palm,unknown_test,1090_R,10,False,1536_R,0.9217119222217762,,
palm,unknown_test,1090_R,11,False,1552_R,0.8954265007333696,,
palm,unknown_test,1090_R,12,False,576_R,0.8596207925839146,,
palm,unknown_test,1090_R,13,False,93_R,0.7775297826609798,,
palm,unknown_test,1090_R,14,False,1014_R,0.7813605834844476,,
palm,unknown_test,1090_R,15,False,1510_R,0.7769456529075216,,
palm,unknown_test,1090_R,16,False,1014_R,0.7561587315917164,,
palm,unknown_test,1090_R,17,False,1014_R,0.7374418288275064,,
palm,unknown_test,1090_R,18,False,1014_R,0.7473979958862438,,
palm,unknown_test,1090_R,19,False,1075_R,0.9595105288805572,,
palm,unknown_test,1090_R,20,False,1075_R,0.9636180513522046,,
palm,unknown_test,1090_R,21,False,1552_R,0.9631133736159696,,
palm,unknown_test,1090_R,22,False,1075_R,0.956844287589939,,
palm,unknown_test,1505_L,1,False,13_L,0.9462088747590611,,
palm,unknown_test,1505_L,2,False,1589_L,0.9480969325934294,,
palm,unknown_test,1505_L,3,False,92_L,0.9421971173195892,,
palm,unknown_test,1505_L,4,False,1067_L,0.9488383464117491,,
palm,unknown_test,1505_L,5,False,1067_L,0.9400746354730831,,
palm,unknown_test,1505_L,6,False,92_L,0.9466772838599353,,
palm,unknown_test,1505_L,7,False,13_L,0.9440982550399382,,
palm,unknown_test,1505_L,8,False,13_L,0.9403942584727126,,
palm,unknown_test,1505_R,1,False,1019_R,0.9632737247113373,,
palm,unknown_test,1505_R,2,False,1067_R,0.9614200985341896,,
palm,unknown_test,1505_R,3,False,1019_R,0.94786034486541,,
palm,unknown_test,1505_R,4,False,1019_R,0.9546132550840027,,
palm,unknown_test,1505_R,5,False,1037_R,0.9645512233585394,,
palm,unknown_test,1505_R,6,False,1011_R,0.9656744942529494,,
palm,unknown_test,1505_R,7,False,1011_R,0.9604937588349487,,
palm,unknown_test,1505_R,8,False,1011_R,0.9579734235390205,,
palm,unknown_test,1505_R,9,False,1011_R,0.9726890302295754,,
palm,unknown_test,1505_R,10,False,1019_R,0.9642880897325774,,
palm,unknown_test,1505_R,11,False,1019_R,0.962203092151972,,
palm,unknown_test,1509_L,1,False,10_L,0.9494100635400171,,
palm,unknown_test,1509_L,2,False,1014_L,0.9452924486416905,,
palm,unknown_test,1509_L,3,False,1013_L,0.9304845055077653,,
palm,unknown_test,1509_L,4,False,1081_L,0.9401192953000499,,
palm,unknown_test,1509_R,1,False,1069_R,0.9572960799580501,,
palm,unknown_test,1509_R,2,False,594_R,0.9420241382939449,,
palm,unknown_test,1509_R,3,False,559_R,0.9209071610180888,,
palm,unknown_test,1509_R,4,False,1069_R,0.9474705022830228,,
palm,unknown_test,1509_R,5,False,1069_R,0.9502054409238792,,
palm,unknown_test,1518_L,1,False,1558_L,0.9549389239094073,,
palm,unknown_test,1518_L,2,False,1552_L,0.9544765113427702,,
palm,unknown_test,1518_L,3,False,1594_L,0.947122788386956,,
palm,unknown_test,1518_L,4,False,1003_L,0.9366832394802946,,
palm,unknown_test,1518_L,5,False,1594_L,0.9186751297386778,,
palm,unknown_test,1518_L,6,False,552_L,0.9270494725686875,,
palm,unknown_test,1518_L,7,False,88_L,0.9246267802013299,,
palm,unknown_test,1518_L,8,False,67_L,0.9610442146946147,,
palm,unknown_test,1518_L,9,False,1061_L,0.944440463669098,,
palm,unknown_test,1518_L,10,False,1061_L,0.9364749589812977,,
palm,unknown_test,1518_R,1,False,1009_R,0.9501320978234042,,
palm,unknown_test,1518_R,2,False,546_R,0.9593710721336695,,
palm,unknown_test,1518_R,3,False,88_R,0.9677431668601146,,
palm,unknown_test,1518_R,4,False,573_R,0.9553111168992152,,
palm,unknown_test,1518_R,5,False,573_R,0.9502436383966419,,
palm,unknown_test,1518_R,6,False,573_R,0.957038217023118,,
palm,unknown_test,1518_R,7,False,92_R,0.9494386508668462,,
palm,unknown_test,1518_R,8,False,88_R,0.9487514668326877,,
palm,unknown_test,1518_R,9,False,67_R,0.9548854278774696,,
palm,unknown_test,1518_R,10,False,67_R,0.9596944656358978,,
palm,unknown_test,1518_R,11,False,92_R,0.9390858106229945,,
palm,unknown_test,1519_L,1,False,1520_L,0.9454986350684429,,
palm,unknown_test,1519_L,2,False,594_L,0.94335129173942,,
palm,unknown_test,1519_L,3,False,61_L,0.9531786763493154,,
palm,unknown_test,1519_L,4,False,10_L,0.9665569158567938,,
palm,unknown_test,1519_L,5,False,10_L,0.9625440547538002,,
palm,unknown_test,1519_L,6,False,10_L,0.9629821646245262,,
palm,unknown_test,1519_L,7,False,10_L,0.9628512330560431,,
palm,unknown_test,1519_R,1,False,10_R,0.9453674543847861,,
palm,unknown_test,1519_R,2,False,1019_R,0.9517765440980502,,
palm,unknown_test,1519_R,3,False,1019_R,0.9363559983640335,,
palm,unknown_test,1519_R,4,False,1042_R,0.9337318362842915,,
palm,unknown_test,1519_R,5,False,1520_R,0.9202314701208476,,
palm,unknown_test,1519_R,6,False,1080_R,0.9457830802706091,,
palm,unknown_test,1519_R,7,False,559_R,0.9607087273393807,,
palm,unknown_test,1519_R,8,False,559_R,0.9294726653558879,,
palm,unknown_test,1519_R,9,False,13_R,0.9669599716928063,,
palm,unknown_test,1519_R,10,False,1069_R,0.9639458659753644,,
palm,unknown_test,1527_L,1,False,1558_L,0.9736021232752675,,
palm,unknown_test,1527_L,2,False,1558_L,0.9763370019525459,,
palm,unknown_test,1527_L,3,False,1558_L,0.9766546495609285,,
palm,unknown_test,1527_L,4,False,1558_L,0.9785658038411792,,
palm,unknown_test,1527_L,5,False,1080_L,0.9770279012387566,,
palm,unknown_test,1527_L,6,False,1067_L,0.9653058111977719,,
palm,unknown_test,1527_L,7,False,1080_L,0.967468606210963,,
palm,unknown_test,1527_L,8,False,1558_L,0.9712928799938664,,
palm,unknown_test,1527_L,9,False,1051_L,0.9576702483119302,,
palm,unknown_test,1527_L,10,False,1080_L,0.9784616490675673,,
palm,unknown_test,1527_L,11,False,1558_L,0.978499613931666,,
palm,unknown_test,1527_R,1,False,1533_R,0.9742208686907752,,
palm,unknown_test,1527_R,2,False,1080_R,0.9603632144502044,,
palm,unknown_test,1527_R,3,False,1080_R,0.9643362268863601,,
palm,unknown_test,1527_R,4,False,1080_R,0.9695990591939957,,
palm,unknown_test,1527_R,5,False,1080_R,0.9715284553939643,,
palm,unknown_test,1527_R,6,False,1080_R,0.9717976867331524,,
palm,unknown_test,1527_R,7,False,594_R,0.9294214697619463,,
palm,unknown_test,1527_R,8,False,1080_R,0.9607239557739545,,
palm,unknown_test,1527_R,9,False,1050_R,0.9676754351012123,,
palm,unknown_test,1527_R,10,False,1050_R,0.9551696703431727,,
palm,unknown_test,1528_L,1,False,10_L,0.9670854284777817,,
palm,unknown_test,1528_L,2,False,10_L,0.9758453031030134,,
palm,unknown_test,1528_L,3,False,10_L,0.97890627208935,,
palm,unknown_test,1528_L,4,False,1033_L,0.9687741636586429,,
palm,unknown_test,1528_L,5,False,1081_L,0.9402294780889815,,
palm,unknown_test,1528_L,6,False,1540_L,0.9396549630885593,,
palm,unknown_test,1528_L,7,False,1024_L,0.937257456958676,,
palm,unknown_test,1528_L,8,False,10_L,0.9661364344073056,,
palm,unknown_test,1528_R,1,False,11_R,0.9630327738987174,,
palm,unknown_test,1528_R,2,False,11_R,0.9673643791299691,,
palm,unknown_test,1528_R,3,False,546_R,0.9643093636971551,,
palm,unknown_test,1528_R,4,False,559_R,0.9625588143134427,,
palm,unknown_test,1528_R,5,False,1033_R,0.9638097909927721,,
palm,unknown_test,1528_R,6,False,11_R,0.9615616498240307,,
palm,unknown_test,1528_R,7,False,1013_R,0.9642315581970708,,
palm,unknown_test,1535_L,1,False,1013_L,0.9512491835459502,,
palm,unknown_test,1535_L,2,False,67_L,0.9155191025143119,,
palm,unknown_test,1535_L,3,False,1081_L,0.9227600889012582,,
palm,unknown_test,1535_L,4,False,1558_L,0.9665077365870912,,
palm,unknown_test,1535_R,1,False,1013_R,0.9549199267592758,,
palm,unknown_test,1535_R,2,False,1067_R,0.9320018146988578,,
palm,unknown_test,1535_R,3,False,1050_R,0.9478270909855624,,
palm,unknown_test,1535_R,4,False,1050_R,0.9583016972864153,,
palm,unknown_test,1535_R,5,False,1011_R,0.9448747644706073,,
palm,unknown_test,1535_R,6,False,594_R,0.9568955756905393,,
palm,unknown_test,1539_L,1,False,1067_L,0.963637007400828,,
palm,unknown_test,1539_L,2,False,1093_L,0.9692654944048692,,
palm,unknown_test,1539_L,3,False,576_L,0.9693284983696009,,
palm,unknown_test,1539_L,4,False,576_L,0.9722252328444407,,
palm,unknown_test,1539_L,5,False,1200000_L,0.9692079022168882,,
palm,unknown_test,1539_L,6,False,1510_L,0.9646797445832886,,
palm,unknown_test,1539_L,7,False,1200000_L,0.9625711009876983,,
palm,unknown_test,1539_L,8,False,6000000_L,0.961799938844033,,
palm,unknown_test,1539_L,9,False,552_L,0.9632138469242286,,
palm,unknown_test,1539_L,10,False,546_L,0.9521751840934557,,
palm,unknown_test,1539_L,11,False,1200000_L,0.9658461199315653,,
palm,unknown_test,1539_R,1,False,1052_R,0.9653521986124991,,
palm,unknown_test,1539_R,2,False,1052_R,0.953855417565675,,
palm,unknown_test,1539_R,3,False,1061_R,0.9388283918201964,,
palm,unknown_test,1539_R,4,False,1011_R,0.9457963747986631,,
palm,unknown_test,1539_R,5,False,1556_R,0.9371643822904276,,
palm,unknown_test,1539_R,6,False,1532_R,0.9345060891232192,,
palm,unknown_test,1539_R,7,False,1532_R,0.9373012460479023,,
palm,unknown_test,1539_R,8,False,1061_R,0.9373416489544364,,
palm,unknown_test,1539_R,9,False,1018_R,0.9443066848238281,,
palm,unknown_test,1539_R,10,False,1052_R,0.9573554347144729,,
palm,unknown_test,1539_R,11,False,1052_R,0.9389952842840965,,
palm,unknown_test,1539_R,12,False,1052_R,0.9554737314273054,,
palm,unknown_test,1541_L,1,False,1556_L,0.9115101946614272,,
palm,unknown_test,1541_L,2,False,1556_L,0.9039151933378442,,
palm,unknown_test,1541_L,3,False,1556_L,0.8861330366957141,,
palm,unknown_test,1541_L,4,False,1556_L,0.8872610174610694,,
palm,unknown_test,1541_L,5,False,1556_L,0.8745257617949618,,
palm,unknown_test,1541_L,6,False,1556_L,0.8353878335981795,,
palm,unknown_test,1541_L,7,False,1556_L,0.8271665491889006,,
palm,unknown_test,1541_L,8,False,1085_L,0.867023427270455,,
palm,unknown_test,1541_L,9,False,1556_L,0.8609813689319599,,
palm,unknown_test,1541_L,10,False,92_L,0.8745709766869231,,
palm,unknown_test,1541_L,11,False,92_L,0.8694185783022946,,
palm,unknown_test,1541_L,12,False,1556_L,0.933017883205961,,
palm,unknown_test,1541_L,13,False,1556_L,0.8875663744045708,,
palm,unknown_test,1541_L,14,False,1549_L,0.9443522342688442,,
palm,unknown_test,1541_L,15,False,1556_L,0.9494275579144227,,
palm,unknown_test,1541_L,16,False,1556_L,0.9370371122836003,,
palm,unknown_test,1541_L,17,False,1549_L,0.9618332333811259,,
palm,unknown_test,1541_L,18,False,1556_L,0.941490327799135,,
palm,unknown_test,1541_L,19,False,1041_L,0.9472706096205133,,
palm,unknown_test,1541_L,20,False,1549_L,0.9453895014090241,,
palm,unknown_test,1541_L,21,False,1556_L,0.9573501267354877,,
palm,unknown_test,1541_L,22,False,1556_L,0.9541296222009439,,
palm,unknown_test,1541_L,23,False,1556_L,0.9542470227498332,,
palm,unknown_test,1541_L,24,False,92_L,0.9477685081677508,,
palm,unknown_test,1541_L,25,False,1556_L,0.9511964408937927,,
palm,unknown_test,1541_L,26,False,92_L,0.925578967339979,,
palm,unknown_test,1541_L,27,False,92_L,0.9285408812465471,,
palm,unknown_test,1541_L,28,False,92_L,0.9581838863486849,,
palm,unknown_test,1541_L,29,False,92_L,0.961917730848916,,
palm,unknown_test,1541_L,30,False,92_L,0.9364364031645109,,
palm,unknown_test,1541_R,1,False,1052_R,0.9390705230702763,,
palm,unknown_test,1541_R,2,False,6000000_R,0.9367252957070767,,
palm,unknown_test,1541_R,3,False,1011_R,0.9379956696061129,,
palm,unknown_test,1541_R,4,False,1011_R,0.9397939000423874,,
palm,unknown_test,1541_R,5,False,1011_R,0.9346512780888677,,
palm,unknown_test,1541_R,6,False,1556_R,0.9278053565187624,,
palm,unknown_test,1541_R,7,False,1510_R,0.9288893325535422,,
palm,unknown_test,1541_R,8,False,1556_R,0.936267113859391,,
palm,unknown_test,1541_R,9,False,1018_R,0.9353441571356771,,
palm,unknown_test,1541_R,10,False,1556_R,0.9415282209560294,,
palm,unknown_test,1541_R,11,False,1556_R,0.9250255841745829,,
palm,unknown_test,1541_R,12,False,6000000_R,0.9344594077253898,,
palm,unknown_test,1541_R,13,False,1011_R,0.9522957432080205,,
palm,unknown_test,1541_R,14,False,1067_R,0.9471910737463265,,
palm,unknown_test,1541_R,15,False,1067_R,0.9630569684458699,,
palm,unknown_test,1541_R,16,False,1067_R,0.9550264261846424,,
palm,unknown_test,1541_R,17,False,1067_R,0.9463718655124009,,
palm,unknown_test,1541_R,18,False,546_R,0.9662776156979089,,
palm,unknown_test,1541_R,19,False,546_R,0.9624215140984285,,
palm,unknown_test,1541_R,20,False,1560_R,0.9654540881244024,,
palm,unknown_test,1541_R,21,False,1100000_R,0.9288341593648068,,
palm,unknown_test,1541_R,22,False,1560_R,0.9465984854294114,,
palm,unknown_test,1541_R,23,False,1560_R,0.8893250257523375,,
palm,unknown_test,1541_R,24,False,1560_R,0.9758372794594892,,
palm,unknown_test,1541_R,25,False,546_R,0.9592919670619618,,
palm,unknown_test,1541_R,26,False,573_R,0.9783958764232947,,
palm,unknown_test,1546_R,1,False,573_R,0.9817928872076771,,
palm,unknown_test,1546_R,2,False,573_R,0.9795559465666162,,
palm,unknown_test,1546_R,3,False,573_R,0.9775371243526754,,
palm,unknown_test,1546_R,4,False,573_R,0.9723690868419137,,
palm,unknown_test,1546_R,5,False,1552_R,0.9690950153936968,,
palm,unknown_test,1546_R,6,False,1552_R,0.9658363164625686,,
palm,unknown_test,1546_R,7,False,1037_R,0.9500528996758163,,
palm,unknown_test,1546_R,8,False,1594_R,0.950426086433174,,
palm,unknown_test,1546_R,9,False,1075_R,0.9516539012674532,,
palm,unknown_test,1546_R,10,False,573_R,0.9726668990115279,,
palm,unknown_test,1547_L,1,False,1558_L,0.9838158512984796,,
palm,unknown_test,1547_L,2,False,1558_L,0.9771844143526836,,
palm,unknown_test,1547_L,3,False,1558_L,0.9861671027854176,,
palm,unknown_test,1547_L,4,False,1558_L,0.9860439962122369,,
palm,unknown_test,1547_L,5,False,1558_L,0.9863423000651261,,
palm,unknown_test,1547_L,6,False,1558_L,0.9860180899222852,,
palm,unknown_test,1547_L,7,False,1558_L,0.979011632966845,,
palm,unknown_test,1547_L,8,False,1545_L,0.9702966678357132,,
palm,unknown_test,1547_L,9,False,1545_L,0.9707695412587141,,
palm,unknown_test,1547_L,10,False,1545_L,0.9691116726674829,,
palm,unknown_test,1547_L,11,False,1545_L,0.9518137658634183,,
palm,unknown_test,1547_L,12,False,1074_L,0.9373044147074786,,
palm,unknown_test,1547_L,13,False,1558_L,0.9765889590237873,,
palm,unknown_test,1547_L,14,False,1558_L,0.9834540538458981,,
palm,unknown_test,1547_L,15,False,1558_L,0.9771754743736351,,
palm,unknown_test,1547_L,16,False,552_L,0.9332957897971754,,
palm,unknown_test,1547_L,17,False,1545_L,0.9621093339751997,,
palm,unknown_test,1547_R,1,False,1080_R,0.9786502719699686,,
palm,unknown_test,1547_R,2,False,1050_R,0.942555181343948,,
palm,unknown_test,1547_R,3,False,1050_R,0.9356427120511284,,
palm,unknown_test,1547_R,4,False,1050_R,0.9522273808193853,,
palm,unknown_test,1547_R,5,False,1540_R,0.953913543836566,,
palm,unknown_test,1547_R,6,False,1080_R,0.9512885132284037,,
palm,unknown_test,1547_R,7,False,1033_R,0.9323611818734707,,
palm,unknown_test,1547_R,8,False,1042_R,0.9361004635929314,,
palm,unknown_test,1547_R,9,False,1588_R,0.9362542373177483,,
palm,unknown_test,1547_R,10,False,1588_R,0.9327467486417587,,
palm,unknown_test,1547_R,11,False,1588_R,0.917789107549331,,
palm,unknown_test,1547_R,12,False,1042_R,0.9185610266142246,,
palm,unknown_test,1547_R,13,False,1042_R,0.9298765188106108,,
palm,unknown_test,1547_R,14,False,1080_R,0.9739433624316933,,
palm,unknown_test,1547_R,15,False,1080_R,0.9613573926262702,,
palm,unknown_test,1547_R,16,False,1080_R,0.9669720829823093,,
palm,unknown_test,1547_R,17,False,1080_R,0.9685927432422625,,
palm,unknown_test,1547_R,18,False,1050_R,0.963365885705866,,
palm,unknown_test,1547_R,19,False,1033_R,0.9636876325111665,,
palm,unknown_test,1547_R,20,False,1080_R,0.9562526082026439,,
palm,unknown_test,1547_R,21,False,1050_R,0.9580682150032523,,
palm,unknown_test,1557_L,1,False,1556_L,0.9353821654937522,,
palm,unknown_test,1557_L,2,False,1556_L,0.9429555909911549,,
palm,unknown_test,1557_L,3,False,1536_L,0.9471005066979634,,
palm,unknown_test,1557_L,4,False,92_L,0.9335619068355598,,
palm,unknown_test,1557_L,5,False,13_L,0.9462128463543577,,
palm,unknown_test,1557_L,6,False,573_L,0.9213619972175046,,
palm,unknown_test,1557_L,7,False,92_L,0.9384613662853033,,
palm,unknown_test,1557_L,8,False,1549_L,0.947495939841029,,
palm,unknown_test,1557_L,9,False,1018_L,0.9073155658855492,,
palm,unknown_test,1557_R,1,False,1556_R,0.9420511435528272,,
palm,unknown_test,1557_R,2,False,6000000_R,0.9390337021386441,,
palm,unknown_test,1557_R,3,False,6000000_R,0.9449021548896972,,
palm,unknown_test,1557_R,4,False,1061_R,0.9437183201076351,,
palm,unknown_test,1557_R,5,False,6000000_R,0.9378386396846092,,
palm,unknown_test,1557_R,6,False,1061_R,0.9656582151737297,,
palm,unknown_test,1557_R,7,False,93_R,0.9221579576414618,,
palm,unknown_test,1557_R,8,False,595_R,0.6712279437277963,,
palm,unknown_test,1557_R,9,False,595_R,0.6635689494189141,,
palm,unknown_test,1557_R,10,False,595_R,0.6547151051222673,,
palm,unknown_test,1559_L,1,False,10_L,0.9706977220751709,,
palm,unknown_test,1559_L,2,False,10_L,0.9684568994358453,,
palm,unknown_test,1559_L,3,False,10_L,0.9699794834327047,,
palm,unknown_test,1559_L,4,False,10_L,0.9710838939979762,,
palm,unknown_test,1559_L,5,False,10_L,0.9823343031477784,,
palm,unknown_test,1559_L,6,False,1050_L,0.9602991844352633,,
palm,unknown_test,1559_L,7,False,1050_L,0.960484802944038,,
palm,unknown_test,1559_L,8,False,1050_L,0.9687485756739314,,
palm,unknown_test,1559_L,9,False,1042_L,0.9692992379382371,,
palm,unknown_test,1559_L,10,False,10_L,0.9792406438181664,,
palm,unknown_test,1559_L,11,False,10_L,0.9755838729996242,,
palm,unknown_test,1559_L,12,False,1545_L,0.9689820394341766,,
palm,unknown_test,1559_L,13,False,1545_L,0.9684093915608188,,
palm,unknown_test,1559_L,14,False,10_L,0.9775718314421793,,
palm,unknown_test,1559_L,15,False,10_L,0.976663684524887,,
palm,unknown_test,1559_L,16,False,10_L,0.9803459717565871,,
palm,unknown_test,1559_L,17,False,10_L,0.9805582030574181,,
palm,unknown_test,1559_L,18,False,10_L,0.9814435854749803,,
palm,unknown_test,1559_L,19,False,10_L,0.9743932164678213,,
palm,unknown_test,1559_L,20,False,10_L,0.9797543537054549,,
palm,unknown_test,1559_R,1,False,1513_R,0.9645160863111308,,
palm,unknown_test,1559_R,2,False,1513_R,0.968696185659289,,
palm,unknown_test,1559_R,3,False,1081_R,0.961223163473524,,
palm,unknown_test,1559_R,4,False,1558_R,0.9768444011656869,,
palm,unknown_test,1559_R,5,False,1558_R,0.9764828177634413,,
palm,unknown_test,1559_R,6,False,1558_R,0.9817375766395358,,
palm,unknown_test,1559_R,7,False,1033_R,0.9561094762220486,,
palm,unknown_test,1559_R,8,False,88_R,0.9551188805539108,,
palm,unknown_test,1559_R,9,False,1028_R,0.9697246744349797,,
palm,unknown_test,1559_R,10,False,1558_R,0.9714000909089335,,
palm,unknown_test,1559_R,11,False,1013_R,0.943491720627159,,
palm,unknown_test,1559_R,12,False,1558_R,0.9699848535240876,,
palm,unknown_test,1559_R,13,False,1558_R,0.9785437243644182,,
palm,unknown_test,1559_R,14,False,1558_R,0.9681404257570397,,
palm,unknown_test,1562_L,1,False,1082_L,0.9263624583775183,,
palm,unknown_test,1562_L,2,False,1082_L,0.9258761645384803,,
palm,unknown_test,1562_L,3,False,1550_L,0.9353465258390481,,
palm,unknown_test,1562_L,4,False,1550_L,0.9501458591066092,,
palm,unknown_test,1562_L,5,False,1082_L,0.9636103074368203,,
palm,unknown_test,1562_L,6,False,1093_L,0.9662544950279353,,
palm,unknown_test,1562_L,7,False,1093_L,0.963668030805265,,
palm,unknown_test,1562_L,8,False,1093_L,0.9649823143714562,,
palm,unknown_test,1562_L,9,False,576_L,0.9189654462472381,,
palm,unknown_test,1562_L,10,False,576_L,0.9314013577465807,,
palm,unknown_test,1562_R,1,False,1019_R,0.9580296399291648,,
palm,unknown_test,1562_R,2,False,1019_R,0.9520914858408052,,
palm,unknown_test,1562_R,3,False,1019_R,0.9559919756255137,,
palm,unknown_test,1562_R,4,False,1019_R,0.9592117656404919,,
palm,unknown_test,1562_R,5,False,6000000_R,0.9609985272567995,,
palm,unknown_test,1562_R,6,False,1061_R,0.9570789627416338,,
palm,unknown_test,1562_R,7,False,6000000_R,0.963616035216803,,
palm,unknown_test,1562_R,8,False,6000000_R,0.9545244542342417,,
palm,unknown_test,1562_R,9,False,1061_R,0.9432303009609759,,
palm,unknown_test,1562_R,10,False,1556_R,0.9305011482928736,,
palm,unknown_test,1562_R,11,False,1556_R,0.9372159783611813,,
palm,unknown_test,1562_R,12,False,1556_R,0.9437403484720689,,
palm,unknown_test,1562_R,13,False,1556_R,0.9356939520112291,,
palm,unknown_test,1562_R,14,False,1556_R,0.9501344978894251,,
palm,unknown_test,1573_L,1,False,576_L,0.9714944011580716,,
palm,unknown_test,1573_L,2,False,1082_L,0.9491376971121734,,
palm,unknown_test,1573_L,3,False,1100000_L,0.9552759272588927,,
palm,unknown_test,1573_L,4,False,1082_L,0.9394597033109172,,
palm,unknown_test,1573_L,5,False,1560_L,0.9588573657389935,,
palm,unknown_test,1573_L,6,False,1549_L,0.9587320173090995,,
palm,unknown_test,1573_L,7,False,1549_L,0.9608357718186837,,
palm,unknown_test,1573_L,8,False,1082_L,0.9533986599661074,,
palm,unknown_test,1573_L,9,False,1003_L,0.9584565959546762,,
palm,unknown_test,1573_L,10,False,1003_L,0.966045700747201,,
palm,unknown_test,1573_R,1,False,1000000_R,0.8715256133378129,,
palm,unknown_test,1573_R,2,False,1003_R,0.9003657758099031,,
palm,unknown_test,1573_R,3,False,1560_R,0.9609755071480864,,
palm,unknown_test,1573_R,4,False,1560_R,0.9629884970973521,,
palm,unknown_test,1573_R,5,False,1009_R,0.9532684805131109,,
palm,unknown_test,1573_R,6,False,1009_R,0.9374155600401187,,
palm,unknown_test,1573_R,7,False,1560_R,0.9296475501820394,,
palm,unknown_test,1573_R,8,False,1041_R,0.9309190440836732,,
palm,unknown_test,1592_L,1,False,1061_L,0.8445200413699971,,
palm,unknown_test,1592_L,2,False,1074_L,0.8592384244839548,,
palm,unknown_test,1592_L,3,False,1552_L,0.9638365673704439,,
palm,unknown_test,1592_L,4,False,1552_L,0.9617604120904195,,
palm,unknown_test,1592_L,5,False,559_L,0.9571660296648956,,
palm,unknown_test,1592_R,1,False,92_R,0.9134945681712316,,
palm,unknown_test,1592_R,2,False,92_R,0.8486653968929192,,
palm,unknown_test,1592_R,3,False,1589_R,0.9470122641865226,,
palm,unknown_test,1592_R,4,False,573_R,0.9482799125810659,,
palm,unknown_test,1592_R,5,False,92_R,0.9550742600732828,,
palm,unknown_test,1592_R,6,False,86_R,0.9396219207255436,,
palm,unknown_test,1597_L,1,False,595_L,0.9411146562768962,,
palm,unknown_test,1597_L,2,False,595_L,0.9493790527062693,,
palm,unknown_test,1597_L,3,False,595_L,0.9291522331102957,,
palm,unknown_test,1597_L,4,False,595_L,0.957665277250622,,
palm,unknown_test,1597_L,5,False,1046_L,0.9485444299664192,,
palm,unknown_test,1597_L,6,False,1093_L,0.9617885147755669,,
palm,unknown_test,1597_L,7,False,1014_L,0.963518026583795,,
palm,unknown_test,1597_L,8,False,1510_L,0.958781149665989,,
palm,unknown_test,1597_L,9,False,1093_L,0.9599139884031105,,
palm,unknown_test,1597_L,10,False,1510_L,0.9600571450834483,,
palm,unknown_test,1597_L,11,False,1510_L,0.9652500670151338,,
palm,unknown_test,1597_L,12,False,1093_L,0.9605225452778063,,
palm,unknown_test,1597_L,13,False,1549_L,0.955389259343964,,
palm,unknown_test,1597_L,14,False,1082_L,0.9593189825012134,,
palm,unknown_test,1597_L,15,False,1026_L,0.9703494760637243,,
palm,unknown_test,1597_L,16,False,1093_L,0.9411451211582026,,
palm,unknown_test,1597_R,1,False,1026_R,0.9284024887456009,,
palm,unknown_test,1597_R,2,False,1549_R,0.95655783096722,,
palm,unknown_test,1597_R,3,False,1536_R,0.9575073467809265,,
palm,unknown_test,1597_R,4,False,1536_R,0.9683871829657389,,
palm,unknown_test,1597_R,5,False,1536_R,0.9575980566227282,,
palm,unknown_test,1597_R,6,False,576_R,0.9312913469671587,,
palm,unknown_test,1597_R,7,False,552_R,0.9423156446161499,,
palm,unknown_test,1597_R,8,False,1009_R,0.9422443256421248,,
palm,unknown_test,1597_R,9,False,1549_R,0.9472885101494266,,
palm,unknown_test,1597_R,10,False,1560_R,0.9510824803837472,,
palm,unknown_test,1597_R,11,False,576_R,0.9420710865900815,,
palm,unknown_test,1597_R,12,False,552_R,0.9393280320850542,,
palm,unknown_test,1597_R,13,False,576_R,0.9375522850204014,,
palm,unknown_test,1597_R,14,False,1085_R,0.960774564688352,,
palm,unknown_test,1597_R,15,False,1081_R,0.9363591843287897,,
palm,unknown_test,1597_R,16,False,1536_R,0.9159413711107935,,
palm,unknown_test,3000000_L,1,False,595_L,0.8792451853686183,,
palm,unknown_test,3000000_L,2,False,13_L,0.8690107713674667,,
palm,unknown_test,3000000_L,3,False,13_L,0.8330539672391157,,
palm,unknown_test,3000000_L,4,False,13_L,0.822687071104637,,
palm,unknown_test,3000000_L,5,False,92_L,0.840196320839563,,
palm,unknown_test,3000000_L,6,False,1011_L,0.8807643012517249,,
palm,unknown_test,3000000_L,7,False,1011_L,0.8895385471610197,,
palm,unknown_test,3000000_L,8,False,1011_L,0.9095746533462572,,
palm,unknown_test,3000000_L,9,False,1011_L,0.8995530009042545,,
palm,unknown_test,3000000_L,10,False,1011_L,0.8854688886743707,,
palm,unknown_test,3000000_L,11,False,1011_L,0.9040909245343345,,
palm,unknown_test,3000000_L,12,False,13_L,0.7848428596942383,,
palm,unknown_test,3000000_L,13,False,13_L,0.7848297971684038,,
palm,unknown_test,3000000_R,1,False,573_R,0.9595794850225423,,
palm,unknown_test,3000000_R,2,False,1525_R,0.9571270029617335,,
palm,unknown_test,3000000_R,3,False,1525_R,0.9514998282144069,,
palm,unknown_test,3000000_R,4,False,92_R,0.939097748775414,,
palm,unknown_test,3000000_R,5,False,92_R,0.9443880937381113,,
palm,unknown_test,4000000_L,1,False,92_L,0.9381933242738514,,
palm,unknown_test,4000000_L,2,False,92_L,0.9404375687631849,,
palm,unknown_test,4000000_L,3,False,92_L,0.9320280222319279,,
palm,unknown_test,4000000_L,4,False,92_L,0.9369465810582013,,
palm,unknown_test,4000000_L,5,False,92_L,0.9458771878684382,,
palm,unknown_test,4000000_L,6,False,92_L,0.9442265644648636,,
palm,unknown_test,4000000_L,7,False,92_L,0.9275111770190101,,
palm,unknown_test,4000000_L,8,False,92_L,0.9312910922597988,,
palm,unknown_test,4000000_L,9,False,1552_L,0.9067726599267222,,
palm,unknown_test,4000000_R,1,False,572_R,0.9618058636625401,,
palm,unknown_test,4000000_R,2,False,1075_R,0.9742190958964012,,
palm,unknown_test,538_L,1,False,1549_L,0.9437304188818638,,
palm,unknown_test,538_L,2,False,1549_L,0.9513906678880952,,
palm,unknown_test,538_L,3,False,1556_L,0.9501317056733813,,
palm,unknown_test,538_L,4,False,1549_L,0.950011545357903,,
palm,unknown_test,538_L,5,False,1549_L,0.9609051378682756,,
palm,unknown_test,538_L,6,False,1061_L,0.9467241037242411,,
palm,unknown_test,538_L,7,False,1018_L,0.9426323086899544,,
palm,unknown_test,538_R,1,False,1019_R,0.9505363196745644,,
palm,unknown_test,538_R,2,False,1019_R,0.945159834587727,,
palm,unknown_test,538_R,3,False,1019_R,0.936578050882364,,
palm,unknown_test,538_R,4,False,1552_R,0.9479123553905902,,
palm,unknown_test,538_R,5,False,1052_R,0.9541373525529762,,
palm,unknown_test,538_R,6,False,1052_R,0.9565401423293854,,
palm,unknown_test,538_R,7,False,1052_R,0.9541650103598283,,
palm,unknown_test,538_R,8,False,1018_R,0.9483834301414182,,
palm,unknown_test,538_R,9,False,1041_R,0.9376437051637692,,
palm,unknown_test,539_L,1,False,1100000_L,0.9513280172467269,,
palm,unknown_test,539_L,2,False,1100000_L,0.9580324358827681,,
palm,unknown_test,539_L,3,False,1100000_L,0.9592633126687833,,
palm,unknown_test,539_L,4,False,1100000_L,0.958087349972522,,
palm,unknown_test,539_L,5,False,1100000_L,0.9522528832098255,,
palm,unknown_test,539_L,6,False,1100000_L,0.9558014740087191,,
palm,unknown_test,539_L,7,False,1536_L,0.9726375966780504,,
palm,unknown_test,539_L,8,False,1594_L,0.9663473672166971,,
palm,unknown_test,539_L,9,False,1594_L,0.969315358828081,,
palm,unknown_test,539_L,10,False,1093_L,0.9539028362264017,,
palm,unknown_test,539_R,1,False,573_R,0.9678248318293161,,
palm,unknown_test,539_R,2,False,573_R,0.9689033048147921,,
palm,unknown_test,539_R,3,False,573_R,0.9630653243369358,,
palm,unknown_test,539_R,4,False,1552_R,0.963540357925555,,
palm,unknown_test,539_R,5,False,573_R,0.9644293727437205,,
palm,unknown_test,539_R,6,False,573_R,0.966921527754002,,
palm,unknown_test,539_R,7,False,1075_R,0.960011181125689,,
palm,unknown_test,539_R,8,False,1552_R,0.9591775185443063,,
palm,unknown_test,539_R,9,False,543_R,0.966945445178476,,
palm,unknown_test,539_R,10,False,543_R,0.9610402393853436,,
palm,unknown_test,539_R,11,False,1594_R,0.9618362132718103,,
palm,unknown_test,539_R,12,False,543_R,0.9556266006976014,,
palm,unknown_test,539_R,13,False,543_R,0.9597723068594406,,
palm,unknown_test,539_R,14,False,543_R,0.9583191608444119,,
palm,unknown_test,54_L,1,False,1081_L,0.9623216845217082,,
palm,unknown_test,54_L,2,False,11_L,0.9445633513665899,,
palm,unknown_test,54_L,3,False,11_L,0.9536544408584726,,
palm,unknown_test,54_L,4,False,1552_L,0.9060782067706129,,
palm,unknown_test,54_R,1,False,1013_R,0.9462877352844852,,
palm,unknown_test,54_R,2,False,81_R,0.9238975862384904,,
palm,unknown_test,54_R,3,False,1080_R,0.9450350632457166,,
palm,unknown_test,54_R,4,False,81_R,0.9545260034055238,,
palm,unknown_test,55_L,1,False,13_L,0.9427964587857539,,
palm,unknown_test,55_L,2,False,13_L,0.9089428021925774,,
palm,unknown_test,55_L,3,False,63_L,0.8494891764792785,,
palm,unknown_test,55_L,4,False,1074_L,0.8713459442869336,,
palm,unknown_test,55_L,5,False,1074_L,0.9075481357088322,,
palm,unknown_test,55_L,6,False,1074_L,0.9047440253077663,,
palm,unknown_test,55_L,7,False,8_L,0.9041897950193322,,
palm,unknown_test,55_L,8,False,1074_L,0.8513474981079663,,
palm,unknown_test,55_L,9,False,1074_L,0.8950622974119822,,
palm,unknown_test,55_L,10,False,81_L,0.835499349310026,,
palm,unknown_test,55_L,11,False,1545_L,0.9393495743167974,,
palm,unknown_test,55_L,12,False,552_L,0.8807804264159389,,
palm,unknown_test,55_L,13,False,1061_L,0.924669563398566,,
palm,unknown_test,55_L,14,False,1061_L,0.9091450607402582,,
palm,unknown_test,55_L,15,False,1061_L,0.856819020033303,,
palm,unknown_test,55_L,16,False,1061_L,0.8908054204967714,,
palm,unknown_test,55_L,17,False,1061_L,0.9266255856551657,,
palm,unknown_test,55_L,18,False,1558_L,0.9503093384978282,,
palm,unknown_test,55_L,19,False,1532_L,0.9328114329381854,,
palm,unknown_test,55_L,20,False,1046_L,0.9484605031283255,,
palm,unknown_test,55_L,21,False,1046_L,0.9362781158275357,,
palm,unknown_test,55_L,22,False,1046_L,0.9497487513292276,,
palm,unknown_test,55_L,23,False,1046_L,0.9655189126952071,,
palm,unknown_test,55_L,24,False,1046_L,0.9637592008580539,,
palm,unknown_test,55_R,1,False,1200000_R,0.9103164170637352,,
palm,unknown_test,55_R,2,False,559_R,0.9231363367194264,,
palm,unknown_test,55_R,3,False,559_R,0.9108895509511953,,
palm,unknown_test,55_R,4,False,559_R,0.897057746912151,,
palm,unknown_test,55_R,5,False,1200000_R,0.8814068180961172,,
palm,unknown_test,55_R,6,False,1200000_R,0.8407618477383072,,
palm,unknown_test,55_R,7,False,1200000_R,0.8591185188829529,,
palm,unknown_test,55_R,8,False,1200000_R,0.8509848838591627,,
palm,unknown_test,55_R,9,False,576_R,0.8449693044684787,,
palm,unknown_test,55_R,10,False,1041_R,0.7613767748773661,,
palm,unknown_test,55_R,11,False,1041_R,0.8149239957489396,,
palm,unknown_test,55_R,12,False,1041_R,0.8426028608738243,,
palm,unknown_test,55_R,13,False,1041_R,0.838437034442962,,
palm,unknown_test,55_R,14,False,1041_R,0.8075560379277757,,
palm,unknown_test,55_R,15,False,1041_R,0.8855552968762028,,
palm,unknown_test,55_R,16,False,1041_R,0.839225666023889,,
palm,unknown_test,55_R,17,False,587_R,0.8042825010653918,,
palm,unknown_test,55_R,18,False,587_R,0.7712684126251497,,
palm,unknown_test,55_R,19,False,1200000_R,0.8005059774132378,,
palm,unknown_test,57_L,1,False,1013_L,0.9652166141682721,,
palm,unknown_test,57_L,2,False,1013_L,0.9394779080661564,,
palm,unknown_test,57_L,3,False,1013_L,0.9368834824274821,,
palm,unknown_test,57_L,4,False,1013_L,0.9426601466897722,,
palm,unknown_test,57_L,5,False,1081_L,0.9042329801758823,,
palm,unknown_test,57_L,6,False,1081_L,0.8920864864806508,,
palm,unknown_test,57_L,7,False,1545_L,0.9305022018116678,,
palm,unknown_test,57_R,1,False,1019_R,0.947816470519332,,
palm,unknown_test,57_R,2,False,1011_R,0.9029654338836004,,
palm,unknown_test,57_R,3,False,1011_R,0.8821300821391922,,
palm,unknown_test,57_R,4,False,1011_R,0.868471887852952,,
palm,unknown_test,57_R,5,False,595_R,0.872697025450661,,
palm,unknown_test,57_R,6,False,595_R,0.8805980927178663,,
palm,unknown_test,57_R,7,False,595_R,0.904060941537812,,
palm,unknown_test,57_R,8,False,1011_R,0.8200130878676302,,
palm,unknown_test,57_R,9,False,67_R,0.8399258029148668,,
palm,unknown_test,57_R,10,False,13_R,0.8728344863568323,,
palm,unknown_test,57_R,11,False,1556_R,0.810871757864926,,
palm,unknown_test,57_R,12,False,88_R,0.9642316510218696,,
palm,unknown_test,57_R,13,False,1536_R,0.787803629665802,,
palm,unknown_test,57_R,14,False,88_R,0.9239045175538451,,
palm,unknown_test,57_R,15,False,1075_R,0.9314537974145534,,
palm,unknown_test,574_L,1,False,1585_L,0.9553561537890249,,
palm,unknown_test,574_L,2,False,10_L,0.9664105360870731,,
palm,unknown_test,574_L,3,False,1200000_L,0.9502049598873528,,
palm,unknown_test,574_L,4,False,11_L,0.9162317955819899,,
palm,unknown_test,574_L,5,False,10_L,0.9491431190413046,,
palm,unknown_test,574_L,6,False,86_L,0.9218347325085511,,
palm,unknown_test,574_L,7,False,1013_L,0.9523777739831373,,
palm,unknown_test,574_R,1,False,1074_R,0.9661263569671482,,
palm,unknown_test,574_R,2,False,1074_R,0.9630940490328279,,
palm,unknown_test,574_R,3,False,1013_R,0.9536412771130147,,
palm,unknown_test,574_R,4,False,1013_R,0.9417266328075256,,
palm,unknown_test,574_R,5,False,1074_R,0.970670036512439,,
palm,unknown_test,574_R,6,False,1037_R,0.9648482848489843,,
palm,unknown_test,574_R,7,False,61_R,0.966526919807651,,
palm,unknown_test,574_R,8,False,61_R,0.9628805289732913,,
palm,unknown_test,64_L,1,False,1050_L,0.9560680287809898,,
palm,unknown_test,64_L,2,False,1081_L,0.9464410008214932,,
palm,unknown_test,64_L,3,False,10_L,0.9624123678612702,,
palm,unknown_test,64_L,4,False,594_L,0.9483253681173888,,
palm,unknown_test,64_L,5,False,594_L,0.9644847866472506,,
palm,unknown_test,64_L,6,False,594_L,0.9736714504985282,,
palm,unknown_test,64_L,7,False,1558_L,0.9605526353893821,,
palm,unknown_test,64_L,8,False,1050_L,0.9647879789271644,,
palm,unknown_test,64_R,1,False,1028_R,0.9546184035338539,,
palm,unknown_test,64_R,2,False,1504_R,0.9645185696873899,,
palm,unknown_test,64_R,3,False,1558_R,0.9611450561066868,,
palm,unknown_test,64_R,4,False,1558_R,0.9738319200971772,,
palm,unknown_test,64_R,5,False,1028_R,0.9719758460060124,,
palm,unknown_test,64_R,6,False,1558_R,0.9653284633293422,,
palm,unknown_test,65_L,1,False,1081_L,0.9530166505107897,,
palm,unknown_test,65_L,2,False,594_L,0.9379820681791344,,
palm,unknown_test,65_R,1,False,559_R,0.9602780135418137,,
palm,unknown_test,65_R,2,False,1585_R,0.9455892798822025,,
palm,unknown_test,65_R,3,False,1585_R,0.954409192813493,,
palm,unknown_test,65_R,4,False,559_R,0.9186846872308898,,
palm,unknown_test,7000000_L,1,False,1504_L,0.9442774825324824,,
palm,unknown_test,7000000_L,2,False,88_L,0.9213142035071891,,
palm,unknown_test,7000000_L,3,False,1588_L,0.924233849747841,,
palm,unknown_test,7000000_L,4,False,1588_L,0.9306646237517832,,
palm,unknown_test,7000000_L,5,False,1003_L,0.9411312589413621,,
palm,unknown_test,7000000_L,6,False,1003_L,0.9344211878882551,,
palm,unknown_test,7000000_L,7,False,572_L,0.9488129100233273,,
palm,unknown_test,7000000_L,8,False,1003_L,0.9350161228092728,,
palm,unknown_test,7000000_L,9,False,1028_L,0.9566886499492795,,
palm,unknown_test,7000000_R,1,False,1085_R,0.9632508414139183,,
palm,unknown_test,7000000_R,2,False,1085_R,0.9583274660406278,,
palm,unknown_test,7000000_R,3,False,1060_R,0.957108381466161,,
palm,unknown_test,7000000_R,4,False,92_R,0.9410159025679686,,
palm,unknown_test,7000000_R,5,False,8000000_R,0.9400517507749462,,
palm,unknown_test,7000000_R,6,False,1011_R,0.9563746727793334,,
palm,unknown_test,7000000_R,7,False,1011_R,0.950327845101167,,
palm,unknown_test,7000000_R,8,False,1011_R,0.9245610848168544,,
palm,unknown_test,7000000_R,9,False,1011_R,0.9347576848383967,,
palm,unknown_test,7000000_R,10,False,1011_R,0.9320346045966442,,
dorsal,genuine_known,0_L,32,False,1525_L,0.9020342633308223,0.8894701942181606,3
dorsal,genuine_known,10_L,5,False,1560_L,0.8651356171972725,0.8614265879632308,2
dorsal,genuine_known,10_R,13,False,1011_R,0.8965463479044298,0.8804268137462559,8
dorsal,genuine_known,1000000_L,17,False,1560_L,0.8565650953361081,0.854404786907174,3
dorsal,genuine_known,1000000_R,9,False,1000000_R,0.925925181962924,0.925925181962924,1
dorsal,genuine_known,1003_L,12,False,1003_L,0.8212191350255589,0.8212191350255589,1
dorsal,genuine_known,1003_R,10,False,8000000_R,0.898658750493995,0.8764864965363577,2
dorsal,genuine_known,1009_L,13,False,1009_L,0.9360982937921869,0.9360982937921869,1
dorsal,genuine_known,1009_R,11,False,1009_R,0.8391752940309367,0.8391752940309367,1
dorsal,genuine_known,1011_L,14,False,1011_L,0.8293864866748242,0.8293864866748242,1
dorsal,genuine_known,1011_R,16,False,1011_R,0.9719064236163794,0.9719064236163794,1
dorsal,genuine_known,1013_L,17,False,1013_L,0.9595106558814472,0.9595106558814472,1
dorsal,genuine_known,1013_R,23,False,587_R,0.8824842955170379,0.8787804676392852,2
dorsal,genuine_known,1014_L,3,False,67_L,0.8695763888163996,0.7507400646508757,32
dorsal,genuine_known,1014_R,9,False,1014_R,0.8424288399932498,0.8424288399932498,1
dorsal,genuine_known,1018_L,19,False,1018_L,0.9533558228851176,0.9533558228851176,1
dorsal,genuine_known,1018_R,13,False,1018_R,0.9668216694023832,0.9668216694023832,1
dorsal,genuine_known,1019_L,26,False,1589_L,0.8675706880081555,0.7393356671117024,18
dorsal,genuine_known,1019_R,29,False,1019_R,0.8869172239319009,0.8869172239319009,1
dorsal,genuine_known,1024_L,42,False,559_L,0.7508017685178998,0.7260848944647018,2
dorsal,genuine_known,1024_R,40,False,587_R,0.9062618746185513,0.7838456835866765,10
dorsal,genuine_known,1026_L,6,False,0_L,0.9347403145730717,0.9143287000688689,5
dorsal,genuine_known,1026_R,5,False,1019_R,0.9371777683746789,0.924619747003211,2
dorsal,genuine_known,1028_L,14,False,1028_L,0.8310450089562802,0.8310450089562802,1
dorsal,genuine_known,1028_R,7,False,1028_R,0.9501752804776744,0.9501752804776744,1
dorsal,genuine_known,1030_L,17,False,1060_L,0.9006244039633914,0.8663012195499921,8
dorsal,genuine_known,1030_R,41,False,1030_R,0.90954327377308,0.90954327377308,1
dorsal,genuine_known,1033_L,29,False,1052_L,0.7773999054773397,0.6427772523413717,9
dorsal,genuine_known,1033_R,31,False,1525_R,0.8944695957976054,0.8826347844234895,3
dorsal,genuine_known,1037_L,21,False,573_L,0.9323866763143689,0.9065921547882259,3
dorsal,genuine_known,1037_R,24,False,552_R,0.8599975798798616,0.8540322743394477,2
dorsal,genuine_known,1041_L,8,False,1537_L,0.8939316033178589,0.8544566155100244,4
dorsal,genuine_known,1041_R,14,False,1041_R,0.9691256454924168,0.9691256454924168,1
dorsal,genuine_known,1042_L,17,False,1042_L,0.9376753897140065,0.9376753897140065,1
dorsal,genuine_known,1042_R,12,False,1042_R,0.9461719799752257,0.9461719799752257,1
dorsal,genuine_known,1046_L,13,False,1046_L,0.934326072421773,0.934326072421773,1
dorsal,genuine_known,1046_R,11,False,1589_R,0.874295192202873,0.8449613164427819,2
dorsal,genuine_known,1050_L,28,False,1050_L,0.92137409173852,0.92137409173852,1
dorsal,genuine_known,1050_R,41,False,1050_R,0.9695494073024125,0.9695494073024125,1
dorsal,genuine_known,1051_L,19,False,1051_L,0.935655265909042,0.935655265909042,1
dorsal,genuine_known,1051_R,18,False,1051_R,0.9268029284948226,0.9268029284948226,1
dorsal,genuine_known,1052_L,16,False,1052_L,0.9746123168793385,0.9746123168793385,1
dorsal,genuine_known,1052_R,8,False,1052_R,0.9179280124824708,0.9179280124824708,1
dorsal,genuine_known,1060_L,15,False,1075_L,0.9294660189468824,0.8965515502494261,5
dorsal,genuine_known,1060_R,17,False,1060_R,0.9185372680879185,0.9185372680879185,1
dorsal,genuine_known,1061_L,12,False,1061_L,0.8995024662705401,0.8995024662705401,1
dorsal,genuine_known,1061_R,11,False,1061_R,0.9004611520024,0.9004611520024,1
dorsal,genuine_known,1067_L,17,False,93_L,0.9030279444438676,0.8866167056558192,7
dorsal,genuine_known,1067_R,13,False,1067_R,0.9643769429716671,0.9643769429716671,1
dorsal,genuine_known,1069_L,6,False,11_L,0.8941596955757676,0.8667931003668823,5
dorsal,genuine_known,1069_R,8,False,1589_R,0.8252465225703112,0.7320247257079913,24
dorsal,genuine_known,1074_L,5,False,1080_L,0.8986051957793566,0.8901061559806427,2
dorsal,genuine_known,1074_R,5,False,1051_R,0.8693241098277626,0.8562009311516711,3
dorsal,genuine_known,1075_L,17,False,1552_L,0.8725746096292701,0.7557647100121843,23
dorsal,genuine_known,1075_R,19,False,1037_R,0.8865458061522669,0.8764354957103551,4
dorsal,genuine_known,1080_L,21,False,1080_L,0.9404018696228603,0.9404018696228603,1
dorsal,genuine_known,1080_R,22,False,1080_R,0.9406521537206771,0.9406521537206771,1
dorsal,genuine_known,1081_L,8,False,1081_L,0.8957861265130016,0.8957861265130016,1
dorsal,genuine_known,1081_R,7,False,1081_R,0.9126599177358512,0.9126599177358512,1
dorsal,genuine_known,1082_L,13,False,1067_L,0.7993663538795732,0.7764110417633995,3
dorsal,genuine_known,1082_R,15,False,1082_R,0.8860662027629946,0.8860662027629946,1
dorsal,genuine_known,1085_L,9,False,1085_L,0.9460917365915367,0.9460917365915367,1
dorsal,genuine_known,1085_R,17,False,1085_R,0.9559603526996049,0.9559603526996049,1
dorsal,genuine_known,1093_L,10,False,63_L,0.9357270381187082,0.9168855421449321,4
dorsal,genuine_known,1093_R,12,False,1093_R,0.9549744771175721,0.9549744771175721,1
dorsal,genuine_known,11_L,8,False,11_L,0.9413186557090423,0.9413186557090423,1
dorsal,genuine_known,11_R,5,False,11_R,0.9154604740316908,0.9154604740316908,1
dorsal,genuine_known,1100000_L,7,False,1552_L,0.7320961568114666,0.7138555191301795,2
dorsal,genuine_known,1100000_R,8,False,1100000_R,0.8923448905308303,0.8923448905308303,1
dorsal,genuine_known,1200000_L,8,False,1011_L,0.853828861259827,0.841926883779539,2
dorsal,genuine_known,1200000_R,10,False,1200000_R,0.938973096536408,0.938973096536408,1
dorsal,genuine_known,13_L,6,False,1051_L,0.8342476934520683,0.7735582796668875,23
dorsal,genuine_known,13_R,5,False,1585_R,0.911055888855193,0.8490127878249487,12
dorsal,genuine_known,1504_L,13,False,573_L,0.9054931262345158,0.8769982880725521,5
dorsal,genuine_known,1504_R,13,False,1504_R,0.9294624060230401,0.9294624060230401,1
dorsal,genuine_known,1510_L,12,False,1510_L,0.877808550890242,0.877808550890242,1
dorsal,genuine_known,1510_R,11,False,1589_R,0.8667111424847833,0.8436339580414316,2
dorsal,genuine_known,1513_L,13,False,1028_L,0.9197341564643471,0.8971707731786343,3
dorsal,genuine_known,1513_R,17,False,1028_R,0.8380552772310685,0.8270867867640488,2
dorsal,genuine_known,1515_L,5,False,1515_L,0.9365018593657695,0.9365018593657695,1
dorsal,genuine_known,1515_R,7,False,1515_R,0.9693402123923504,0.9693402123923504,1
dorsal,genuine_known,1520_L,7,False,1520_L,0.9483690474184991,0.9483690474184991,1
dorsal,genuine_known,1520_R,6,False,1520_R,0.9464649849477909,0.9464649849477909,1
dorsal,genuine_known,1525_L,9,False,559_L,0.8772352207210297,0.7785146318354615,46
dorsal,genuine_known,1525_R,10,False,1589_R,0.8625277961617617,0.7977106277346426,11
dorsal,genuine_known,1529_L,12,False,1024_L,0.7706751289811233,0.7088667342470762,7
dorsal,genuine_known,1529_R,18,False,1529_R,0.9283660553598827,0.9283660553598827,1
dorsal,genuine_known,1532_L,9,False,1532_L,0.9453048171190415,0.9453048171190415,1
dorsal,genuine_known,1532_R,15,False,1019_R,0.9174037186099142,0.9070376283433111,2
dorsal,genuine_known,1533_L,18,False,1024_L,0.8435435174396808,0.8189118705464768,3
dorsal,genuine_known,1533_R,27,False,1050_R,0.92056504872464,0.9167097158766415,2
dorsal,genuine_known,1536_L,11,False,1536_L,0.8820676618920045,0.8820676618920045,1
dorsal,genuine_known,1536_R,9,False,1085_R,0.8647713352858136,0.808195288059484,5
dorsal,genuine_known,1537_L,15,False,1537_L,0.9058854556204002,0.9058854556204002,1
dorsal,genuine_known,1537_R,8,False,1537_R,0.9455268798666971,0.9455268798666971,1
dorsal,genuine_known,1540_L,22,False,1540_L,0.9181293726501603,0.9181293726501603,1
dorsal,genuine_known,1540_R,28,False,67_R,0.919390033727214,0.8389350820268606,17
dorsal,genuine_known,1545_L,20,False,1052_L,0.7847015815013305,0.595660505703312,8
dorsal,genuine_known,1545_R,12,False,1545_R,0.9172146854426353,0.9172146854426353,1
dorsal,genuine_known,1549_L,12,False,1052_L,0.8740387799641097,0.8445054581776289,4
dorsal,genuine_known,1549_R,6,False,1549_R,0.9582221106299271,0.9582221106299271,1
dorsal,genuine_known,1550_L,10,False,1552_L,0.757887745169311,0.6974227508508102,9
dorsal,genuine_known,1550_R,13,False,1550_R,0.8742430797180387,0.8742430797180387,1
dorsal,genuine_known,1552_L,5,False,1552_L,0.674289134975233,0.674289134975233,1
dorsal,genuine_known,1552_R,6,False,1589_R,0.8817451084647434,0.8443989522987763,3
dorsal,genuine_known,1556_L,23,False,1556_L,0.9368059045023418,0.9368059045023418,1
dorsal,genuine_known,1556_R,14,False,576_R,0.9198211739757474,0.8600563237250907,7
dorsal,genuine_known,1558_L,18,False,1558_L,0.9155389599821526,0.9155389599821526,1
dorsal,genuine_known,1558_R,25,False,1558_R,0.9395586575515906,0.9395586575515906,1
dorsal,genuine_known,1560_L,10,False,1560_L,0.9253177037380103,0.9253177037380103,1
dorsal,genuine_known,1560_R,9,False,1533_R,0.9025112837958285,0.8710504452006722,5
dorsal,genuine_known,1585_L,4,False,88_L,0.8916978777452436,0.8441732551803727,10
dorsal,genuine_known,1585_R,4,False,594_R,0.8907448329419615,0.7719747095183132,50
dorsal,genuine_known,1588_L,10,False,1588_L,0.9717447930810439,0.9717447930810439,1
dorsal,genuine_known,1588_R,12,False,1588_R,0.9682790669281193,0.9682790669281193,1
dorsal,genuine_known,1589_L,14,False,1069_L,0.8672168045187943,0.694176315588319,63
dorsal,genuine_known,1589_R,5,False,1589_R,0.9338885087396664,0.9338885087396664,1
dorsal,genuine_known,1594_L,6,False,1594_L,0.7692807621030626,0.7692807621030626,1
dorsal,genuine_known,1594_R,7,False,1594_R,0.8348063025021265,0.8348063025021265,1
dorsal,genuine_known,2000000_L,11,False,2000000_L,0.9628354672747101,0.9628354672747101,1
dorsal,genuine_known,2000000_R,19,False,2000000_R,0.8136534417401106,0.8136534417401106,1
dorsal,genuine_known,543_L,8,False,543_L,0.9633981770055478,0.9633981770055478,1
dorsal,genuine_known,543_R,6,False,543_R,0.9435347097722481,0.9435347097722481,1
dorsal,genuine_known,546_L,13,False,6000000_L,0.912538914179164,0.8753391002438196,3
dorsal,genuine_known,546_R,16,False,576_R,0.9378607207016079,0.9334606434336392,2
dorsal,genuine_known,552_L,15,False,1052_L,0.8785556288835892,0.7331160711671098,9
dorsal,genuine_known,552_R,19,False,552_R,0.8959533574836713,0.8959533574836713,1
dorsal,genuine_known,559_L,7,False,1545_L,0.8913750520511718,0.835161427087272,12
dorsal,genuine_known,559_R,5,False,559_R,0.9037828841934259,0.9037828841934259,1
dorsal,genuine_known,572_L,5,False,572_L,0.9711438930464857,0.9711438930464857,1
dorsal,genuine_known,572_R,5,False,572_R,0.9386584602399228,0.9386584602399228,1
dorsal,genuine_known,573_L,10,False,573_L,0.9586895950019874,0.9586895950019874,1
dorsal,genuine_known,573_R,11,False,573_R,0.9436478848274659,0.9436478848274659,1
dorsal,genuine_known,576_L,11,False,576_L,0.9568564772225414,0.9568564772225414,1
dorsal,genuine_known,576_R,14,False,576_R,0.9730646670300365,0.9730646670300365,1
dorsal,genuine_known,587_L,15,False,587_L,0.8678691535818752,0.8678691535818752,1
dorsal,genuine_known,587_R,14,False,1550_R,0.8441241662108443,0.82608953378971,8
dorsal,genuine_known,594_L,5,False,594_L,0.942886571707476,0.942886571707476,1
dorsal,genuine_known,594_R,4,False,594_R,0.8738136676294275,0.8738136676294275,1
dorsal,genuine_known,595_L,10,False,1000000_L,0.6462184318252844,0.490689941429042,16
dorsal,genuine_known,595_R,6,False,595_R,0.8250133376665731,0.8250133376665731,1
dorsal,genuine_known,6000000_L,8,False,1525_L,0.8963903279883199,0.8842314152184378,3
dorsal,genuine_known,6000000_R,10,False,1556_R,0.879759974367827,0.8280332961124428,5
dorsal,genuine_known,61_L,6,False,61_L,0.9401246333360291,0.9401246333360291,1
dorsal,genuine_known,61_R,7,False,61_R,0.9377283881163578,0.9377283881163578,1
dorsal,genuine_known,63_L,4,False,63_L,0.9272653902427295,0.9272653902427295,1
dorsal,genuine_known,63_R,6,False,1019_R,0.929755622004014,0.9198366519470693,2
dorsal,genuine_known,67_L,8,False,67_L,0.962551030489474,0.962551030489474,1
dorsal,genuine_known,67_R,20,False,67_R,0.8910412821330386,0.8910412821330386,1
dorsal,genuine_known,8_L,5,False,86_L,0.9126212581390926,0.8633105107521877,7
dorsal,genuine_known,8_R,4,False,8_R,0.9215862029223043,0.9215862029223043,1
dorsal,genuine_known,8000000_L,14,False,8000000_L,0.9066043134189058,0.9066043134189058,1
dorsal,genuine_known,8000000_R,9,False,1003_R,0.9035898557240448,0.8794903109137502,4
dorsal,genuine_known,81_L,7,False,81_L,0.898474929543814,0.898474929543814,1
dorsal,genuine_known,81_R,5,False,546_R,0.9179332990808637,0.8848855979217953,3
dorsal,genuine_known,86_L,8,False,86_L,0.8436963916428211,0.8436963916428211,1
dorsal,genuine_known,86_R,8,False,1520_R,0.8588496626094954,0.8257681224266313,2
dorsal,genuine_known,88_L,9,False,88_L,0.8460844933171409,0.8460844933171409,1
dorsal,genuine_known,88_R,7,False,88_R,0.9557478740342017,0.9557478740342017,1
dorsal,genuine_known,92_L,16,False,1594_L,0.624931214488293,0.5261164262696356,7
dorsal,genuine_known,92_R,18,False,1589_R,0.8149235643325019,0.7406410408610046,5
dorsal,genuine_known,93_L,9,False,93_L,0.8697860081995639,0.8697860081995639,1
dorsal,genuine_known,93_R,11,False,93_R,0.9054714898199065,0.9054714898199065,1
dorsal,unknown_cal,1002_L,1,False,1588_L,0.8243882592298613,,
dorsal,unknown_cal,1002_L,2,False,1588_L,0.8314270518089706,,
dorsal,unknown_cal,1002_L,3,False,1588_L,0.8932101589232826,,
dorsal,unknown_cal,1002_L,4,False,1588_L,0.9032218496190971,,
dorsal,unknown_cal,1002_L,5,False,1009_L,0.8911852382033898,,
dorsal,unknown_cal,1002_L,6,False,1013_L,0.8826293988815358,,
dorsal,unknown_cal,1002_L,7,False,1000000_L,0.8653088367048678,,
dorsal,unknown_cal,1002_L,8,False,1013_L,0.86780825091392,,
dorsal,unknown_cal,1002_L,9,False,1000000_L,0.8768463258923701,,
dorsal,unknown_cal,1002_L,10,False,1000000_L,0.8875627453320261,,
dorsal,unknown_cal,1002_L,11,False,1000000_L,0.8842110798296501,,
dorsal,unknown_cal,1002_L,12,False,1000000_L,0.8958400715973048,,
dorsal,unknown_cal,1002_L,13,False,1000000_L,0.8953448285351961,,
dorsal,unknown_cal,1002_R,1,False,1009_R,0.85389407580114,,
dorsal,unknown_cal,1002_R,2,False,1532_R,0.8484325747705165,,
dorsal,unknown_cal,1002_R,3,False,1532_R,0.8868044877441399,,
dorsal,unknown_cal,1002_R,4,False,1588_R,0.8932095951475196,,
dorsal,unknown_cal,1002_R,5,False,1532_R,0.8949745329981584,,
dorsal,unknown_cal,1002_R,6,False,1013_R,0.8551356708218503,,
dorsal,unknown_cal,1020_L,1,False,1037_L,0.8209036129630215,,
dorsal,unknown_cal,1020_L,2,False,1037_L,0.9121217462110897,,
dorsal,unknown_cal,1020_L,3,False,1037_L,0.8656466823281161,,
dorsal,unknown_cal,1020_L,4,False,1037_L,0.922204171930327,,
dorsal,unknown_cal,1020_L,5,False,1075_L,0.9248547112395749,,
dorsal,unknown_cal,1020_L,6,False,1558_L,0.8972901646968543,,
dorsal,unknown_cal,1020_L,7,False,1558_L,0.8777289235826209,,
dorsal,unknown_cal,1020_L,8,False,1080_L,0.8406170364768668,,
dorsal,unknown_cal,1020_L,9,False,1033_L,0.7931465091239724,,
dorsal,unknown_cal,1020_L,10,False,1550_L,0.8379424875554089,,
dorsal,unknown_cal,1020_L,11,False,1033_L,0.8198521736208264,,
dorsal,unknown_cal,1020_L,12,False,1550_L,0.824349495389417,,
dorsal,unknown_cal,1020_L,13,False,1080_L,0.8070393423313709,,
dorsal,unknown_cal,1020_L,14,False,1550_L,0.824049822986671,,
dorsal,unknown_cal,1020_L,15,False,1550_L,0.8304299646437059,,
dorsal,unknown_cal,1020_L,16,False,1024_L,0.7710461969591138,,
dorsal,unknown_cal,1020_L,17,False,1558_L,0.8690888303507459,,
dorsal,unknown_cal,1020_L,18,False,1052_L,0.8509838950425096,,
dorsal,unknown_cal,1020_L,19,False,1558_L,0.851066234979629,,
dorsal,unknown_cal,1020_L,20,False,1052_L,0.8682204052365874,,
dorsal,unknown_cal,1020_R,1,False,1558_R,0.8872260016197271,,
dorsal,unknown_cal,1020_R,2,False,1537_R,0.8896486056555231,,
dorsal,unknown_cal,1020_R,3,False,1558_R,0.9071080409655328,,
dorsal,unknown_cal,1020_R,4,False,1558_R,0.8877372465549349,,
dorsal,unknown_cal,1020_R,5,False,1558_R,0.8657598153663528,,
dorsal,unknown_cal,1020_R,6,False,1558_R,0.8867685874375159,,
dorsal,unknown_cal,1020_R,7,False,1558_R,0.8631684895514544,,
dorsal,unknown_cal,1020_R,8,False,1081_R,0.7841312303131418,,
dorsal,unknown_cal,1020_R,9,False,1081_R,0.8377418828987513,,
dorsal,unknown_cal,1020_R,10,False,1550_R,0.8923646580734559,,
dorsal,unknown_cal,1020_R,11,False,1074_R,0.8913909379403331,,
dorsal,unknown_cal,1020_R,12,False,1558_R,0.929911709885773,,
dorsal,unknown_cal,1020_R,13,False,1558_R,0.9108607429902603,,
dorsal,unknown_cal,1020_R,14,False,1558_R,0.9230310848629883,,
dorsal,unknown_cal,1020_R,15,False,1558_R,0.9294067406897135,,
dorsal,unknown_cal,1020_R,16,False,1558_R,0.9359654573425962,,
dorsal,unknown_cal,1020_R,17,False,13_R,0.8652545092391348,,
dorsal,unknown_cal,1020_R,18,False,88_R,0.8726405036450013,,
dorsal,unknown_cal,1020_R,19,False,88_R,0.8661803525468624,,
dorsal,unknown_cal,1020_R,20,False,88_R,0.8754550566661281,,
dorsal,unknown_cal,1020_R,21,False,1594_R,0.8634691716815908,,
dorsal,unknown_cal,1022_L,1,False,88_L,0.8852672118874756,,
dorsal,unknown_cal,1022_L,2,False,88_L,0.8728875628690356,,
dorsal,unknown_cal,1022_L,3,False,559_L,0.8475496823205872,,
dorsal,unknown_cal,1022_L,4,False,1074_L,0.867383351621537,,
dorsal,unknown_cal,1022_L,5,False,1069_L,0.8260223981197261,,
dorsal,unknown_cal,1022_R,1,False,1041_R,0.8841593517803852,,
dorsal,unknown_cal,1022_R,2,False,1080_R,0.8490300953005967,,
dorsal,unknown_cal,1022_R,3,False,1589_R,0.8476955195192255,,
dorsal,unknown_cal,1022_R,4,False,1041_R,0.8032199028171639,,
dorsal,unknown_cal,1022_R,5,False,1067_R,0.8811067984524981,,
dorsal,unknown_cal,1029_L,1,False,1513_L,0.923431352135192,,
dorsal,unknown_cal,1029_L,2,False,576_L,0.9144907085905122,,
dorsal,unknown_cal,1029_L,3,False,1051_L,0.919968062286252,,
dorsal,unknown_cal,1029_L,4,False,1093_L,0.9216550568681365,,
dorsal,unknown_cal,1029_L,5,False,1558_L,0.9141429832669259,,
dorsal,unknown_cal,1029_L,6,False,1051_L,0.9099591624650243,,
dorsal,unknown_cal,1029_L,7,False,1513_L,0.8850757568788892,,
dorsal,unknown_cal,1029_L,8,False,1051_L,0.9139765076421267,,
dorsal,unknown_cal,1029_L,9,False,1558_L,0.9284297456592714,,
dorsal,unknown_cal,1029_L,10,False,1051_L,0.9302268012418824,,
dorsal,unknown_cal,1029_L,11,False,1051_L,0.8669769538450696,,
dorsal,unknown_cal,1029_L,12,False,1051_L,0.8327203141815497,,
dorsal,unknown_cal,1029_L,13,False,1051_L,0.8634004499828871,,
dorsal,unknown_cal,1029_L,14,False,1051_L,0.8874956495277873,,
dorsal,unknown_cal,1029_L,15,False,1051_L,0.9301664949904587,,
dorsal,unknown_cal,1029_L,16,False,1051_L,0.9442869243101983,,
dorsal,unknown_cal,1029_L,17,False,1051_L,0.9413094529454593,,
dorsal,unknown_cal,1029_L,18,False,1009_L,0.8945395390690218,,
dorsal,unknown_cal,1029_L,19,False,1558_L,0.8766896123040777,,
dorsal,unknown_cal,1029_R,1,False,1051_R,0.9485375341877967,,
dorsal,unknown_cal,1029_R,2,False,1051_R,0.9362271756851563,,
dorsal,unknown_cal,1029_R,3,False,1051_R,0.9131289626555377,,
dorsal,unknown_cal,1029_R,4,False,543_R,0.9296035624088306,,
dorsal,unknown_cal,1029_R,5,False,1051_R,0.9478730139139477,,
dorsal,unknown_cal,1029_R,6,False,1051_R,0.9249873524809165,,
dorsal,unknown_cal,1029_R,7,False,1588_R,0.9199162499452118,,
dorsal,unknown_cal,1029_R,8,False,1041_R,0.9199402516818345,,
dorsal,unknown_cal,1029_R,9,False,1041_R,0.9092081411526567,,
dorsal,unknown_cal,1029_R,10,False,1041_R,0.9214429807761892,,
dorsal,unknown_cal,1029_R,11,False,1041_R,0.8993940922816525,,
dorsal,unknown_cal,1029_R,12,False,1003_R,0.9348329187508522,,
dorsal,unknown_cal,1029_R,13,False,1051_R,0.9450178661361789,,
dorsal,unknown_cal,1029_R,14,False,1513_R,0.9192952187052847,,
dorsal,unknown_cal,1029_R,15,False,1003_R,0.9425181958676363,,
dorsal,unknown_cal,1029_R,16,False,1003_R,0.9330600097198095,,
dorsal,unknown_cal,1032_L,1,False,1042_L,0.8144651954079601,,
dorsal,unknown_cal,1032_L,2,False,61_L,0.8482020275521251,,
dorsal,unknown_cal,1032_L,3,False,1011_L,0.8478845764719655,,
dorsal,unknown_cal,1032_L,4,False,1011_L,0.8495324705380377,,
dorsal,unknown_cal,1032_L,5,False,1061_L,0.8658638648030988,,
dorsal,unknown_cal,1032_L,6,False,1510_L,0.8866422255409788,,
dorsal,unknown_cal,1032_L,7,False,1061_L,0.887404106104503,,
dorsal,unknown_cal,1032_L,8,False,1510_L,0.8596732202101234,,
dorsal,unknown_cal,1032_L,9,False,1018_L,0.8430900952923734,,
dorsal,unknown_cal,1032_L,10,False,1067_L,0.8228085150385515,,
dorsal,unknown_cal,1032_L,11,False,1011_L,0.8395122453504654,,
dorsal,unknown_cal,1032_L,12,False,1510_L,0.8914007622056488,,
dorsal,unknown_cal,1032_L,13,False,1042_L,0.9054190878333208,,
dorsal,unknown_cal,1032_L,14,False,1061_L,0.8975139744810501,,
dorsal,unknown_cal,1032_L,15,False,1061_L,0.8862413723443777,,
dorsal,unknown_cal,1032_L,16,False,1042_L,0.8954270122360791,,
dorsal,unknown_cal,1032_L,17,False,1042_L,0.8860307423528329,,
dorsal,unknown_cal,1032_L,18,False,1510_L,0.8841958066906184,,
dorsal,unknown_cal,1032_L,19,False,1011_L,0.8490184911992081,,
dorsal,unknown_cal,1032_L,20,False,1042_L,0.8483612967820142,,
dorsal,unknown_cal,1032_L,21,False,1061_L,0.8709143178201684,,
dorsal,unknown_cal,1032_R,1,False,543_R,0.8874439318249714,,
dorsal,unknown_cal,1032_R,2,False,1026_R,0.9079468797075624,,
dorsal,unknown_cal,1032_R,3,False,543_R,0.9081943583104322,,
dorsal,unknown_cal,1032_R,4,False,13_R,0.8662794796317361,,
dorsal,unknown_cal,1032_R,5,False,543_R,0.9074794033116522,,
dorsal,unknown_cal,1032_R,6,False,1532_R,0.8800510295739593,,
dorsal,unknown_cal,1032_R,7,False,543_R,0.9103946299366266,,
dorsal,unknown_cal,1032_R,8,False,543_R,0.9014924645116458,,
dorsal,unknown_cal,1032_R,9,False,572_R,0.9224568924883597,,
dorsal,unknown_cal,1032_R,10,False,594_R,0.9342481710705751,,
dorsal,unknown_cal,1032_R,11,False,594_R,0.9436294428153604,,
dorsal,unknown_cal,1032_R,12,False,594_R,0.9562397693594703,,
dorsal,unknown_cal,1032_R,13,False,594_R,0.9379944704130824,,
dorsal,unknown_cal,1032_R,14,False,594_R,0.9378315759341749,,
dorsal,unknown_cal,1032_R,15,False,594_R,0.9269659716828379,,
dorsal,unknown_cal,1032_R,16,False,594_R,0.940385904463788,,
dorsal,unknown_cal,1032_R,17,False,572_R,0.9130488215277377,,
dorsal,unknown_cal,1032_R,18,False,543_R,0.934770972178756,,
dorsal,unknown_cal,1032_R,19,False,594_R,0.939997301871859,,
dorsal,unknown_cal,1035_L,1,False,1061_L,0.853001995463188,,
dorsal,unknown_cal,1035_L,2,False,1061_L,0.8771972704734966,,
dorsal,unknown_cal,1035_L,3,False,1061_L,0.8588091838913356,,
dorsal,unknown_cal,1035_L,4,False,1537_L,0.8718714463635675,,
dorsal,unknown_cal,1035_L,5,False,1061_L,0.861896271269205,,
dorsal,unknown_cal,1035_L,6,False,93_L,0.8755220643560878,,
dorsal,unknown_cal,1035_L,7,False,1061_L,0.8822114923466031,,
dorsal,unknown_cal,1035_L,8,False,1061_L,0.8680776073086885,,
dorsal,unknown_cal,1035_L,9,False,1061_L,0.8726511258170555,,
dorsal,unknown_cal,1035_L,10,False,1061_L,0.8650732673920659,,
dorsal,unknown_cal,1035_L,11,False,13_L,0.8474810997458655,,
dorsal,unknown_cal,1035_L,12,False,13_L,0.8129233031781256,,
dorsal,unknown_cal,1035_L,13,False,1069_L,0.8381392105362692,,
dorsal,unknown_cal,1035_L,14,False,13_L,0.8085499900923354,,
dorsal,unknown_cal,1035_L,15,False,13_L,0.8322624991967764,,
dorsal,unknown_cal,1035_L,16,False,1018_L,0.8371254029988724,,
dorsal,unknown_cal,1035_L,17,False,93_L,0.8089043765649028,,
dorsal,unknown_cal,1035_L,18,False,1061_L,0.8743736238871199,,
dorsal,unknown_cal,1035_L,19,False,1061_L,0.8497647383397734,,
dorsal,unknown_cal,1035_L,20,False,1061_L,0.8554904855302448,,
dorsal,unknown_cal,1035_L,21,False,1061_L,0.8427454486035715,,
dorsal,unknown_cal,1035_L,22,False,1537_L,0.7742292327684543,,
dorsal,unknown_cal,1035_R,1,False,1515_R,0.7912774699128119,,
dorsal,unknown_cal,1035_R,2,False,1018_R,0.7909223972901103,,
dorsal,unknown_cal,1035_R,3,False,93_R,0.7960624818743038,,
dorsal,unknown_cal,1035_R,4,False,1018_R,0.7827798284122924,,
dorsal,unknown_cal,1035_R,5,False,93_R,0.8583314855361,,
dorsal,unknown_cal,1035_R,6,False,1019_R,0.8319948719165596,,
dorsal,unknown_cal,1035_R,7,False,93_R,0.8543522168266449,,
dorsal,unknown_cal,1035_R,8,False,93_R,0.8815230182102107,,
dorsal,unknown_cal,1035_R,9,False,10_R,0.8879484823491244,,
dorsal,unknown_cal,1035_R,10,False,93_R,0.8805896098538932,,
dorsal,unknown_cal,1035_R,11,False,93_R,0.8386270643864897,,
dorsal,unknown_cal,1035_R,12,False,93_R,0.864571960423502,,
dorsal,unknown_cal,1035_R,13,False,10_R,0.8565004364199549,,
dorsal,unknown_cal,1035_R,14,False,10_R,0.8300750947698099,,
dorsal,unknown_cal,1035_R,15,False,10_R,0.8454906171458324,,
dorsal,unknown_cal,1035_R,16,False,93_R,0.8636909341971531,,
dorsal,unknown_cal,1035_R,17,False,93_R,0.8326096913195694,,
dorsal,unknown_cal,1039_L,1,False,1549_L,0.8797087015351406,,
dorsal,unknown_cal,1039_L,2,False,1549_L,0.884837369013345,,
dorsal,unknown_cal,1039_L,3,False,1549_L,0.9007884959200719,,
dorsal,unknown_cal,1039_L,4,False,1069_L,0.8921862442507824,,
dorsal,unknown_cal,1039_L,5,False,1080_L,0.8878508052712893,,
dorsal,unknown_cal,1039_L,6,False,11_L,0.8923191436615376,,
dorsal,unknown_cal,1039_L,7,False,11_L,0.9131130860460844,,
dorsal,unknown_cal,1039_L,8,False,1549_L,0.8841481132813239,,
dorsal,unknown_cal,1039_L,9,False,1549_L,0.8833488190178374,,
dorsal,unknown_cal,1039_L,10,False,1026_L,0.8883362076709131,,
dorsal,unknown_cal,1039_L,11,False,1026_L,0.8562633322404967,,
dorsal,unknown_cal,1039_L,12,False,1026_L,0.8476019737175737,,
dorsal,unknown_cal,1039_L,13,False,1052_L,0.8645614994150279,,
dorsal,unknown_cal,1039_L,14,False,1026_L,0.8437902308677158,,
dorsal,unknown_cal,1039_L,15,False,1052_L,0.8435469002872367,,
dorsal,unknown_cal,1039_L,16,False,1052_L,0.8365545305297133,,
dorsal,unknown_cal,1039_L,17,False,1052_L,0.8845774473213583,,
dorsal,unknown_cal,1039_L,18,False,1026_L,0.8632766614049144,,
dorsal,unknown_cal,1039_L,19,False,1024_L,0.8687741164214196,,
dorsal,unknown_cal,1039_L,20,False,1052_L,0.7844971884002698,,
dorsal,unknown_cal,1039_L,21,False,1052_L,0.8092176018336663,,
dorsal,unknown_cal,1039_L,22,False,1052_L,0.7921668361437297,,
dorsal,unknown_cal,1039_R,1,False,1013_R,0.8661910847646942,,
dorsal,unknown_cal,1039_R,2,False,1013_R,0.9165954139012331,,
dorsal,unknown_cal,1039_R,3,False,1013_R,0.8963807642695188,,
dorsal,unknown_cal,1039_R,4,False,8_R,0.8993396108593915,,
dorsal,unknown_cal,1039_R,5,False,1013_R,0.9105642177499251,,
dorsal,unknown_cal,1039_R,6,False,1050_R,0.9122563938649659,,
dorsal,unknown_cal,1039_R,7,False,1050_R,0.9349418568143415,,
dorsal,unknown_cal,1039_R,8,False,1050_R,0.8969055804138792,,
dorsal,unknown_cal,1039_R,9,False,1050_R,0.9241390818607855,,
dorsal,unknown_cal,1039_R,10,False,1050_R,0.9123699078544258,,
dorsal,unknown_cal,1039_R,11,False,1050_R,0.9183021838105054,,
dorsal,unknown_cal,1039_R,12,False,1050_R,0.9210031676342977,,
dorsal,unknown_cal,1039_R,13,False,1050_R,0.9119505797749177,,
dorsal,unknown_cal,1039_R,14,False,1050_R,0.9014579989102534,,
dorsal,unknown_cal,1039_R,15,False,1050_R,0.9209447763736052,,
dorsal,unknown_cal,1039_R,16,False,1050_R,0.9204383333625892,,
dorsal,unknown_cal,1039_R,17,False,1050_R,0.8888318283739336,,
dorsal,unknown_cal,1039_R,18,False,1081_R,0.8253051551231072,,
dorsal,unknown_cal,1039_R,19,False,1013_R,0.8479653013283516,,
dorsal,unknown_cal,1039_R,20,False,1013_R,0.8601060544975079,,
dorsal,unknown_cal,1039_R,21,False,1013_R,0.8604722603654746,,
dorsal,unknown_cal,1039_R,22,False,1013_R,0.8523298459836769,,
dorsal,unknown_cal,1043_L,1,False,1026_L,0.9157962106240888,,
dorsal,unknown_cal,1043_L,2,False,1093_L,0.9254013188635142,,
dorsal,unknown_cal,1043_L,3,False,1026_L,0.9318622571075934,,
dorsal,unknown_cal,1043_L,4,False,572_L,0.932174529901124,,
dorsal,unknown_cal,1043_L,5,False,0_L,0.9142111595598783,,
dorsal,unknown_cal,1043_L,6,False,1515_L,0.888824659485576,,
dorsal,unknown_cal,1043_L,7,False,1520_L,0.8878041160394821,,
dorsal,unknown_cal,1043_R,1,False,1026_R,0.8771761861970393,,
dorsal,unknown_cal,1043_R,2,False,1026_R,0.9118572504195142,,
dorsal,unknown_cal,1043_R,3,False,546_R,0.934485142911464,,
dorsal,unknown_cal,1043_R,4,False,546_R,0.9034366138785634,,
dorsal,unknown_cal,1043_R,5,False,61_R,0.9018357735833837,,
dorsal,unknown_cal,1043_R,6,False,572_R,0.9092340921306209,,
dorsal,unknown_cal,1043_R,7,False,546_R,0.9245910855435584,,
dorsal,unknown_cal,1043_R,8,False,546_R,0.9285992571356039,,
dorsal,unknown_cal,1043_R,9,False,1069_R,0.930773999691646,,
dorsal,unknown_cal,1043_R,10,False,543_R,0.8853741831938686,,
dorsal,unknown_cal,1043_R,11,False,1026_R,0.8862904675744891,,
dorsal,unknown_cal,1066_L,1,False,63_L,0.9139202696371735,,
dorsal,unknown_cal,1066_L,2,False,63_L,0.9223264433287206,,
dorsal,unknown_cal,1066_L,3,False,1037_L,0.9009418302608664,,
dorsal,unknown_cal,1066_L,4,False,1074_L,0.9197545787836292,,
dorsal,unknown_cal,1066_L,5,False,1051_L,0.9121691760435731,,
dorsal,unknown_cal,1066_L,6,False,1100000_L,0.9157041921723235,,
dorsal,unknown_cal,1066_L,7,False,576_L,0.9227182543551407,,
dorsal,unknown_cal,1066_L,8,False,1037_L,0.950787723780923,,
dorsal,unknown_cal,1066_L,9,False,1100000_L,0.910193517762836,,
dorsal,unknown_cal,1066_L,10,False,1100000_L,0.9195910141407624,,
dorsal,unknown_cal,1066_L,11,False,1051_L,0.9172178651332323,,
dorsal,unknown_cal,1066_L,12,False,1074_L,0.9040798184802199,,
dorsal,unknown_cal,1066_L,13,False,1051_L,0.9089129233760185,,
dorsal,unknown_cal,1066_L,14,False,1050_L,0.9104605241964665,,
dorsal,unknown_cal,1066_L,15,False,1074_L,0.8942056186071565,,
dorsal,unknown_cal,1066_L,16,False,1074_L,0.9195265369382092,,
dorsal,unknown_cal,1066_L,17,False,1100000_L,0.8749942311123864,,
dorsal,unknown_cal,1066_L,18,False,1074_L,0.8942973446393301,,
dorsal,unknown_cal,1066_L,19,False,1074_L,0.9284605693571533,,
dorsal,unknown_cal,1066_L,20,False,1074_L,0.9318855858974309,,
dorsal,unknown_cal,1066_L,21,False,1037_L,0.915050798785348,,
dorsal,unknown_cal,1066_L,22,False,1074_L,0.9245789746504655,,
dorsal,unknown_cal,1066_R,1,False,1080_R,0.8701030902208293,,
dorsal,unknown_cal,1066_R,2,False,1081_R,0.8105609901704588,,
dorsal,unknown_cal,1066_R,3,False,1081_R,0.8176541909234016,,
dorsal,unknown_cal,1066_R,4,False,1067_R,0.8364969843017079,,
dorsal,unknown_cal,1066_R,5,False,1558_R,0.8750307907331558,,
dorsal,unknown_cal,1066_R,6,False,1033_R,0.8510680516524647,,
dorsal,unknown_cal,1066_R,7,False,1037_R,0.8687555650434878,,
dorsal,unknown_cal,1066_R,8,False,1550_R,0.8856562226747435,,
dorsal,unknown_cal,1066_R,9,False,594_R,0.9263846735933108,,
dorsal,unknown_cal,1066_R,10,False,594_R,0.882327621148245,,
dorsal,unknown_cal,1066_R,11,False,1080_R,0.9257605555135411,,
dorsal,unknown_cal,1066_R,12,False,594_R,0.9330394284755937,,
dorsal,unknown_cal,1066_R,13,False,594_R,0.9009552873203411,,
dorsal,unknown_cal,1066_R,14,False,594_R,0.9193786687839869,,
dorsal,unknown_cal,1066_R,15,False,594_R,0.9019174142216,,
dorsal,unknown_cal,1066_R,16,False,576_R,0.9072359580658804,,
dorsal,unknown_cal,1066_R,17,False,1074_R,0.8822586058799237,,
dorsal,unknown_cal,1066_R,18,False,594_R,0.8861846597340737,,
dorsal,unknown_cal,1066_R,19,False,594_R,0.9091188393989948,,
dorsal,unknown_cal,1066_R,20,False,576_R,0.8785123190843143,,
dorsal,unknown_cal,1066_R,21,False,1067_R,0.8872532844997596,,
dorsal,unknown_cal,1066_R,22,False,1067_R,0.8936306951539228,,
dorsal,unknown_cal,1066_R,23,False,1067_R,0.8960941841001754,,
dorsal,unknown_cal,1066_R,24,False,1067_R,0.8736590469036583,,
dorsal,unknown_cal,1066_R,25,False,1067_R,0.8504711348322558,,
dorsal,unknown_cal,1079_L,1,False,1513_L,0.9122175789006359,,
dorsal,unknown_cal,1079_L,2,False,1075_L,0.9045111107543864,,
dorsal,unknown_cal,1079_L,3,False,573_L,0.9311119810630819,,
dorsal,unknown_cal,1079_L,4,False,1075_L,0.8937543654736031,,
dorsal,unknown_cal,1079_L,5,False,1075_L,0.8929523909100976,,
dorsal,unknown_cal,1079_L,6,False,1529_L,0.909312655506253,,
dorsal,unknown_cal,1079_L,7,False,1046_L,0.8215845386638578,,
dorsal,unknown_cal,1079_L,8,False,1014_L,0.8987669199740982,,
dorsal,unknown_cal,1079_L,9,False,546_L,0.9023406249202661,,
dorsal,unknown_cal,1079_L,10,False,546_L,0.9041180447847232,,
dorsal,unknown_cal,1079_L,11,False,1529_L,0.8636847647543673,,
dorsal,unknown_cal,1079_L,12,False,1510_L,0.9020772124241598,,
dorsal,unknown_cal,1079_R,1,False,1011_R,0.9130659472229865,,
dorsal,unknown_cal,1079_R,2,False,1550_R,0.8967589892933254,,
dorsal,unknown_cal,1079_R,3,False,8000000_R,0.9045687543772363,,
dorsal,unknown_cal,1079_R,4,False,595_R,0.8965669371646013,,
dorsal,unknown_cal,1079_R,5,False,1537_R,0.916015606512125,,
dorsal,unknown_cal,1079_R,6,False,573_R,0.9225895395106176,,
dorsal,unknown_cal,1079_R,7,False,573_R,0.8817938830542482,,
dorsal,unknown_cal,1079_R,8,False,1013_R,0.8851903563420362,,
dorsal,unknown_cal,1079_R,9,False,587_R,0.8547368914546466,,
dorsal,unknown_cal,1079_R,10,False,88_R,0.8775574744429537,,
dorsal,unknown_cal,1079_R,11,False,1011_R,0.9593634448508919,,
dorsal,unknown_cal,1079_R,12,False,1080_R,0.9395095059170862,,
dorsal,unknown_cal,1079_R,13,False,67_R,0.918773956362654,,
dorsal,unknown_cal,12_R,1,False,1558_R,0.9152973951050208,,
dorsal,unknown_cal,12_R,2,False,1037_R,0.8936812737938803,,
dorsal,unknown_cal,12_R,3,False,1037_R,0.9025375512490741,,
dorsal,unknown_cal,12_R,4,False,1558_R,0.8973033529632832,,
dorsal,unknown_cal,12_R,5,False,559_R,0.9269555034081673,,
dorsal,unknown_cal,12_R,6,False,1074_R,0.9282508901394103,,
dorsal,unknown_cal,12_R,7,False,1074_R,0.9233762079093424,,
dorsal,unknown_cal,12_R,8,False,1533_R,0.9163289554524859,,
dorsal,unknown_cal,12_R,9,False,1550_R,0.9217135018081679,,
dorsal,unknown_cal,12_R,10,False,1074_R,0.9324340431724278,,
dorsal,unknown_cal,1503_L,1,False,1510_L,0.911751380376141,,
dorsal,unknown_cal,1503_L,2,False,61_L,0.9519732887989747,,
dorsal,unknown_cal,1503_L,3,False,8_L,0.8870923979425058,,
dorsal,unknown_cal,1503_L,4,False,8_L,0.8992486184255051,,
dorsal,unknown_cal,1503_L,5,False,1510_L,0.9326095881032586,,
dorsal,unknown_cal,1503_R,1,False,1026_R,0.9381153008363502,,
dorsal,unknown_cal,1503_R,2,False,61_R,0.9204714941766997,,
dorsal,unknown_cal,1503_R,3,False,61_R,0.9142033737676754,,
dorsal,unknown_cal,1503_R,4,False,546_R,0.9122381066256063,,
dorsal,unknown_cal,1503_R,5,False,543_R,0.9002796093816169,,
dorsal,unknown_cal,1506_L,1,False,1050_L,0.8778457190872393,,
dorsal,unknown_cal,1506_L,2,False,1510_L,0.8785492604933469,,
dorsal,unknown_cal,1506_L,3,False,1061_L,0.9244591856982806,,
dorsal,unknown_cal,1506_L,4,False,1510_L,0.9360697327101772,,
dorsal,unknown_cal,1506_L,5,False,1061_L,0.9302495808358875,,
dorsal,unknown_cal,1506_L,6,False,572_L,0.9258462617834675,,
dorsal,unknown_cal,1506_R,1,False,8_R,0.8986485815660539,,
dorsal,unknown_cal,1506_R,2,False,8_R,0.9084497718707355,,
dorsal,unknown_cal,1506_R,3,False,8_R,0.8914970799325534,,
dorsal,unknown_cal,1506_R,4,False,81_R,0.9032234759068616,,
dorsal,unknown_cal,1506_R,5,False,8_R,0.8944850173351644,,
dorsal,unknown_cal,1506_R,6,False,1515_R,0.8188195656398733,,
dorsal,unknown_cal,1506_R,7,False,8_R,0.8877584902807673,,
dorsal,unknown_cal,1506_R,8,False,1013_R,0.8277501665108536,,
dorsal,unknown_cal,1506_R,9,False,1019_R,0.9172164405124912,,
dorsal,unknown_cal,1506_R,10,False,1009_R,0.7729856302686515,,
dorsal,unknown_cal,1516_L,1,False,1532_L,0.92679676297607,,
dorsal,unknown_cal,1516_L,2,False,1026_L,0.9322383475386351,,
dorsal,unknown_cal,1516_L,3,False,1026_L,0.9459341324626473,,
dorsal,unknown_cal,1516_L,4,False,1026_L,0.9376936676502335,,
dorsal,unknown_cal,1516_L,5,False,1026_L,0.9305116142441112,,
dorsal,unknown_cal,1516_L,6,False,1510_L,0.9414775854863952,,
dorsal,unknown_cal,1516_L,7,False,572_L,0.9492378332769773,,
dorsal,unknown_cal,1516_L,8,False,572_L,0.9465870170814557,,
dorsal,unknown_cal,1516_L,9,False,572_L,0.9445269692147025,,
dorsal,unknown_cal,1516_L,10,False,546_L,0.9430071008463623,,
dorsal,unknown_cal,1516_L,11,False,572_L,0.912870394914757,,
dorsal,unknown_cal,1516_L,12,False,572_L,0.9305757337397713,,
dorsal,unknown_cal,1516_L,13,False,572_L,0.9326241062612415,,
dorsal,unknown_cal,1516_L,14,False,572_L,0.9289178406906536,,
dorsal,unknown_cal,1516_L,15,False,1532_L,0.9363087018969978,,
dorsal,unknown_cal,1516_L,16,False,1093_L,0.9411028629800122,,
dorsal,unknown_cal,1516_R,1,False,1026_R,0.9681002550577069,,
dorsal,unknown_cal,1516_R,2,False,1026_R,0.9510745644175449,,
dorsal,unknown_cal,1516_R,3,False,1026_R,0.9311732895647549,,
dorsal,unknown_cal,1516_R,4,False,1026_R,0.9151449755343966,,
dorsal,unknown_cal,1516_R,5,False,1013_R,0.9141585747523796,,
dorsal,unknown_cal,1516_R,6,False,1026_R,0.925757955785048,,
dorsal,unknown_cal,1516_R,7,False,546_R,0.9341877552735983,,
dorsal,unknown_cal,1516_R,8,False,546_R,0.911508498007169,,
dorsal,unknown_cal,1516_R,9,False,546_R,0.9184479025218433,,
dorsal,unknown_cal,1516_R,10,False,546_R,0.9567849951390422,,
dorsal,unknown_cal,1516_R,11,False,546_R,0.9369568123284315,,
dorsal,unknown_cal,1516_R,12,False,1515_R,0.9077500616578776,,
dorsal,unknown_cal,1516_R,13,False,546_R,0.9373956061569887,,
dorsal,unknown_cal,1516_R,14,False,546_R,0.9398626522275371,,
dorsal,unknown_cal,1516_R,15,False,572_R,0.9410747191004135,,
dorsal,unknown_cal,1516_R,16,False,572_R,0.9437391464349574,,
dorsal,unknown_cal,1516_R,17,False,1026_R,0.9362259580757013,,
dorsal,unknown_cal,1516_R,18,False,1026_R,0.9556431237679321,,
dorsal,unknown_cal,1516_R,19,False,1026_R,0.9394879750083094,,
dorsal,unknown_cal,1516_R,20,False,1026_R,0.9047958296952205,,
dorsal,unknown_cal,1517_L,1,False,1549_L,0.8557905226422247,,
dorsal,unknown_cal,1517_L,2,False,1069_L,0.8382447288853045,,
dorsal,unknown_cal,1517_L,3,False,1549_L,0.8140358224853523,,
dorsal,unknown_cal,1517_L,4,False,1549_L,0.7615720046683542,,
dorsal,unknown_cal,1517_L,5,False,1549_L,0.7788476596972382,,
dorsal,unknown_cal,1517_R,1,False,1540_R,0.8807381361924699,,
dorsal,unknown_cal,1517_R,2,False,93_R,0.8509571965248538,,
dorsal,unknown_cal,1517_R,3,False,1540_R,0.8535270081575563,,
dorsal,unknown_cal,1517_R,4,False,10_R,0.9056505144197693,,
dorsal,unknown_cal,1517_R,5,False,13_R,0.8491902162891987,,
dorsal,unknown_cal,1517_R,6,False,1013_R,0.7952542960724573,,
dorsal,unknown_cal,1517_R,7,False,13_R,0.7706657288219736,,
dorsal,unknown_cal,1531_L,1,False,1075_L,0.9083056553144842,,
dorsal,unknown_cal,1531_L,2,False,1513_L,0.8945007293550276,,
dorsal,unknown_cal,1531_L,3,False,573_L,0.9069571210102982,,
dorsal,unknown_cal,1531_L,4,False,1513_L,0.8794275052136187,,
dorsal,unknown_cal,1531_L,5,False,1550_L,0.8910794735334865,,
dorsal,unknown_cal,1531_L,6,False,8000000_L,0.8807891173041303,,
dorsal,unknown_cal,1531_L,7,False,1075_L,0.9277361562419819,,
dorsal,unknown_cal,1531_L,8,False,1075_L,0.902411241269076,,
dorsal,unknown_cal,1531_L,9,False,573_L,0.8937723694431734,,
dorsal,unknown_cal,1531_L,10,False,1558_L,0.8772076551093646,,
dorsal,unknown_cal,1531_R,1,False,1075_R,0.9120720187654223,,
dorsal,unknown_cal,1531_R,2,False,587_R,0.857447477736482,,
dorsal,unknown_cal,1531_R,3,False,1075_R,0.9032613344726854,,
dorsal,unknown_cal,1531_R,4,False,1075_R,0.9028127647142437,,
dorsal,unknown_cal,1531_R,5,False,1075_R,0.934986179616552,,
dorsal,unknown_cal,1531_R,6,False,1536_R,0.9375592663042471,,
dorsal,unknown_cal,1531_R,7,False,1536_R,0.8894464407364919,,
dorsal,unknown_cal,1531_R,8,False,1594_R,0.8588550040562752,,
dorsal,unknown_cal,1531_R,9,False,1594_R,0.8302871113249464,,
dorsal,unknown_cal,1531_R,10,False,1085_R,0.8474543632764174,,
dorsal,unknown_cal,1531_R,11,False,1594_R,0.8015480690726571,,
dorsal,unknown_cal,1543_L,1,False,1080_L,0.9203765221031583,,
dorsal,unknown_cal,1543_L,2,False,1080_L,0.8601059510376979,,
dorsal,unknown_cal,1543_L,3,False,1080_L,0.9090207135093842,,
dorsal,unknown_cal,1543_L,4,False,1080_L,0.9180475817645274,,
dorsal,unknown_cal,1543_L,5,False,88_L,0.9108388845060984,,
dorsal,unknown_cal,1543_L,6,False,1080_L,0.9189579598831024,,
dorsal,unknown_cal,1543_L,7,False,1046_L,0.8915515486425744,,
dorsal,unknown_cal,1543_L,8,False,88_L,0.8807015149868263,,
dorsal,unknown_cal,1543_L,9,False,88_L,0.899168470417755,,
dorsal,unknown_cal,1543_L,10,False,1000000_L,0.8657535543465771,,
dorsal,unknown_cal,1543_L,11,False,88_L,0.8856780755658775,,
dorsal,unknown_cal,1543_L,12,False,88_L,0.8582943080447814,,
dorsal,unknown_cal,1543_L,13,False,88_L,0.8897750450713094,,
dorsal,unknown_cal,1543_L,14,False,1080_L,0.9346719882876269,,
dorsal,unknown_cal,1543_L,15,False,1080_L,0.9417464021818123,,
dorsal,unknown_cal,1543_L,16,False,1080_L,0.9242792265867277,,
dorsal,unknown_cal,1543_L,17,False,1080_L,0.915170992805043,,
dorsal,unknown_cal,1543_L,18,False,1529_L,0.9117969965413815,,
dorsal,unknown_cal,1543_L,19,False,1529_L,0.8978170413197468,,
dorsal,unknown_cal,1543_L,20,False,67_L,0.8471850495199796,,
dorsal,unknown_cal,1543_L,21,False,1026_L,0.8116855022483895,,
dorsal,unknown_cal,1543_L,22,False,1052_L,0.7244567429862876,,
dorsal,unknown_cal,1543_L,23,False,1520_L,0.8724092245620647,,
dorsal,unknown_cal,1543_L,24,False,88_L,0.8540639338628341,,
dorsal,unknown_cal,1543_L,25,False,1028_L,0.9085251607269159,,
dorsal,unknown_cal,1543_L,26,False,1028_L,0.8876906796056336,,
dorsal,unknown_cal,1543_L,27,False,8000000_L,0.9199983441140552,,
dorsal,unknown_cal,1543_L,28,False,88_L,0.9102245050207591,,
dorsal,unknown_cal,1543_R,1,False,1588_R,0.9320935539031142,,
dorsal,unknown_cal,1543_R,2,False,1019_R,0.922981567010249,,
dorsal,unknown_cal,1543_R,3,False,1588_R,0.9346116451116278,,
dorsal,unknown_cal,1543_R,4,False,1588_R,0.935862849508069,,
dorsal,unknown_cal,1543_R,5,False,1588_R,0.935908073010384,,
dorsal,unknown_cal,1543_R,6,False,1588_R,0.9387864399031827,,
dorsal,unknown_cal,1543_R,7,False,1588_R,0.9428560544702635,,
dorsal,unknown_cal,1543_R,8,False,1588_R,0.9494311148428749,,
dorsal,unknown_cal,1543_R,9,False,1588_R,0.9362789566858392,,
dorsal,unknown_cal,1543_R,10,False,1588_R,0.9444652726198431,,
dorsal,unknown_cal,1543_R,11,False,1028_R,0.9241905132816232,,
dorsal,unknown_cal,1543_R,12,False,1028_R,0.9164233917904381,,
dorsal,unknown_cal,1543_R,13,False,1060_R,0.9107206530104766,,
dorsal,unknown_cal,1543_R,14,False,1051_R,0.9234702731397403,,
dorsal,unknown_cal,1543_R,15,False,1558_R,0.934792313711585,,
dorsal,unknown_cal,1543_R,16,False,1051_R,0.914617609287684,,
dorsal,unknown_cal,1543_R,17,False,1051_R,0.9018401179682787,,
dorsal,unknown_cal,1543_R,18,False,1051_R,0.9293732184655972,,
dorsal,unknown_cal,1543_R,19,False,1051_R,0.9071887025805834,,
dorsal,unknown_cal,1543_R,20,False,1060_R,0.9153238187549194,,
dorsal,unknown_cal,1543_R,21,False,1060_R,0.9284149251985705,,
dorsal,unknown_cal,1543_R,22,False,1028_R,0.945873989874592,,
dorsal,unknown_cal,1543_R,23,False,1028_R,0.9295610633821728,,
dorsal,unknown_cal,1543_R,24,False,1060_R,0.928968776323649,,
dorsal,unknown_cal,1543_R,25,False,1028_R,0.9117992326138196,,
dorsal,unknown_cal,1543_R,26,False,1550_R,0.9062206841350302,,
dorsal,unknown_cal,1543_R,27,False,1028_R,0.9093412915824676,,
dorsal,unknown_cal,1543_R,28,False,1060_R,0.9371921297348729,,
dorsal,unknown_cal,1543_R,29,False,1075_R,0.9223875529334782,,
dorsal,unknown_cal,1543_R,30,False,1051_R,0.8349186326130447,,
dorsal,unknown_cal,1543_R,31,False,1075_R,0.9189943371446134,,
dorsal,unknown_cal,1543_R,32,False,1558_R,0.9420780231578727,,
dorsal,unknown_cal,1544_L,1,False,1080_L,0.9364113074096106,,
dorsal,unknown_cal,1544_L,2,False,1080_L,0.9378676278904476,,
dorsal,unknown_cal,1544_L,3,False,594_L,0.9270832287547544,,
dorsal,unknown_cal,1544_L,4,False,1026_L,0.8917623226207336,,
dorsal,unknown_cal,1544_L,5,False,1540_L,0.9312970767454904,,
dorsal,unknown_cal,1544_L,6,False,1080_L,0.9463028929431314,,
dorsal,unknown_cal,1544_L,7,False,1080_L,0.9413626364367917,,
dorsal,unknown_cal,1544_L,8,False,1080_L,0.9296969216259291,,
dorsal,unknown_cal,1544_L,9,False,543_L,0.9372907984062946,,
dorsal,unknown_cal,1544_L,10,False,1013_L,0.9416060226996403,,
dorsal,unknown_cal,1544_L,11,False,1026_L,0.8945627010747188,,
dorsal,unknown_cal,1544_R,1,False,63_R,0.9238787845444194,,
dorsal,unknown_cal,1544_R,2,False,1013_R,0.8458555096828269,,
dorsal,unknown_cal,1544_R,3,False,587_R,0.8498684100775016,,
dorsal,unknown_cal,1544_R,4,False,86_R,0.9144788177628331,,
dorsal,unknown_cal,1544_R,5,False,63_R,0.91701471811279,,
dorsal,unknown_cal,1544_R,6,False,594_R,0.9339716093056663,,
dorsal,unknown_cal,1544_R,7,False,1080_R,0.9331069864116655,,
dorsal,unknown_cal,1553_L,1,False,1532_L,0.84568481662725,,
dorsal,unknown_cal,1553_L,2,False,1532_L,0.8776636347302293,,
dorsal,unknown_cal,1553_L,3,False,1093_L,0.8765942238566916,,
dorsal,unknown_cal,1553_L,4,False,1093_L,0.833325842640377,,
dorsal,unknown_cal,1553_L,5,False,1093_L,0.833319651919995,,
dorsal,unknown_cal,1553_L,6,False,1026_L,0.8015750636125396,,
dorsal,unknown_cal,1553_L,7,False,1019_L,0.84727154705313,,
dorsal,unknown_cal,1553_L,8,False,1532_L,0.9116231747902607,,
dorsal,unknown_cal,1553_L,9,False,1532_L,0.8729924253110913,,
dorsal,unknown_cal,1553_L,10,False,1018_L,0.8851900848529026,,
dorsal,unknown_cal,1553_L,11,False,1018_L,0.8505932102769902,,
dorsal,unknown_cal,1553_L,12,False,1018_L,0.9102150238290401,,
dorsal,unknown_cal,1553_R,1,False,10_R,0.8589928889587132,,
dorsal,unknown_cal,1553_R,2,False,1018_R,0.8552671291604281,,
dorsal,unknown_cal,1553_R,3,False,1018_R,0.8455567429143052,,
dorsal,unknown_cal,1553_R,4,False,1532_R,0.8747114148195446,,
dorsal,unknown_cal,1553_R,5,False,1532_R,0.8792538055031621,,
dorsal,unknown_cal,1553_R,6,False,1532_R,0.8055112544070364,,
dorsal,unknown_cal,1553_R,7,False,1009_R,0.7606138579697486,,
dorsal,unknown_cal,1553_R,8,False,1009_R,0.7783778063206184,,
dorsal,unknown_cal,1555_L,1,False,63_L,0.9180896359478947,,
dorsal,unknown_cal,1555_L,2,False,1560_L,0.8548654174847721,,
dorsal,unknown_cal,1555_L,3,False,1074_L,0.8616709349796396,,
dorsal,unknown_cal,1555_L,4,False,92_L,0.8259301631289611,,
dorsal,unknown_cal,1555_L,5,False,1052_L,0.628189255237962,,
dorsal,unknown_cal,1555_L,6,False,11_L,0.8541833918280108,,
dorsal,unknown_cal,1555_L,7,False,86_L,0.7547423526769821,,
dorsal,unknown_cal,1555_L,8,False,86_L,0.8610109281123293,,
dorsal,unknown_cal,1555_L,9,False,86_L,0.8406045431273979,,
dorsal,unknown_cal,1555_L,10,False,86_L,0.804109641238338,,
dorsal,unknown_cal,1555_R,1,False,1003_R,0.8897713090193398,,
dorsal,unknown_cal,1555_R,2,False,1552_R,0.877115715881299,,
dorsal,unknown_cal,1555_R,3,False,1532_R,0.8978339135251967,,
dorsal,unknown_cal,1555_R,4,False,1552_R,0.9033304270944202,,
dorsal,unknown_cal,1555_R,5,False,1100000_R,0.8950914559311376,,
dorsal,unknown_cal,1555_R,6,False,1558_R,0.9083778838817552,,
dorsal,unknown_cal,1555_R,7,False,1558_R,0.8847452986950808,,
dorsal,unknown_cal,1564_L,1,False,8000000_L,0.910224639890516,,
dorsal,unknown_cal,1564_L,2,False,8000000_L,0.907978201842661,,
dorsal,unknown_cal,1564_L,3,False,1550_L,0.876190940760164,,
dorsal,unknown_cal,1564_L,4,False,1046_L,0.9053672034028726,,
dorsal,unknown_cal,1564_L,5,False,1046_L,0.8946417379525851,,
dorsal,unknown_cal,1564_L,6,False,1046_L,0.871749932893406,,
dorsal,unknown_cal,1564_L,7,False,88_L,0.8912624200484811,,
dorsal,unknown_cal,1564_L,8,False,552_L,0.854962083964835,,
dorsal,unknown_cal,1564_R,1,False,1558_R,0.9188782064743816,,
dorsal,unknown_cal,1564_R,2,False,1042_R,0.9235455266357995,,
dorsal,unknown_cal,1564_R,3,False,543_R,0.9320116285000652,,
dorsal,unknown_cal,1564_R,4,False,1042_R,0.9190174197181421,,
dorsal,unknown_cal,1564_R,5,False,1550_R,0.9256885388513953,,
dorsal,unknown_cal,1564_R,6,False,1550_R,0.9348673026614626,,
dorsal,unknown_cal,1564_R,7,False,1028_R,0.9091212956334311,,
dorsal,unknown_cal,1564_R,8,False,1042_R,0.9113810324915139,,
dorsal,unknown_cal,1564_R,9,False,1550_R,0.9060323902299054,,
dorsal,unknown_cal,1566_L,1,False,1513_L,0.9095689436848793,,
dorsal,unknown_cal,1566_L,2,False,1513_L,0.8944442265610885,,
dorsal,unknown_cal,1566_L,3,False,1589_L,0.8855909277514515,,
dorsal,unknown_cal,1566_L,4,False,1513_L,0.9101981767859542,,
dorsal,unknown_cal,1566_L,5,False,1513_L,0.9149059352862949,,
dorsal,unknown_cal,1566_L,6,False,1513_L,0.9319823313274012,,
dorsal,unknown_cal,1566_L,7,False,1513_L,0.9207341571024894,,
dorsal,unknown_cal,1566_L,8,False,1028_L,0.8888012121405782,,
dorsal,unknown_cal,1566_L,9,False,1028_L,0.9481707287984595,,
dorsal,unknown_cal,1566_L,10,False,1028_L,0.9360706919679112,,
dorsal,unknown_cal,1566_L,11,False,1028_L,0.8736838587121645,,
dorsal,unknown_cal,1566_L,12,False,10_L,0.8162321971295805,,
dorsal,unknown_cal,1566_L,13,False,1028_L,0.8921039482057695,,
dorsal,unknown_cal,1566_L,14,False,1513_L,0.863599358715849,,
dorsal,unknown_cal,1566_L,15,False,1513_L,0.8870589085827318,,
dorsal,unknown_cal,1566_L,16,False,1513_L,0.9206501488196999,,
dorsal,unknown_cal,1566_L,17,False,1052_L,0.877905078615113,,
dorsal,unknown_cal,1566_L,18,False,1052_L,0.846407173354627,,
dorsal,unknown_cal,1566_L,19,False,1513_L,0.8734597548877343,,
dorsal,unknown_cal,1566_L,20,False,1513_L,0.9239448999728719,,
dorsal,unknown_cal,1566_L,21,False,1513_L,0.9183713124738238,,
dorsal,unknown_cal,1566_L,22,False,1052_L,0.8903433742483513,,
dorsal,unknown_cal,1566_R,1,False,1558_R,0.922494259480259,,
dorsal,unknown_cal,1566_R,2,False,8000000_R,0.9531127250311726,,
dorsal,unknown_cal,1566_R,3,False,1200000_R,0.9192418661235549,,
dorsal,unknown_cal,1566_R,4,False,1200000_R,0.9299224298688169,,
dorsal,unknown_cal,1566_R,5,False,1051_R,0.9226070250697725,,
dorsal,unknown_cal,1566_R,6,False,1051_R,0.9208059454593275,,
dorsal,unknown_cal,1566_R,7,False,1200000_R,0.914820646074106,,
dorsal,unknown_cal,1566_R,8,False,1200000_R,0.9419731530810971,,
dorsal,unknown_cal,1566_R,9,False,1537_R,0.9002460811626388,,
dorsal,unknown_cal,1566_R,10,False,1537_R,0.9117645445723906,,
dorsal,unknown_cal,1566_R,11,False,1537_R,0.9183769583337356,,
dorsal,unknown_cal,1566_R,12,False,1003_R,0.9322291754429788,,
dorsal,unknown_cal,1566_R,13,False,1200000_R,0.9369780509033274,,
dorsal,unknown_cal,1566_R,14,False,1200000_R,0.9416065345796091,,
dorsal,unknown_cal,1566_R,15,False,1011_R,0.9419198065684412,,
dorsal,unknown_cal,1566_R,16,False,1011_R,0.9519557842657407,,
dorsal,unknown_cal,1566_R,17,False,1011_R,0.957148626129769,,
dorsal,unknown_cal,1566_R,18,False,1011_R,0.9444478033636481,,
dorsal,unknown_cal,1567_L,1,False,1510_L,0.9397260295823147,,
dorsal,unknown_cal,1567_L,2,False,1037_L,0.9341882659755567,,
dorsal,unknown_cal,1567_L,3,False,1510_L,0.946898023252147,,
dorsal,unknown_cal,1567_L,4,False,1061_L,0.9334578093245844,,
dorsal,unknown_cal,1567_L,5,False,1510_L,0.9458726438339782,,
dorsal,unknown_cal,1567_L,6,False,1510_L,0.9361557988041134,,
dorsal,unknown_cal,1567_L,7,False,1510_L,0.9529335148256132,,
dorsal,unknown_cal,1567_R,1,False,587_R,0.789151499370228,,
dorsal,unknown_cal,1567_R,2,False,1050_R,0.9171254521661167,,
dorsal,unknown_cal,1567_R,3,False,1013_R,0.7974282243444324,,
dorsal,unknown_cal,1567_R,4,False,1013_R,0.8124294752626818,,
dorsal,unknown_cal,1567_R,5,False,1585_R,0.9425806046362963,,
dorsal,unknown_cal,1567_R,6,False,1013_R,0.9061467667981964,,
dorsal,unknown_cal,1567_R,7,False,1585_R,0.9340507947800785,,
dorsal,unknown_cal,1567_R,8,False,1558_R,0.9388925891760589,,
dorsal,unknown_cal,1567_R,9,False,1529_R,0.9475312133249292,,
dorsal,unknown_cal,1567_R,10,False,1051_R,0.9504780405544373,,
dorsal,unknown_cal,1567_R,11,False,1529_R,0.9129937740115199,,
dorsal,unknown_cal,1568_L,1,False,1510_L,0.9284352761517278,,
dorsal,unknown_cal,1568_L,2,False,573_L,0.9254534980509426,,
dorsal,unknown_cal,1568_L,3,False,1510_L,0.9309755642794695,,
dorsal,unknown_cal,1568_L,4,False,1510_L,0.9403975858576246,,
dorsal,unknown_cal,1568_L,5,False,1510_L,0.9556071733531238,,
dorsal,unknown_cal,1568_L,6,False,1510_L,0.947547795466984,,
dorsal,unknown_cal,1568_L,7,False,1051_L,0.9531513956823413,,
dorsal,unknown_cal,1568_L,8,False,1051_L,0.9588278187429904,,
dorsal,unknown_cal,1568_L,9,False,1510_L,0.9502596526813041,,
dorsal,unknown_cal,1568_L,10,False,1550_L,0.872397446677913,,
dorsal,unknown_cal,1568_L,11,False,1550_L,0.8611697039394988,,
dorsal,unknown_cal,1568_L,12,False,1051_L,0.8773305341092807,,
dorsal,unknown_cal,1568_L,13,False,1550_L,0.8975348727146082,,
dorsal,unknown_cal,1568_L,14,False,1550_L,0.877750749798011,,
dorsal,unknown_cal,1568_L,15,False,1510_L,0.9524862589698495,,
dorsal,unknown_cal,1568_L,16,False,1510_L,0.9659835447451435,,
dorsal,unknown_cal,1568_R,1,False,1540_R,0.8969093355707152,,
dorsal,unknown_cal,1568_R,2,False,1540_R,0.8992723080499228,,
dorsal,unknown_cal,1568_R,3,False,594_R,0.9062932183108332,,
dorsal,unknown_cal,1568_R,4,False,1540_R,0.8997733287863763,,
dorsal,unknown_cal,1568_R,5,False,88_R,0.8931680017558682,,
dorsal,unknown_cal,1568_R,6,False,88_R,0.8902380285849534,,
dorsal,unknown_cal,1568_R,7,False,594_R,0.9113148006317219,,
dorsal,unknown_cal,1568_R,8,False,1067_R,0.9120582973080689,,
dorsal,unknown_cal,1568_R,9,False,1540_R,0.8996860643773256,,
dorsal,unknown_cal,1568_R,10,False,1558_R,0.9104494114888493,,
dorsal,unknown_cal,1568_R,11,False,1041_R,0.8912713360114131,,
dorsal,unknown_cal,1568_R,12,False,1558_R,0.9130766733025266,,
dorsal,unknown_cal,1568_R,13,False,1041_R,0.9038315591005786,,
dorsal,unknown_cal,1568_R,14,False,1558_R,0.9068578816715289,,
dorsal,unknown_cal,1569_L,1,False,587_L,0.7908839250676492,,
dorsal,unknown_cal,1569_L,2,False,11_L,0.84551907176396,,
dorsal,unknown_cal,1569_L,3,False,11_L,0.8583860531502799,,
dorsal,unknown_cal,1569_L,4,False,11_L,0.8524331821151713,,
dorsal,unknown_cal,1569_L,5,False,86_L,0.7133022064602852,,
dorsal,unknown_cal,1569_L,6,False,86_L,0.799338578642671,,
dorsal,unknown_cal,1569_L,7,False,86_L,0.8038789567665107,,
dorsal,unknown_cal,1569_L,8,False,86_L,0.829130913858641,,
dorsal,unknown_cal,1569_L,9,False,81_L,0.8303226143762404,,
dorsal,unknown_cal,1569_L,10,False,86_L,0.8339448736570467,,
dorsal,unknown_cal,1569_L,11,False,86_L,0.7592634928968711,,
dorsal,unknown_cal,1569_L,12,False,67_L,0.8252069291841738,,
dorsal,unknown_cal,1569_R,1,False,1013_R,0.8166716404831226,,
dorsal,unknown_cal,1569_R,2,False,1013_R,0.7879397262360408,,
dorsal,unknown_cal,1569_R,3,False,1052_R,0.8226795405777898,,
dorsal,unknown_cal,1569_R,4,False,1052_R,0.8898933155774051,,
dorsal,unknown_cal,1569_R,5,False,587_R,0.8590872392755302,,
dorsal,unknown_cal,1569_R,6,False,1080_R,0.9153841566429188,,
dorsal,unknown_cal,1569_R,7,False,81_R,0.8919393591591791,,
dorsal,unknown_cal,1569_R,8,False,1080_R,0.8997514194409018,,
dorsal,unknown_cal,1569_R,9,False,1052_R,0.824478603894861,,
dorsal,unknown_cal,1569_R,10,False,1013_R,0.8311331591233031,,
dorsal,unknown_cal,1569_R,11,False,587_R,0.7943625365110353,,
dorsal,unknown_cal,1569_R,12,False,1052_R,0.8625469485846757,,
dorsal,unknown_cal,1571_L,1,False,61_L,0.8931887751282876,,
dorsal,unknown_cal,1571_L,2,False,1080_L,0.8917043846677994,,
dorsal,unknown_cal,1571_L,3,False,61_L,0.8812002794235436,,
dorsal,unknown_cal,1571_L,4,False,1549_L,0.8469489735672266,,
dorsal,unknown_cal,1571_L,5,False,1018_L,0.8622582456348427,,
dorsal,unknown_cal,1571_L,6,False,63_L,0.8632699497157224,,
dorsal,unknown_cal,1571_L,7,False,61_L,0.8515043742368436,,
dorsal,unknown_cal,1571_L,8,False,61_L,0.8738759154961202,,
dorsal,unknown_cal,1571_L,9,False,61_L,0.922063388590048,,
dorsal,unknown_cal,1571_L,10,False,61_L,0.8911465184943134,,
dorsal,unknown_cal,1571_L,11,False,1067_L,0.833950311244575,,
dorsal,unknown_cal,1571_L,12,False,1537_L,0.8996597675569665,,
dorsal,unknown_cal,1571_L,13,False,61_L,0.8889884952837215,,
dorsal,unknown_cal,1571_L,14,False,1018_L,0.8335271188603706,,
dorsal,unknown_cal,1571_L,15,False,546_L,0.8269589282919886,,
dorsal,unknown_cal,1571_L,16,False,1520_L,0.8128460395138881,,
dorsal,unknown_cal,1571_R,1,False,93_R,0.918007090021129,,
dorsal,unknown_cal,1571_R,2,False,93_R,0.9123447889302541,,
dorsal,unknown_cal,1571_R,3,False,1019_R,0.8672449514675347,,
dorsal,unknown_cal,1571_R,4,False,1510_R,0.8788559074416589,,
dorsal,unknown_cal,1571_R,5,False,1019_R,0.91474335693798,,
dorsal,unknown_cal,1571_R,6,False,63_R,0.8966274062258731,,
dorsal,unknown_cal,1571_R,7,False,1019_R,0.8962313825161926,,
dorsal,unknown_cal,1571_R,8,False,1019_R,0.8911082268692421,,
dorsal,unknown_cal,1571_R,9,False,1019_R,0.9098390481951487,,
dorsal,unknown_cal,1571_R,10,False,1504_R,0.9037641613378009,,
dorsal,unknown_cal,1579_L,1,False,1549_L,0.8137770590769493,,
dorsal,unknown_cal,1579_L,2,False,1052_L,0.8143814058559822,,
dorsal,unknown_cal,1579_L,3,False,1069_L,0.9026662453005665,,
dorsal,unknown_cal,1579_L,4,False,1069_L,0.8524404198728435,,
dorsal,unknown_cal,1579_L,5,False,1069_L,0.8616299377076124,,
dorsal,unknown_cal,1579_L,6,False,1533_L,0.8644721839492886,,
dorsal,unknown_cal,1579_L,7,False,1067_L,0.876968056311863,,
dorsal,unknown_cal,1579_R,1,False,1052_R,0.7564399070278527,,
dorsal,unknown_cal,1579_R,2,False,81_R,0.7942727561616972,,
dorsal,unknown_cal,1579_R,3,False,587_R,0.7050026162983107,,
dorsal,unknown_cal,1579_R,4,False,587_R,0.7678132177048307,,
dorsal,unknown_cal,1579_R,5,False,587_R,0.7990734210392632,,
dorsal,unknown_cal,1579_R,6,False,587_R,0.8124868181670719,,
dorsal,unknown_cal,1579_R,7,False,587_R,0.8516456510250376,,
dorsal,unknown_cal,1579_R,8,False,1081_R,0.8623825282417573,,
dorsal,unknown_cal,1579_R,9,False,1067_R,0.8387775334345664,,
dorsal,unknown_cal,1579_R,10,False,11_R,0.8520689205206975,,
dorsal,unknown_cal,1587_L,1,False,573_L,0.908468637219036,,
dorsal,unknown_cal,1587_L,2,False,1052_L,0.8169971110065906,,
dorsal,unknown_cal,1587_L,3,False,1052_L,0.8525301395766747,,
dorsal,unknown_cal,1587_L,4,False,1030_L,0.9330671542157638,,
dorsal,unknown_cal,1587_L,5,False,573_L,0.9370272287159965,,
dorsal,unknown_cal,1587_L,6,False,573_L,0.9166681701274492,,
dorsal,unknown_cal,1587_L,7,False,1558_L,0.9124465621100893,,
dorsal,unknown_cal,1587_L,8,False,1558_L,0.9229923078350204,,
dorsal,unknown_cal,1587_L,9,False,1558_L,0.8700040812829737,,
dorsal,unknown_cal,1587_L,10,False,1051_L,0.8725100344840669,,
dorsal,unknown_cal,1587_L,11,False,1051_L,0.8376403421282692,,
dorsal,unknown_cal,1587_L,12,False,1051_L,0.8973641837092656,,
dorsal,unknown_cal,1587_L,13,False,1536_L,0.8745927589291331,,
dorsal,unknown_cal,1587_L,14,False,1028_L,0.877743429592595,,
dorsal,unknown_cal,1587_L,15,False,1558_L,0.8929158861961073,,
dorsal,unknown_cal,1587_L,16,False,1558_L,0.8899137608313343,,
dorsal,unknown_cal,1587_L,17,False,1558_L,0.9122514015907157,,
dorsal,unknown_cal,1587_L,18,False,1558_L,0.8988060508338627,,
dorsal,unknown_cal,1587_R,1,False,1558_R,0.8959965453321478,,
dorsal,unknown_cal,1587_R,2,False,587_R,0.8460879287104628,,
dorsal,unknown_cal,1587_R,3,False,1513_R,0.8539456214780651,,
dorsal,unknown_cal,1587_R,4,False,1536_R,0.934388057646026,,
dorsal,unknown_cal,1587_R,5,False,1009_R,0.8871831077656569,,
dorsal,unknown_cal,1587_R,6,False,1536_R,0.8977102232610659,,
dorsal,unknown_cal,1587_R,7,False,1060_R,0.8894545426000255,,
dorsal,unknown_cal,1587_R,8,False,1009_R,0.8492017359378592,,
dorsal,unknown_cal,1587_R,9,False,1060_R,0.8811724708866455,,
dorsal,unknown_cal,1587_R,10,False,1009_R,0.8788219918167921,,
dorsal,unknown_cal,1587_R,11,False,1037_R,0.8859842453625498,,
dorsal,unknown_cal,1587_R,12,False,1558_R,0.9165928083112418,,
dorsal,unknown_cal,1587_R,13,False,1513_R,0.8850951570598653,,
dorsal,unknown_cal,1587_R,14,False,1536_R,0.945959690964157,,
dorsal,unknown_cal,1587_R,15,False,1536_R,0.8907239288548691,,
dorsal,unknown_cal,1593_L,1,False,1560_L,0.8712631629575254,,
dorsal,unknown_cal,1593_L,2,False,61_L,0.8213500476911721,,
dorsal,unknown_cal,1593_L,3,False,13_L,0.7999429528540867,,
dorsal,unknown_cal,1593_L,4,False,559_L,0.8365058986945257,,
dorsal,unknown_cal,1593_L,5,False,1067_L,0.869034372876401,,
dorsal,unknown_cal,1593_L,6,False,1011_L,0.8208276937283024,,
dorsal,unknown_cal,1593_R,1,False,1080_R,0.8875561333630986,,
dorsal,unknown_cal,1593_R,2,False,1060_R,0.8879406399813314,,
dorsal,unknown_cal,1593_R,3,False,1080_R,0.8667535694221701,,
dorsal,unknown_cal,1593_R,4,False,1540_R,0.8697655149631824,,
dorsal,unknown_cal,1593_R,5,False,1052_R,0.740673243936283,,
dorsal,unknown_cal,1593_R,6,False,1558_R,0.9044475009253234,,
dorsal,unknown_cal,5000000_L,1,False,1513_L,0.9221997127731878,,
dorsal,unknown_cal,5000000_L,2,False,1075_L,0.9286806564216157,,
dorsal,unknown_cal,5000000_L,3,False,1030_L,0.9270885428794111,,
dorsal,unknown_cal,5000000_L,4,False,1030_L,0.9258041652985587,,
dorsal,unknown_cal,5000000_L,5,False,93_L,0.9308176883170878,,
dorsal,unknown_cal,5000000_R,1,False,1558_R,0.9042579088614141,,
dorsal,unknown_cal,5000000_R,2,False,1558_R,0.9290509685784156,,
dorsal,unknown_cal,5000000_R,3,False,1558_R,0.9306424921829056,,
dorsal,unknown_cal,5000000_R,4,False,1558_R,0.9283394752214865,,
dorsal,unknown_cal,5000000_R,5,False,1558_R,0.9246073582367393,,
dorsal,unknown_cal,5000000_R,6,False,1558_R,0.920511601994243,,
dorsal,unknown_cal,5000000_R,7,False,1558_R,0.910224998615011,,
dorsal,unknown_cal,5000000_R,8,False,1051_R,0.911263073029974,,
dorsal,unknown_cal,5000000_R,9,False,1536_R,0.9162899875940851,,
dorsal,unknown_cal,5000000_R,10,False,1536_R,0.9160898272439246,,
dorsal,unknown_cal,5000000_R,11,False,1011_R,0.9212402462852478,,
dorsal,unknown_cal,5000000_R,12,False,1060_R,0.917985119799237,,
dorsal,unknown_cal,541_L,1,False,572_L,0.9362222602129822,,
dorsal,unknown_cal,541_L,2,False,546_L,0.9380156167769313,,
dorsal,unknown_cal,541_L,3,False,572_L,0.9349804506864592,,
dorsal,unknown_cal,541_L,4,False,572_L,0.9414323541780738,,
dorsal,unknown_cal,541_L,5,False,1510_L,0.9297248799562389,,
dorsal,unknown_cal,541_L,6,False,1510_L,0.9506666753492101,,
dorsal,unknown_cal,541_L,7,False,572_L,0.937455614264483,,
dorsal,unknown_cal,541_L,8,False,1026_L,0.9305577343721354,,
dorsal,unknown_cal,541_L,9,False,1529_L,0.9325761428159476,,
dorsal,unknown_cal,541_L,10,False,1529_L,0.9282489479804252,,
dorsal,unknown_cal,541_L,11,False,1026_L,0.9180367856860061,,
dorsal,unknown_cal,541_R,1,False,572_R,0.9220518306195599,,
dorsal,unknown_cal,541_R,2,False,546_R,0.9285428049994947,,
dorsal,unknown_cal,541_R,3,False,67_R,0.8884325654544464,,
dorsal,unknown_cal,541_R,4,False,1537_R,0.9199004886850738,,
dorsal,unknown_cal,541_R,5,False,1026_R,0.9239993779531324,,
dorsal,unknown_cal,541_R,6,False,1026_R,0.9221568613803034,,
dorsal,unknown_cal,541_R,7,False,1529_R,0.9404621546520514,,
dorsal,unknown_cal,541_R,8,False,546_R,0.9459157410695569,,
dorsal,unknown_cal,541_R,9,False,1529_R,0.9388233089078282,,
dorsal,unknown_cal,541_R,10,False,1019_R,0.9410525742360789,,
dorsal,unknown_cal,541_R,11,False,1504_R,0.9106682023843501,,
dorsal,unknown_cal,541_R,12,False,1013_R,0.8929807114130284,,
dorsal,unknown_cal,541_R,13,False,1013_R,0.8504276070473794,,
dorsal,unknown_cal,570_L,1,False,543_L,0.9209984727238156,,
dorsal,unknown_cal,570_L,2,False,1510_L,0.8787876747264333,,
dorsal,unknown_cal,570_L,3,False,1510_L,0.866043028754576,,
dorsal,unknown_cal,570_R,1,False,1532_R,0.8547885662957038,,
dorsal,unknown_cal,570_R,2,False,1532_R,0.8453245088472126,,
dorsal,unknown_cal,570_R,3,False,1011_R,0.8938987464604368,,
dorsal,unknown_cal,570_R,4,False,1520_R,0.8708310320637471,,
dorsal,unknown_cal,570_R,5,False,13_R,0.8952768343774609,,
dorsal,unknown_cal,571_L,1,False,1052_L,0.9192107635367028,,
dorsal,unknown_cal,571_L,2,False,1052_L,0.8901178781808179,,
dorsal,unknown_cal,571_L,3,False,1513_L,0.9040614867265229,,
dorsal,unknown_cal,571_L,4,False,1052_L,0.9227767944533836,,
dorsal,unknown_cal,571_L,5,False,88_L,0.9343495330090119,,
dorsal,unknown_cal,571_L,6,False,1552_L,0.8437838837237187,,
dorsal,unknown_cal,571_L,7,False,559_L,0.817949186979668,,
dorsal,unknown_cal,571_L,8,False,1000000_L,0.7016158231809903,,
dorsal,unknown_cal,571_R,1,False,587_R,0.8820894863806996,,
dorsal,unknown_cal,571_R,2,False,587_R,0.881341768299372,,
dorsal,unknown_cal,571_R,3,False,1051_R,0.9214908322994164,,
dorsal,unknown_cal,571_R,4,False,1537_R,0.89895651023782,,
dorsal,unknown_cal,571_R,5,False,573_R,0.9185590259908835,,
dorsal,unknown_cal,571_R,6,False,573_R,0.9168083266041904,,
dorsal,unknown_cal,571_R,7,False,1529_R,0.9336304672053849,,
dorsal,unknown_cal,571_R,8,False,1540_R,0.9391780219785772,,
dorsal,unknown_cal,571_R,9,False,88_R,0.9292868404795319,,
dorsal,unknown_cal,571_R,10,False,88_R,0.9335431521798117,,
dorsal,unknown_cal,571_R,11,False,88_R,0.9176816529043239,,
dorsal,unknown_cal,581_L,1,False,1014_L,0.9193903853938944,,
dorsal,unknown_cal,581_L,2,False,1037_L,0.8872208621994915,,
dorsal,unknown_cal,581_L,3,False,1061_L,0.9041545319331619,,
dorsal,unknown_cal,581_L,4,False,1061_L,0.9101410983936414,,
dorsal,unknown_cal,581_L,5,False,1510_L,0.9167853443602503,,
dorsal,unknown_cal,581_L,6,False,1510_L,0.8992157050723277,,
dorsal,unknown_cal,581_L,7,False,1510_L,0.8760069066522121,,
dorsal,unknown_cal,581_L,8,False,1510_L,0.8882893850054767,,
dorsal,unknown_cal,581_L,9,False,1510_L,0.8798437966755168,,
dorsal,unknown_cal,581_L,10,False,1510_L,0.8927450042942385,,
dorsal,unknown_cal,581_R,1,False,13_R,0.8015963533813937,,
dorsal,unknown_cal,581_R,2,False,1003_R,0.8448941699853368,,
dorsal,unknown_cal,581_R,3,False,595_R,0.8658497881729431,,
dorsal,unknown_cal,581_R,4,False,1003_R,0.8849763482565915,,
dorsal,unknown_cal,581_R,5,False,594_R,0.887964690823356,,
dorsal,unknown_cal,581_R,6,False,88_R,0.8626082147835747,,
dorsal,unknown_cal,581_R,7,False,88_R,0.8909357477025521,,
dorsal,unknown_cal,581_R,8,False,1552_R,0.9018346520529595,,
dorsal,unknown_cal,586_L,1,False,1532_L,0.9572599240784185,,
dorsal,unknown_cal,586_L,2,False,1532_L,0.8987395527058266,,
dorsal,unknown_cal,586_L,3,False,1532_L,0.9275409798109324,,
dorsal,unknown_cal,586_L,4,False,1532_L,0.9370788509712211,,
dorsal,unknown_cal,586_L,5,False,1525_L,0.8725616575304787,,
dorsal,unknown_cal,586_L,6,False,1532_L,0.9281664568722141,,
dorsal,unknown_cal,586_L,7,False,1026_L,0.8859406465499898,,
dorsal,unknown_cal,586_L,8,False,1510_L,0.9287331554039668,,
dorsal,unknown_cal,586_L,9,False,1529_L,0.9185504385900084,,
dorsal,unknown_cal,586_L,10,False,1510_L,0.9388581827426403,,
dorsal,unknown_cal,586_L,11,False,1510_L,0.931020310749714,,
dorsal,unknown_cal,586_L,12,False,1061_L,0.9183259854361325,,
dorsal,unknown_cal,586_R,1,False,1019_R,0.8825331720156698,,
dorsal,unknown_cal,586_R,2,False,1019_R,0.889998937105072,,
dorsal,unknown_cal,586_R,3,False,1019_R,0.9398907037683157,,
dorsal,unknown_cal,586_R,4,False,1019_R,0.8770006941769254,,
dorsal,unknown_cal,586_R,5,False,63_R,0.891095591473829,,
dorsal,unknown_cal,586_R,6,False,1019_R,0.8951884341247521,,
dorsal,unknown_cal,586_R,7,False,1061_R,0.8435895091349583,,
dorsal,unknown_cal,586_R,8,False,1585_R,0.8977794590540678,,
dorsal,unknown_cal,586_R,9,False,1019_R,0.8994852755068337,,
dorsal,unknown_cal,586_R,10,False,1019_R,0.8966767381684022,,
dorsal,unknown_cal,586_R,11,False,1061_R,0.8963146559408308,,
dorsal,unknown_cal,586_R,12,False,1019_R,0.8574247693640178,,
dorsal,unknown_cal,586_R,13,False,63_R,0.8850110227070869,,
dorsal,unknown_cal,586_R,14,False,1019_R,0.8793152458747941,,
dorsal,unknown_cal,586_R,15,False,1510_R,0.87675452896112,,
dorsal,unknown_cal,586_R,16,False,1019_R,0.928148121698109,,
dorsal,unknown_cal,586_R,17,False,1019_R,0.929930038037734,,
dorsal,unknown_cal,586_R,18,False,1019_R,0.9106674600073691,,
dorsal,unknown_cal,586_R,19,False,1019_R,0.8910958123059842,,
dorsal,unknown_cal,586_R,20,False,10_R,0.9027935285633523,,
dorsal,unknown_cal,588_L,1,False,1013_L,0.9284118514818335,,
dorsal,unknown_cal,588_L,2,False,6000000_L,0.9077837171477134,,
dorsal,unknown_cal,588_L,3,False,1013_L,0.925396183459477,,
dorsal,unknown_cal,588_L,4,False,1052_L,0.8549079887263027,,
dorsal,unknown_cal,588_L,5,False,1052_L,0.8344668256708432,,
dorsal,unknown_cal,588_L,6,False,1052_L,0.8440443117297268,,
dorsal,unknown_cal,588_L,7,False,1052_L,0.8955218619421565,,
dorsal,unknown_cal,588_L,8,False,1026_L,0.9287776757735331,,
dorsal,unknown_cal,588_L,9,False,1013_L,0.9001932385092647,,
dorsal,unknown_cal,588_L,10,False,1558_L,0.9231953085683382,,
dorsal,unknown_cal,588_L,11,False,587_L,0.9134684213061526,,
dorsal,unknown_cal,588_L,12,False,1013_L,0.9001628269454237,,
dorsal,unknown_cal,588_R,1,False,1540_R,0.9304537804907295,,
dorsal,unknown_cal,588_R,2,False,1033_R,0.9228376554537223,,
dorsal,unknown_cal,588_R,3,False,587_R,0.9373307229836231,,
dorsal,unknown_cal,588_R,4,False,1585_R,0.9027597655293522,,
dorsal,unknown_cal,588_R,5,False,1014_R,0.9137978163787028,,
dorsal,unknown_cal,596_L,1,False,1052_L,0.8824333573636587,,
dorsal,unknown_cal,596_L,2,False,1052_L,0.8916026920813825,,
dorsal,unknown_cal,596_L,3,False,1052_L,0.90226188475709,,
dorsal,unknown_cal,596_L,4,False,1052_L,0.8819618787841064,,
dorsal,unknown_cal,596_L,5,False,572_L,0.9018318500149637,,
dorsal,unknown_cal,596_L,6,False,1540_L,0.9030679556329955,,
dorsal,unknown_cal,596_L,7,False,1000000_L,0.8323829887873737,,
dorsal,unknown_cal,596_L,8,False,10_L,0.8735715335853791,,
dorsal,unknown_cal,596_L,9,False,10_L,0.8970118503458637,,
dorsal,unknown_cal,596_L,10,False,0_L,0.90572150384081,,
dorsal,unknown_cal,596_L,11,False,0_L,0.8978989553694604,,
dorsal,unknown_cal,596_L,12,False,0_L,0.8995855748332315,,
dorsal,unknown_cal,596_L,13,False,0_L,0.9128632525877718,,
dorsal,unknown_cal,596_R,1,False,1019_R,0.9244478865418753,,
dorsal,unknown_cal,596_R,2,False,1013_R,0.7951227318164498,,
dorsal,unknown_cal,596_R,3,False,10_R,0.9097972226013926,,
dorsal,unknown_cal,596_R,4,False,10_R,0.8945811447944425,,
dorsal,unknown_cal,596_R,5,False,1061_R,0.8994270622910915,,
dorsal,unknown_cal,596_R,6,False,1019_R,0.9034536725824525,,
dorsal,unknown_cal,596_R,7,False,1019_R,0.9253060169762284,,
dorsal,unknown_cal,596_R,8,False,10_R,0.8948426846458013,,
dorsal,unknown_cal,596_R,9,False,1019_R,0.9194457190214895,,
dorsal,unknown_cal,596_R,10,False,10_R,0.9306795184112893,,
dorsal,unknown_cal,596_R,11,False,1019_R,0.9348081089192853,,
dorsal,unknown_cal,596_R,12,False,1019_R,0.9346633484075795,,
dorsal,unknown_cal,596_R,13,False,1019_R,0.9270512515649482,,
dorsal,unknown_cal,596_R,14,False,1080_R,0.9073797931186202,,
dorsal,unknown_cal,596_R,15,False,10_R,0.9268272621424358,,
dorsal,unknown_cal,596_R,16,False,1019_R,0.9028749423905813,,
dorsal,unknown_cal,596_R,17,False,1019_R,0.9374027222637313,,
dorsal,unknown_cal,596_R,18,False,1019_R,0.8866333385830157,,
dorsal,unknown_cal,596_R,19,False,1061_R,0.8798958672429387,,
dorsal,unknown_cal,596_R,20,False,1019_R,0.8725745837291459,,
dorsal,unknown_cal,596_R,21,False,1033_R,0.884551596348929,,
dorsal,unknown_cal,596_R,22,False,1540_R,0.8775511064345336,,
dorsal,unknown_cal,596_R,23,False,1024_R,0.8918525826824686,,
dorsal,unknown_cal,596_R,24,False,1024_R,0.8889893111319394,,
dorsal,unknown_cal,62_L,1,False,1050_L,0.933637621179654,,
dorsal,unknown_cal,62_L,2,False,594_L,0.9010980066943985,,
dorsal,unknown_cal,62_L,3,False,67_L,0.9007013703253652,,
dorsal,unknown_cal,62_L,4,False,1080_L,0.9243730119662728,,
dorsal,unknown_cal,62_L,5,False,0_L,0.911411295921272,,
dorsal,unknown_cal,62_L,6,False,1558_L,0.9160503940998588,,
dorsal,unknown_cal,62_L,7,False,573_L,0.9046060873193467,,
dorsal,unknown_cal,62_R,1,False,13_R,0.7485380832359481,,
dorsal,unknown_cal,62_R,2,False,1510_R,0.8593600131235739,,
dorsal,unknown_cal,62_R,3,False,10_R,0.8788533133890648,,
dorsal,unknown_cal,62_R,4,False,10_R,0.9083728351556554,,
dorsal,unknown_cal,62_R,5,False,1009_R,0.785736652174103,,
dorsal,unknown_cal,62_R,6,False,13_R,0.7679129427097862,,
dorsal,unknown_cal,66_L,1,False,1558_L,0.9161147413177788,,
dorsal,unknown_cal,66_L,2,False,1558_L,0.9031018789338314,,
dorsal,unknown_cal,66_L,3,False,1558_L,0.8886487365714122,,
dorsal,unknown_cal,66_L,4,False,1558_L,0.8690997726812075,,
dorsal,unknown_cal,66_L,5,False,1558_L,0.8522951618170931,,
dorsal,unknown_cal,66_L,6,False,573_L,0.8632892701505579,,
dorsal,unknown_cal,66_L,7,False,1558_L,0.8830084250595749,,
dorsal,unknown_cal,66_L,8,False,1558_L,0.9012789881672177,,
dorsal,unknown_cal,66_L,9,False,1594_L,0.8075762080562161,,
dorsal,unknown_cal,66_L,10,False,1536_L,0.8376095728630162,,
dorsal,unknown_cal,66_L,11,False,1000000_L,0.7838905243018588,,
dorsal,unknown_cal,66_R,1,False,1003_R,0.9193527757094273,,
dorsal,unknown_cal,66_R,2,False,573_R,0.906440634352331,,
dorsal,unknown_cal,66_R,3,False,1100000_R,0.9222082926699751,,
dorsal,unknown_cal,66_R,4,False,573_R,0.9059697031571029,,
dorsal,unknown_cal,66_R,5,False,587_R,0.8778236523591803,,
dorsal,unknown_cal,66_R,6,False,587_R,0.8610714801077519,,
dorsal,unknown_cal,66_R,7,False,1100000_R,0.8680288662971305,,
dorsal,unknown_cal,66_R,8,False,1100000_R,0.8851758452280332,,
dorsal,unknown_cal,66_R,9,False,1594_R,0.881740237138745,,
dorsal,unknown_cal,66_R,10,False,1589_R,0.850217396386344,,
dorsal,unknown_cal,84_L,1,False,1075_L,0.9164150344890083,,
dorsal,unknown_cal,84_L,2,False,1075_L,0.9232602376748302,,
dorsal,unknown_cal,84_L,3,False,1075_L,0.9127427980319485,,
dorsal,unknown_cal,84_L,4,False,1075_L,0.9206162763336347,,
dorsal,unknown_cal,84_L,5,False,1589_L,0.8893286094631023,,
dorsal,unknown_cal,84_L,6,False,1052_L,0.8480330001066073,,
dorsal,unknown_cal,84_L,7,False,1525_L,0.8445908238293772,,
dorsal,unknown_cal,84_L,8,False,1589_L,0.7853270697466669,,
dorsal,unknown_cal,84_L,9,False,1589_L,0.8483656149920524,,
dorsal,unknown_cal,84_L,10,False,1558_L,0.8913007138846427,,
dorsal,unknown_cal,84_L,11,False,573_L,0.9260453154147337,,
dorsal,unknown_cal,84_L,12,False,1552_L,0.8143918345275385,,
dorsal,unknown_cal,84_L,13,False,1003_L,0.657544704911269,,
dorsal,unknown_cal,84_L,14,False,1552_L,0.7043252112887837,,
dorsal,unknown_cal,84_L,15,False,1552_L,0.6996703118936193,,
dorsal,unknown_cal,84_L,16,False,1003_L,0.7508166400403262,,
dorsal,unknown_cal,84_L,17,False,1552_L,0.8045528241770499,,
dorsal,unknown_cal,84_L,18,False,1552_L,0.8004960755981056,,
dorsal,unknown_cal,84_L,19,False,1552_L,0.766470920601872,,
dorsal,unknown_cal,84_L,20,False,1552_L,0.794733608502458,,
dorsal,unknown_cal,84_L,21,False,1552_L,0.8417444616661675,,
dorsal,unknown_cal,84_L,22,False,1552_L,0.803002863918642,,
dorsal,unknown_cal,84_L,23,False,1552_L,0.798308418558423,,
dorsal,unknown_cal,84_L,24,False,1552_L,0.819858410318318,,
dorsal,unknown_cal,84_L,25,False,1552_L,0.8464464712348236,,
dorsal,unknown_cal,84_R,1,False,1537_R,0.9084113864748584,,
dorsal,unknown_cal,84_R,2,False,573_R,0.9105866897774532,,
dorsal,unknown_cal,84_R,3,False,1003_R,0.9205053479426484,,
dorsal,unknown_cal,84_R,4,False,1003_R,0.9034761784730692,,
dorsal,unknown_cal,84_R,5,False,1075_R,0.9245634926489013,,
dorsal,unknown_cal,84_R,6,False,1537_R,0.8937340211074614,,
dorsal,unknown_cal,84_R,7,False,1075_R,0.9161221672445062,,
dorsal,unknown_cal,84_R,8,False,573_R,0.8876339197544358,,
dorsal,unknown_cal,84_R,9,False,1003_R,0.9283769102771853,,
dorsal,unknown_cal,84_R,10,False,1003_R,0.9156429398702988,,
dorsal,unknown_cal,84_R,11,False,1009_R,0.8852853830359233,,
dorsal,unknown_cal,84_R,12,False,1000000_R,0.8439201775355945,,
dorsal,unknown_cal,84_R,13,False,1009_R,0.796563336774049,,
dorsal,unknown_cal,84_R,14,False,1000000_R,0.7733589628634991,,
dorsal,unknown_cal,84_R,15,False,1000000_R,0.8041559315931126,,
dorsal,unknown_cal,9000000_L,1,False,1000000_L,0.8452621760814459,,
dorsal,unknown_cal,9000000_L,2,False,1520_L,0.7685459520279727,,
dorsal,unknown_cal,9000000_L,3,False,1000000_L,0.8237534742148851,,
dorsal,unknown_cal,9000000_L,4,False,1093_L,0.8640207416689849,,
dorsal,unknown_cal,9000000_L,5,False,1093_L,0.8703966524966298,,
dorsal,unknown_cal,9000000_L,6,False,67_L,0.9143650487215135,,
dorsal,unknown_cal,9000000_L,7,False,1520_L,0.8056610045759991,,
dorsal,unknown_cal,9000000_R,1,False,88_R,0.8549670026849887,,
dorsal,unknown_cal,9000000_R,2,False,1594_R,0.839432296835797,,
dorsal,unknown_cal,9000000_R,3,False,8000000_R,0.8136551181812048,,
dorsal,unknown_cal,9000000_R,4,False,1536_R,0.9235942911937302,,
dorsal,unknown_cal,9000000_R,5,False,1536_R,0.9394605959532465,,
dorsal,unknown_cal,9000000_R,6,False,1536_R,0.930823547186737,,
dorsal,unknown_cal,9000000_R,7,False,1051_R,0.9040153115049254,,
dorsal,unknown_cal,9000000_R,8,False,1536_R,0.9348117024399548,,
dorsal,unknown_cal,9000000_R,9,False,1536_R,0.9413009614001576,,
dorsal,unknown_cal,9000000_R,10,False,1536_R,0.9272306464378571,,
dorsal,unknown_cal,9000000_R,11,False,1536_R,0.912933912655807,,
dorsal,unknown_cal,9000000_R,12,False,1536_R,0.9111076099088706,,
dorsal,unknown_cal,9000000_R,13,False,1552_R,0.8971085836611534,,
dorsal,unknown_cal,9000000_R,14,False,1552_R,0.8289404731120502,,
dorsal,unknown_cal,9000000_R,15,False,88_R,0.8923059406277141,,
dorsal,unknown_test,1005_L,1,False,573_L,0.8740366972097694,,
dorsal,unknown_test,1005_L,2,False,1200000_L,0.8852333670796932,,
dorsal,unknown_test,1005_L,3,False,1028_L,0.8981465744215487,,
dorsal,unknown_test,1005_L,4,False,1030_L,0.8945998756482695,,
dorsal,unknown_test,1005_L,5,False,1028_L,0.8830647932524576,,
dorsal,unknown_test,1005_L,6,False,1028_L,0.9002934774936542,,
dorsal,unknown_test,1005_L,7,False,1536_L,0.7612426792311456,,
dorsal,unknown_test,1005_L,8,False,1552_L,0.7447939128694332,,
dorsal,unknown_test,1005_L,9,False,1003_L,0.7417945444522074,,
dorsal,unknown_test,1005_L,10,False,1003_L,0.7298954536242308,,
dorsal,unknown_test,1005_L,11,False,1003_L,0.7194420428489083,,
dorsal,unknown_test,1005_R,1,False,1200000_R,0.8973069693949206,,
dorsal,unknown_test,1005_R,2,False,1200000_R,0.927992780037344,,
dorsal,unknown_test,1005_R,3,False,1536_R,0.927924408453976,,
dorsal,unknown_test,1005_R,4,False,1552_R,0.9104878116817297,,
dorsal,unknown_test,1005_R,5,False,1552_R,0.8694367070484479,,
dorsal,unknown_test,1005_R,6,False,1069_R,0.8845675540243332,,
dorsal,unknown_test,1005_R,7,False,1060_R,0.9100013863637169,,
dorsal,unknown_test,1005_R,8,False,587_R,0.8271592926234829,,
dorsal,unknown_test,1005_R,9,False,1200000_R,0.9086401771719981,,
dorsal,unknown_test,1005_R,10,False,1200000_R,0.9045169375761741,,
dorsal,unknown_test,1005_R,11,False,1060_R,0.9165876273536084,,
dorsal,unknown_test,1005_R,12,False,1060_R,0.8784810559233642,,
dorsal,unknown_test,1008_L,1,False,1024_L,0.8071899956380795,,
dorsal,unknown_test,1008_L,2,False,86_L,0.8045959209153374,,
dorsal,unknown_test,1008_L,3,False,1074_L,0.8994511976180131,,
dorsal,unknown_test,1008_L,4,False,1024_L,0.755470729872765,,
dorsal,unknown_test,1008_L,5,False,1081_L,0.8664405859799463,,
dorsal,unknown_test,1008_L,6,False,1028_L,0.8626133631227041,,
dorsal,unknown_test,1008_R,1,False,10_R,0.9000361853001784,,
dorsal,unknown_test,1008_R,2,False,1552_R,0.8667426962272218,,
dorsal,unknown_test,1008_R,3,False,1080_R,0.869639120946931,,
dorsal,unknown_test,1008_R,4,False,1552_R,0.8837760285768788,,
dorsal,unknown_test,1008_R,5,False,1558_R,0.9107162218599255,,
dorsal,unknown_test,1021_L,1,False,1052_L,0.9104488200466518,,
dorsal,unknown_test,1021_L,2,False,1052_L,0.8830294760375166,,
dorsal,unknown_test,1021_L,3,False,1052_L,0.7082466322203878,,
dorsal,unknown_test,1021_L,4,False,1052_L,0.8758534009629533,,
dorsal,unknown_test,1021_L,5,False,1052_L,0.8542793288966297,,
dorsal,unknown_test,1021_L,6,False,1052_L,0.9078787614083565,,
dorsal,unknown_test,1021_L,7,False,1052_L,0.8849235654288141,,
dorsal,unknown_test,1021_L,8,False,1052_L,0.921244562425751,,
dorsal,unknown_test,1021_L,9,False,1529_L,0.9339333379666725,,
dorsal,unknown_test,1021_L,10,False,1529_L,0.9337286573360137,,
dorsal,unknown_test,1021_L,11,False,1529_L,0.9308260869526988,,
dorsal,unknown_test,1021_L,12,False,1529_L,0.9363892142908707,,
dorsal,unknown_test,1021_L,13,False,1529_L,0.9323237347386897,,
dorsal,unknown_test,1021_L,14,False,1051_L,0.9168463888115235,,
dorsal,unknown_test,1021_L,15,False,1529_L,0.9250020114480078,,
dorsal,unknown_test,1021_L,16,False,1529_L,0.9279574337022318,,
dorsal,unknown_test,1021_L,17,False,1026_L,0.8899956878233353,,
dorsal,unknown_test,1021_L,18,False,1052_L,0.9052437768842763,,
dorsal,unknown_test,1021_R,1,False,587_R,0.8283851063852468,,
dorsal,unknown_test,1021_R,2,False,587_R,0.862397229339151,,
dorsal,unknown_test,1021_R,3,False,573_R,0.8901513432694073,,
dorsal,unknown_test,1021_R,4,False,1513_R,0.9122919133797264,,
dorsal,unknown_test,1021_R,5,False,1513_R,0.9348230966862631,,
dorsal,unknown_test,1021_R,6,False,1558_R,0.9050297881911195,,
dorsal,unknown_test,1021_R,7,False,587_R,0.83483148329718,,
dorsal,unknown_test,1023_L,1,False,8_L,0.8291700231156958,,
dorsal,unknown_test,1023_L,2,False,8_L,0.8987461151500349,,
dorsal,unknown_test,1023_L,3,False,1074_L,0.8770465722185796,,
dorsal,unknown_test,1023_L,4,False,1080_L,0.8643846325322789,,
dorsal,unknown_test,1023_L,5,False,1585_L,0.8670946322905417,,
dorsal,unknown_test,1023_L,6,False,1585_L,0.8865029265402693,,
dorsal,unknown_test,1023_L,7,False,1051_L,0.8754219677636007,,
dorsal,unknown_test,1023_R,1,False,576_R,0.8996634465316197,,
dorsal,unknown_test,1023_R,2,False,576_R,0.9071185474203183,,
dorsal,unknown_test,1023_R,3,False,1033_R,0.8922863258906474,,
dorsal,unknown_test,1023_R,4,False,576_R,0.8945278198869011,,
dorsal,unknown_test,1023_R,5,False,594_R,0.8947490896755721,,
dorsal,unknown_test,1023_R,6,False,594_R,0.9164598146977161,,
dorsal,unknown_test,1023_R,7,False,594_R,0.887315811782122,,
dorsal,unknown_test,1023_R,8,False,594_R,0.8919048441467993,,
dorsal,unknown_test,1034_L,1,False,13_L,0.8966980945563743,,
dorsal,unknown_test,1034_L,2,False,13_L,0.8499523987665747,,
dorsal,unknown_test,1034_L,3,False,8_L,0.8904240269953656,,
dorsal,unknown_test,1034_L,4,False,13_L,0.8745436871023169,,
dorsal,unknown_test,1034_L,5,False,13_L,0.8335181584933347,,
dorsal,unknown_test,1034_L,6,False,1074_L,0.8986759193084035,,
dorsal,unknown_test,1034_L,7,False,1074_L,0.8420530887048617,,
dorsal,unknown_test,1034_L,8,False,1560_L,0.8986399668030451,,
dorsal,unknown_test,1034_L,9,False,1560_L,0.8255416941300142,,
dorsal,unknown_test,1034_L,10,False,1074_L,0.8542745488512593,,
dorsal,unknown_test,1034_L,11,False,1537_L,0.9014595084039374,,
dorsal,unknown_test,1034_L,12,False,1537_L,0.8954059771540752,,
dorsal,unknown_test,1034_L,13,False,1537_L,0.8945379358169763,,
dorsal,unknown_test,1034_L,14,False,1560_L,0.8790457667749056,,
dorsal,unknown_test,1034_L,15,False,1560_L,0.9120125122936105,,
dorsal,unknown_test,1034_L,16,False,1560_L,0.898875137748878,,
dorsal,unknown_test,1034_L,17,False,1560_L,0.8713813156848365,,
dorsal,unknown_test,1034_L,18,False,1560_L,0.8912746011080916,,
dorsal,unknown_test,1034_L,19,False,1537_L,0.8659070377993848,,
dorsal,unknown_test,1034_L,20,False,1560_L,0.8851029390264771,,
dorsal,unknown_test,1034_L,21,False,13_L,0.8244345187577906,,
dorsal,unknown_test,1034_L,22,False,13_L,0.8351384221396332,,
dorsal,unknown_test,1034_L,23,False,1537_L,0.8221143912920409,,
dorsal,unknown_test,1034_R,1,False,88_R,0.8267343219342447,,
dorsal,unknown_test,1034_R,2,False,1549_R,0.8537210413578136,,
dorsal,unknown_test,1034_R,3,False,1549_R,0.7876817571464536,,
dorsal,unknown_test,1034_R,4,False,1018_R,0.8159233297547446,,
dorsal,unknown_test,1034_R,5,False,1067_R,0.8277654488631394,,
dorsal,unknown_test,1034_R,6,False,88_R,0.8352433457151663,,
dorsal,unknown_test,1034_R,7,False,88_R,0.8390348183487333,,
dorsal,unknown_test,1034_R,8,False,1067_R,0.8416494071317273,,
dorsal,unknown_test,1034_R,9,False,1067_R,0.845151181755255,,
dorsal,unknown_test,1034_R,10,False,88_R,0.8217085588990627,,
dorsal,unknown_test,1034_R,11,False,1589_R,0.8292624066832377,,
dorsal,unknown_test,1034_R,12,False,88_R,0.8275634648291289,,
dorsal,unknown_test,1034_R,13,False,1589_R,0.8250149236457893,,
dorsal,unknown_test,1034_R,14,False,88_R,0.8569091480464177,,
dorsal,unknown_test,1034_R,15,False,88_R,0.8581097618750507,,
dorsal,unknown_test,1034_R,16,False,88_R,0.8357134976100514,,
dorsal,unknown_test,1034_R,17,False,1589_R,0.8643951087263231,,
dorsal,unknown_test,1034_R,18,False,1549_R,0.7997194898803572,,
dorsal,unknown_test,1034_R,19,False,1549_R,0.7589172209052055,,
dorsal,unknown_test,1034_R,20,False,1549_R,0.8084495236837923,,
dorsal,unknown_test,1034_R,21,False,1549_R,0.8256933613107897,,
dorsal,unknown_test,1036_L,1,False,61_L,0.9128621010451258,,
dorsal,unknown_test,1036_L,2,False,546_L,0.927908293306221,,
dorsal,unknown_test,1036_L,3,False,1018_L,0.9208048908739934,,
dorsal,unknown_test,1036_L,4,False,63_L,0.9161985924279583,,
dorsal,unknown_test,1036_L,5,False,61_L,0.9285845196178483,,
dorsal,unknown_test,1036_L,6,False,1093_L,0.89219642595795,,
dorsal,unknown_test,1036_L,7,False,1093_L,0.8868311194985962,,
dorsal,unknown_test,1036_L,8,False,1093_L,0.8896090558124936,,
dorsal,unknown_test,1036_L,9,False,1093_L,0.8803991516842524,,
dorsal,unknown_test,1036_L,10,False,1026_L,0.8234965355034893,,
dorsal,unknown_test,1036_L,11,False,1545_L,0.8536643883718313,,
dorsal,unknown_test,1036_R,1,False,1018_R,0.9076737610931818,,
dorsal,unknown_test,1036_R,2,False,1019_R,0.9444906941577618,,
dorsal,unknown_test,1036_R,3,False,1019_R,0.9340651537821811,,
dorsal,unknown_test,1036_R,4,False,1018_R,0.9326560163440265,,
dorsal,unknown_test,1036_R,5,False,1019_R,0.9375219163146885,,
dorsal,unknown_test,1036_R,6,False,1019_R,0.9452740318918691,,
dorsal,unknown_test,1036_R,7,False,1019_R,0.9292972060587408,,
dorsal,unknown_test,1036_R,8,False,1013_R,0.8603966110750634,,
dorsal,unknown_test,1058_L,1,False,1556_L,0.8674747517640097,,
dorsal,unknown_test,1058_L,2,False,1052_L,0.8602828859153886,,
dorsal,unknown_test,1058_L,3,False,1037_L,0.881882470308628,,
dorsal,unknown_test,1058_L,4,False,1504_L,0.8766800188233536,,
dorsal,unknown_test,1058_L,5,False,1556_L,0.8541486080558478,,
dorsal,unknown_test,1058_L,6,False,1052_L,0.8606047970068407,,
dorsal,unknown_test,1058_L,7,False,93_L,0.9011438417616406,,
dorsal,unknown_test,1058_L,8,False,93_L,0.9304502498257942,,
dorsal,unknown_test,1058_L,9,False,1046_L,0.9142498495625815,,
dorsal,unknown_test,1058_L,10,False,1046_L,0.881807440408627,,
dorsal,unknown_test,1058_L,11,False,1018_L,0.7913862991042647,,
dorsal,unknown_test,1058_L,12,False,1046_L,0.8257005281535605,,
dorsal,unknown_test,1058_R,1,False,573_R,0.8654178621568878,,
dorsal,unknown_test,1058_R,2,False,1075_R,0.8461120500242078,,
dorsal,unknown_test,1058_R,3,False,1556_R,0.8740203802729665,,
dorsal,unknown_test,1058_R,4,False,1556_R,0.8378287389969932,,
dorsal,unknown_test,1058_R,5,False,573_R,0.8824219471866153,,
dorsal,unknown_test,1058_R,6,False,1075_R,0.8580205617732289,,
dorsal,unknown_test,1058_R,7,False,1014_R,0.8713591658251577,,
dorsal,unknown_test,1058_R,8,False,576_R,0.9158165294701697,,
dorsal,unknown_test,1058_R,9,False,1080_R,0.9072519647119128,,
dorsal,unknown_test,1058_R,10,False,1589_R,0.8497308377143984,,
dorsal,unknown_test,1058_R,11,False,1589_R,0.7809722642712111,,
dorsal,unknown_test,1058_R,12,False,1589_R,0.8240268118834215,,
dorsal,unknown_test,1058_R,13,False,1589_R,0.8189425655287101,,
dorsal,unknown_test,1058_R,14,False,1589_R,0.6929541212369226,,
dorsal,unknown_test,1059_L,1,False,1558_L,0.8987146915951766,,
dorsal,unknown_test,1059_L,2,False,1558_L,0.8978044708420008,,
dorsal,unknown_test,1059_L,3,False,1558_L,0.9190200256458768,,
dorsal,unknown_test,1059_L,4,False,1529_L,0.9203541887783859,,
dorsal,unknown_test,1059_L,5,False,1013_L,0.9244604688432697,,
dorsal,unknown_test,1059_L,6,False,1013_L,0.9165892382630458,,
dorsal,unknown_test,1059_L,7,False,1013_L,0.9322650348467405,,
dorsal,unknown_test,1059_L,8,False,1013_L,0.9020392042248447,,
dorsal,unknown_test,1059_L,9,False,576_L,0.9207035222579552,,
dorsal,unknown_test,1059_L,10,False,61_L,0.9206294766803135,,
dorsal,unknown_test,1059_L,11,False,1013_L,0.9303600839082158,,
dorsal,unknown_test,1059_L,12,False,1013_L,0.9243321302686103,,
dorsal,unknown_test,1059_L,13,False,1013_L,0.9159189330301031,,
dorsal,unknown_test,1059_L,14,False,1013_L,0.9227206264054851,,
dorsal,unknown_test,1059_L,15,False,63_L,0.927636112491391,,
dorsal,unknown_test,1059_R,1,False,1533_R,0.8857902920929563,,
dorsal,unknown_test,1059_R,2,False,1585_R,0.9029444747839936,,
dorsal,unknown_test,1059_R,3,False,1558_R,0.9180882223221418,,
dorsal,unknown_test,1059_R,4,False,1513_R,0.8995562195110527,,
dorsal,unknown_test,1059_R,5,False,543_R,0.9316355643388414,,
dorsal,unknown_test,1059_R,6,False,1529_R,0.9377342665020174,,
dorsal,unknown_test,1059_R,7,False,1533_R,0.9252079009861821,,
dorsal,unknown_test,1059_R,8,False,88_R,0.8787134786117317,,
dorsal,unknown_test,1059_R,9,False,88_R,0.8529762611958878,,
dorsal,unknown_test,1059_R,10,False,1024_R,0.8716970708368992,,
dorsal,unknown_test,1059_R,11,False,1024_R,0.87858742639253,,
dorsal,unknown_test,1059_R,12,False,1533_R,0.926514433244237,,
dorsal,unknown_test,1059_R,13,False,1558_R,0.9249637532658739,,
dorsal,unknown_test,1059_R,14,False,543_R,0.9424654998720331,,
dorsal,unknown_test,1059_R,15,False,543_R,0.9326015107793324,,
dorsal,unknown_test,1059_R,16,False,1560_R,0.9275497780384294,,
dorsal,unknown_test,1070_L,1,False,8_L,0.8381056036805519,,
dorsal,unknown_test,1070_L,2,False,1100000_L,0.8612028958772444,,
dorsal,unknown_test,1070_L,3,False,1037_L,0.7439963244178632,,
dorsal,unknown_test,1070_L,4,False,11_L,0.8130076302481357,,
dorsal,unknown_test,1070_L,5,False,1552_L,0.8236068187500651,,
dorsal,unknown_test,1070_R,1,False,93_R,0.8391101518207384,,
dorsal,unknown_test,1070_R,2,False,576_R,0.8823301023635752,,
dorsal,unknown_test,1070_R,3,False,1074_R,0.9075779285475902,,
dorsal,unknown_test,1070_R,4,False,1074_R,0.9024057234722105,,
dorsal,unknown_test,1070_R,5,False,1074_R,0.8857972964357672,,
dorsal,unknown_test,1070_R,6,False,594_R,0.8406754138012779,,
dorsal,unknown_test,1070_R,7,False,1074_R,0.9120618857887288,,
dorsal,unknown_test,1070_R,8,False,61_R,0.9231882698032889,,
dorsal,unknown_test,1070_R,9,False,1074_R,0.9046553610484568,,
dorsal,unknown_test,1070_R,10,False,1074_R,0.9042836817617146,,
dorsal,unknown_test,1070_R,11,False,8_R,0.8648147200955765,,
dorsal,unknown_test,1070_R,12,False,1074_R,0.875590002506557,,
dorsal,unknown_test,1073_L,1,False,1019_L,0.8266940394628395,,
dorsal,unknown_test,1073_L,2,False,13_L,0.835584912569246,,
dorsal,unknown_test,1073_L,3,False,13_L,0.8392199317629659,,
dorsal,unknown_test,1073_L,4,False,13_L,0.7956743104074715,,
dorsal,unknown_test,1073_L,5,False,13_L,0.8530987973470818,,
dorsal,unknown_test,1073_L,6,False,8_L,0.8403713768897204,,
dorsal,unknown_test,1073_L,7,False,8_L,0.8609143712832079,,
dorsal,unknown_test,1073_L,8,False,8_L,0.8791107313125147,,
dorsal,unknown_test,1073_L,9,False,8_L,0.831671297648733,,
dorsal,unknown_test,1073_L,10,False,88_L,0.8065433090312344,,
dorsal,unknown_test,1073_L,11,False,1549_L,0.8036975887554996,,
dorsal,unknown_test,1073_R,1,False,1080_R,0.9155277687500639,,
dorsal,unknown_test,1073_R,2,False,1080_R,0.9182423708963335,,
dorsal,unknown_test,1073_R,3,False,1080_R,0.9301432841916484,,
dorsal,unknown_test,1073_R,4,False,8_R,0.9455584913130821,,
dorsal,unknown_test,1073_R,5,False,8_R,0.9311746924362048,,
dorsal,unknown_test,1073_R,6,False,1026_R,0.9202967500689234,,
dorsal,unknown_test,1088_L,1,False,93_L,0.9370441357069406,,
dorsal,unknown_test,1088_L,2,False,93_L,0.9138801514194561,,
dorsal,unknown_test,1088_L,3,False,1028_L,0.9189410453912505,,
dorsal,unknown_test,1088_L,4,False,1028_L,0.8996627912570189,,
dorsal,unknown_test,1088_L,5,False,1504_L,0.9128983209886858,,
dorsal,unknown_test,1088_L,6,False,93_L,0.929674850628883,,
dorsal,unknown_test,1088_L,7,False,1513_L,0.9207248230067264,,
dorsal,unknown_test,1088_L,8,False,1513_L,0.9143364400046046,,
dorsal,unknown_test,1088_L,9,False,1558_L,0.8919409683619466,,
dorsal,unknown_test,1088_L,10,False,93_L,0.909683262442573,,
dorsal,unknown_test,1088_R,1,False,1051_R,0.9126553601924995,,
dorsal,unknown_test,1088_R,2,False,1513_R,0.9251868188297048,,
dorsal,unknown_test,1088_R,3,False,1051_R,0.926540959296153,,
dorsal,unknown_test,1088_R,4,False,1558_R,0.9144332537423076,,
dorsal,unknown_test,1088_R,5,False,1011_R,0.9268588292042952,,
dorsal,unknown_test,1088_R,6,False,1011_R,0.9298192112637547,,
dorsal,unknown_test,1088_R,7,False,1011_R,0.936582946119952,,
dorsal,unknown_test,1088_R,8,False,1011_R,0.9634045877131474,,
dorsal,unknown_test,1088_R,9,False,1011_R,0.9262994074979303,,
dorsal,unknown_test,1089_L,1,False,1529_L,0.8981530275185747,,
dorsal,unknown_test,1089_L,2,False,1024_L,0.8791920106173382,,
dorsal,unknown_test,1089_L,3,False,1525_L,0.9038323768058707,,
dorsal,unknown_test,1089_L,4,False,1510_L,0.9176997530960911,,
dorsal,unknown_test,1089_L,5,False,1529_L,0.9119680122901159,,
dorsal,unknown_test,1089_L,6,False,1529_L,0.853594821443596,,
dorsal,unknown_test,1089_L,7,False,1529_L,0.8762074416731516,,
dorsal,unknown_test,1089_L,8,False,1529_L,0.9084837047801994,,
dorsal,unknown_test,1089_L,9,False,1529_L,0.9076134237628621,,
dorsal,unknown_test,1089_L,10,False,1529_L,0.9174246001550129,,
dorsal,unknown_test,1089_L,11,False,1529_L,0.9004172211119188,,
dorsal,unknown_test,1089_L,12,False,1510_L,0.9056617886727245,,
dorsal,unknown_test,1089_R,1,False,1529_R,0.9050191604245157,,
dorsal,unknown_test,1089_R,2,False,1525_R,0.8457485628690935,,
dorsal,unknown_test,1089_R,3,False,1525_R,0.8908221103434026,,
dorsal,unknown_test,1089_R,4,False,1529_R,0.8987550882051348,,
dorsal,unknown_test,1089_R,5,False,1525_R,0.7706774857176537,,
dorsal,unknown_test,1089_R,6,False,1537_R,0.8668665434216272,,
dorsal,unknown_test,1089_R,7,False,1537_R,0.8355077631385393,,
dorsal,unknown_test,1089_R,8,False,1046_R,0.8885851760254841,,
dorsal,unknown_test,1089_R,9,False,1589_R,0.8115083439729984,,
dorsal,unknown_test,1090_L,1,False,1558_L,0.8227229612424,,
dorsal,unknown_test,1090_L,2,False,1558_L,0.8302224985452628,,
dorsal,unknown_test,1090_L,3,False,1558_L,0.8036734343125922,,
dorsal,unknown_test,1090_L,4,False,1558_L,0.8040289757936293,,
dorsal,unknown_test,1090_L,5,False,1558_L,0.8043356415099505,,
dorsal,unknown_test,1090_L,6,False,1052_L,0.8246323759992441,,
dorsal,unknown_test,1090_L,7,False,1052_L,0.8183002281396006,,
dorsal,unknown_test,1090_L,8,False,1558_L,0.8823611934509279,,
dorsal,unknown_test,1090_L,9,False,573_L,0.9018133519435874,,
dorsal,unknown_test,1090_L,10,False,1558_L,0.8835196769436398,,
dorsal,unknown_test,1090_L,11,False,573_L,0.9010823857224597,,
dorsal,unknown_test,1090_L,12,False,1558_L,0.8647040113460427,,
dorsal,unknown_test,1090_L,13,False,1200000_L,0.8044146317507146,,
dorsal,unknown_test,1090_L,14,False,1011_L,0.8197739284500705,,
dorsal,unknown_test,1090_L,15,False,1067_L,0.8841709452365576,,
dorsal,unknown_test,1090_L,16,False,1011_L,0.8731508565598922,,
dorsal,unknown_test,1090_L,17,False,595_L,0.8240853747361145,,
dorsal,unknown_test,1090_L,18,False,1051_L,0.8346999995593158,,
dorsal,unknown_test,1090_L,19,False,1067_L,0.7888704764435119,,
dorsal,unknown_test,1090_L,20,False,1067_L,0.7712260906997721,,
dorsal,unknown_test,1090_L,21,False,13_L,0.7789890009714153,,
dorsal,unknown_test,1090_L,22,False,1558_L,0.9250276625070104,,
dorsal,unknown_test,1090_R,1,False,1051_R,0.952806163780036,,
dorsal,unknown_test,1090_R,2,False,1051_R,0.963292502865599,,
dorsal,unknown_test,1090_R,3,False,573_R,0.8932535720498977,,
dorsal,unknown_test,1090_R,4,False,1052_R,0.8364541668931169,,
dorsal,unknown_test,1090_R,5,False,1052_R,0.8022007865147078,,
dorsal,unknown_test,1090_R,6,False,1003_R,0.8961028945886313,,
dorsal,unknown_test,1090_R,7,False,573_R,0.9012531829287918,,
dorsal,unknown_test,1090_R,8,False,1100000_R,0.9229979436283553,,
dorsal,unknown_test,1090_R,9,False,573_R,0.9053177301914055,,
dorsal,unknown_test,1090_R,10,False,1100000_R,0.915759422115703,,
dorsal,unknown_test,1090_R,11,False,1100000_R,0.9068608469282053,,
dorsal,unknown_test,1090_R,12,False,1100000_R,0.9216497915180724,,
dorsal,unknown_test,1090_R,13,False,1100000_R,0.9201933147212633,,
dorsal,unknown_test,1090_R,14,False,1051_R,0.9271024692824741,,
dorsal,unknown_test,1090_R,15,False,1051_R,0.9360635991082222,,
dorsal,unknown_test,1090_R,16,False,1003_R,0.9271077987682947,,
dorsal,unknown_test,1090_R,17,False,1051_R,0.9469134572178399,,
dorsal,unknown_test,1090_R,18,False,88_R,0.904326649462591,,
dorsal,unknown_test,1090_R,19,False,1594_R,0.8384024154147913,,
dorsal,unknown_test,1090_R,20,False,1594_R,0.8362999042539916,,
dorsal,unknown_test,1090_R,21,False,1000000_R,0.8113798135944701,,
dorsal,unknown_test,1090_R,22,False,1594_R,0.7984281615813317,,
dorsal,unknown_test,1505_L,1,False,1080_L,0.8845681466927094,,
dorsal,unknown_test,1505_L,2,False,1069_L,0.9043794959099947,,
dorsal,unknown_test,1505_L,3,False,1018_L,0.8939309397443737,,
dorsal,unknown_test,1505_L,4,False,1019_L,0.8936346301988445,,
dorsal,unknown_test,1505_L,5,False,1080_L,0.9060464008160929,,
dorsal,unknown_test,1505_L,6,False,1018_L,0.882167876934319,,
dorsal,unknown_test,1505_L,7,False,1018_L,0.9118642880619112,,
dorsal,unknown_test,1505_L,8,False,1018_L,0.9045290593055351,,
dorsal,unknown_test,1505_R,1,False,13_R,0.8512692682879274,,
dorsal,unknown_test,1505_R,2,False,13_R,0.8475525188651474,,
dorsal,unknown_test,1505_R,3,False,1549_R,0.8232341670400362,,
dorsal,unknown_test,1505_R,4,False,63_R,0.8901508065161099,,
dorsal,unknown_test,1505_R,5,False,63_R,0.9277440879570842,,
dorsal,unknown_test,1505_R,6,False,63_R,0.9110070442519064,,
dorsal,unknown_test,1505_R,7,False,1067_R,0.8441728608547587,,
dorsal,unknown_test,1505_R,8,False,1588_R,0.8910025073470953,,
dorsal,unknown_test,1505_R,9,False,13_R,0.809844011680671,,
dorsal,unknown_test,1505_R,10,False,1013_R,0.7605048940267829,,
dorsal,unknown_test,1505_R,11,False,67_R,0.7651009066079038,,
dorsal,unknown_test,1509_L,1,False,1080_L,0.7740186188574459,,
dorsal,unknown_test,1509_L,2,False,1050_L,0.8742344404204702,,
dorsal,unknown_test,1509_L,3,False,1050_L,0.8826442441764966,,
dorsal,unknown_test,1509_L,4,False,1050_L,0.8671699876484388,,
dorsal,unknown_test,1509_R,1,False,1589_R,0.8312591808486081,,
dorsal,unknown_test,1509_R,2,False,1589_R,0.871695698931753,,
dorsal,unknown_test,1509_R,3,False,2000000_R,0.7025799740456578,,
dorsal,unknown_test,1509_R,4,False,2000000_R,0.6132544143024128,,
dorsal,unknown_test,1509_R,5,False,587_R,0.8047402558254002,,
dorsal,unknown_test,1518_L,1,False,1532_L,0.9048449677546455,,
dorsal,unknown_test,1518_L,2,False,67_L,0.8345254729355875,,
dorsal,unknown_test,1518_L,3,False,1026_L,0.8724726012156705,,
dorsal,unknown_test,1518_L,4,False,0_L,0.8773294970965786,,
dorsal,unknown_test,1518_L,5,False,0_L,0.8589641871723901,,
dorsal,unknown_test,1518_L,6,False,11_L,0.8867242798338362,,
dorsal,unknown_test,1518_L,7,False,11_L,0.8611980770901826,,
dorsal,unknown_test,1518_L,8,False,86_L,0.8827050208360971,,
dorsal,unknown_test,1518_L,9,False,1026_L,0.8025310019338567,,
dorsal,unknown_test,1518_L,10,False,1532_L,0.9016010618044928,,
dorsal,unknown_test,1518_R,1,False,8_R,0.9031403554447992,,
dorsal,unknown_test,1518_R,2,False,1026_R,0.8995276565987534,,
dorsal,unknown_test,1518_R,3,False,86_R,0.8899082943450551,,
dorsal,unknown_test,1518_R,4,False,8_R,0.8958010060612898,,
dorsal,unknown_test,1518_R,5,False,1520_R,0.877281714214388,,
dorsal,unknown_test,1518_R,6,False,1520_R,0.8772068199275702,,
dorsal,unknown_test,1518_R,7,False,1532_R,0.8986093731681519,,
dorsal,unknown_test,1518_R,8,False,1532_R,0.8297157338530139,,
dorsal,unknown_test,1518_R,9,False,1013_R,0.7677095928210326,,
dorsal,unknown_test,1518_R,10,False,1013_R,0.8418088705929692,,
dorsal,unknown_test,1518_R,11,False,1532_R,0.8892127882127292,,
dorsal,unknown_test,1519_L,1,False,81_L,0.9261479307875706,,
dorsal,unknown_test,1519_L,2,False,1520_L,0.8249224128807753,,
dorsal,unknown_test,1519_L,3,False,1069_L,0.8757672562536412,,
dorsal,unknown_test,1519_L,4,False,1080_L,0.9111749684223291,,
dorsal,unknown_test,1519_L,5,False,1081_L,0.9234498059106926,,
dorsal,unknown_test,1519_L,6,False,63_L,0.9268070273606079,,
dorsal,unknown_test,1519_L,7,False,63_L,0.9189343643059634,,
dorsal,unknown_test,1519_R,1,False,594_R,0.8473686545757417,,
dorsal,unknown_test,1519_R,2,False,594_R,0.8670159527501797,,
dorsal,unknown_test,1519_R,3,False,594_R,0.8176014000505452,,
dorsal,unknown_test,1519_R,4,False,594_R,0.8521325492692773,,
dorsal,unknown_test,1519_R,5,False,1540_R,0.8172425128134173,,
dorsal,unknown_test,1519_R,6,False,1558_R,0.8308127499676409,,
dorsal,unknown_test,1519_R,7,False,1520_R,0.8626170300207237,,
dorsal,unknown_test,1519_R,8,False,86_R,0.9145851054554925,,
dorsal,unknown_test,1519_R,9,False,86_R,0.8938043802667217,,
dorsal,unknown_test,1519_R,10,False,11_R,0.8811010033886159,,
dorsal,unknown_test,1527_L,1,False,1532_L,0.9405252922421019,,
dorsal,unknown_test,1527_L,2,False,546_L,0.9514369730616301,,
dorsal,unknown_test,1527_L,3,False,546_L,0.9407170360641572,,
dorsal,unknown_test,1527_L,4,False,546_L,0.9436089436233295,,
dorsal,unknown_test,1527_L,5,False,63_L,0.9323645780180385,,
dorsal,unknown_test,1527_L,6,False,11_L,0.9213971348090371,,
dorsal,unknown_test,1527_L,7,False,1080_L,0.9521446372805666,,
dorsal,unknown_test,1527_L,8,False,11_L,0.9321161237726736,,
dorsal,unknown_test,1527_L,9,False,1050_L,0.9394027228982849,,
dorsal,unknown_test,1527_L,10,False,1532_L,0.93316862790752,,
dorsal,unknown_test,1527_L,11,False,1532_L,0.9384640222771453,,
dorsal,unknown_test,1527_R,1,False,1013_R,0.8539977030739818,,
dorsal,unknown_test,1527_R,2,False,1013_R,0.8724796109565514,,
dorsal,unknown_test,1527_R,3,False,1050_R,0.8927216764651141,,
dorsal,unknown_test,1527_R,4,False,1050_R,0.9155887209640579,,
dorsal,unknown_test,1527_R,5,False,1050_R,0.8890253419062397,,
dorsal,unknown_test,1527_R,6,False,1050_R,0.8912995476812999,,
dorsal,unknown_test,1527_R,7,False,81_R,0.8547172935037174,,
dorsal,unknown_test,1527_R,8,False,1050_R,0.9159214813008141,,
dorsal,unknown_test,1527_R,9,False,1050_R,0.9237030383868758,,
dorsal,unknown_test,1527_R,10,False,67_R,0.8935544056135947,,
dorsal,unknown_test,1528_L,1,False,1532_L,0.8649855464485496,,
dorsal,unknown_test,1528_L,2,False,1026_L,0.8590967584714384,,
dorsal,unknown_test,1528_L,3,False,0_L,0.8736660747367526,,
dorsal,unknown_test,1528_L,4,False,86_L,0.8762740723863955,,
dorsal,unknown_test,1528_L,5,False,1080_L,0.9362233284023834,,
dorsal,unknown_test,1528_L,6,False,1510_L,0.930130223733008,,
dorsal,unknown_test,1528_L,7,False,1080_L,0.9244931236774929,,
dorsal,unknown_test,1528_L,8,False,1019_L,0.9097370536388898,,
dorsal,unknown_test,1528_R,1,False,13_R,0.8312882901987875,,
dorsal,unknown_test,1528_R,2,False,1018_R,0.895349436805067,,
dorsal,unknown_test,1528_R,3,False,594_R,0.9143573440891333,,
dorsal,unknown_test,1528_R,4,False,594_R,0.8905863193898638,,
dorsal,unknown_test,1528_R,5,False,10_R,0.8962225621893798,,
dorsal,unknown_test,1528_R,6,False,1042_R,0.8474090285702836,,
dorsal,unknown_test,1528_R,7,False,1018_R,0.8501003270300101,,
dorsal,unknown_test,1535_L,1,False,1052_L,0.832737047619853,,
dorsal,unknown_test,1535_L,2,False,1520_L,0.9023875410938931,,
dorsal,unknown_test,1535_L,3,False,81_L,0.9012913601596513,,
dorsal,unknown_test,1535_L,4,False,594_L,0.8822171375427685,,
dorsal,unknown_test,1535_R,1,False,1081_R,0.8710680924350562,,
dorsal,unknown_test,1535_R,2,False,1081_R,0.7592682543195294,,
dorsal,unknown_test,1535_R,3,False,13_R,0.8222781072601015,,
dorsal,unknown_test,1535_R,4,False,10_R,0.8471975390436429,,
dorsal,unknown_test,1535_R,5,False,1080_R,0.8325908616027548,,
dorsal,unknown_test,1535_R,6,False,1067_R,0.8711189408820607,,
dorsal,unknown_test,1539_L,1,False,0_L,0.9413149420653358,,
dorsal,unknown_test,1539_L,2,False,0_L,0.914789311918081,,
dorsal,unknown_test,1539_L,3,False,1549_L,0.9313309323251009,,
dorsal,unknown_test,1539_L,4,False,1549_L,0.9217316898178209,,
dorsal,unknown_test,1539_L,5,False,1080_L,0.9196360133994095,,
dorsal,unknown_test,1539_L,6,False,0_L,0.9120358637851219,,
dorsal,unknown_test,1539_L,7,False,0_L,0.9217953823797091,,
dorsal,unknown_test,1539_L,8,False,0_L,0.8943216742880349,,
dorsal,unknown_test,1539_L,9,False,594_L,0.9512320749314039,,
dorsal,unknown_test,1539_L,10,False,594_L,0.931095171264408,,
dorsal,unknown_test,1539_L,11,False,1026_L,0.9046235237152498,,
dorsal,unknown_test,1539_R,1,False,1050_R,0.8978674000799511,,
dorsal,unknown_test,1539_R,2,False,1019_R,0.8984467410889203,,
dorsal,unknown_test,1539_R,3,False,13_R,0.9283918020452306,,
dorsal,unknown_test,1539_R,4,False,63_R,0.9411786480927558,,
dorsal,unknown_test,1539_R,5,False,1588_R,0.9477953740746465,,
dorsal,unknown_test,1539_R,6,False,1540_R,0.9233622599630146,,
dorsal,unknown_test,1539_R,7,False,13_R,0.9153585401277748,,
dorsal,unknown_test,1539_R,8,False,13_R,0.9409709118838956,,
dorsal,unknown_test,1539_R,9,False,13_R,0.9354234989926659,,
dorsal,unknown_test,1539_R,10,False,594_R,0.9349127743858279,,
dorsal,unknown_test,1539_R,11,False,594_R,0.9301015773805421,,
dorsal,unknown_test,1539_R,12,False,13_R,0.9262307987721394,,
dorsal,unknown_test,1541_L,1,False,1549_L,0.8629944105210158,,
dorsal,unknown_test,1541_L,2,False,1549_L,0.8982882724419556,,
dorsal,unknown_test,1541_L,3,False,1549_L,0.8957509278907566,,
dorsal,unknown_test,1541_L,4,False,1549_L,0.8700264026589615,,
dorsal,unknown_test,1541_L,5,False,1019_L,0.8756117597781103,,
dorsal,unknown_test,1541_L,6,False,1019_L,0.8962587060592478,,
dorsal,unknown_test,1541_L,7,False,1069_L,0.9094331676807781,,
dorsal,unknown_test,1541_L,8,False,1018_L,0.8912515686538378,,
dorsal,unknown_test,1541_L,9,False,86_L,0.8578837713909151,,
dorsal,unknown_test,1541_L,10,False,1069_L,0.9085249516261653,,
dorsal,unknown_test,1541_L,11,False,1019_L,0.8816572898740012,,
dorsal,unknown_test,1541_L,12,False,594_L,0.8689945603190478,,
dorsal,unknown_test,1541_L,13,False,1549_L,0.9109608248288359,,
dorsal,unknown_test,1541_L,14,False,594_L,0.8930658834679259,,
dorsal,unknown_test,1541_L,15,False,67_L,0.8830899530893611,,
dorsal,unknown_test,1541_L,16,False,594_L,0.8869294301723532,,
dorsal,unknown_test,1541_L,17,False,594_L,0.8606750324568162,,
dorsal,unknown_test,1541_L,18,False,594_L,0.8992301863174149,,
dorsal,unknown_test,1541_L,19,False,67_L,0.8699691382098529,,
dorsal,unknown_test,1541_L,20,False,1556_L,0.8897793910888214,,
dorsal,unknown_test,1541_L,21,False,1556_L,0.8604153909054555,,
dorsal,unknown_test,1541_L,22,False,1556_L,0.8474649280669602,,
dorsal,unknown_test,1541_L,23,False,1067_L,0.883760875551277,,
dorsal,unknown_test,1541_L,24,False,1067_L,0.8927128758935318,,
dorsal,unknown_test,1541_L,25,False,1067_L,0.861435222289322,,
dorsal,unknown_test,1541_L,26,False,1067_L,0.8607219803170143,,
dorsal,unknown_test,1541_L,27,False,1067_L,0.8176776464257556,,
dorsal,unknown_test,1541_L,28,False,1067_L,0.8743134989573922,,
dorsal,unknown_test,1541_L,29,False,1067_L,0.8606029497345444,,
dorsal,unknown_test,1541_L,30,False,1067_L,0.8447188655913542,,
dorsal,unknown_test,1541_R,1,False,1018_R,0.8416814784716148,,
dorsal,unknown_test,1541_R,2,False,1018_R,0.8203695387834422,,
dorsal,unknown_test,1541_R,3,False,1018_R,0.8617492979189052,,
dorsal,unknown_test,1541_R,4,False,1018_R,0.8565328593626735,,
dorsal,unknown_test,1541_R,5,False,1018_R,0.8846047078858295,,
dorsal,unknown_test,1541_R,6,False,1018_R,0.878102605528027,,
dorsal,unknown_test,1541_R,7,False,1018_R,0.9134313058001811,,
dorsal,unknown_test,1541_R,8,False,1549_R,0.8692405495877535,,
dorsal,unknown_test,1541_R,9,False,1549_R,0.8731545073449118,,
dorsal,unknown_test,1541_R,10,False,1018_R,0.8773838387715974,,
dorsal,unknown_test,1541_R,11,False,1080_R,0.8848709917077835,,
dorsal,unknown_test,1541_R,12,False,1018_R,0.8745479197595143,,
dorsal,unknown_test,1541_R,13,False,1549_R,0.8671717507529927,,
dorsal,unknown_test,1541_R,14,False,1080_R,0.8667714006709293,,
dorsal,unknown_test,1541_R,15,False,1018_R,0.8736131981691542,,
dorsal,unknown_test,1541_R,16,False,1018_R,0.8756635862322325,,
dorsal,unknown_test,1541_R,17,False,1549_R,0.8403405227842455,,
dorsal,unknown_test,1541_R,18,False,1018_R,0.9013424404331877,,
dorsal,unknown_test,1541_R,19,False,1018_R,0.8716031293073148,,
dorsal,unknown_test,1541_R,20,False,1080_R,0.8767298293725563,,
dorsal,unknown_test,1541_R,21,False,1080_R,0.8640568465361526,,
dorsal,unknown_test,1541_R,22,False,573_R,0.8499241823167369,,
dorsal,unknown_test,1541_R,23,False,1550_R,0.9070818003824284,,
dorsal,unknown_test,1541_R,24,False,1558_R,0.9205200487461802,,
dorsal,unknown_test,1541_R,25,False,1080_R,0.8551148005218101,,
dorsal,unknown_test,1541_R,26,False,559_R,0.8738200875590814,,
dorsal,unknown_test,1546_R,1,False,8000000_R,0.9224729420659963,,
dorsal,unknown_test,1546_R,2,False,8000000_R,0.9125980602131236,,
dorsal,unknown_test,1546_R,3,False,8000000_R,0.9060006749991955,,
dorsal,unknown_test,1546_R,4,False,8000000_R,0.9097883959086995,,
dorsal,unknown_test,1546_R,5,False,8000000_R,0.9319946172204735,,
dorsal,unknown_test,1546_R,6,False,8000000_R,0.9217933969783214,,
dorsal,unknown_test,1546_R,7,False,8000000_R,0.9235737920746279,,
dorsal,unknown_test,1546_R,8,False,8000000_R,0.9430510558165338,,
dorsal,unknown_test,1546_R,9,False,576_R,0.9376443629858753,,
dorsal,unknown_test,1546_R,10,False,1550_R,0.9108441540091913,,
dorsal,unknown_test,1547_L,1,False,1042_L,0.9159280894006712,,
dorsal,unknown_test,1547_L,2,False,1042_L,0.9233684179867763,,
dorsal,unknown_test,1547_L,3,False,10_L,0.8809443468404115,,
dorsal,unknown_test,1547_L,4,False,8_L,0.8833217363583532,,
dorsal,unknown_test,1547_L,5,False,1520_L,0.8847624506762046,,
dorsal,unknown_test,1547_L,6,False,13_L,0.890574504658934,,
dorsal,unknown_test,1547_L,7,False,13_L,0.8954188292275396,,
dorsal,unknown_test,1547_L,8,False,10_L,0.8627545174475377,,
dorsal,unknown_test,1547_L,9,False,10_L,0.9192399498080754,,
dorsal,unknown_test,1547_L,10,False,1520_L,0.8898503942077389,,
dorsal,unknown_test,1547_L,11,False,10_L,0.8657601196176994,,
dorsal,unknown_test,1547_L,12,False,10_L,0.9040185984273892,,
dorsal,unknown_test,1547_L,13,False,1061_L,0.8896674078108633,,
dorsal,unknown_test,1547_L,14,False,1061_L,0.9314954961811601,,
dorsal,unknown_test,1547_L,15,False,1061_L,0.9181614782561696,,
dorsal,unknown_test,1547_L,16,False,594_L,0.922287096272933,,
dorsal,unknown_test,1547_L,17,False,1042_L,0.9071237707668047,,
dorsal,unknown_test,1547_R,1,False,81_R,0.8704349216612918,,
dorsal,unknown_test,1547_R,2,False,1024_R,0.8408017039299513,,
dorsal,unknown_test,1547_R,3,False,1510_R,0.8950187814371671,,
dorsal,unknown_test,1547_R,4,False,1510_R,0.9146061020071403,,
dorsal,unknown_test,1547_R,5,False,1019_R,0.8805639936909997,,
dorsal,unknown_test,1547_R,6,False,1510_R,0.866607240421459,,
dorsal,unknown_test,1547_R,7,False,93_R,0.8633509530989525,,
dorsal,unknown_test,1547_R,8,False,1041_R,0.864562492113718,,
dorsal,unknown_test,1547_R,9,False,13_R,0.8729491346906566,,
dorsal,unknown_test,1547_R,10,False,1041_R,0.8724699564252829,,
dorsal,unknown_test,1547_R,11,False,1041_R,0.8923261840453092,,
dorsal,unknown_test,1547_R,12,False,93_R,0.8758797153934836,,
dorsal,unknown_test,1547_R,13,False,1067_R,0.8994859385653619,,
dorsal,unknown_test,1547_R,14,False,1510_R,0.8994846851240523,,
dorsal,unknown_test,1547_R,15,False,1510_R,0.9057781180946376,,
dorsal,unknown_test,1547_R,16,False,1510_R,0.9116244859365423,,
dorsal,unknown_test,1547_R,17,False,1041_R,0.9259117698062709,,
dorsal,unknown_test,1547_R,18,False,1041_R,0.9263032949707557,,
dorsal,unknown_test,1547_R,19,False,1510_R,0.9067218018772574,,
dorsal,unknown_test,1547_R,20,False,1510_R,0.9266824376119047,,
dorsal,unknown_test,1547_R,21,False,1510_R,0.9299536801313066,,
dorsal,unknown_test,1557_L,1,False,93_L,0.9015465809258547,,
dorsal,unknown_test,1557_L,2,False,1556_L,0.8750929296734421,,
dorsal,unknown_test,1557_L,3,False,1075_L,0.9125205786742707,,
dorsal,unknown_test,1557_L,4,False,1075_L,0.8548618292997461,,
dorsal,unknown_test,1557_L,5,False,1067_L,0.8410701519916561,,
dorsal,unknown_test,1557_L,6,False,1037_L,0.8944090636552144,,
dorsal,unknown_test,1557_L,7,False,8_L,0.846635129488545,,
dorsal,unknown_test,1557_L,8,False,1558_L,0.9158698998680107,,
dorsal,unknown_test,1557_L,9,False,1558_L,0.8919826803368207,,
dorsal,unknown_test,1557_R,1,False,1067_R,0.9356290254025105,,
dorsal,unknown_test,1557_R,2,False,1558_R,0.9368606905779691,,
dorsal,unknown_test,1557_R,3,False,576_R,0.9275328593699346,,
dorsal,unknown_test,1557_R,4,False,1041_R,0.9108643357568138,,
dorsal,unknown_test,1557_R,5,False,576_R,0.931409247818135,,
dorsal,unknown_test,1557_R,6,False,576_R,0.9178064911866577,,
dorsal,unknown_test,1557_R,7,False,576_R,0.9165975505341388,,
dorsal,unknown_test,1557_R,8,False,1067_R,0.9265721501220284,,
dorsal,unknown_test,1557_R,9,False,1558_R,0.8807767743900072,,
dorsal,unknown_test,1557_R,10,False,1041_R,0.8903161855550291,,
dorsal,unknown_test,1559_L,1,False,1513_L,0.8255930492619683,,
dorsal,unknown_test,1559_L,2,False,573_L,0.9282082277481623,,
dorsal,unknown_test,1559_L,3,False,573_L,0.9252860813306263,,
dorsal,unknown_test,1559_L,4,False,1558_L,0.8853856943706357,,
dorsal,unknown_test,1559_L,5,False,573_L,0.9315832731641185,,
dorsal,unknown_test,1559_L,6,False,573_L,0.9217423348481865,,
dorsal,unknown_test,1559_L,7,False,573_L,0.9055313722532581,,
dorsal,unknown_test,1559_L,8,False,573_L,0.9426047229825281,,
dorsal,unknown_test,1559_L,9,False,573_L,0.9227008096464439,,
dorsal,unknown_test,1559_L,10,False,1558_L,0.9583558289834067,,
dorsal,unknown_test,1559_L,11,False,1558_L,0.9471488563988907,,
dorsal,unknown_test,1559_L,12,False,1052_L,0.7456211995700217,,
dorsal,unknown_test,1559_L,13,False,1093_L,0.8934785688667375,,
dorsal,unknown_test,1559_L,14,False,1558_L,0.9234892378318508,,
dorsal,unknown_test,1559_L,15,False,1532_L,0.9313388099214941,,
dorsal,unknown_test,1559_L,16,False,1026_L,0.9165686838903437,,
dorsal,unknown_test,1559_L,17,False,1532_L,0.9103496729670706,,
dorsal,unknown_test,1559_L,18,False,6000000_L,0.9048055971382323,,
dorsal,unknown_test,1559_L,19,False,1030_L,0.9102639361261533,,
dorsal,unknown_test,1559_L,20,False,1558_L,0.9028664979263994,,
dorsal,unknown_test,1559_R,1,False,1014_R,0.881045058203118,,
dorsal,unknown_test,1559_R,2,False,1014_R,0.8990712669674585,,
dorsal,unknown_test,1559_R,3,False,1014_R,0.8620443090706391,,
dorsal,unknown_test,1559_R,4,False,1014_R,0.8441952696425165,,
dorsal,unknown_test,1559_R,5,False,1014_R,0.8802441420257736,,
dorsal,unknown_test,1559_R,6,False,1014_R,0.8799734061470339,,
dorsal,unknown_test,1559_R,7,False,1014_R,0.8877030685135852,,
dorsal,unknown_test,1559_R,8,False,1558_R,0.8834911274036539,,
dorsal,unknown_test,1559_R,9,False,1558_R,0.899475751495619,,
dorsal,unknown_test,1559_R,10,False,1033_R,0.9023313649299378,,
dorsal,unknown_test,1559_R,11,False,1033_R,0.9312549858003036,,
dorsal,unknown_test,1559_R,12,False,1550_R,0.8474285827289693,,
dorsal,unknown_test,1559_R,13,False,1558_R,0.8683207185852251,,
dorsal,unknown_test,1559_R,14,False,8_R,0.9038236630077472,,
dorsal,unknown_test,1562_L,1,False,1026_L,0.8825952122580355,,
dorsal,unknown_test,1562_L,2,False,1026_L,0.9088967560310472,,
dorsal,unknown_test,1562_L,3,False,1026_L,0.938247890530826,,
dorsal,unknown_test,1562_L,4,False,0_L,0.9357171757906386,,
dorsal,unknown_test,1562_L,5,False,1026_L,0.9438657533958403,,
dorsal,unknown_test,1562_L,6,False,1026_L,0.9290488680851817,,
dorsal,unknown_test,1562_L,7,False,1026_L,0.8955049445330279,,
dorsal,unknown_test,1562_L,8,False,572_L,0.9406673773843851,,
dorsal,unknown_test,1562_L,9,False,1050_L,0.9026536624024538,,
dorsal,unknown_test,1562_L,10,False,1026_L,0.8845322791619985,,
dorsal,unknown_test,1562_R,1,False,543_R,0.903623169915944,,
dorsal,unknown_test,1562_R,2,False,543_R,0.90981309189317,,
dorsal,unknown_test,1562_R,3,False,543_R,0.9253157488046064,,
dorsal,unknown_test,1562_R,4,False,543_R,0.9290525029180483,,
dorsal,unknown_test,1562_R,5,False,543_R,0.92615675323811,,
dorsal,unknown_test,1562_R,6,False,543_R,0.9153442636989798,,
dorsal,unknown_test,1562_R,7,False,572_R,0.9230740858868187,,
dorsal,unknown_test,1562_R,8,False,572_R,0.9090559378697367,,
dorsal,unknown_test,1562_R,9,False,1026_R,0.9210271785318561,,
dorsal,unknown_test,1562_R,10,False,1510_R,0.912623887842172,,
dorsal,unknown_test,1562_R,11,False,543_R,0.9101000686623275,,
dorsal,unknown_test,1562_R,12,False,1026_R,0.8924011749729401,,
dorsal,unknown_test,1562_R,13,False,1510_R,0.9132030772584152,,
dorsal,unknown_test,1562_R,14,False,1515_R,0.8900435480844603,,
dorsal,unknown_test,1573_L,1,False,1560_L,0.885753253768045,,
dorsal,unknown_test,1573_L,2,False,1051_L,0.8727447236748012,,
dorsal,unknown_test,1573_L,3,False,1556_L,0.8833278313653581,,
dorsal,unknown_test,1573_L,4,False,595_L,0.9034770166939541,,
dorsal,unknown_test,1573_L,5,False,1082_L,0.8794208763454845,,
dorsal,unknown_test,1573_L,6,False,1560_L,0.8944314310580372,,
dorsal,unknown_test,1573_L,7,False,595_L,0.8838589230941338,,
dorsal,unknown_test,1573_L,8,False,1069_L,0.8745550545245806,,
dorsal,unknown_test,1573_L,9,False,1067_L,0.85077787494465,,
dorsal,unknown_test,1573_L,10,False,1552_L,0.8555298044552653,,
dorsal,unknown_test,1573_R,1,False,1003_R,0.9034117473138366,,
dorsal,unknown_test,1573_R,2,False,573_R,0.9126278900611693,,
dorsal,unknown_test,1573_R,3,False,1003_R,0.9300440957553913,,
dorsal,unknown_test,1573_R,4,False,1067_R,0.9394200075115997,,
dorsal,unknown_test,1573_R,5,False,1067_R,0.9074910126330133,,
dorsal,unknown_test,1573_R,6,False,1550_R,0.905946924115387,,
dorsal,unknown_test,1573_R,7,False,1550_R,0.8887561794248979,,
dorsal,unknown_test,1573_R,8,False,1550_R,0.8788703146091474,,
dorsal,unknown_test,1592_L,1,False,1558_L,0.9196740658499793,,
dorsal,unknown_test,1592_L,2,False,1558_L,0.9114394315434866,,
dorsal,unknown_test,1592_L,3,False,1558_L,0.9249631970377615,,
dorsal,unknown_test,1592_L,4,False,1558_L,0.9095316830194835,,
dorsal,unknown_test,1592_L,5,False,13_L,0.7741116301637636,,
dorsal,unknown_test,1592_R,1,False,1537_R,0.9116539547183875,,
dorsal,unknown_test,1592_R,2,False,1537_R,0.91213556569514,,
dorsal,unknown_test,1592_R,3,False,587_R,0.7624458923160273,,
dorsal,unknown_test,1592_R,4,False,1589_R,0.8232775396323901,,
dorsal,unknown_test,1592_R,5,False,1589_R,0.785839708250035,,
dorsal,unknown_test,1592_R,6,False,1537_R,0.9114923103602166,,
dorsal,unknown_test,1597_L,1,False,1052_L,0.858942886787442,,
dorsal,unknown_test,1597_L,2,False,1052_L,0.8944477227966919,,
dorsal,unknown_test,1597_L,3,False,1052_L,0.8797078975500501,,
dorsal,unknown_test,1597_L,4,False,1052_L,0.8912344408772299,,
dorsal,unknown_test,1597_L,5,False,573_L,0.8326515524493416,,
dorsal,unknown_test,1597_L,6,False,1052_L,0.851646080941713,,
dorsal,unknown_test,1597_L,7,False,1052_L,0.8329521800343749,,
dorsal,unknown_test,1597_L,8,False,1052_L,0.9076063211878265,,
dorsal,unknown_test,1597_L,9,False,1558_L,0.9017148732730649,,
dorsal,unknown_test,1597_L,10,False,1558_L,0.8853523944757399,,
dorsal,unknown_test,1597_L,11,False,1529_L,0.9118885763464075,,
dorsal,unknown_test,1597_L,12,False,1558_L,0.9140318930589776,,
dorsal,unknown_test,1597_L,13,False,576_L,0.9160061045305941,,
dorsal,unknown_test,1597_L,14,False,576_L,0.9156023569110021,,
dorsal,unknown_test,1597_L,15,False,1558_L,0.9169919479946468,,
dorsal,unknown_test,1597_L,16,False,1558_L,0.9042258676841206,,
dorsal,unknown_test,1597_R,1,False,1052_R,0.8568760189034371,,
dorsal,unknown_test,1597_R,2,False,1013_R,0.8012771911798791,,
dorsal,unknown_test,1597_R,3,False,1013_R,0.8344255675144876,,
dorsal,unknown_test,1597_R,4,False,1024_R,0.8296232513683328,,
dorsal,unknown_test,1597_R,5,False,1529_R,0.8622878043465466,,
dorsal,unknown_test,1597_R,6,False,1529_R,0.8660863712399713,,
dorsal,unknown_test,1597_R,7,False,1013_R,0.8647781021230756,,
dorsal,unknown_test,1597_R,8,False,1081_R,0.8644457745395833,,
dorsal,unknown_test,1597_R,9,False,1013_R,0.8381670557963252,,
dorsal,unknown_test,1597_R,10,False,1052_R,0.8978630721197661,,
dorsal,unknown_test,1597_R,11,False,1052_R,0.8519732979197085,,
dorsal,unknown_test,1597_R,12,False,1013_R,0.8079378867143955,,
dorsal,unknown_test,1597_R,13,False,1013_R,0.9005022727601038,,
dorsal,unknown_test,1597_R,14,False,1013_R,0.8718343149245507,,
dorsal,unknown_test,1597_R,15,False,1013_R,0.8548338604445926,,
dorsal,unknown_test,1597_R,16,False,1052_R,0.8299614322119568,,
dorsal,unknown_test,3000000_L,1,False,1525_L,0.8587391402103556,,
dorsal,unknown_test,3000000_L,2,False,1558_L,0.8700184197704866,,
dorsal,unknown_test,3000000_L,3,False,1558_L,0.8361632782918095,,
dorsal,unknown_test,3000000_L,4,False,1525_L,0.8465325969722355,,
dorsal,unknown_test,3000000_L,5,False,1558_L,0.857049866374276,,
dorsal,unknown_test,3000000_L,6,False,1558_L,0.8537255369017083,,
dorsal,unknown_test,3000000_L,7,False,1050_L,0.8392145105989075,,
dorsal,unknown_test,3000000_L,8,False,1018_L,0.768373656589897,,
dorsal,unknown_test,3000000_L,9,False,1067_L,0.7986165943789283,,
dorsal,unknown_test,3000000_L,10,False,1067_L,0.7916822471994475,,
dorsal,unknown_test,3000000_L,11,False,63_L,0.7456212334095889,,
dorsal,unknown_test,3000000_L,12,False,1067_L,0.792016841534271,,
dorsal,unknown_test,3000000_L,13,False,1067_L,0.7711772872980402,,
dorsal,unknown_test,3000000_R,1,False,1033_R,0.9173710747786095,,
dorsal,unknown_test,3000000_R,2,False,1013_R,0.8600607191663472,,
dorsal,unknown_test,3000000_R,3,False,1013_R,0.8976658621213954,,
dorsal,unknown_test,3000000_R,4,False,1525_R,0.881492555025522,,
dorsal,unknown_test,3000000_R,5,False,1013_R,0.8981556457244648,,
dorsal,unknown_test,4000000_L,1,False,576_L,0.8713418573002649,,
dorsal,unknown_test,4000000_L,2,False,1050_L,0.8958804403081516,,
dorsal,unknown_test,4000000_L,3,False,93_L,0.8862499356057016,,
dorsal,unknown_test,4000000_L,4,False,1050_L,0.8844693421564696,,
dorsal,unknown_test,4000000_L,5,False,1510_L,0.9082687213493872,,
dorsal,unknown_test,4000000_L,6,False,1050_L,0.8959673428511983,,
dorsal,unknown_test,4000000_L,7,False,1510_L,0.8897888685767735,,
dorsal,unknown_test,4000000_L,8,False,1510_L,0.8936864045524238,,
dorsal,unknown_test,4000000_L,9,False,1037_L,0.9118643327554856,,
dorsal,unknown_test,4000000_R,1,False,576_R,0.9429149542691173,,
dorsal,unknown_test,4000000_R,2,False,576_R,0.9429149542691173,,
dorsal,unknown_test,538_L,1,False,1019_L,0.9263455387232844,,
dorsal,unknown_test,538_L,2,False,67_L,0.9225706364164701,,
dorsal,unknown_test,538_L,3,False,1080_L,0.9382823297823348,,
dorsal,unknown_test,538_L,4,False,1080_L,0.9082034068437623,,
dorsal,unknown_test,538_L,5,False,1080_L,0.9537155060077666,,
dorsal,unknown_test,538_L,6,False,67_L,0.9341585002916404,,
dorsal,unknown_test,538_L,7,False,1532_L,0.9063899201190739,,
dorsal,unknown_test,538_R,1,False,546_R,0.9370315648415131,,
dorsal,unknown_test,538_R,2,False,546_R,0.9345399528891186,,
dorsal,unknown_test,538_R,3,False,81_R,0.834685299663507,,
dorsal,unknown_test,538_R,4,False,1019_R,0.8768729659131966,,
dorsal,unknown_test,538_R,5,False,546_R,0.8910617308591674,,
dorsal,unknown_test,538_R,6,False,546_R,0.9247394063235145,,
dorsal,unknown_test,538_R,7,False,546_R,0.9222768625269757,,
dorsal,unknown_test,538_R,8,False,546_R,0.9094220485910134,,
dorsal,unknown_test,538_R,9,False,1026_R,0.8945517424177936,,
dorsal,unknown_test,539_L,1,False,1558_L,0.8772097225913891,,
dorsal,unknown_test,539_L,2,False,1513_L,0.9100922836974528,,
dorsal,unknown_test,539_L,3,False,1558_L,0.8889736791349807,,
dorsal,unknown_test,539_L,4,False,1030_L,0.9286879134048793,,
dorsal,unknown_test,539_L,5,False,1558_L,0.9424711371089716,,
dorsal,unknown_test,539_L,6,False,1558_L,0.9517769334518825,,
dorsal,unknown_test,539_L,7,False,1558_L,0.9485395185098366,,
dorsal,unknown_test,539_L,8,False,1030_L,0.9226846078113048,,
dorsal,unknown_test,539_L,9,False,1558_L,0.9311985191848103,,
dorsal,unknown_test,539_L,10,False,1030_L,0.9141432226368084,,
dorsal,unknown_test,539_R,1,False,1537_R,0.9179432211024721,,
dorsal,unknown_test,539_R,2,False,1537_R,0.9166327016206172,,
dorsal,unknown_test,539_R,3,False,1537_R,0.8936954848593301,,
dorsal,unknown_test,539_R,4,False,1513_R,0.9152584908657686,,
dorsal,unknown_test,539_R,5,False,1011_R,0.9485819472238949,,
dorsal,unknown_test,539_R,6,False,576_R,0.948104614450258,,
dorsal,unknown_test,539_R,7,False,576_R,0.9469182880870114,,
dorsal,unknown_test,539_R,8,False,1550_R,0.9403634102440077,,
dorsal,unknown_test,539_R,9,False,1037_R,0.9188920425468449,,
dorsal,unknown_test,539_R,10,False,1558_R,0.9254920021745752,,
dorsal,unknown_test,539_R,11,False,1046_R,0.915854634576082,,
dorsal,unknown_test,539_R,12,False,1046_R,0.9054777318776969,,
dorsal,unknown_test,539_R,13,False,1046_R,0.9244272180981088,,
dorsal,unknown_test,539_R,14,False,1537_R,0.925983975844723,,
dorsal,unknown_test,54_L,1,False,594_L,0.9097463585472985,,
dorsal,unknown_test,54_L,2,False,1026_L,0.7833664427920315,,
dorsal,unknown_test,54_L,3,False,1069_L,0.848732852218466,,
dorsal,unknown_test,54_L,4,False,8_L,0.9102314918707608,,
dorsal,unknown_test,54_R,1,False,8_R,0.9168479260647109,,
dorsal,unknown_test,54_R,2,False,8_R,0.9470988309234796,,
dorsal,unknown_test,54_R,3,False,1080_R,0.9105414520088934,,
dorsal,unknown_test,54_R,4,False,1520_R,0.9333499817638053,,
dorsal,unknown_test,55_L,1,False,1041_L,0.8283421706735337,,
dorsal,unknown_test,55_L,2,False,1011_L,0.8634770570410595,,
dorsal,unknown_test,55_L,3,False,1011_L,0.8436225018107937,,
dorsal,unknown_test,55_L,4,False,10_L,0.8593430094821227,,
dorsal,unknown_test,55_L,5,False,10_L,0.8145094029427308,,
dorsal,unknown_test,55_L,6,False,13_L,0.8233581027032559,,
dorsal,unknown_test,55_L,7,False,10_L,0.8309846264468319,,
dorsal,unknown_test,55_L,8,False,1515_L,0.8704769852875747,,
dorsal,unknown_test,55_L,9,False,8_L,0.8900276486670111,,
dorsal,unknown_test,55_L,10,False,1019_L,0.8940406204927596,,
dorsal,unknown_test,55_L,11,False,559_L,0.7906678209010336,,
dorsal,unknown_test,55_L,12,False,559_L,0.7885064188080116,,
dorsal,unknown_test,55_L,13,False,559_L,0.8723332440864743,,
dorsal,unknown_test,55_L,14,False,11_L,0.9316666655704406,,
dorsal,unknown_test,55_L,15,False,11_L,0.9413000276645695,,
dorsal,unknown_test,55_L,16,False,11_L,0.9100297928085479,,
dorsal,unknown_test,55_L,17,False,11_L,0.8942200744622597,,
dorsal,unknown_test,55_L,18,False,1000000_L,0.7910997771116948,,
dorsal,unknown_test,55_L,19,False,1080_L,0.8784003458077194,,
dorsal,unknown_test,55_L,20,False,86_L,0.8136299295908407,,
dorsal,unknown_test,55_L,21,False,86_L,0.8936588260262139,,
dorsal,unknown_test,55_L,22,False,86_L,0.8628651435392097,,
dorsal,unknown_test,55_L,23,False,1052_L,0.8341581965348192,,
dorsal,unknown_test,55_L,24,False,1558_L,0.8702986532338551,,
dorsal,unknown_test,55_R,1,False,572_R,0.9409761297042024,,
dorsal,unknown_test,55_R,2,False,63_R,0.917249038163466,,
dorsal,unknown_test,55_R,3,False,594_R,0.867573605055693,,
dorsal,unknown_test,55_R,4,False,1520_R,0.8436757423935278,,
dorsal,unknown_test,55_R,5,False,67_R,0.8816498096072225,,
dorsal,unknown_test,55_R,6,False,1093_R,0.8408322581232124,,
dorsal,unknown_test,55_R,7,False,1093_R,0.857003633072059,,
dorsal,unknown_test,55_R,8,False,10_R,0.8338362218011224,,
dorsal,unknown_test,55_R,9,False,1093_R,0.8348622615874839,,
dorsal,unknown_test,55_R,10,False,10_R,0.8596488699364391,,
dorsal,unknown_test,55_R,11,False,594_R,0.8499839093969668,,
dorsal,unknown_test,55_R,12,False,10_R,0.8302569271147038,,
dorsal,unknown_test,55_R,13,False,88_R,0.8609660807294568,,
dorsal,unknown_test,55_R,14,False,88_R,0.8483023400004613,,
dorsal,unknown_test,55_R,15,False,88_R,0.8573320359535299,,
dorsal,unknown_test,55_R,16,False,10_R,0.8932213330644196,,
dorsal,unknown_test,55_R,17,False,1080_R,0.8529026388229015,,
dorsal,unknown_test,55_R,18,False,1540_R,0.831880167751553,,
dorsal,unknown_test,55_R,19,False,1093_R,0.8356108865054782,,
dorsal,unknown_test,57_L,1,False,1537_L,0.8698876151833255,,
dorsal,unknown_test,57_L,2,False,1537_L,0.8905278082687097,,
dorsal,unknown_test,57_L,3,False,88_L,0.8767164132522511,,
dorsal,unknown_test,57_L,4,False,1588_L,0.9155738883429626,,
dorsal,unknown_test,57_L,5,False,88_L,0.8880330428547,,
dorsal,unknown_test,57_L,6,False,88_L,0.9091015673008096,,
dorsal,unknown_test,57_L,7,False,1588_L,0.831668641705952,,
dorsal,unknown_test,57_R,1,False,543_R,0.8611762617720389,,
dorsal,unknown_test,57_R,2,False,1588_R,0.8043474859426999,,
dorsal,unknown_test,57_R,3,False,1588_R,0.8644946170646319,,
dorsal,unknown_test,57_R,4,False,1589_R,0.7881887699864814,,
dorsal,unknown_test,57_R,5,False,1589_R,0.7824731167719605,,
dorsal,unknown_test,57_R,6,False,1588_R,0.7881843076328048,,
dorsal,unknown_test,57_R,7,False,1588_R,0.8484741564660904,,
dorsal,unknown_test,57_R,8,False,1588_R,0.8366968058294816,,
dorsal,unknown_test,57_R,9,False,1588_R,0.8398223457169277,,
dorsal,unknown_test,57_R,10,False,1588_R,0.8564861607840717,,
dorsal,unknown_test,57_R,11,False,1588_R,0.8527554989241379,,
dorsal,unknown_test,57_R,12,False,543_R,0.9238774611190959,,
dorsal,unknown_test,57_R,13,False,543_R,0.9213451880368997,,
dorsal,unknown_test,57_R,14,False,1588_R,0.8263982710622887,,
dorsal,unknown_test,57_R,15,False,1589_R,0.7701550765292091,,
dorsal,unknown_test,574_L,1,False,11_L,0.893842234226502,,
dorsal,unknown_test,574_L,2,False,1585_L,0.8961954728337764,,
dorsal,unknown_test,574_L,3,False,1051_L,0.8697532050427896,,
dorsal,unknown_test,574_L,4,False,1061_L,0.8936915758773736,,
dorsal,unknown_test,574_L,5,False,1051_L,0.9086009587787289,,
dorsal,unknown_test,574_L,6,False,63_L,0.8783525187216494,,
dorsal,unknown_test,574_L,7,False,1585_L,0.9103798037253983,,
dorsal,unknown_test,574_R,1,False,1529_R,0.8823752274310123,,
dorsal,unknown_test,574_R,2,False,1545_R,0.8108379410301196,,
dorsal,unknown_test,574_R,3,False,594_R,0.8837615485811436,,
dorsal,unknown_test,574_R,4,False,594_R,0.8658334379173627,,
dorsal,unknown_test,574_R,5,False,1013_R,0.7713707690191365,,
dorsal,unknown_test,574_R,6,False,1013_R,0.8712779972139346,,
dorsal,unknown_test,574_R,7,False,1013_R,0.8631713088105915,,
dorsal,unknown_test,574_R,8,False,1537_R,0.8499393360328742,,
dorsal,unknown_test,64_L,1,False,1052_L,0.7011256652518291,,
dorsal,unknown_test,64_L,2,False,1052_L,0.667389435260969,,
dorsal,unknown_test,64_L,3,False,86_L,0.7347203111317271,,
dorsal,unknown_test,64_L,4,False,1560_L,0.8744951026128356,,
dorsal,unknown_test,64_L,5,False,1037_L,0.8604700861783992,,
dorsal,unknown_test,64_L,6,False,11_L,0.8584098308950675,,
dorsal,unknown_test,64_L,7,False,1074_L,0.9001922362073294,,
dorsal,unknown_test,64_L,8,False,1545_L,0.8632324795311044,,
dorsal,unknown_test,64_R,1,False,573_R,0.8901282107083743,,
dorsal,unknown_test,64_R,2,False,573_R,0.8776155183820824,,
dorsal,unknown_test,64_R,3,False,1100000_R,0.8955572869656214,,
dorsal,unknown_test,64_R,4,False,1100000_R,0.9052993846739767,,
dorsal,unknown_test,64_R,5,False,1100000_R,0.8746515984581342,,
dorsal,unknown_test,64_R,6,False,587_R,0.8939651906883486,,
dorsal,unknown_test,65_L,1,False,10_L,0.9282499863411755,,
dorsal,unknown_test,65_L,2,False,8_L,0.8560946839806781,,
dorsal,unknown_test,65_R,1,False,594_R,0.9219911361158454,,
dorsal,unknown_test,65_R,2,False,1080_R,0.9240023137892335,,
dorsal,unknown_test,65_R,3,False,86_R,0.8500836594752623,,
dorsal,unknown_test,65_R,4,False,81_R,0.7757356552181423,,
dorsal,unknown_test,7000000_L,1,False,8000000_L,0.8924796209904149,,
dorsal,unknown_test,7000000_L,2,False,573_L,0.9029247298620056,,
dorsal,unknown_test,7000000_L,3,False,573_L,0.9174883126817868,,
dorsal,unknown_test,7000000_L,4,False,8000000_L,0.913424458606803,,
dorsal,unknown_test,7000000_L,5,False,8000000_L,0.9111012543844101,,
dorsal,unknown_test,7000000_L,6,False,8000000_L,0.9288203987488816,,
dorsal,unknown_test,7000000_L,7,False,8000000_L,0.9025531664556619,,
dorsal,unknown_test,7000000_L,8,False,1041_L,0.8166569443875117,,
dorsal,unknown_test,7000000_L,9,False,1550_L,0.8441606203507329,,
dorsal,unknown_test,7000000_R,1,False,1558_R,0.8766007237004632,,
dorsal,unknown_test,7000000_R,2,False,1061_R,0.8748966624986985,,
dorsal,unknown_test,7000000_R,3,False,1558_R,0.8963183759657432,,
dorsal,unknown_test,7000000_R,4,False,1085_R,0.8051305766129494,,
dorsal,unknown_test,7000000_R,5,False,1085_R,0.8328787911882556,,
dorsal,unknown_test,7000000_R,6,False,1085_R,0.846792161158722,,
dorsal,unknown_test,7000000_R,7,False,1028_R,0.8622112668876138,,
dorsal,unknown_test,7000000_R,8,False,1085_R,0.8359880711971432,,
dorsal,unknown_test,7000000_R,9,False,1028_R,0.849732063237292,,
dorsal,unknown_test,7000000_R,10,False,1028_R,0.8417218357307452,,
fused,genuine_known,0_L,32,False,0_L,1.441875378767317,1.441875378767317,1
fused,genuine_known,10_L,5,False,10_L,1.5605908116438068,1.5605908116438068,1
fused,genuine_known,10_R,13,False,61_R,1.4879366067343371,1.320296082618719,8
fused,genuine_known,1000000_L,17,False,1000000_L,1.3098268461664353,1.3098268461664353,1
fused,genuine_known,1000000_R,9,False,1000000_R,0.0026234453261119173,0.0026234453261119173,1
fused,genuine_known,1003_L,12,False,1003_L,1.060264042790836,1.060264042790836,1
fused,genuine_known,1003_R,10,False,1003_R,1.2315899918748847,1.2315899918748847,1
fused,genuine_known,1009_L,13,False,1009_L,1.709143399723133,1.709143399723133,1
fused,genuine_known,1009_R,11,False,573_R,1.225185345892037,0.9158950995684048,5
fused,genuine_known,1011_L,14,False,1011_L,0.8483932390009412,0.8483932390009412,1
fused,genuine_known,1011_R,16,False,1011_R,1.7883372794628518,1.7883372794628518,1
fused,genuine_known,1013_L,17,False,1013_L,1.842841528880141,1.842841528880141,1
fused,genuine_known,1013_R,23,False,1013_R,1.5084842994741006,1.5084842994741006,1
fused,genuine_known,1014_L,3,False,1026_L,1.3440014710464525,1.07632444998937,8
fused,genuine_known,1014_R,9,False,1014_R,0.8296123337385142,0.8296123337385142,1
fused,genuine_known,1018_L,19,False,67_L,1.4121954110760728,1.2374495454852124,4
fused,genuine_known,1018_R,13,False,1018_R,1.8353010292409324,1.8353010292409324,1
fused,genuine_known,1019_L,26,False,1532_L,0.29810168605083676,0.2852037408005672,2
fused,genuine_known,1019_R,29,False,1061_R,1.3674250019713425,1.361373343092588,2
fused,genuine_known,1024_L,42,False,1024_L,0.7459181358424514,0.7459181358424514,1
fused,genuine_known,1024_R,40,False,587_R,0.893877696258451,0.6273801884552304,6
fused,genuine_known,1026_L,6,False,1026_L,1.7079628141284446,1.7079628141284446,1
fused,genuine_known,1026_R,5,False,1026_R,1.6825506004046162,1.6825506004046162,1
fused,genuine_known,1028_L,14,False,1028_L,1.1072555964129265,1.1072555964129265,1
fused,genuine_known,1028_R,7,False,1028_R,1.9631352970316018,1.9631352970316018,1
fused,genuine_known,1030_L,17,False,1030_L,1.3402026993641347,1.3402026993641347,1
fused,genuine_known,1030_R,41,False,1030_R,1.663107739639094,1.663107739639094,1
fused,genuine_known,1033_L,29,False,1033_L,0.6003464768031702,0.6003464768031702,1
fused,genuine_known,1033_R,31,False,1033_R,1.529951756438842,1.529951756438842,1
fused,genuine_known,1037_L,21,False,1037_L,1.4860835729119815,1.4860835729119815,1
fused,genuine_known,1037_R,24,False,1037_R,1.4309012931687795,1.4309012931687795,1
fused,genuine_known,1041_L,8,False,1041_L,1.216741489609141,1.216741489609141,1
fused,genuine_known,1041_R,14,False,1041_R,0.9880882406483057,0.9880882406483057,1
fused,genuine_known,1042_L,17,False,1042_L,1.805331300280363,1.805331300280363,1
fused,genuine_known,1042_R,12,False,1042_R,1.8634414688956191,1.8634414688956191,1
fused,genuine_known,1046_L,13,False,1061_L,1.0731478754934132,0.8188425829860024,3
fused,genuine_known,1046_R,11,False,1589_R,1.3737623186852368,0.3678432660643549,30
fused,genuine_known,1050_L,28,False,1050_L,1.7600624060252033,1.7600624060252033,1
fused,genuine_known,1050_R,41,False,1050_R,2.034466170047488,2.034466170047488,1
fused,genuine_known,1051_L,19,False,1051_L,1.6741454963106759,1.6741454963106759,1
fused,genuine_known,1051_R,18,False,1051_R,1.6411380496677768,1.6411380496677768,1
fused,genuine_known,1052_L,16,False,1052_L,1.821735057136685,1.821735057136685,1
fused,genuine_known,1052_R,8,False,1052_R,1.5818093059434535,1.5818093059434535,1
fused,genuine_known,1060_L,15,False,1060_L,1.328060915140239,1.328060915140239,1
fused,genuine_known,1060_R,17,False,1060_R,1.4694932272968966,1.4694932272968966,1
fused,genuine_known,1061_L,12,False,1042_L,1.4358566445098413,1.2070869693427186,5
fused,genuine_known,1061_R,11,False,1061_R,1.4213419023755631,1.4213419023755631,1
fused,genuine_known,1067_L,17,False,573_L,1.3385597736207193,1.304449910055149,4
fused,genuine_known,1067_R,13,False,1067_R,1.8770450366424296,1.8770450366424296,1
fused,genuine_known,1069_L,6,False,1013_L,1.4393669415026773,1.3659546981924087,5
fused,genuine_known,1069_R,8,False,594_R,1.0738608931769789,0.8052999452991602,7
fused,genuine_known,1074_L,5,False,1074_L,1.45442402705686,1.45442402705686,1
fused,genuine_known,1074_R,5,False,1074_R,1.4510611725511318,1.4510611725511318,1
fused,genuine_known,1075_L,17,False,1536_L,1.2834288793347342,0.5164755462911549,30
fused,genuine_known,1075_R,19,False,1075_R,1.5034949701447897,1.5034949701447897,1
fused,genuine_known,1080_L,21,False,1080_L,1.6759898659269914,1.6759898659269914,1
fused,genuine_known,1080_R,22,False,1080_R,1.8826379347254816,1.8826379347254816,1
fused,genuine_known,1081_L,8,False,1081_L,1.5291989652833053,1.5291989652833053,1
fused,genuine_known,1081_R,7,False,1081_R,1.6461832410122492,1.6461832410122492,1
fused,genuine_known,1082_L,13,False,1082_L,0.04380294562372439,0.04380294562372439,1
fused,genuine_known,1082_R,15,False,1082_R,1.4893347359621794,1.4893347359621794,1
fused,genuine_known,1085_L,9,False,1085_L,1.1960510544279268,1.1960510544279268,1
fused,genuine_known,1085_R,17,False,1085_R,1.3484038396172613,1.3484038396172613,1
fused,genuine_known,1093_L,10,False,1093_L,1.5522104993632815,1.5522104993632815,1
fused,genuine_known,1093_R,12,False,1093_R,1.0425471150897851,1.0425471150897851,1
fused,genuine_known,11_L,8,False,11_L,1.554655179243117,1.554655179243117,1
fused,genuine_known,11_R,5,False,11_R,1.750113531760098,1.750113531760098,1
fused,genuine_known,1100000_L,7,False,1100000_L,0.7312351682158165,0.7312351682158165,1
fused,genuine_known,1100000_R,8,False,1100000_R,1.3866566702633905,1.3866566702633905,1
fused,genuine_known,1200000_L,8,False,1200000_L,1.4039333448659241,1.4039333448659241,1
fused,genuine_known,1200000_R,10,False,1200000_R,1.6782842251250194,1.6782842251250194,1
fused,genuine_known,13_L,6,False,13_L,0.9743770300580477,0.9743770300580477,1
fused,genuine_known,13_R,5,False,1585_R,1.2461484199616544,1.1546074196359326,2
fused,genuine_known,1504_L,13,False,1504_L,1.4739801801155958,1.4739801801155958,1
fused,genuine_known,1504_R,13,False,1504_R,1.7907340294769594,1.7907340294769594,1
fused,genuine_known,1510_L,12,False,1510_L,1.3598053679446152,1.3598053679446152,1
fused,genuine_known,1510_R,11,False,13_R,0.881816407316682,0.6878489127068677,9
fused,genuine_known,1513_L,13,False,1513_L,1.5356180737763945,1.5356180737763945,1
fused,genuine_known,1513_R,17,False,1513_R,1.3866590530019538,1.3866590530019538,1
fused,genuine_known,1515_L,5,False,1515_L,0.981529517880627,0.981529517880627,1
fused,genuine_known,1515_R,7,False,1515_R,1.9292706916611686,1.9292706916611686,1
fused,genuine_known,1520_L,7,False,1520_L,1.895498731314127,1.895498731314127,1
fused,genuine_known,1520_R,6,False,1520_R,1.8778704152093977,1.8778704152093977,1
fused,genuine_known,1525_L,9,False,88_L,0.9852760634340244,0.28584974409934644,34
fused,genuine_known,1525_R,10,False,1085_R,1.2194348924522451,1.1859236592326925,2
fused,genuine_known,1529_L,12,False,1000000_L,0.6106716912687185,0.5696106563014092,2
fused,genuine_known,1529_R,18,False,1529_R,1.6340276476366964,1.6340276476366964,1
fused,genuine_known,1532_L,9,False,1532_L,1.6087860569434693,1.6087860569434693,1
fused,genuine_known,1532_R,15,False,1532_R,1.4086662847030778,1.4086662847030778,1
fused,genuine_known,1533_L,18,False,1533_L,1.286453888287116,1.286453888287116,1
fused,genuine_known,1533_R,27,False,1533_R,1.6546158862694345,1.6546158862694345,1
fused,genuine_known,1536_L,11,False,1536_L,1.2042885700070078,1.2042885700070078,1
fused,genuine_known,1536_R,9,False,1085_R,1.3936412228790966,1.292783815595334,2
fused,genuine_known,1537_L,15,False,1537_L,1.6730150800341987,1.6730150800341987,1
fused,genuine_known,1537_R,8,False,1537_R,1.858919589422459,1.858919589422459,1
fused,genuine_known,1540_L,22,False,1540_L,1.6575758557586717,1.6575758557586717,1
fused,genuine_known,1540_R,28,False,1050_R,1.5802774993378272,1.2024949925574746,9
fused,genuine_known,1545_L,20,False,1026_L,0.7601228870037886,0.4491380757148714,4
fused,genuine_known,1545_R,12,False,1545_R,1.6735326558207004,1.6735326558207004,1
fused,genuine_known,1549_L,12,False,67_L,0.7274901590296929,0.663695643010864,2
fused,genuine_known,1549_R,6,False,1549_R,1.8143065318196183,1.8143065318196183,1
fused,genuine_known,1550_L,10,False,1003_L,0.7213153686948927,0.3075728797381045,6
fused,genuine_known,1550_R,13,False,1550_R,0.9736411170315482,0.9736411170315482,1
fused,genuine_known,1552_L,5,False,1552_L,0.694448305861296,0.694448305861296,1
fused,genuine_known,1552_R,6,False,1552_R,1.4117320192528173,1.4117320192528173,1
fused,genuine_known,1556_L,23,False,1556_L,1.3624610967750366,1.3624610967750366,1
fused,genuine_known,1556_R,14,False,1556_R,1.4352950692402415,1.4352950692402415,1
fused,genuine_known,1558_L,18,False,1558_L,1.585216789238213,1.585216789238213,1
fused,genuine_known,1558_R,25,False,1558_R,1.8560986483219706,1.8560986483219706,1
fused,genuine_known,1560_L,10,False,1560_L,1.3265151271521294,1.3265151271521294,1
fused,genuine_known,1560_R,9,False,1560_R,1.291414390061042,1.291414390061042,1
fused,genuine_known,1585_L,4,False,1552_L,1.516542801261416,1.2678029452082247,3
fused,genuine_known,1585_R,4,False,594_R,1.238927361211744,0.7680123665147631,37
fused,genuine_known,1588_L,10,False,1588_L,1.8204776226555066,1.8204776226555066,1
fused,genuine_known,1588_R,12,False,1588_R,1.9419614878314442,1.9419614878314442,1
fused,genuine_known,1589_L,14,False,1550_L,1.0635317706961331,0.45147670873504336,35
fused,genuine_known,1589_R,5,False,1589_R,1.8960076819325984,1.8960076819325984,1
fused,genuine_known,1594_L,6,False,1594_L,1.1643302853900412,1.1643302853900412,1
fused,genuine_known,1594_R,7,False,1594_R,1.113498558407503,1.113498558407503,1
fused,genuine_known,2000000_L,11,False,2000000_L,1.7823927563286444,1.7823927563286444,1
fused,genuine_known,2000000_R,19,False,2000000_R,1.1506064794748774,1.1506064794748774,1
fused,genuine_known,543_L,8,False,543_L,1.8648485031422395,1.8648485031422395,1
fused,genuine_known,543_R,6,False,543_R,1.7394064200763735,1.7394064200763735,1
fused,genuine_known,546_L,13,False,1061_L,0.6999045520619388,0.5171845497718095,4
fused,genuine_known,546_R,16,False,546_R,1.6751054757079633,1.6751054757079633,1
fused,genuine_known,552_L,15,False,1558_L,1.0177644771158443,0.871858610317792,5
fused,genuine_known,552_R,19,False,552_R,1.249691595555157,1.249691595555157,1
fused,genuine_known,559_L,7,False,11_L,1.0690305336541346,0.9803287648629555,2
fused,genuine_known,559_R,5,False,559_R,1.4801574963078314,1.4801574963078314,1
fused,genuine_known,572_L,5,False,572_L,1.1705969005515988,1.1705969005515988,1
fused,genuine_known,572_R,5,False,572_R,1.816907561421932,1.816907561421932,1
fused,genuine_known,573_L,10,False,573_L,1.8640918456086255,1.8640918456086255,1
fused,genuine_known,573_R,11,False,573_R,1.8402518404260755,1.8402518404260755,1
fused,genuine_known,576_L,11,False,576_L,1.7970591043140696,1.7970591043140696,1
fused,genuine_known,576_R,14,False,576_R,1.6821724704444465,1.6821724704444465,1
fused,genuine_known,587_L,15,False,587_L,1.3817560806915559,1.3817560806915559,1
fused,genuine_known,587_R,14,False,587_R,0.8780213886019319,0.8780213886019319,1
fused,genuine_known,594_L,5,False,594_L,1.6606482913624603,1.6606482913624603,1
fused,genuine_known,594_R,4,False,594_R,1.538097792868091,1.538097792868091,1
fused,genuine_known,595_L,10,False,1594_L,-0.011371551333722474,-0.7244386588545835,34
fused,genuine_known,595_R,6,False,595_R,1.2279780797232618,1.2279780797232618,1
fused,genuine_known,6000000_L,8,False,573_L,1.329054991257586,1.3029552266513915,2
fused,genuine_known,6000000_R,10,False,6000000_R,1.1560600835992307,1.1560600835992307,1
fused,genuine_known,61_L,6,False,61_L,1.337909827299589,1.337909827299589,1
fused,genuine_known,61_R,7,False,61_R,1.6198817534438488,1.6198817534438488,1
fused,genuine_known,63_L,4,False,63_L,1.6691966122766604,1.6691966122766604,1
fused,genuine_known,63_R,6,False,63_R,1.5543940373701437,1.5543940373701437,1
fused,genuine_known,67_L,8,False,67_L,1.8953511037742716,1.8953511037742716,1
fused,genuine_known,67_R,20,False,67_R,1.529376198799898,1.529376198799898,1
fused,genuine_known,8_L,5,False,594_L,1.1325599118360143,0.9496838196776349,6
fused,genuine_known,8_R,4,False,8_R,1.5174515709559546,1.5174515709559546,1
fused,genuine_known,8000000_L,14,False,8000000_L,1.3137520308855515,1.3137520308855515,1
fused,genuine_known,8000000_R,9,False,8000000_R,1.5123155602910976,1.5123155602910976,1
fused,genuine_known,81_L,7,False,81_L,1.227194721545474,1.227194721545474,1
fused,genuine_known,81_R,5,False,81_R,0.7842412647746196,0.7842412647746196,1
fused,genuine_known,86_L,8,False,86_L,1.262478454611862,1.262478454611862,1
fused,genuine_known,86_R,8,False,86_R,1.2154130115735262,1.2154130115735262,1
fused,genuine_known,88_L,9,False,88_L,0.7937404714050825,0.7937404714050825,1
fused,genuine_known,88_R,7,False,88_R,1.5557145969451724,1.5557145969451724,1
fused,genuine_known,92_L,16,False,1594_L,0.2880505360035828,-0.2560095309945891,5
fused,genuine_known,92_R,18,False,92_R,0.888882927526716,0.888882927526716,1
fused,genuine_known,93_L,9,False,93_L,1.5310853829198345,1.5310853829198345,1
fused,genuine_known,93_R,11,False,93_R,1.6250198526202553,1.6250198526202553,1
fused,unknown_cal,1002_L,1,False,1588_L,1.0788941867706263,,
fused,unknown_cal,1002_L,2,False,1009_L,1.0479177070022567,,
fused,unknown_cal,1002_L,3,False,1009_L,1.2929301139057048,,
fused,unknown_cal,1002_L,4,False,1009_L,1.3774063868629036,,
fused,unknown_cal,1002_L,5,False,1009_L,1.348436006843631,,
fused,unknown_cal,1002_L,6,False,1009_L,1.247803610308937,,
fused,unknown_cal,1002_L,7,False,1009_L,1.1080706966089988,,
fused,unknown_cal,1002_L,8,False,1009_L,1.2048750920494422,,
fused,unknown_cal,1002_L,9,False,1000000_L,0.8182098672408067,,
fused,unknown_cal,1002_L,10,False,1000000_L,0.9395942636311647,,
fused,unknown_cal,1002_L,11,False,1000000_L,1.156697410387959,,
fused,unknown_cal,1002_L,12,False,1000000_L,1.21799720700223,,
fused,unknown_cal,1002_L,13,False,1000000_L,1.289571971458225,,
fused,unknown_cal,1002_R,1,False,1013_R,1.291196595141781,,
fused,unknown_cal,1002_R,2,False,1537_R,1.2319729488969782,,
fused,unknown_cal,1002_R,3,False,88_R,1.3404459964428832,,
fused,unknown_cal,1002_R,4,False,88_R,1.3971393804406527,,
fused,unknown_cal,1002_R,5,False,88_R,1.3459480862246296,,
fused,unknown_cal,1002_R,6,False,1013_R,1.1358598423103907,,
fused,unknown_cal,1020_L,1,False,1558_L,1.238839525665853,,
fused,unknown_cal,1020_L,2,False,1558_L,1.4190124894091403,,
fused,unknown_cal,1020_L,3,False,1558_L,1.3750600694405093,,
fused,unknown_cal,1020_L,4,False,1050_L,1.5603201997584866,,
fused,unknown_cal,1020_L,5,False,1558_L,1.5889304788043812,,
fused,unknown_cal,1020_L,6,False,1558_L,1.582834778341598,,
fused,unknown_cal,1020_L,7,False,1558_L,1.5253376817318407,,
fused,unknown_cal,1020_L,8,False,1080_L,1.0340017469329696,,
fused,unknown_cal,1020_L,9,False,552_L,0.7799872522826039,,
fused,unknown_cal,1020_L,10,False,552_L,0.7536108957729881,,
fused,unknown_cal,1020_L,11,False,552_L,0.6766479071063725,,
fused,unknown_cal,1020_L,12,False,1061_L,0.596684143869116,,
fused,unknown_cal,1020_L,13,False,1061_L,0.7254019653293864,,
fused,unknown_cal,1020_L,14,False,1033_L,1.0484966866336285,,
fused,unknown_cal,1020_L,15,False,1042_L,1.3119225694111292,,
fused,unknown_cal,1020_L,16,False,1540_L,0.9942629607858051,,
fused,unknown_cal,1020_L,17,False,1558_L,1.5386799683434305,,
fused,unknown_cal,1020_L,18,False,573_L,1.0037776938256746,,
fused,unknown_cal,1020_L,19,False,573_L,0.9463354433034404,,
fused,unknown_cal,1020_L,20,False,1558_L,0.855139429935015,,
fused,unknown_cal,1020_R,1,False,1558_R,1.3010932982481753,,
fused,unknown_cal,1020_R,2,False,1558_R,1.2729466499417144,,
fused,unknown_cal,1020_R,3,False,1558_R,1.416724663173292,,
fused,unknown_cal,1020_R,4,False,1558_R,1.3740921319056216,,
fused,unknown_cal,1020_R,5,False,1558_R,1.3018595333918639,,
fused,unknown_cal,1020_R,6,False,1558_R,1.409812745819639,,
fused,unknown_cal,1020_R,7,False,1558_R,1.2879949319791866,,
fused,unknown_cal,1020_R,8,False,1080_R,0.35538314049507813,,
fused,unknown_cal,1020_R,9,False,1510_R,-0.16248918653407524,,
fused,unknown_cal,1020_R,10,False,1041_R,0.06891386413613199,,
fused,unknown_cal,1020_R,11,False,1014_R,0.2477304192877678,,
fused,unknown_cal,1020_R,12,False,1014_R,0.5595849399251671,,
fused,unknown_cal,1020_R,13,False,1014_R,0.9401141596904011,,
fused,unknown_cal,1020_R,14,False,1558_R,1.140320723879309,,
fused,unknown_cal,1020_R,15,False,1558_R,1.5218406225339265,,
fused,unknown_cal,1020_R,16,False,1558_R,1.588840213665484,,
fused,unknown_cal,1020_R,17,False,1540_R,1.3155802346424812,,
fused,unknown_cal,1020_R,18,False,88_R,1.2426409619088656,,
fused,unknown_cal,1020_R,19,False,88_R,1.2506630242023422,,
fused,unknown_cal,1020_R,20,False,1540_R,1.2665053195226847,,
fused,unknown_cal,1020_R,21,False,1540_R,1.2473092545966278,,
fused,unknown_cal,1022_L,1,False,81_L,1.006456375924287,,
fused,unknown_cal,1022_L,2,False,10_L,1.2213139989228208,,
fused,unknown_cal,1022_L,3,False,61_L,0.5334521868508352,,
fused,unknown_cal,1022_L,4,False,1081_L,0.8585374897321565,,
fused,unknown_cal,1022_L,5,False,81_L,1.0374160042983647,,
fused,unknown_cal,1022_R,1,False,1533_R,1.3358823494479621,,
fused,unknown_cal,1022_R,2,False,1080_R,1.2421747083882035,,
fused,unknown_cal,1022_R,3,False,1533_R,0.9357935868903904,,
fused,unknown_cal,1022_R,4,False,1533_R,0.9755631204524267,,
fused,unknown_cal,1022_R,5,False,1533_R,1.1744018399587497,,
fused,unknown_cal,1029_L,1,False,1513_L,1.512685303996808,,
fused,unknown_cal,1029_L,2,False,1030_L,1.5547217449648811,,
fused,unknown_cal,1029_L,3,False,1513_L,1.3142921029112957,,
fused,unknown_cal,1029_L,4,False,1093_L,1.3341181867652976,,
fused,unknown_cal,1029_L,5,False,576_L,1.476442531407149,,
fused,unknown_cal,1029_L,6,False,1513_L,1.325313146412614,,
fused,unknown_cal,1029_L,7,False,1513_L,1.456844187359817,,
fused,unknown_cal,1029_L,8,False,1051_L,1.2714940893505418,,
fused,unknown_cal,1029_L,9,False,1051_L,1.458527654685382,,
fused,unknown_cal,1029_L,10,False,1051_L,1.0103143166854873,,
fused,unknown_cal,1029_L,11,False,1051_L,1.0068438787684941,,
fused,unknown_cal,1029_L,12,False,1051_L,0.8491892461967423,,
fused,unknown_cal,1029_L,13,False,1051_L,1.027126955078741,,
fused,unknown_cal,1029_L,14,False,1051_L,1.011126138022552,,
fused,unknown_cal,1029_L,15,False,1051_L,1.2491748050805647,,
fused,unknown_cal,1029_L,16,False,1051_L,1.3303154401145085,,
fused,unknown_cal,1029_L,17,False,1051_L,1.072437402485928,,
fused,unknown_cal,1029_L,18,False,1558_L,1.4286504065742256,,
fused,unknown_cal,1029_L,19,False,1513_L,1.2133875361770223,,
fused,unknown_cal,1029_R,1,False,1051_R,1.6451911309435923,,
fused,unknown_cal,1029_R,2,False,1558_R,1.5787204808132649,,
fused,unknown_cal,1029_R,3,False,1051_R,1.4499649417590528,,
fused,unknown_cal,1029_R,4,False,1051_R,1.5970530643106167,,
fused,unknown_cal,1029_R,5,False,1051_R,1.545201960201803,,
fused,unknown_cal,1029_R,6,False,1051_R,1.4536445994450231,,
fused,unknown_cal,1029_R,7,False,1529_R,1.2367370294138147,,
fused,unknown_cal,1029_R,8,False,1041_R,1.2573774406335436,,
fused,unknown_cal,1029_R,9,False,1041_R,1.3025645852421825,,
fused,unknown_cal,1029_R,10,False,1041_R,1.2977121365475195,,
fused,unknown_cal,1029_R,11,False,1041_R,1.0703758317273813,,
fused,unknown_cal,1029_R,12,False,1051_R,1.4861431791662607,,
fused,unknown_cal,1029_R,13,False,1051_R,1.5925237011226216,,
fused,unknown_cal,1029_R,14,False,1513_R,1.6226319950529458,,
fused,unknown_cal,1029_R,15,False,1558_R,1.5387934229018119,,
fused,unknown_cal,1029_R,16,False,1558_R,1.4489149054255135,,
fused,unknown_cal,1032_L,1,False,1042_L,1.0215834589202182,,
fused,unknown_cal,1032_L,2,False,1042_L,1.2180969515124334,,
fused,unknown_cal,1032_L,3,False,93_L,1.1649821526822075,,
fused,unknown_cal,1032_L,4,False,1510_L,1.1441671429864786,,
fused,unknown_cal,1032_L,5,False,1042_L,1.1320222593369018,,
fused,unknown_cal,1032_L,6,False,1510_L,1.2618350560239278,,
fused,unknown_cal,1032_L,7,False,1510_L,1.2070012779617076,,
fused,unknown_cal,1032_L,8,False,1510_L,1.1789125396568862,,
fused,unknown_cal,1032_L,9,False,1042_L,1.108562060444516,,
fused,unknown_cal,1032_L,10,False,1042_L,0.8200970403210921,,
fused,unknown_cal,1032_L,11,False,1011_L,1.0310231092901114,,
fused,unknown_cal,1032_L,12,False,1042_L,1.2192546712659347,,
fused,unknown_cal,1032_L,13,False,1042_L,1.2814933560542314,,
fused,unknown_cal,1032_L,14,False,1061_L,1.1712485356720514,,
fused,unknown_cal,1032_L,15,False,1011_L,1.2132449691026694,,
fused,unknown_cal,1032_L,16,False,1042_L,1.1575261522819593,,
fused,unknown_cal,1032_L,17,False,1011_L,1.1006830369498823,,
fused,unknown_cal,1032_L,18,False,1042_L,1.3487296677250178,,
fused,unknown_cal,1032_L,19,False,1042_L,1.1383212624310615,,
fused,unknown_cal,1032_L,20,False,1042_L,1.0598034118310686,,
fused,unknown_cal,1032_L,21,False,1042_L,1.1602038749175532,,
fused,unknown_cal,1032_R,1,False,1537_R,1.2110484481382469,,
fused,unknown_cal,1032_R,2,False,1019_R,1.3781677873821525,,
fused,unknown_cal,1032_R,3,False,1019_R,1.2971193450447447,,
fused,unknown_cal,1032_R,4,False,1024_R,1.267243002893356,,
fused,unknown_cal,1032_R,5,False,1529_R,1.5099347767927445,,
fused,unknown_cal,1032_R,6,False,1026_R,1.3055957832363934,,
fused,unknown_cal,1032_R,7,False,1051_R,1.3353957967147887,,
fused,unknown_cal,1032_R,8,False,1540_R,1.4591200458090188,,
fused,unknown_cal,1032_R,9,False,1540_R,1.486529831291508,,
fused,unknown_cal,1032_R,10,False,1540_R,1.574844626712859,,
fused,unknown_cal,1032_R,11,False,1540_R,1.6085440388451941,,
fused,unknown_cal,1032_R,12,False,1540_R,1.5429018327294024,,
fused,unknown_cal,1032_R,13,False,1540_R,1.440217135314953,,
fused,unknown_cal,1032_R,14,False,1540_R,1.4524097115199952,,
fused,unknown_cal,1032_R,15,False,546_R,1.438411763022826,,
fused,unknown_cal,1032_R,16,False,1080_R,1.338419050299121,,
fused,unknown_cal,1032_R,17,False,572_R,1.5789173031278247,,
fused,unknown_cal,1032_R,18,False,572_R,1.6163545401242403,,
fused,unknown_cal,1032_R,19,False,61_R,1.552431009973232,,
fused,unknown_cal,1035_L,1,False,1537_L,0.9807888453784974,,
fused,unknown_cal,1035_L,2,False,1537_L,0.9865646043122269,,
fused,unknown_cal,1035_L,3,False,1537_L,1.0156267367488852,,
fused,unknown_cal,1035_L,4,False,1011_L,1.180084999730134,,
fused,unknown_cal,1035_L,5,False,1537_L,0.8636314539190444,,
fused,unknown_cal,1035_L,6,False,1011_L,0.937702978523433,,
fused,unknown_cal,1035_L,7,False,1011_L,0.8433444858153872,,
fused,unknown_cal,1035_L,8,False,1074_L,0.8292650176271992,,
fused,unknown_cal,1035_L,9,False,1074_L,1.0770054185649374,,
fused,unknown_cal,1035_L,10,False,1074_L,0.7823327695736352,,
fused,unknown_cal,1035_L,11,False,1041_L,0.5156801282831497,,
fused,unknown_cal,1035_L,12,False,1074_L,0.5156571265137906,,
fused,unknown_cal,1035_L,13,False,1074_L,0.7750624500679024,,
fused,unknown_cal,1035_L,14,False,13_L,0.669209275998187,,
fused,unknown_cal,1035_L,15,False,13_L,0.9484001728315548,,
fused,unknown_cal,1035_L,16,False,1018_L,0.7613904567446972,,
fused,unknown_cal,1035_L,17,False,1011_L,0.9043526126444981,,
fused,unknown_cal,1035_L,18,False,1011_L,1.060343821974084,,
fused,unknown_cal,1035_L,19,False,1537_L,0.9564234270524614,,
fused,unknown_cal,1035_L,20,False,1537_L,0.6700263904863544,,
fused,unknown_cal,1035_L,21,False,1537_L,0.5810619853239433,,
fused,unknown_cal,1035_L,22,False,1537_L,0.5870104550636197,,
fused,unknown_cal,1035_R,1,False,10_R,0.368337209156934,,
fused,unknown_cal,1035_R,2,False,10_R,0.3370635380899857,,
fused,unknown_cal,1035_R,3,False,93_R,0.5607735834077676,,
fused,unknown_cal,1035_R,4,False,10_R,0.5237177878949643,,
fused,unknown_cal,1035_R,5,False,93_R,0.7728678466628203,,
fused,unknown_cal,1035_R,6,False,93_R,0.5717230991023822,,
fused,unknown_cal,1035_R,7,False,93_R,0.7663600143019682,,
fused,unknown_cal,1035_R,8,False,10_R,0.8195301802763939,,
fused,unknown_cal,1035_R,9,False,10_R,1.2109251477778238,,
fused,unknown_cal,1035_R,10,False,10_R,0.949648734886521,,
fused,unknown_cal,1035_R,11,False,10_R,0.8315524539647158,,
fused,unknown_cal,1035_R,12,False,10_R,0.8410532533989934,,
fused,unknown_cal,1035_R,13,False,10_R,0.8547680166296258,,
fused,unknown_cal,1035_R,14,False,10_R,0.7854701502907275,,
fused,unknown_cal,1035_R,15,False,10_R,0.7279617977583229,,
fused,unknown_cal,1035_R,16,False,93_R,0.7741041254803198,,
fused,unknown_cal,1035_R,17,False,93_R,0.7287809449317432,,
fused,unknown_cal,1039_L,1,False,1081_L,1.0786298418527622,,
fused,unknown_cal,1039_L,2,False,1081_L,1.3913019492496153,,
fused,unknown_cal,1039_L,3,False,1024_L,1.1461514445067864,,
fused,unknown_cal,1039_L,4,False,1080_L,1.3037186788008523,,
fused,unknown_cal,1039_L,5,False,1080_L,1.4340469084023746,,
fused,unknown_cal,1039_L,6,False,1033_L,1.431852419170764,,
fused,unknown_cal,1039_L,7,False,1545_L,1.3486647790244373,,
fused,unknown_cal,1039_L,8,False,1540_L,1.227550249731061,,
fused,unknown_cal,1039_L,9,False,1033_L,1.416061812864669,,
fused,unknown_cal,1039_L,10,False,1026_L,1.2648267336115835,,
fused,unknown_cal,1039_L,11,False,1024_L,1.1498908558509544,,
fused,unknown_cal,1039_L,12,False,1026_L,1.0464960581186085,,
fused,unknown_cal,1039_L,13,False,1026_L,1.2167836458106662,,
fused,unknown_cal,1039_L,14,False,1024_L,1.07342183390528,,
fused,unknown_cal,1039_L,15,False,1026_L,1.0949525688516513,,
fused,unknown_cal,1039_L,16,False,1026_L,0.911495794378372,,
fused,unknown_cal,1039_L,17,False,1026_L,1.2931353439841786,,
fused,unknown_cal,1039_L,18,False,1549_L,1.1973420752691846,,
fused,unknown_cal,1039_L,19,False,1549_L,1.2894400025310508,,
fused,unknown_cal,1039_L,20,False,1549_L,0.9279993876680479,,
fused,unknown_cal,1039_L,21,False,1026_L,0.9518046254573984,,
fused,unknown_cal,1039_L,22,False,1026_L,0.6747964136306651,,
fused,unknown_cal,1039_R,1,False,1013_R,1.099470344768804,,
fused,unknown_cal,1039_R,2,False,1013_R,1.4290454623160338,,
fused,unknown_cal,1039_R,3,False,1013_R,1.2911706578224678,,
fused,unknown_cal,1039_R,4,False,1013_R,1.4376341906197745,,
fused,unknown_cal,1039_R,5,False,1013_R,1.3541069533737669,,
fused,unknown_cal,1039_R,6,False,1050_R,1.527760809005537,,
fused,unknown_cal,1039_R,7,False,86_R,1.263888152764196,,
fused,unknown_cal,1039_R,8,False,1050_R,1.3505279269061923,,
fused,unknown_cal,1039_R,9,False,1080_R,1.3588665043021413,,
fused,unknown_cal,1039_R,10,False,1080_R,1.5293846477056343,,
fused,unknown_cal,1039_R,11,False,1080_R,1.4982770327571737,,
fused,unknown_cal,1039_R,12,False,1080_R,1.4761216121692367,,
fused,unknown_cal,1039_R,13,False,1080_R,1.362474050888041,,
fused,unknown_cal,1039_R,14,False,1080_R,1.3336190971940884,,
fused,unknown_cal,1039_R,15,False,1013_R,1.5463373166927195,,
fused,unknown_cal,1039_R,16,False,1050_R,1.448804889176432,,
fused,unknown_cal,1039_R,17,False,1026_R,1.4221106466963076,,
fused,unknown_cal,1039_R,18,False,1013_R,1.1636514935007058,,
fused,unknown_cal,1039_R,19,False,1013_R,1.3268937938892318,,
fused,unknown_cal,1039_R,20,False,1013_R,1.2586749842872145,,
fused,unknown_cal,1039_R,21,False,1013_R,1.2666972237457337,,
fused,unknown_cal,1039_R,22,False,1013_R,1.1250365000221154,,
fused,unknown_cal,1043_L,1,False,1532_L,0.3927731618180309,,
fused,unknown_cal,1043_L,2,False,1024_L,0.8336851819641424,,
fused,unknown_cal,1043_L,3,False,1532_L,1.026054284752463,,
fused,unknown_cal,1043_L,4,False,1061_L,1.1467444831923943,,
fused,unknown_cal,1043_L,5,False,1061_L,1.2206548944627982,,
fused,unknown_cal,1043_L,6,False,572_L,0.9238066874883073,,
fused,unknown_cal,1043_L,7,False,8_L,0.7453401285852262,,
fused,unknown_cal,1043_R,1,False,1026_R,1.21043410793213,,
fused,unknown_cal,1043_R,2,False,1026_R,1.6102900218468736,,
fused,unknown_cal,1043_R,3,False,546_R,1.676689078222242,,
fused,unknown_cal,1043_R,4,False,1026_R,1.3919890096840852,,
fused,unknown_cal,1043_R,5,False,1026_R,1.3588498403626472,,
fused,unknown_cal,1043_R,6,False,1041_R,0.7705948883841619,,
fused,unknown_cal,1043_R,7,False,1026_R,0.8179369453680572,,
fused,unknown_cal,1043_R,8,False,1026_R,0.9392699921755059,,
fused,unknown_cal,1043_R,9,False,1026_R,0.7498509449748539,,
fused,unknown_cal,1043_R,10,False,1026_R,0.9349598425063927,,
fused,unknown_cal,1043_R,11,False,1026_R,1.5492324114522011,,
fused,unknown_cal,1066_L,1,False,1533_L,1.476644167223851,,
fused,unknown_cal,1066_L,2,False,1100000_L,1.5064303244567774,,
fused,unknown_cal,1066_L,3,False,1558_L,1.544638131837155,,
fused,unknown_cal,1066_L,4,False,1050_L,1.5027905236614036,,
fused,unknown_cal,1066_L,5,False,1050_L,1.6586535846288246,,
fused,unknown_cal,1066_L,6,False,1100000_L,1.4953527453308808,,
fused,unknown_cal,1066_L,7,False,576_L,1.6352650112579838,,
fused,unknown_cal,1066_L,8,False,1037_L,1.6172866178788992,,
fused,unknown_cal,1066_L,9,False,1100000_L,1.4464705909183517,,
fused,unknown_cal,1066_L,10,False,1100000_L,1.5536369708775322,,
fused,unknown_cal,1066_L,11,False,1549_L,1.3761680408048624,,
fused,unknown_cal,1066_L,12,False,1100000_L,1.3435175350495228,,
fused,unknown_cal,1066_L,13,False,576_L,1.4406769691358083,,
fused,unknown_cal,1066_L,14,False,576_L,1.4826656759995722,,
fused,unknown_cal,1066_L,15,False,576_L,1.4521196046844786,,
fused,unknown_cal,1066_L,16,False,1549_L,1.4527961797918114,,
fused,unknown_cal,1066_L,17,False,1100000_L,1.4289353622081549,,
fused,unknown_cal,1066_L,18,False,1050_L,1.4093700984568396,,
fused,unknown_cal,1066_L,19,False,1100000_L,1.6236890468833205,,
fused,unknown_cal,1066_L,20,False,1009_L,1.409423005555262,,
fused,unknown_cal,1066_L,21,False,1100000_L,1.4953619391695456,,
fused,unknown_cal,1066_L,22,False,1100000_L,1.411810518558192,,
fused,unknown_cal,1066_R,1,False,1080_R,1.503830054427595,,
fused,unknown_cal,1066_R,2,False,1080_R,1.2439103848784967,,
fused,unknown_cal,1066_R,3,False,1033_R,1.2636524214028042,,
fused,unknown_cal,1066_R,4,False,1080_R,1.2966667236606737,,
fused,unknown_cal,1066_R,5,False,1558_R,1.4844589321417088,,
fused,unknown_cal,1066_R,6,False,1033_R,1.4277180006419568,,
fused,unknown_cal,1066_R,7,False,1558_R,1.3967767134146092,,
fused,unknown_cal,1066_R,8,False,1540_R,1.3613050543145855,,
fused,unknown_cal,1066_R,9,False,1540_R,1.601573368045902,,
fused,unknown_cal,1066_R,10,False,1540_R,1.4064176745486283,,
fused,unknown_cal,1066_R,11,False,1080_R,1.669286015312577,,
fused,unknown_cal,1066_R,12,False,1080_R,1.5569184256591335,,
fused,unknown_cal,1066_R,13,False,1080_R,1.314545431612935,,
fused,unknown_cal,1066_R,14,False,1080_R,1.4619351261959734,,
fused,unknown_cal,1066_R,15,False,1080_R,1.5111702825293438,,
fused,unknown_cal,1066_R,16,False,1080_R,1.5472464943821818,,
fused,unknown_cal,1066_R,17,False,1080_R,1.5034585042487696,,
fused,unknown_cal,1066_R,18,False,1080_R,1.4977392028397651,,
fused,unknown_cal,1066_R,19,False,1558_R,1.528819461163485,,
fused,unknown_cal,1066_R,20,False,1558_R,1.4208664017695125,,
fused,unknown_cal,1066_R,21,False,1080_R,1.5876923563350067,,
fused,unknown_cal,1066_R,22,False,1558_R,1.427791365217382,,
fused,unknown_cal,1066_R,23,False,1558_R,1.5765370984169025,,
fused,unknown_cal,1066_R,24,False,1558_R,1.4283652874308252,,
fused,unknown_cal,1066_R,25,False,1558_R,1.3350073324172786,,
fused,unknown_cal,1079_L,1,False,1061_L,1.2363979291809981,,
fused,unknown_cal,1079_L,2,False,1513_L,1.1044387190529494,,
fused,unknown_cal,1079_L,3,False,1513_L,1.0733007967050223,,
fused,unknown_cal,1079_L,4,False,1061_L,0.7304167367694491,,
fused,unknown_cal,1079_L,5,False,1061_L,0.45492898255538283,,
fused,unknown_cal,1079_L,6,False,1061_L,0.68619313986438,,
fused,unknown_cal,1079_L,7,False,1061_L,0.5652323003394224,,
fused,unknown_cal,1079_L,8,False,552_L,1.2183562215173482,,
fused,unknown_cal,1079_L,9,False,1504_L,1.2685855886630053,,
fused,unknown_cal,1079_L,10,False,546_L,1.4882326233394039,,
fused,unknown_cal,1079_L,11,False,1009_L,1.2276623755150438,,
fused,unknown_cal,1079_L,12,False,546_L,0.995870798659038,,
fused,unknown_cal,1079_R,1,False,1041_R,0.9145840362072288,,
fused,unknown_cal,1079_R,2,False,1504_R,0.9762739298954936,,
fused,unknown_cal,1079_R,3,False,1529_R,1.1148194588248845,,
fused,unknown_cal,1079_R,4,False,1504_R,0.9090240003327468,,
fused,unknown_cal,1079_R,5,False,1200000_R,1.0167377368250106,,
fused,unknown_cal,1079_R,6,False,1200000_R,0.7264152022455519,,
fused,unknown_cal,1079_R,7,False,587_R,1.0269849825772799,,
fused,unknown_cal,1079_R,8,False,587_R,0.722997378407878,,
fused,unknown_cal,1079_R,9,False,587_R,0.686365010226425,,
fused,unknown_cal,1079_R,10,False,1540_R,0.6390365360854955,,
fused,unknown_cal,1079_R,11,False,576_R,0.7603151720839187,,
fused,unknown_cal,1079_R,12,False,1549_R,1.1663319797787026,,
fused,unknown_cal,1079_R,13,False,1549_R,0.760080650578662,,
fused,unknown_cal,12_R,1,False,1558_R,1.5160794442230898,,
fused,unknown_cal,12_R,2,False,1558_R,1.471055056599642,,
fused,unknown_cal,12_R,3,False,1558_R,1.5819371131948063,,
fused,unknown_cal,12_R,4,False,1558_R,1.6283501534340106,,
fused,unknown_cal,12_R,5,False,559_R,1.5772557701074974,,
fused,unknown_cal,12_R,6,False,1558_R,1.5738643263841912,,
fused,unknown_cal,12_R,7,False,1558_R,1.5734854836089318,,
fused,unknown_cal,12_R,8,False,1533_R,1.4213596863321218,,
fused,unknown_cal,12_R,9,False,1533_R,1.2411610730206843,,
fused,unknown_cal,12_R,10,False,1533_R,1.4587102984502922,,
fused,unknown_cal,1503_L,1,False,1050_L,1.4640181995456278,,
fused,unknown_cal,1503_L,2,False,1080_L,1.71334356742048,,
fused,unknown_cal,1503_L,3,False,8_L,1.2582530528371796,,
fused,unknown_cal,1503_L,4,False,1080_L,1.350054568603992,,
fused,unknown_cal,1503_L,5,False,576_L,1.569052183069981,,
fused,unknown_cal,1503_R,1,False,546_R,1.5257352805612354,,
fused,unknown_cal,1503_R,2,False,1074_R,1.3672427177351145,,
fused,unknown_cal,1503_R,3,False,1069_R,1.347693888145149,,
fused,unknown_cal,1503_R,4,False,572_R,1.3364237888207908,,
fused,unknown_cal,1503_R,5,False,1585_R,1.2179044945594462,,
fused,unknown_cal,1506_L,1,False,1558_L,1.3061139267207142,,
fused,unknown_cal,1506_L,2,False,1050_L,1.1945551700933366,,
fused,unknown_cal,1506_L,3,False,576_L,1.3757984004657686,,
fused,unknown_cal,1506_L,4,False,1050_L,1.3890287022656942,,
fused,unknown_cal,1506_L,5,False,1050_L,1.3680440786670545,,
fused,unknown_cal,1506_L,6,False,572_L,1.3567702811395952,,
fused,unknown_cal,1506_R,1,False,8_R,1.1686267105898844,,
fused,unknown_cal,1506_R,2,False,1019_R,1.1622785255828794,,
fused,unknown_cal,1506_R,3,False,8_R,1.081463788585723,,
fused,unknown_cal,1506_R,4,False,8_R,1.0220666557042999,,
fused,unknown_cal,1506_R,5,False,10_R,1.0985072833244895,,
fused,unknown_cal,1506_R,6,False,1515_R,0.5113388246745356,,
fused,unknown_cal,1506_R,7,False,63_R,0.7705616926226407,,
fused,unknown_cal,1506_R,8,False,63_R,0.7008932150932512,,
fused,unknown_cal,1506_R,9,False,63_R,1.108887094060733,,
fused,unknown_cal,1506_R,10,False,1052_R,0.4109200441688315,,
fused,unknown_cal,1516_L,1,False,1532_L,1.3781209925427187,,
fused,unknown_cal,1516_L,2,False,1026_L,1.4985193027540644,,
fused,unknown_cal,1516_L,3,False,1532_L,0.927659636133605,,
fused,unknown_cal,1516_L,4,False,1532_L,1.074051619956696,,
fused,unknown_cal,1516_L,5,False,1532_L,0.7150563273589317,,
fused,unknown_cal,1516_L,6,False,1061_L,0.9439584426654202,,
fused,unknown_cal,1516_L,7,False,1061_L,0.9122675091108814,,
fused,unknown_cal,1516_L,8,False,1061_L,0.8135377890730146,,
fused,unknown_cal,1516_L,9,False,1061_L,0.9371076910128239,,
fused,unknown_cal,1516_L,10,False,1532_L,1.3327587345544705,,
fused,unknown_cal,1516_L,11,False,1510_L,1.1725430429359551,,
fused,unknown_cal,1516_L,12,False,1532_L,1.356463991339216,,
fused,unknown_cal,1516_L,13,False,1532_L,1.178331249849383,,
fused,unknown_cal,1516_L,14,False,1532_L,1.4216317514043468,,
fused,unknown_cal,1516_L,15,False,1026_L,1.5261416144491966,,
fused,unknown_cal,1516_L,16,False,1093_L,1.328900712219545,,
fused,unknown_cal,1516_R,1,False,1026_R,0.8584936372127225,,
fused,unknown_cal,1516_R,2,False,1026_R,1.3235331711965315,,
fused,unknown_cal,1516_R,3,False,1026_R,1.3433069605266634,,
fused,unknown_cal,1516_R,4,False,1026_R,1.1301364239004934,,
fused,unknown_cal,1516_R,5,False,1026_R,0.9638832597474524,,
fused,unknown_cal,1516_R,6,False,1026_R,0.40525573230822715,,
fused,unknown_cal,1516_R,7,False,1026_R,0.2302017027236738,,
fused,unknown_cal,1516_R,8,False,1026_R,0.9828550503153812,,
fused,unknown_cal,1516_R,9,False,1026_R,1.220152571319757,,
fused,unknown_cal,1516_R,10,False,1026_R,1.6397138249711674,,
fused,unknown_cal,1516_R,11,False,1026_R,1.4531581907414488,,
fused,unknown_cal,1516_R,12,False,1515_R,1.2012418106275402,,
fused,unknown_cal,1516_R,13,False,1026_R,1.2124287673609424,,
fused,unknown_cal,1516_R,14,False,572_R,1.0989001113529775,,
fused,unknown_cal,1516_R,15,False,1529_R,1.2520513956945813,,
fused,unknown_cal,1516_R,16,False,1026_R,1.4934613703893282,,
fused,unknown_cal,1516_R,17,False,1026_R,1.205819894829055,,
fused,unknown_cal,1516_R,18,False,1026_R,1.370819235216671,,
fused,unknown_cal,1516_R,19,False,1026_R,0.5710985683174832,,
fused,unknown_cal,1516_R,20,False,1026_R,0.5196865341403794,,
fused,unknown_cal,1517_L,1,False,1549_L,0.8711427362521945,,
fused,unknown_cal,1517_L,2,False,1081_L,0.7698567955189441,,
fused,unknown_cal,1517_L,3,False,594_L,0.9966399956329887,,
fused,unknown_cal,1517_L,4,False,594_L,0.7961949406400309,,
fused,unknown_cal,1517_L,5,False,594_L,0.6667571913706225,,
fused,unknown_cal,1517_R,1,False,1558_R,1.3329194424591702,,
fused,unknown_cal,1517_R,2,False,1558_R,1.312478636988134,,
fused,unknown_cal,1517_R,3,False,1533_R,1.3408339019303508,,
fused,unknown_cal,1517_R,4,False,1080_R,1.4307979281981371,,
fused,unknown_cal,1517_R,5,False,1050_R,1.134429923825895,,
fused,unknown_cal,1517_R,6,False,1013_R,1.0346710276527231,,
fused,unknown_cal,1517_R,7,False,1050_R,0.8064630816327789,,
fused,unknown_cal,1531_L,1,False,1075_L,1.3758911176166913,,
fused,unknown_cal,1531_L,2,False,1075_L,1.3378617777676416,,
fused,unknown_cal,1531_L,3,False,573_L,1.4820138424924698,,
fused,unknown_cal,1531_L,4,False,1589_L,1.1528437206655853,,
fused,unknown_cal,1531_L,5,False,88_L,1.2058902479344964,,
fused,unknown_cal,1531_L,6,False,8000000_L,1.184265306565997,,
fused,unknown_cal,1531_L,7,False,1051_L,1.2255469463172153,,
fused,unknown_cal,1531_L,8,False,1037_L,1.0575773780053663,,
fused,unknown_cal,1531_L,9,False,1558_L,1.0154904586558957,,
fused,unknown_cal,1531_L,10,False,1558_L,1.0427697479217601,,
fused,unknown_cal,1531_R,1,False,573_R,1.5739975980254375,,
fused,unknown_cal,1531_R,2,False,587_R,1.1262927210797078,,
fused,unknown_cal,1531_R,3,False,573_R,1.5686213474773716,,
fused,unknown_cal,1531_R,4,False,573_R,1.5714607043737696,,
fused,unknown_cal,1531_R,5,False,1075_R,1.576952490903822,,
fused,unknown_cal,1531_R,6,False,1060_R,1.5705948532492546,,
fused,unknown_cal,1531_R,7,False,1051_R,1.3086549680594581,,
fused,unknown_cal,1531_R,8,False,1594_R,1.250758443587371,,
fused,unknown_cal,1531_R,9,False,1594_R,1.1453430346125117,,
fused,unknown_cal,1531_R,10,False,1594_R,1.1051056747751178,,
fused,unknown_cal,1531_R,11,False,1594_R,1.0235777107932824,,
fused,unknown_cal,1543_L,1,False,1080_L,1.3790071798473864,,
fused,unknown_cal,1543_L,2,False,1080_L,1.0551346809273894,,
fused,unknown_cal,1543_L,3,False,1080_L,1.4214663428983167,,
fused,unknown_cal,1543_L,4,False,1080_L,1.2777878525166277,,
fused,unknown_cal,1543_L,5,False,1510_L,1.3874351902754927,,
fused,unknown_cal,1543_L,6,False,1046_L,1.1547364912019842,,
fused,unknown_cal,1543_L,7,False,1046_L,1.3102454660157699,,
fused,unknown_cal,1543_L,8,False,1046_L,1.0232423122582683,,
fused,unknown_cal,1543_L,9,False,1560_L,0.2202120692792076,,
fused,unknown_cal,1543_L,10,False,1046_L,1.0952096337871646,,
fused,unknown_cal,1543_L,11,False,1060_L,1.0986911137709134,,
fused,unknown_cal,1543_L,12,False,1046_L,1.3084529369311615,,
fused,unknown_cal,1543_L,13,False,1588_L,1.330415397118938,,
fused,unknown_cal,1543_L,14,False,1080_L,1.5339916943469112,,
fused,unknown_cal,1543_L,15,False,1046_L,1.548898077721774,,
fused,unknown_cal,1543_L,16,False,1080_L,1.5510567708359262,,
fused,unknown_cal,1543_L,17,False,1080_L,1.4813462580943493,,
fused,unknown_cal,1543_L,18,False,1030_L,1.537238506272749,,
fused,unknown_cal,1543_L,19,False,576_L,1.320150058966866,,
fused,unknown_cal,1543_L,20,False,1026_L,1.2582933644704424,,
fused,unknown_cal,1543_L,21,False,1024_L,0.9963844650622639,,
fused,unknown_cal,1543_L,22,False,1024_L,0.631455525119274,,
fused,unknown_cal,1543_L,23,False,1520_L,1.1356737515843272,,
fused,unknown_cal,1543_L,24,False,8000000_L,1.1938044932970886,,
fused,unknown_cal,1543_L,25,False,1028_L,1.3682762657443233,,
fused,unknown_cal,1543_L,26,False,1028_L,1.5069001316244637,,
fused,unknown_cal,1543_L,27,False,1028_L,1.6271416828961844,,
fused,unknown_cal,1543_L,28,False,1550_L,1.4845522005321032,,
fused,unknown_cal,1543_R,1,False,1588_R,1.5419662898209237,,
fused,unknown_cal,1543_R,2,False,1080_R,1.644431283224478,,
fused,unknown_cal,1543_R,3,False,1080_R,1.661422240231513,,
fused,unknown_cal,1543_R,4,False,1080_R,1.6572534473987752,,
fused,unknown_cal,1543_R,5,False,1529_R,1.6584616457861028,,
fused,unknown_cal,1543_R,6,False,1529_R,1.5956163787367799,,
fused,unknown_cal,1543_R,7,False,1080_R,1.5337454614152315,,
fused,unknown_cal,1543_R,8,False,1588_R,1.455374254950923,,
fused,unknown_cal,1543_R,9,False,1588_R,1.3804750601602342,,
fused,unknown_cal,1543_R,10,False,1588_R,1.344583756543007,,
fused,unknown_cal,1543_R,11,False,1011_R,1.4180305637048602,,
fused,unknown_cal,1543_R,12,False,1060_R,1.4543260834285165,,
fused,unknown_cal,1543_R,13,False,1033_R,1.5198102148778903,,
fused,unknown_cal,1543_R,14,False,1037_R,1.6344297617005168,,
fused,unknown_cal,1543_R,15,False,1558_R,1.7566620372104376,,
fused,unknown_cal,1543_R,16,False,573_R,1.6194505717131995,,
fused,unknown_cal,1543_R,17,False,1513_R,1.4799117629907386,,
fused,unknown_cal,1543_R,18,False,1513_R,1.377936699391952,,
fused,unknown_cal,1543_R,19,False,1051_R,1.2005344405167184,,
fused,unknown_cal,1543_R,20,False,1041_R,1.317124795810515,,
fused,unknown_cal,1543_R,21,False,1041_R,1.363445924353145,,
fused,unknown_cal,1543_R,22,False,1588_R,1.5057634185801585,,
fused,unknown_cal,1543_R,23,False,1588_R,1.544834479822699,,
fused,unknown_cal,1543_R,24,False,88_R,1.6759345193037813,,
fused,unknown_cal,1543_R,25,False,1028_R,1.6515516270816164,,
fused,unknown_cal,1543_R,26,False,1028_R,1.5412245273948537,,
fused,unknown_cal,1543_R,27,False,1028_R,1.5965951520462316,,
fused,unknown_cal,1543_R,28,False,1028_R,1.7103182905564367,,
fused,unknown_cal,1543_R,29,False,1558_R,1.6698149197836134,,
fused,unknown_cal,1543_R,30,False,1558_R,1.210852385649064,,
fused,unknown_cal,1543_R,31,False,573_R,1.619847125110129,,
fused,unknown_cal,1543_R,32,False,1558_R,1.690819207878091,,
fused,unknown_cal,1544_L,1,False,61_L,1.5984315988186706,,
fused,unknown_cal,1544_L,2,False,1080_L,1.7181730416364993,,
fused,unknown_cal,1544_L,3,False,594_L,1.5357895523658016,,
fused,unknown_cal,1544_L,4,False,1549_L,0.968115861365388,,
fused,unknown_cal,1544_L,5,False,594_L,1.2055119249757338,,
fused,unknown_cal,1544_L,6,False,1080_L,1.3491806409876168,,
fused,unknown_cal,1544_L,7,False,1080_L,1.5710254938043118,,
fused,unknown_cal,1544_L,8,False,1080_L,1.4194280450485395,,
fused,unknown_cal,1544_L,9,False,61_L,1.3788613402145318,,
fused,unknown_cal,1544_L,10,False,0_L,1.4455515506929744,,
fused,unknown_cal,1544_L,11,False,1033_L,1.345274033171954,,
fused,unknown_cal,1544_R,1,False,1080_R,1.2164227474793323,,
fused,unknown_cal,1544_R,2,False,1013_R,1.167314134992951,,
fused,unknown_cal,1544_R,3,False,67_R,0.8466061980418425,,
fused,unknown_cal,1544_R,4,False,13_R,1.36194260241002,,
fused,unknown_cal,1544_R,5,False,1019_R,1.3867635356221948,,
fused,unknown_cal,1544_R,6,False,88_R,1.422370419175601,,
fused,unknown_cal,1544_R,7,False,1080_R,1.260359773703431,,
fused,unknown_cal,1553_L,1,False,1532_L,1.0992866995003823,,
fused,unknown_cal,1553_L,2,False,1532_L,1.2062871656402359,,
fused,unknown_cal,1553_L,3,False,1093_L,1.1907202289317433,,
fused,unknown_cal,1553_L,4,False,1026_L,1.0491664140679635,,
fused,unknown_cal,1553_L,5,False,1093_L,0.9446085439703849,,
fused,unknown_cal,1553_L,6,False,1093_L,0.927411867318336,,
fused,unknown_cal,1553_L,7,False,86_L,0.9159698111810451,,
fused,unknown_cal,1553_L,8,False,1532_L,1.2094697910560785,,
fused,unknown_cal,1553_L,9,False,1061_L,0.8097078343739663,,
fused,unknown_cal,1553_L,10,False,1061_L,1.119940438321733,,
fused,unknown_cal,1553_L,11,False,543_L,0.6234696068842591,,
fused,unknown_cal,1553_L,12,False,1019_L,0.474886565011753,,
fused,unknown_cal,1553_R,1,False,1510_R,0.3372277398647473,,
fused,unknown_cal,1553_R,2,False,1510_R,0.23509656756065614,,
fused,unknown_cal,1553_R,3,False,1510_R,0.09993829079564764,,
fused,unknown_cal,1553_R,4,False,1510_R,0.5346554844628606,,
fused,unknown_cal,1553_R,5,False,1510_R,0.3827378394429539,,
fused,unknown_cal,1553_R,6,False,1510_R,-0.09237963522864766,,
fused,unknown_cal,1553_R,7,False,93_R,0.7068560406596603,,
fused,unknown_cal,1553_R,8,False,93_R,0.5492224293875123,,
fused,unknown_cal,1555_L,1,False,1050_L,1.5846926043111913,,
fused,unknown_cal,1555_L,2,False,1100000_L,1.3683508662614414,,
fused,unknown_cal,1555_L,3,False,1100000_L,1.306778224748544,,
fused,unknown_cal,1555_L,4,False,1545_L,1.1154248023425828,,
fused,unknown_cal,1555_L,5,False,1033_L,0.34860576385018527,,
fused,unknown_cal,1555_L,6,False,1080_L,1.312365697426376,,
fused,unknown_cal,1555_L,7,False,1026_L,0.8269921462130579,,
fused,unknown_cal,1555_L,8,False,1026_L,0.8550701287916167,,
fused,unknown_cal,1555_L,9,False,86_L,0.7765355796455139,,
fused,unknown_cal,1555_L,10,False,86_L,0.6512813367373906,,
fused,unknown_cal,1555_R,1,False,1558_R,1.3860714105561815,,
fused,unknown_cal,1555_R,2,False,594_R,1.2352992432724972,,
fused,unknown_cal,1555_R,3,False,61_R,1.4187029194771603,,
fused,unknown_cal,1555_R,4,False,1558_R,1.490259011572597,,
fused,unknown_cal,1555_R,5,False,1558_R,1.4265647556195666,,
fused,unknown_cal,1555_R,6,False,1558_R,1.4578662842024865,,
fused,unknown_cal,1555_R,7,False,1558_R,1.435590338022765,,
fused,unknown_cal,1564_L,1,False,1042_L,1.5432841430690654,,
fused,unknown_cal,1564_L,2,False,1013_L,1.5637794700077878,,
fused,unknown_cal,1564_L,3,False,1046_L,1.3504623279045762,,
fused,unknown_cal,1564_L,4,False,1046_L,1.526956694696465,,
fused,unknown_cal,1564_L,5,False,1046_L,1.438467743975182,,
fused,unknown_cal,1564_L,6,False,552_L,1.2848773735244337,,
fused,unknown_cal,1564_L,7,False,552_L,1.1633683161572224,,
fused,unknown_cal,1564_L,8,False,552_L,1.1287850532541785,,
fused,unknown_cal,1564_R,1,False,1558_R,1.6662200437090946,,
fused,unknown_cal,1564_R,2,False,1558_R,1.6706183403414514,,
fused,unknown_cal,1564_R,3,False,1558_R,1.673211725585094,,
fused,unknown_cal,1564_R,4,False,1080_R,1.669464343857054,,
fused,unknown_cal,1564_R,5,False,1550_R,1.3650767503555254,,
fused,unknown_cal,1564_R,6,False,1033_R,1.5762399211019937,,
fused,unknown_cal,1564_R,7,False,1080_R,1.5789044549519184,,
fused,unknown_cal,1564_R,8,False,1033_R,1.6164748180613082,,
fused,unknown_cal,1564_R,9,False,1080_R,1.5223197296885216,,
fused,unknown_cal,1566_L,1,False,1558_L,1.4189161370054488,,
fused,unknown_cal,1566_L,2,False,1030_L,1.411833440607094,,
fused,unknown_cal,1566_L,3,False,1589_L,1.2652908625401036,,
fused,unknown_cal,1566_L,4,False,1030_L,1.5007279603508514,,
fused,unknown_cal,1566_L,5,False,1558_L,1.486592425742351,,
fused,unknown_cal,1566_L,6,False,1030_L,1.4427507221170095,,
fused,unknown_cal,1566_L,7,False,1558_L,1.5724402174966254,,
fused,unknown_cal,1566_L,8,False,1028_L,1.4430700977986404,,
fused,unknown_cal,1566_L,9,False,1028_L,1.5848353679057947,,
fused,unknown_cal,1566_L,10,False,1028_L,1.462233314855648,,
fused,unknown_cal,1566_L,11,False,1028_L,1.1153610907940954,,
fused,unknown_cal,1566_L,12,False,10_L,0.6673464102002289,,
fused,unknown_cal,1566_L,13,False,1028_L,1.0267773665175686,,
fused,unknown_cal,1566_L,14,False,1558_L,1.4395975108252959,,
fused,unknown_cal,1566_L,15,False,1558_L,1.190970392834846,,
fused,unknown_cal,1566_L,16,False,1558_L,1.4113436502653518,,
fused,unknown_cal,1566_L,17,False,1558_L,1.344679237791893,,
fused,unknown_cal,1566_L,18,False,1026_L,0.911807364177188,,
fused,unknown_cal,1566_L,19,False,1558_L,1.4243267153852037,,
fused,unknown_cal,1566_L,20,False,1558_L,1.3507981473815351,,
fused,unknown_cal,1566_L,21,False,1558_L,1.431623697958187,,
fused,unknown_cal,1566_L,22,False,1558_L,1.4183242619806848,,
fused,unknown_cal,1566_R,1,False,1558_R,1.510129687688885,,
fused,unknown_cal,1566_R,2,False,1558_R,1.61166126714041,,
fused,unknown_cal,1566_R,3,False,1537_R,1.3794112318671867,,
fused,unknown_cal,1566_R,4,False,1558_R,1.4694388099720825,,
fused,unknown_cal,1566_R,5,False,573_R,1.526209976528879,,
fused,unknown_cal,1566_R,6,False,1558_R,1.6052878225393519,,
fused,unknown_cal,1566_R,7,False,1558_R,1.6493623824108767,,
fused,unknown_cal,1566_R,8,False,1558_R,1.5378790413943952,,
fused,unknown_cal,1566_R,9,False,1558_R,1.3969890352271825,,
fused,unknown_cal,1566_R,10,False,1537_R,1.3594750481278786,,
fused,unknown_cal,1566_R,11,False,1558_R,1.304759166502254,,
fused,unknown_cal,1566_R,12,False,1558_R,1.400551455510462,,
fused,unknown_cal,1566_R,13,False,1558_R,1.3943984760999375,,
fused,unknown_cal,1566_R,14,False,1558_R,1.7302755694073437,,
fused,unknown_cal,1566_R,15,False,1558_R,1.7207811344999455,,
fused,unknown_cal,1566_R,16,False,1558_R,1.4815703712153458,,
fused,unknown_cal,1566_R,17,False,1558_R,1.4497770929021832,,
fused,unknown_cal,1566_R,18,False,1028_R,1.4721208785206024,,
fused,unknown_cal,1567_L,1,False,1013_L,1.4955081170263171,,
fused,unknown_cal,1567_L,2,False,576_L,1.6910243730882528,,
fused,unknown_cal,1567_L,3,False,576_L,1.7662936195906727,,
fused,unknown_cal,1567_L,4,False,1510_L,1.6474148018620793,,
fused,unknown_cal,1567_L,5,False,576_L,1.7153420228850031,,
fused,unknown_cal,1567_L,6,False,1510_L,1.6386693449669023,,
fused,unknown_cal,1567_L,7,False,1013_L,1.6984118200570877,,
fused,unknown_cal,1567_R,1,False,587_R,0.8794961913743883,,
fused,unknown_cal,1567_R,2,False,1050_R,1.566637830607113,,
fused,unknown_cal,1567_R,3,False,1013_R,0.8585965793726227,,
fused,unknown_cal,1567_R,4,False,1013_R,1.0756187316129315,,
fused,unknown_cal,1567_R,5,False,1585_R,1.5893084372871302,,
fused,unknown_cal,1567_R,6,False,1013_R,1.4287377367422764,,
fused,unknown_cal,1567_R,7,False,1033_R,1.4648015669156438,,
fused,unknown_cal,1567_R,8,False,1051_R,1.6446718028707519,,
fused,unknown_cal,1567_R,9,False,1529_R,1.6496436536749366,,
fused,unknown_cal,1567_R,10,False,1051_R,1.7076916757205474,,
fused,unknown_cal,1567_R,11,False,1529_R,1.5670878942079076,,
fused,unknown_cal,1568_L,1,False,1050_L,1.6513723494134696,,
fused,unknown_cal,1568_L,2,False,576_L,1.7160107288192554,,
fused,unknown_cal,1568_L,3,False,576_L,1.7351437475695866,,
fused,unknown_cal,1568_L,4,False,576_L,1.677450736272328,,
fused,unknown_cal,1568_L,5,False,1051_L,1.676341768525082,,
fused,unknown_cal,1568_L,6,False,1510_L,1.7368288393989415,,
fused,unknown_cal,1568_L,7,False,1051_L,1.7084283632124517,,
fused,unknown_cal,1568_L,8,False,1051_L,1.6734776894356802,,
fused,unknown_cal,1568_L,9,False,1560_L,1.1319969714030425,,
fused,unknown_cal,1568_L,10,False,1061_L,1.1955345303244762,,
fused,unknown_cal,1568_L,11,False,1061_L,0.8817096470407968,,
fused,unknown_cal,1568_L,12,False,1051_L,1.1128526697916525,,
fused,unknown_cal,1568_L,13,False,1046_L,1.3898984390858997,,
fused,unknown_cal,1568_L,14,False,1560_L,1.1423156118715923,,
fused,unknown_cal,1568_L,15,False,1510_L,1.687053591437575,,
fused,unknown_cal,1568_L,16,False,1510_L,1.6715112869168505,,
fused,unknown_cal,1568_R,1,False,1532_R,0.8668473939033254,,
fused,unknown_cal,1568_R,2,False,1510_R,1.2016958348907316,,
fused,unknown_cal,1568_R,3,False,6000000_R,1.2077336989986094,,
fused,unknown_cal,1568_R,4,False,6000000_R,1.2466037947504693,,
fused,unknown_cal,1568_R,5,False,1061_R,0.8432796452928338,,
fused,unknown_cal,1568_R,6,False,1532_R,1.098455177255079,,
fused,unknown_cal,1568_R,7,False,1510_R,1.1882053963823158,,
fused,unknown_cal,1568_R,8,False,6000000_R,1.1401243330681103,,
fused,unknown_cal,1568_R,9,False,1510_R,1.163073734584493,,
fused,unknown_cal,1568_R,10,False,1532_R,1.1466468107383907,,
fused,unknown_cal,1568_R,11,False,6000000_R,1.2115560571958985,,
fused,unknown_cal,1568_R,12,False,1510_R,1.1151282165458993,,
fused,unknown_cal,1568_R,13,False,1510_R,1.2082957043894178,,
fused,unknown_cal,1568_R,14,False,93_R,1.306018652235068,,
fused,unknown_cal,1569_L,1,False,1018_L,0.6916370139116093,,
fused,unknown_cal,1569_L,2,False,13_L,1.0074644144013387,,
fused,unknown_cal,1569_L,3,False,11_L,1.132380889522302,,
fused,unknown_cal,1569_L,4,False,11_L,0.9903284887840467,,
fused,unknown_cal,1569_L,5,False,86_L,0.4195802957276771,,
fused,unknown_cal,1569_L,6,False,86_L,0.9022194293275971,,
fused,unknown_cal,1569_L,7,False,86_L,0.8646633365397769,,
fused,unknown_cal,1569_L,8,False,86_L,0.7791900615553702,,
fused,unknown_cal,1569_L,9,False,86_L,0.9791881259456952,,
fused,unknown_cal,1569_L,10,False,1080_L,0.9443349748992769,,
fused,unknown_cal,1569_L,11,False,86_L,0.5924067022430397,,
fused,unknown_cal,1569_L,12,False,594_L,1.0313391025361405,,
fused,unknown_cal,1569_R,1,False,1013_R,1.16757995499507,,
fused,unknown_cal,1569_R,2,False,1013_R,0.9251196029195996,,
fused,unknown_cal,1569_R,3,False,587_R,0.8314955136830757,,
fused,unknown_cal,1569_R,4,False,1013_R,1.2363650811397298,,
fused,unknown_cal,1569_R,5,False,1013_R,1.2440324490357937,,
fused,unknown_cal,1569_R,6,False,1080_R,1.6992007870444514,,
fused,unknown_cal,1569_R,7,False,1080_R,1.4867821782044661,,
fused,unknown_cal,1569_R,8,False,1080_R,1.4421626151801308,,
fused,unknown_cal,1569_R,9,False,1013_R,1.1127218938439989,,
fused,unknown_cal,1569_R,10,False,1081_R,1.161116181280672,,
fused,unknown_cal,1569_R,11,False,1013_R,0.974106070323963,,
fused,unknown_cal,1569_R,12,False,1013_R,1.1470024866225774,,
fused,unknown_cal,1571_L,1,False,1011_L,1.3699502234768088,,
fused,unknown_cal,1571_L,2,False,1018_L,1.211274169869009,,
fused,unknown_cal,1571_L,3,False,1011_L,1.2166816768457427,,
fused,unknown_cal,1571_L,4,False,1041_L,0.6879041949221982,,
fused,unknown_cal,1571_L,5,False,1018_L,1.01773386328698,,
fused,unknown_cal,1571_L,6,False,1018_L,0.8789942984957158,,
fused,unknown_cal,1571_L,7,False,1018_L,1.0298670813666608,,
fused,unknown_cal,1571_L,8,False,1018_L,0.9551882330385058,,
fused,unknown_cal,1571_L,9,False,1018_L,1.148795915649925,,
fused,unknown_cal,1571_L,10,False,1011_L,1.282016751292847,,
fused,unknown_cal,1571_L,11,False,1011_L,1.1188164077750753,,
fused,unknown_cal,1571_L,12,False,1011_L,0.908340236582621,,
fused,unknown_cal,1571_L,13,False,1011_L,0.8971973934221829,,
fused,unknown_cal,1571_L,14,False,1067_L,1.045749863026418,,
fused,unknown_cal,1571_L,15,False,1011_L,0.9021334184819799,,
fused,unknown_cal,1571_L,16,False,13_L,0.7089766173955745,,
fused,unknown_cal,1571_R,1,False,93_R,1.4132515054957324,,
fused,unknown_cal,1571_R,2,False,1019_R,1.5345966718503918,,
fused,unknown_cal,1571_R,3,False,1019_R,1.358802580835027,,
fused,unknown_cal,1571_R,4,False,1019_R,1.324388525716466,,
fused,unknown_cal,1571_R,5,False,1510_R,1.3822703815871566,,
fused,unknown_cal,1571_R,6,False,1510_R,1.304023304822167,,
fused,unknown_cal,1571_R,7,False,1510_R,1.2497763245323705,,
fused,unknown_cal,1571_R,8,False,1510_R,1.1575589056702378,,
fused,unknown_cal,1571_R,9,False,1510_R,1.219343424065471,,
fused,unknown_cal,1571_R,10,False,1510_R,1.0386988621014694,,
fused,unknown_cal,1579_L,1,False,1549_L,1.1474401344705534,,
fused,unknown_cal,1579_L,2,False,1549_L,1.0788186033018468,,
fused,unknown_cal,1579_L,3,False,1549_L,1.4348310999841971,,
fused,unknown_cal,1579_L,4,False,1549_L,1.2572537538002555,,
fused,unknown_cal,1579_L,5,False,1549_L,1.306810245740461,,
fused,unknown_cal,1579_L,6,False,1100000_L,1.2739547765464354,,
fused,unknown_cal,1579_L,7,False,1067_L,1.1576659014748256,,
fused,unknown_cal,1579_R,1,False,1052_R,0.6429855796093251,,
fused,unknown_cal,1579_R,2,False,67_R,0.8937154512117456,,
fused,unknown_cal,1579_R,3,False,1081_R,0.35785540184567216,,
fused,unknown_cal,1579_R,4,False,1024_R,0.5318400089738049,,
fused,unknown_cal,1579_R,5,False,1052_R,0.9128146690624506,,
fused,unknown_cal,1579_R,6,False,1052_R,1.004916282889631,,
fused,unknown_cal,1579_R,7,False,1052_R,1.1233566403038782,,
fused,unknown_cal,1579_R,8,False,1019_R,1.0383817291076325,,
fused,unknown_cal,1579_R,9,False,1080_R,0.9513176387545709,,
fused,unknown_cal,1579_R,10,False,1061_R,1.0029692227244957,,
fused,unknown_cal,1587_L,1,False,1513_L,1.2516622661546477,,
fused,unknown_cal,1587_L,2,False,1513_L,0.6622518206808778,,
fused,unknown_cal,1587_L,3,False,1026_L,1.0371269216824235,,
fused,unknown_cal,1587_L,4,False,1030_L,1.4856062588562993,,
fused,unknown_cal,1587_L,5,False,1513_L,1.4513495044907498,,
fused,unknown_cal,1587_L,6,False,573_L,1.5299619181695907,,
fused,unknown_cal,1587_L,7,False,1051_L,1.4321592570603112,,
fused,unknown_cal,1587_L,8,False,1030_L,1.4421176100966009,,
fused,unknown_cal,1587_L,9,False,1051_L,1.4096093609293034,,
fused,unknown_cal,1587_L,10,False,1051_L,1.2894621430019053,,
fused,unknown_cal,1587_L,11,False,1051_L,0.8073601770692367,,
fused,unknown_cal,1587_L,12,False,1051_L,0.7540819269285959,,
fused,unknown_cal,1587_L,13,False,1529_L,0.46896231738621363,,
fused,unknown_cal,1587_L,14,False,1051_L,1.4094710199175784,,
fused,unknown_cal,1587_L,15,False,1028_L,1.295319694050835,,
fused,unknown_cal,1587_L,16,False,1051_L,1.4608005490267155,,
fused,unknown_cal,1587_L,17,False,1030_L,1.1587490389782973,,
fused,unknown_cal,1587_L,18,False,573_L,1.1667105477825657,,
fused,unknown_cal,1587_R,1,False,1588_R,1.3640617126256003,,
fused,unknown_cal,1587_R,2,False,1009_R,0.9282307016761993,,
fused,unknown_cal,1587_R,3,False,1060_R,1.2685307885787829,,
fused,unknown_cal,1587_R,4,False,1060_R,1.3359371150100912,,
fused,unknown_cal,1587_R,5,False,1009_R,1.4438694388417739,,
fused,unknown_cal,1587_R,6,False,1009_R,1.239937447173634,,
fused,unknown_cal,1587_R,7,False,1009_R,1.2751128501023379,,
fused,unknown_cal,1587_R,8,False,1009_R,1.005907525917944,,
fused,unknown_cal,1587_R,9,False,1009_R,1.0408909682917935,,
fused,unknown_cal,1587_R,10,False,1009_R,1.1676927368498895,,
fused,unknown_cal,1587_R,11,False,1009_R,1.2809449814747358,,
fused,unknown_cal,1587_R,12,False,1009_R,1.3448018517543268,,
fused,unknown_cal,1587_R,13,False,1051_R,1.2677207891903342,,
fused,unknown_cal,1587_R,14,False,1550_R,1.275349360766222,,
fused,unknown_cal,1587_R,15,False,1560_R,1.036199120734442,,
fused,unknown_cal,1593_L,1,False,13_L,0.9014773273608554,,
fused,unknown_cal,1593_L,2,False,1011_L,0.8931780427030114,,
fused,unknown_cal,1593_L,3,False,13_L,1.071082005255833,,
fused,unknown_cal,1593_L,4,False,13_L,1.0079456579497612,,
fused,unknown_cal,1593_L,5,False,1537_L,1.0218433280719448,,
fused,unknown_cal,1593_L,6,False,13_L,1.0277708419032927,,
fused,unknown_cal,1593_R,1,False,1080_R,1.413192387273126,,
fused,unknown_cal,1593_R,2,False,1552_R,0.9564315441681046,,
fused,unknown_cal,1593_R,3,False,1080_R,1.4213153390174027,,
fused,unknown_cal,1593_R,4,False,1533_R,1.2270379543867522,,
fused,unknown_cal,1593_R,5,False,587_R,0.5664507567849622,,
fused,unknown_cal,1593_R,6,False,1558_R,1.3447309674686097,,
fused,unknown_cal,5000000_L,1,False,1075_L,1.5350502917318396,,
fused,unknown_cal,5000000_L,2,False,1075_L,1.4383038637065906,,
fused,unknown_cal,5000000_L,3,False,1075_L,1.4576431131796252,,
fused,unknown_cal,5000000_L,4,False,1075_L,1.577479632300094,,
fused,unknown_cal,5000000_L,5,False,93_L,1.5140451526831449,,
fused,unknown_cal,5000000_R,1,False,1075_R,1.4238937658320137,,
fused,unknown_cal,5000000_R,2,False,1075_R,1.5593990301604554,,
fused,unknown_cal,5000000_R,3,False,1075_R,1.590481103516791,,
fused,unknown_cal,5000000_R,4,False,1075_R,1.5492156313154908,,
fused,unknown_cal,5000000_R,5,False,1037_R,1.5770850247989459,,
fused,unknown_cal,5000000_R,6,False,1552_R,1.464619716389879,,
fused,unknown_cal,5000000_R,7,False,1075_R,1.5156694093448535,,
fused,unknown_cal,5000000_R,8,False,1075_R,1.6899025786886446,,
fused,unknown_cal,5000000_R,9,False,1075_R,1.5419215173424055,,
fused,unknown_cal,5000000_R,10,False,1075_R,1.4876629501113627,,
fused,unknown_cal,5000000_R,11,False,1060_R,1.4693829468257877,,
fused,unknown_cal,5000000_R,12,False,1060_R,1.4676816468979397,,
fused,unknown_cal,541_L,1,False,546_L,0.7838850484592116,,
fused,unknown_cal,541_L,2,False,546_L,1.5588263129378048,,
fused,unknown_cal,541_L,3,False,576_L,1.4043722976953856,,
fused,unknown_cal,541_L,4,False,546_L,1.5350516958778226,,
fused,unknown_cal,541_L,5,False,546_L,1.501967593105567,,
fused,unknown_cal,541_L,6,False,546_L,1.4995572121662541,,
fused,unknown_cal,541_L,7,False,546_L,1.571425730843794,,
fused,unknown_cal,541_L,8,False,1026_L,1.3468324877634386,,
fused,unknown_cal,541_L,9,False,1529_L,1.3538483452589642,,
fused,unknown_cal,541_L,10,False,546_L,1.1914027441841593,,
fused,unknown_cal,541_L,11,False,1033_L,1.2388045748919372,,
fused,unknown_cal,541_R,1,False,1019_R,1.5209279418016197,,
fused,unknown_cal,541_R,2,False,546_R,1.6883390182138274,,
fused,unknown_cal,541_R,3,False,1013_R,1.5094805005248135,,
fused,unknown_cal,541_R,4,False,1033_R,1.6245397437128282,,
fused,unknown_cal,541_R,5,False,1013_R,1.5617027725757502,,
fused,unknown_cal,541_R,6,False,1026_R,1.4699269687296126,,
fused,unknown_cal,541_R,7,False,1529_R,1.5405584260838745,,
fused,unknown_cal,541_R,8,False,546_R,1.7493555929223565,,
fused,unknown_cal,541_R,9,False,546_R,1.661738033237841,,
fused,unknown_cal,541_R,10,False,1529_R,1.4975127282171288,,
fused,unknown_cal,541_R,11,False,1529_R,1.6388821124196138,,
fused,unknown_cal,541_R,12,False,1013_R,1.3902002190881109,,
fused,unknown_cal,541_R,13,False,1013_R,1.1682260633437223,,
fused,unknown_cal,570_L,1,False,1537_L,0.01927945348595428,,
fused,unknown_cal,570_L,2,False,1537_L,0.12751044162933778,,
fused,unknown_cal,570_L,3,False,0_L,-0.10696802279500078,,
fused,unknown_cal,570_R,1,False,572_R,1.0201807485305694,,
fused,unknown_cal,570_R,2,False,1037_R,1.0499945426110726,,
fused,unknown_cal,570_R,3,False,1558_R,1.2823032251346715,,
fused,unknown_cal,570_R,4,False,1520_R,1.1244729756822904,,
fused,unknown_cal,570_R,5,False,1013_R,1.2986655856372238,,
fused,unknown_cal,571_L,1,False,1513_L,1.2278335135512353,,
fused,unknown_cal,571_L,2,False,1525_L,1.4297502967702238,,
fused,unknown_cal,571_L,3,False,1037_L,1.3642316192855124,,
fused,unknown_cal,571_L,4,False,1558_L,1.309885192912801,,
fused,unknown_cal,571_L,5,False,88_L,1.2118013295186902,,
fused,unknown_cal,571_L,6,False,1594_L,0.8737597405488702,,
fused,unknown_cal,571_L,7,False,1594_L,0.9336724296229083,,
fused,unknown_cal,571_L,8,False,1024_L,0.3111531362308635,,
fused,unknown_cal,571_R,1,False,573_R,1.4132999483508857,,
fused,unknown_cal,571_R,2,False,573_R,1.4275762052493421,,
fused,unknown_cal,571_R,3,False,1075_R,1.5786567941098415,,
fused,unknown_cal,571_R,4,False,1075_R,1.5710501474268266,,
fused,unknown_cal,571_R,5,False,1525_R,1.3806254403819573,,
fused,unknown_cal,571_R,6,False,1525_R,1.3055871453172516,,
fused,unknown_cal,571_R,7,False,1051_R,1.506367621410846,,
fused,unknown_cal,571_R,8,False,1560_R,1.539889991730123,,
fused,unknown_cal,571_R,9,False,1560_R,1.4083763068095798,,
fused,unknown_cal,571_R,10,False,1560_R,1.2040041233810945,,
fused,unknown_cal,571_R,11,False,1594_R,1.2240252431873873,,
fused,unknown_cal,581_L,1,False,1014_L,1.523161991643739,,
fused,unknown_cal,581_L,2,False,1504_L,1.4807689884001758,,
fused,unknown_cal,581_L,3,False,1513_L,1.4240113891290642,,
fused,unknown_cal,581_L,4,False,1081_L,1.3114964278504264,,
fused,unknown_cal,581_L,5,False,1050_L,1.5139311531726394,,
fused,unknown_cal,581_L,6,False,1014_L,1.43135765430844,,
fused,unknown_cal,581_L,7,False,1051_L,1.4458845632188575,,
fused,unknown_cal,581_L,8,False,1510_L,1.2707904461800794,,
fused,unknown_cal,581_L,9,False,1510_L,1.3296957282189075,,
fused,unknown_cal,581_L,10,False,10_L,1.444323756087054,,
fused,unknown_cal,581_R,1,False,1033_R,0.8538543442025783,,
fused,unknown_cal,581_R,2,False,1042_R,1.001823496137476,,
fused,unknown_cal,581_R,3,False,1042_R,1.2217881328628564,,
fused,unknown_cal,581_R,4,False,1042_R,1.2062826271576972,,
fused,unknown_cal,581_R,5,False,1042_R,1.158933532996267,,
fused,unknown_cal,581_R,6,False,1588_R,1.1379384512212236,,
fused,unknown_cal,581_R,7,False,8000000_R,1.0378486260323807,,
fused,unknown_cal,581_R,8,False,1041_R,1.0374748067991306,,
fused,unknown_cal,586_L,1,False,1532_L,1.5199018395410997,,
fused,unknown_cal,586_L,2,False,1532_L,1.362763594290437,,
fused,unknown_cal,586_L,3,False,1532_L,1.5258092915326666,,
fused,unknown_cal,586_L,4,False,1532_L,1.5267050041150199,,
fused,unknown_cal,586_L,5,False,1532_L,1.389757025668826,,
fused,unknown_cal,586_L,6,False,1532_L,1.6355445790052956,,
fused,unknown_cal,586_L,7,False,1532_L,1.3001842436297761,,
fused,unknown_cal,586_L,8,False,1510_L,1.6613218323548242,,
fused,unknown_cal,586_L,9,False,1532_L,1.4936565067378855,,
fused,unknown_cal,586_L,10,False,1061_L,1.5544134670571328,,
fused,unknown_cal,586_L,11,False,1061_L,1.5518288486754324,,
fused,unknown_cal,586_L,12,False,1510_L,1.3474862366586677,,
fused,unknown_cal,586_R,1,False,1019_R,1.3482154226084944,,
fused,unknown_cal,586_R,2,False,1019_R,1.391055937971728,,
fused,unknown_cal,586_R,3,False,1019_R,1.5122186508030442,,
fused,unknown_cal,586_R,4,False,1019_R,1.29251862814189,,
fused,unknown_cal,586_R,5,False,1019_R,1.4428560857688923,,
fused,unknown_cal,586_R,6,False,1019_R,1.362653686377013,,
fused,unknown_cal,586_R,7,False,1019_R,1.1854763646772524,,
fused,unknown_cal,586_R,8,False,1019_R,1.2089361717480933,,
fused,unknown_cal,586_R,9,False,1019_R,1.407545645578097,,
fused,unknown_cal,586_R,10,False,1019_R,1.4594037975343532,,
fused,unknown_cal,586_R,11,False,1019_R,1.3886831202752867,,
fused,unknown_cal,586_R,12,False,1019_R,1.247511588458973,,
fused,unknown_cal,586_R,13,False,1019_R,1.170787911704722,,
fused,unknown_cal,586_R,14,False,1510_R,1.214037426266489,,
fused,unknown_cal,586_R,15,False,1510_R,1.1852630635516361,,
fused,unknown_cal,586_R,16,False,1019_R,1.5497657213591693,,
fused,unknown_cal,586_R,17,False,1019_R,1.4969679206898334,,
fused,unknown_cal,586_R,18,False,1019_R,1.4180095451564019,,
fused,unknown_cal,586_R,19,False,1067_R,1.2830954376951973,,
fused,unknown_cal,586_R,20,False,1019_R,1.3068369815536447,,
fused,unknown_cal,588_L,1,False,1510_L,1.486482894245651,,
fused,unknown_cal,588_L,2,False,1026_L,1.1779001690154665,,
fused,unknown_cal,588_L,3,False,1026_L,1.5599222270169357,,
fused,unknown_cal,588_L,4,False,1052_L,1.0299556899836695,,
fused,unknown_cal,588_L,5,False,1026_L,0.8527962135493696,,
fused,unknown_cal,588_L,6,False,1026_L,0.4286943252323889,,
fused,unknown_cal,588_L,7,False,1026_L,0.6406845285706301,,
fused,unknown_cal,588_L,8,False,1024_L,1.052135286815759,,
fused,unknown_cal,588_L,9,False,1529_L,1.0285438208742734,,
fused,unknown_cal,588_L,10,False,1529_L,1.4702243691680197,,
fused,unknown_cal,588_L,11,False,1051_L,1.4646005564933438,,
fused,unknown_cal,588_L,12,False,1026_L,1.4592452182268048,,
fused,unknown_cal,588_R,1,False,543_R,1.5753873117794281,,
fused,unknown_cal,588_R,2,False,1525_R,1.5594078943536562,,
fused,unknown_cal,588_R,3,False,587_R,1.4442150995031389,,
fused,unknown_cal,588_R,4,False,1585_R,1.4577214984559994,,
fused,unknown_cal,588_R,5,False,1046_R,1.0059235582860917,,
fused,unknown_cal,596_L,1,False,1052_L,0.8699240619687845,,
fused,unknown_cal,596_L,2,False,1026_L,1.1164331905062186,,
fused,unknown_cal,596_L,3,False,1558_L,1.1016950538297334,,
fused,unknown_cal,596_L,4,False,1080_L,1.1282764587053793,,
fused,unknown_cal,596_L,5,False,1018_L,1.2728614230506352,,
fused,unknown_cal,596_L,6,False,1529_L,0.1122108101566649,,
fused,unknown_cal,596_L,7,False,10_L,0.013036819138585787,,
fused,unknown_cal,596_L,8,False,1540_L,1.1814485333241063,,
fused,unknown_cal,596_L,9,False,10_L,1.51162644701515,,
fused,unknown_cal,596_L,10,False,1540_L,1.5366900050014607,,
fused,unknown_cal,596_L,11,False,1540_L,1.3745504224084173,,
fused,unknown_cal,596_L,12,False,1540_L,1.4739149614097653,,
fused,unknown_cal,596_L,13,False,1540_L,1.5296715967542003,,
fused,unknown_cal,596_R,1,False,1019_R,1.466797300805694,,
fused,unknown_cal,596_R,2,False,1013_R,0.6353651175457297,,
fused,unknown_cal,596_R,3,False,1019_R,1.3861120094685169,,
fused,unknown_cal,596_R,4,False,1019_R,1.2487913638550454,,
fused,unknown_cal,596_R,5,False,1019_R,1.2484243774956307,,
fused,unknown_cal,596_R,6,False,1061_R,1.0700516047462598,,
fused,unknown_cal,596_R,7,False,1019_R,1.1545646123577509,,
fused,unknown_cal,596_R,8,False,10_R,0.9999286925659681,,
fused,unknown_cal,596_R,9,False,1033_R,1.2196311098065071,,
fused,unknown_cal,596_R,10,False,10_R,1.161150046303626,,
fused,unknown_cal,596_R,11,False,1588_R,1.1505026846405728,,
fused,unknown_cal,596_R,12,False,1019_R,1.0358558742243942,,
fused,unknown_cal,596_R,13,False,1018_R,1.4822863667631516,,
fused,unknown_cal,596_R,14,False,1018_R,1.168534780750467,,
fused,unknown_cal,596_R,15,False,10_R,1.0596721615945914,,
fused,unknown_cal,596_R,16,False,1019_R,0.9702689319402443,,
fused,unknown_cal,596_R,17,False,1019_R,1.6350198102348807,,
fused,unknown_cal,596_R,18,False,1019_R,1.3314513749729526,,
fused,unknown_cal,596_R,19,False,1037_R,1.1543351463648976,,
fused,unknown_cal,596_R,20,False,1019_R,1.2096136054111595,,
fused,unknown_cal,596_R,21,False,1019_R,1.1704353840243864,,
fused,unknown_cal,596_R,22,False,1019_R,0.9800883461134027,,
fused,unknown_cal,596_R,23,False,93_R,0.9570451297581639,,
fused,unknown_cal,596_R,24,False,1019_R,1.1384591556559358,,
fused,unknown_cal,62_L,1,False,1050_L,1.5413571132730464,,
fused,unknown_cal,62_L,2,False,594_L,1.4053169006296118,,
fused,unknown_cal,62_L,3,False,1080_L,1.0546116528598914,,
fused,unknown_cal,62_L,4,False,1080_L,1.3653115806899405,,
fused,unknown_cal,62_L,5,False,1050_L,1.4426654016144331,,
fused,unknown_cal,62_L,6,False,1558_L,1.4680101235495577,,
fused,unknown_cal,62_L,7,False,1558_L,1.4556803468289288,,
fused,unknown_cal,62_R,1,False,63_R,0.43946781041545907,,
fused,unknown_cal,62_R,2,False,63_R,0.8661622756341465,,
fused,unknown_cal,62_R,3,False,10_R,1.4079872789350838,,
fused,unknown_cal,62_R,4,False,10_R,1.3848680310343915,,
fused,unknown_cal,62_R,5,False,13_R,0.5968059161508252,,
fused,unknown_cal,62_R,6,False,13_R,0.5339227685784964,,
fused,unknown_cal,66_L,1,False,573_L,1.4423059661899422,,
fused,unknown_cal,66_L,2,False,1075_L,0.6549616761958772,,
fused,unknown_cal,66_L,3,False,1589_L,0.9924806179439865,,
fused,unknown_cal,66_L,4,False,573_L,1.0559638364695407,,
fused,unknown_cal,66_L,5,False,573_L,1.3003173420037333,,
fused,unknown_cal,66_L,6,False,573_L,1.348702801785879,,
fused,unknown_cal,66_L,7,False,573_L,1.289516950154531,,
fused,unknown_cal,66_L,8,False,573_L,1.3025989732612382,,
fused,unknown_cal,66_L,9,False,1000000_L,0.8422171781295698,,
fused,unknown_cal,66_L,10,False,1536_L,1.0115618001041133,,
fused,unknown_cal,66_L,11,False,1000000_L,0.8421001313364623,,
fused,unknown_cal,66_R,1,False,1558_R,1.3628365853331568,,
fused,unknown_cal,66_R,2,False,573_R,1.5730569014550229,,
fused,unknown_cal,66_R,3,False,573_R,1.2715130357362496,,
fused,unknown_cal,66_R,4,False,573_R,1.4383631342883818,,
fused,unknown_cal,66_R,5,False,587_R,1.072826320417668,,
fused,unknown_cal,66_R,6,False,573_R,1.1153329571100425,,
fused,unknown_cal,66_R,7,False,1075_R,0.9807037446847024,,
fused,unknown_cal,66_R,8,False,1100000_R,1.3159060560464129,,
fused,unknown_cal,66_R,9,False,1594_R,1.265368469755832,,
fused,unknown_cal,66_R,10,False,1594_R,1.1107867195173464,,
fused,unknown_cal,84_L,1,False,6000000_L,1.5013374385228508,,
fused,unknown_cal,84_L,2,False,1075_L,1.4798719957292836,,
fused,unknown_cal,84_L,3,False,1075_L,1.4010056268423599,,
fused,unknown_cal,84_L,4,False,1075_L,1.583054051667498,,
fused,unknown_cal,84_L,5,False,1589_L,1.4624021918936398,,
fused,unknown_cal,84_L,6,False,1525_L,1.0817444125808118,,
fused,unknown_cal,84_L,7,False,1525_L,1.2499205854545132,,
fused,unknown_cal,84_L,8,False,1589_L,0.8475045412379875,,
fused,unknown_cal,84_L,9,False,1589_L,0.9375889740203609,,
fused,unknown_cal,84_L,10,False,1558_L,0.8453048179585096,,
fused,unknown_cal,84_L,11,False,1558_L,1.152801507646812,,
fused,unknown_cal,84_L,12,False,1594_L,0.4640765201720239,,
fused,unknown_cal,84_L,13,False,1003_L,0.24964109309655164,,
fused,unknown_cal,84_L,14,False,1594_L,0.3458031896930414,,
fused,unknown_cal,84_L,15,False,1594_L,0.24879065493296595,,
fused,unknown_cal,84_L,16,False,1003_L,0.6625917943572236,,
fused,unknown_cal,84_L,17,False,1594_L,0.7255905103532121,,
fused,unknown_cal,84_L,18,False,1003_L,0.8553891273155863,,
fused,unknown_cal,84_L,19,False,1594_L,0.5940054456625294,,
fused,unknown_cal,84_L,20,False,1594_L,0.8425149099609004,,
fused,unknown_cal,84_L,21,False,1594_L,0.97282053059326,,
fused,unknown_cal,84_L,22,False,1594_L,0.7856126646164449,,
fused,unknown_cal,84_L,23,False,1552_L,1.0400415542463324,,
fused,unknown_cal,84_L,24,False,1552_L,1.0369516877365532,,
fused,unknown_cal,84_L,25,False,1552_L,1.1696694515459065,,
fused,unknown_cal,84_R,1,False,1537_R,1.4729948036346405,,
fused,unknown_cal,84_R,2,False,1552_R,1.4661878077797061,,
fused,unknown_cal,84_R,3,False,1552_R,1.5279561234095922,,
fused,unknown_cal,84_R,4,False,1552_R,1.4236621746638978,,
fused,unknown_cal,84_R,5,False,1051_R,1.4643300112750355,,
fused,unknown_cal,84_R,6,False,1075_R,1.4252966993708864,,
fused,unknown_cal,84_R,7,False,573_R,1.5561002707318887,,
fused,unknown_cal,84_R,8,False,573_R,1.485914532410788,,
fused,unknown_cal,84_R,9,False,1075_R,1.6094443459913128,,
fused,unknown_cal,84_R,10,False,1552_R,1.4927129111037192,,
fused,unknown_cal,84_R,11,False,1085_R,1.4524179009243787,,
fused,unknown_cal,84_R,12,False,1009_R,0.9767982478249864,,
fused,unknown_cal,84_R,13,False,1009_R,0.9432166230080028,,
fused,unknown_cal,84_R,14,False,1009_R,0.8194107728740831,,
fused,unknown_cal,84_R,15,False,1009_R,0.7371440471684357,,
fused,unknown_cal,9000000_L,1,False,86_L,0.6832985571414024,,
fused,unknown_cal,9000000_L,2,False,1520_L,0.6712681550909234,,
fused,unknown_cal,9000000_L,3,False,1520_L,0.611650724004174,,
fused,unknown_cal,9000000_L,4,False,67_L,1.316122996480345,,
fused,unknown_cal,9000000_L,5,False,67_L,1.3335259224000784,,
fused,unknown_cal,9000000_L,6,False,67_L,1.3507555690852227,,
fused,unknown_cal,9000000_L,7,False,1520_L,0.7516966204208573,,
fused,unknown_cal,9000000_R,1,False,88_R,1.0732315084194368,,
fused,unknown_cal,9000000_R,2,False,1594_R,0.8830476797152417,,
fused,unknown_cal,9000000_R,3,False,1037_R,1.0512228310555407,,
fused,unknown_cal,9000000_R,4,False,1552_R,1.489550129323652,,
fused,unknown_cal,9000000_R,5,False,573_R,1.622056832524815,,
fused,unknown_cal,9000000_R,6,False,1037_R,1.569837358646331,,
fused,unknown_cal,9000000_R,7,False,1558_R,1.4275992525778527,,
fused,unknown_cal,9000000_R,8,False,1558_R,1.4481375683056201,,
fused,unknown_cal,9000000_R,9,False,1011_R,1.4336080690851074,,
fused,unknown_cal,9000000_R,10,False,1003_R,1.143004853932612,,
fused,unknown_cal,9000000_R,11,False,1051_R,1.1780045971693751,,
fused,unknown_cal,9000000_R,12,False,1060_R,1.3088714881681338,,
fused,unknown_cal,9000000_R,13,False,1060_R,1.0474109750973704,,
fused,unknown_cal,9000000_R,14,False,1003_R,0.8224593725821115,,
fused,unknown_cal,9000000_R,15,False,88_R,1.0300138118633293,,
fused,unknown_test,1005_L,1,False,573_L,1.2807345315024814,,
fused,unknown_test,1005_L,2,False,573_L,1.3263855965049627,,
fused,unknown_test,1005_L,3,False,1075_L,1.2512376999159578,,
fused,unknown_test,1005_L,4,False,1075_L,1.2318931915806823,,
fused,unknown_test,1005_L,5,False,1028_L,1.2120219886785843,,
fused,unknown_test,1005_L,6,False,595_L,0.9745530508833188,,
fused,unknown_test,1005_L,7,False,559_L,0.8521971478793092,,
fused,unknown_test,1005_L,8,False,1552_L,0.7920418406215474,,
fused,unknown_test,1005_L,9,False,1552_L,0.5930346034527508,,
fused,unknown_test,1005_L,10,False,1552_L,0.6648060146033573,,
fused,unknown_test,1005_L,11,False,1003_L,0.4548924991445893,,
fused,unknown_test,1005_R,1,False,1560_R,1.344719473280143,,
fused,unknown_test,1005_R,2,False,1060_R,1.3984034897217104,,
fused,unknown_test,1005_R,3,False,1060_R,1.5442127290577363,,
fused,unknown_test,1005_R,4,False,1060_R,1.4972409010557737,,
fused,unknown_test,1005_R,5,False,1060_R,1.0297830454182086,,
fused,unknown_test,1005_R,6,False,576_R,1.1251333094816127,,
fused,unknown_test,1005_R,7,False,1060_R,1.2258106428909046,,
fused,unknown_test,1005_R,8,False,1525_R,0.8953740786612205,,
fused,unknown_test,1005_R,9,False,1558_R,1.484244057511892,,
fused,unknown_test,1005_R,10,False,1536_R,1.4760232554510708,,
fused,unknown_test,1005_R,11,False,1536_R,1.0068883219432154,,
fused,unknown_test,1005_R,12,False,1536_R,1.3282828035085354,,
fused,unknown_test,1008_L,1,False,1013_L,1.0206768828068902,,
fused,unknown_test,1008_L,2,False,1046_L,0.8977119630455546,,
fused,unknown_test,1008_L,3,False,595_L,1.015798132122384,,
fused,unknown_test,1008_L,4,False,1013_L,0.7805792039108834,,
fused,unknown_test,1008_L,5,False,1069_L,0.8470855681963938,,
fused,unknown_test,1008_L,6,False,1030_L,1.0863898061921313,,
fused,unknown_test,1008_R,1,False,10_R,1.3365920998301821,,
fused,unknown_test,1008_R,2,False,1067_R,1.0475223119249197,,
fused,unknown_test,1008_R,3,False,1037_R,1.2209116512134293,,
fused,unknown_test,1008_R,4,False,1558_R,1.1892095256037047,,
fused,unknown_test,1008_R,5,False,1558_R,1.4966391272048134,,
fused,unknown_test,1021_L,1,False,1026_L,1.282505173667558,,
fused,unknown_test,1021_L,2,False,1052_L,1.0531854477978226,,
fused,unknown_test,1021_L,3,False,1052_L,0.3303203667961477,,
fused,unknown_test,1021_L,4,False,1558_L,1.04065258402388,,
fused,unknown_test,1021_L,5,False,1052_L,1.0167509614294985,,
fused,unknown_test,1021_L,6,False,1052_L,1.1494865326278647,,
fused,unknown_test,1021_L,7,False,1558_L,1.1105642274814072,,
fused,unknown_test,1021_L,8,False,1026_L,1.3397599130309965,,
fused,unknown_test,1021_L,9,False,1549_L,1.1403203069814203,,
fused,unknown_test,1021_L,10,False,576_L,1.5943990155128023,,
fused,unknown_test,1021_L,11,False,1529_L,1.3737423019775383,,
fused,unknown_test,1021_L,12,False,1558_L,1.5446286102400053,,
fused,unknown_test,1021_L,13,False,1529_L,1.3612584126475478,,
fused,unknown_test,1021_L,14,False,1051_L,1.2720797753846722,,
fused,unknown_test,1021_L,15,False,1529_L,1.2446941301469276,,
fused,unknown_test,1021_L,16,False,1529_L,1.4667716511983984,,
fused,unknown_test,1021_L,17,False,1026_L,1.3281761978151478,,
fused,unknown_test,1021_L,18,False,1026_L,1.3968067459505105,,
fused,unknown_test,1021_R,1,False,587_R,0.964965740320646,,
fused,unknown_test,1021_R,2,False,573_R,1.3096320954095826,,
fused,unknown_test,1021_R,3,False,1513_R,1.4332047163993287,,
fused,unknown_test,1021_R,4,False,1513_R,1.5750755286172549,,
fused,unknown_test,1021_R,5,False,1513_R,1.6460553255570054,,
fused,unknown_test,1021_R,6,False,1560_R,1.4103363455727833,,
fused,unknown_test,1021_R,7,False,587_R,0.63878189548888,,
fused,unknown_test,1023_L,1,False,1533_L,1.235743426466,,
fused,unknown_test,1023_L,2,False,11_L,1.5288976484437256,,
fused,unknown_test,1023_L,3,False,8_L,1.2795803748788992,,
fused,unknown_test,1023_L,4,False,1080_L,1.1671050719515663,,
fused,unknown_test,1023_L,5,False,1081_L,1.076801399271536,,
fused,unknown_test,1023_L,6,False,1081_L,1.1467617095033558,,
fused,unknown_test,1023_L,7,False,1081_L,0.7599888132180075,,
fused,unknown_test,1023_R,1,False,1037_R,1.4124132701145107,,
fused,unknown_test,1023_R,2,False,1558_R,1.4086134742514358,,
fused,unknown_test,1023_R,3,False,1033_R,1.4746696609729835,,
fused,unknown_test,1023_R,4,False,61_R,1.4955667514468822,,
fused,unknown_test,1023_R,5,False,594_R,1.3393391380044979,,
fused,unknown_test,1023_R,6,False,594_R,1.358125408574564,,
fused,unknown_test,1023_R,7,False,61_R,1.199524532137473,,
fused,unknown_test,1023_R,8,False,88_R,1.4373309357827613,,
fused,unknown_test,1034_L,1,False,13_L,1.0041227917282112,,
fused,unknown_test,1034_L,2,False,13_L,0.9280476368968922,,
fused,unknown_test,1034_L,3,False,1080_L,0.9362788375365524,,
fused,unknown_test,1034_L,4,False,13_L,0.909082754413543,,
fused,unknown_test,1034_L,5,False,13_L,0.5219710369728334,,
fused,unknown_test,1034_L,6,False,13_L,0.7166950673745912,,
fused,unknown_test,1034_L,7,False,1037_L,0.6158816521754853,,
fused,unknown_test,1034_L,8,False,1560_L,0.7858253489274384,,
fused,unknown_test,1034_L,9,False,1074_L,0.41582869197850725,,
fused,unknown_test,1034_L,10,False,1074_L,0.7269736233064646,,
fused,unknown_test,1034_L,11,False,1074_L,0.8826981485960637,,
fused,unknown_test,1034_L,12,False,1037_L,0.7232578898432781,,
fused,unknown_test,1034_L,13,False,1560_L,0.7397670995319303,,
fused,unknown_test,1034_L,14,False,1560_L,0.7604474601039327,,
fused,unknown_test,1034_L,15,False,1074_L,1.013002140318017,,
fused,unknown_test,1034_L,16,False,1074_L,0.9251701973376831,,
fused,unknown_test,1034_L,17,False,1074_L,0.8415959998891271,,
fused,unknown_test,1034_L,18,False,1560_L,0.641239237573744,,
fused,unknown_test,1034_L,19,False,1069_L,1.0437161859223283,,
fused,unknown_test,1034_L,20,False,13_L,0.8894425733662095,,
fused,unknown_test,1034_L,21,False,13_L,0.8801622524580288,,
fused,unknown_test,1034_L,22,False,13_L,1.1627124080730011,,
fused,unknown_test,1034_L,23,False,13_L,1.0527569415478202,,
fused,unknown_test,1034_R,1,False,63_R,0.6587234138361028,,
fused,unknown_test,1034_R,2,False,63_R,1.008375775484315,,
fused,unknown_test,1034_R,3,False,63_R,0.5715416223045718,,
fused,unknown_test,1034_R,4,False,63_R,0.8161169415021574,,
fused,unknown_test,1034_R,5,False,1067_R,0.9468839443517107,,
fused,unknown_test,1034_R,6,False,1532_R,0.996976710387876,,
fused,unknown_test,1034_R,7,False,1532_R,0.9142354650022413,,
fused,unknown_test,1034_R,8,False,1532_R,0.8629393514351438,,
fused,unknown_test,1034_R,9,False,1018_R,0.8266113943357428,,
fused,unknown_test,1034_R,10,False,92_R,0.5885158395460646,,
fused,unknown_test,1034_R,11,False,1067_R,0.8727138119877541,,
fused,unknown_test,1034_R,12,False,1533_R,0.7207821395300495,,
fused,unknown_test,1034_R,13,False,1011_R,0.823988204996678,,
fused,unknown_test,1034_R,14,False,1067_R,0.8277802533696685,,
fused,unknown_test,1034_R,15,False,1067_R,0.8309548151525666,,
fused,unknown_test,1034_R,16,False,1067_R,0.8199590921284698,,
fused,unknown_test,1034_R,17,False,92_R,0.6443184454692321,,
fused,unknown_test,1034_R,18,False,63_R,0.7594230933496396,,
fused,unknown_test,1034_R,19,False,92_R,0.5027802615570651,,
fused,unknown_test,1034_R,20,False,1067_R,0.9681112705275254,,
fused,unknown_test,1034_R,21,False,63_R,1.0684994923736602,,
fused,unknown_test,1036_L,1,False,1067_L,1.2765625237896363,,
fused,unknown_test,1036_L,2,False,1080_L,1.2367400497116763,,
fused,unknown_test,1036_L,3,False,1080_L,1.1904329941264167,,
fused,unknown_test,1036_L,4,False,1067_L,1.0966810728542744,,
fused,unknown_test,1036_L,5,False,1067_L,1.1053077742702202,,
fused,unknown_test,1036_L,6,False,1093_L,1.1353483947283274,,
fused,unknown_test,1036_L,7,False,1093_L,1.2940005006952973,,
fused,unknown_test,1036_L,8,False,1093_L,0.8966644847660482,,
fused,unknown_test,1036_L,9,False,1093_L,0.7766564356178867,,
fused,unknown_test,1036_L,10,False,1093_L,0.8629594437690158,,
fused,unknown_test,1036_L,11,False,1093_L,0.8329838074631737,,
fused,unknown_test,1036_R,1,False,63_R,0.7671859425754941,,
fused,unknown_test,1036_R,2,False,63_R,1.1257450848641393,,
fused,unknown_test,1036_R,3,False,63_R,0.9855313813990181,,
fused,unknown_test,1036_R,4,False,63_R,0.9580175744019604,,
fused,unknown_test,1036_R,5,False,63_R,1.2256374565769177,,
fused,unknown_test,1036_R,6,False,63_R,1.4186327211976857,,
fused,unknown_test,1036_R,7,False,63_R,1.081610834619827,,
fused,unknown_test,1036_R,8,False,63_R,0.9554563130798563,,
fused,unknown_test,1058_L,1,False,1529_L,1.2867987870575195,,
fused,unknown_test,1058_L,2,False,1026_L,1.054298686587831,,
fused,unknown_test,1058_L,3,False,573_L,1.4398363746075753,,
fused,unknown_test,1058_L,4,False,573_L,1.1432479670132762,,
fused,unknown_test,1058_L,5,False,573_L,1.139228409562215,,
fused,unknown_test,1058_L,6,False,1504_L,1.2121287744115978,,
fused,unknown_test,1058_L,7,False,93_L,1.5455642228646918,,
fused,unknown_test,1058_L,8,False,6000000_L,1.510667085646457,,
fused,unknown_test,1058_L,9,False,546_L,1.3866083322210154,,
fused,unknown_test,1058_L,10,False,1061_L,0.7101031067238751,,
fused,unknown_test,1058_L,11,False,1069_L,0.3469234036128167,,
fused,unknown_test,1058_L,12,False,1061_L,0.7275978307788364,,
fused,unknown_test,1058_R,1,False,573_R,1.3746453826798577,,
fused,unknown_test,1058_R,2,False,1075_R,1.2537095025418314,,
fused,unknown_test,1058_R,3,False,573_R,1.2522001671702292,,
fused,unknown_test,1058_R,4,False,573_R,0.9833855672159446,,
fused,unknown_test,1058_R,5,False,1537_R,1.1428008020839573,,
fused,unknown_test,1058_R,6,False,1100000_R,1.0261796514760597,,
fused,unknown_test,1058_R,7,False,1529_R,1.2137364341074628,,
fused,unknown_test,1058_R,8,False,1529_R,1.2247227772321203,,
fused,unknown_test,1058_R,9,False,1046_R,0.7904661447511346,,
fused,unknown_test,1058_R,10,False,1046_R,0.23290615223632555,,
fused,unknown_test,1058_R,11,False,1046_R,-0.5648343757363536,,
fused,unknown_test,1058_R,12,False,1046_R,-0.003367184451484137,,
fused,unknown_test,1058_R,13,False,1046_R,0.06891184472854656,,
fused,unknown_test,1058_R,14,False,1510_R,-0.17993572554993725,,
fused,unknown_test,1059_L,1,False,1558_L,1.4506363518168288,,
fused,unknown_test,1059_L,2,False,1558_L,1.4397200515093183,,
fused,unknown_test,1059_L,3,False,576_L,1.4715524478138926,,
fused,unknown_test,1059_L,4,False,1529_L,1.4174870703191025,,
fused,unknown_test,1059_L,5,False,1051_L,1.4174491149834723,,
fused,unknown_test,1059_L,6,False,1529_L,1.2960259235612734,,
fused,unknown_test,1059_L,7,False,576_L,1.4024021455717128,,
fused,unknown_test,1059_L,8,False,576_L,1.4404149640872141,,
fused,unknown_test,1059_L,9,False,1051_L,1.279752363160347,,
fused,unknown_test,1059_L,10,False,1051_L,1.3662653326741565,,
fused,unknown_test,1059_L,11,False,1051_L,1.4069336052409003,,
fused,unknown_test,1059_L,12,False,576_L,1.6704753478882037,,
fused,unknown_test,1059_L,13,False,1013_L,1.6883871397574726,,
fused,unknown_test,1059_L,14,False,1030_L,1.6594740711841705,,
fused,unknown_test,1059_L,15,False,576_L,1.7207490631405524,,
fused,unknown_test,1059_R,1,False,1533_R,1.3793791035909426,,
fused,unknown_test,1059_R,2,False,1513_R,1.569404928080956,,
fused,unknown_test,1059_R,3,False,1558_R,1.650370184130247,,
fused,unknown_test,1059_R,4,False,1513_R,1.567796068594944,,
fused,unknown_test,1059_R,5,False,1529_R,1.5607672708453406,,
fused,unknown_test,1059_R,6,False,1560_R,1.7073151107761497,,
fused,unknown_test,1059_R,7,False,1560_R,1.1387885992592817,,
fused,unknown_test,1059_R,8,False,88_R,1.366719907735916,,
fused,unknown_test,1059_R,9,False,1009_R,0.9746147825592864,,
fused,unknown_test,1059_R,10,False,1024_R,1.1983240558605055,,
fused,unknown_test,1059_R,11,False,1009_R,1.1355012493702024,,
fused,unknown_test,1059_R,12,False,1540_R,1.229492289763214,,
fused,unknown_test,1059_R,13,False,1560_R,1.352755301039549,,
fused,unknown_test,1059_R,14,False,1529_R,1.4721508866444868,,
fused,unknown_test,1059_R,15,False,1560_R,1.436852220452123,,
fused,unknown_test,1059_R,16,False,1051_R,1.2415504125368424,,
fused,unknown_test,1070_L,1,False,8_L,1.259624423022951,,
fused,unknown_test,1070_L,2,False,1100000_L,1.2670305260467043,,
fused,unknown_test,1070_L,3,False,1100000_L,0.835440824362528,,
fused,unknown_test,1070_L,4,False,8_L,1.08709961844113,,
fused,unknown_test,1070_L,5,False,1074_L,0.8333176517991551,,
fused,unknown_test,1070_R,1,False,1074_R,0.9563014560326126,,
fused,unknown_test,1070_R,2,False,10_R,1.2001498208282104,,
fused,unknown_test,1070_R,3,False,1074_R,1.2477813232529846,,
fused,unknown_test,1070_R,4,False,1067_R,1.213198636433329,,
fused,unknown_test,1070_R,5,False,6000000_R,0.9585695226910687,,
fused,unknown_test,1070_R,6,False,6000000_R,0.8922792584399344,,
fused,unknown_test,1070_R,7,False,1074_R,1.5418934761923024,,
fused,unknown_test,1070_R,8,False,61_R,1.5928154335911309,,
fused,unknown_test,1070_R,9,False,61_R,1.3154343928931422,,
fused,unknown_test,1070_R,10,False,1069_R,1.2266270213765589,,
fused,unknown_test,1070_R,11,False,8_R,0.8683039844253257,,
fused,unknown_test,1070_R,12,False,546_R,1.3070228303827354,,
fused,unknown_test,1073_L,1,False,1074_L,0.7855797982699706,,
fused,unknown_test,1073_L,2,False,1069_L,-0.25504286567713313,,
fused,unknown_test,1073_L,3,False,8_L,-0.15942254478654294,,
fused,unknown_test,1073_L,4,False,1041_L,-0.024230218049959985,,
fused,unknown_test,1073_L,5,False,1041_L,0.1978317048652492,,
fused,unknown_test,1073_L,6,False,1069_L,0.0035666862949658706,,
fused,unknown_test,1073_L,7,False,8_L,0.7343075193322011,,
fused,unknown_test,1073_L,8,False,8_L,1.3178574091782038,,
fused,unknown_test,1073_L,9,False,1061_L,0.8129642020419052,,
fused,unknown_test,1073_L,10,False,1061_L,0.7691512619063811,,
fused,unknown_test,1073_L,11,False,1061_L,0.24137733967416072,,
fused,unknown_test,1073_R,1,False,1081_R,1.251851331697484,,
fused,unknown_test,1073_R,2,False,81_R,1.15534374723067,,
fused,unknown_test,1073_R,3,False,81_R,1.4532585353287444,,
fused,unknown_test,1073_R,4,False,1080_R,1.4397280703465591,,
fused,unknown_test,1073_R,5,False,1081_R,1.5543057242142932,,
fused,unknown_test,1073_R,6,False,1081_R,1.567044299956142,,
fused,unknown_test,1088_L,1,False,93_L,1.1940602413009085,,
fused,unknown_test,1088_L,2,False,1075_L,1.5205329442198499,,
fused,unknown_test,1088_L,3,False,1028_L,1.2937929083614115,,
fused,unknown_test,1088_L,4,False,1075_L,1.3122666042143867,,
fused,unknown_test,1088_L,5,False,1536_L,1.4140261221247745,,
fused,unknown_test,1088_L,6,False,93_L,1.517638010288465,,
fused,unknown_test,1088_L,7,False,573_L,1.199120424711991,,
fused,unknown_test,1088_L,8,False,8000000_L,1.4521815899201342,,
fused,unknown_test,1088_L,9,False,1558_L,1.3409365229349914,,
fused,unknown_test,1088_L,10,False,8000000_L,1.4978755260165566,,
fused,unknown_test,1088_R,1,False,573_R,1.3876266332129152,,
fused,unknown_test,1088_R,2,False,1075_R,1.565669319241949,,
fused,unknown_test,1088_R,3,False,573_R,1.487211089369167,,
fused,unknown_test,1088_R,4,False,1558_R,1.3005220959476713,,
fused,unknown_test,1088_R,5,False,1504_R,1.3819064742168474,,
fused,unknown_test,1088_R,6,False,1536_R,1.2278493752662705,,
fused,unknown_test,1088_R,7,False,1011_R,1.4419807406393967,,
fused,unknown_test,1088_R,8,False,1011_R,1.5999033263328255,,
fused,unknown_test,1088_R,9,False,1011_R,1.6671688811355638,,
fused,unknown_test,1089_L,1,False,543_L,1.2750673127470857,,
fused,unknown_test,1089_L,2,False,1093_L,0.9575256611149743,,
fused,unknown_test,1089_L,3,False,1525_L,1.1735088497223796,,
fused,unknown_test,1089_L,4,False,63_L,1.1233558461035473,,
fused,unknown_test,1089_L,5,False,1525_L,1.473976046244219,,
fused,unknown_test,1089_L,6,False,1525_L,1.160334776466611,,
fused,unknown_test,1089_L,7,False,1529_L,1.170951737692744,,
fused,unknown_test,1089_L,8,False,1510_L,1.2280684657554561,,
fused,unknown_test,1089_L,9,False,1529_L,1.193439243550247,,
fused,unknown_test,1089_L,10,False,1510_L,1.2862873493865736,,
fused,unknown_test,1089_L,11,False,1529_L,1.2022843158173724,,
fused,unknown_test,1089_L,12,False,1510_L,1.3678913983970495,,
fused,unknown_test,1089_R,1,False,573_R,1.3360336695350914,,
fused,unknown_test,1089_R,2,False,573_R,1.1050485659025686,,
fused,unknown_test,1089_R,3,False,1075_R,1.0553540092371378,,
fused,unknown_test,1089_R,4,False,1536_R,0.9082233597649558,,
fused,unknown_test,1089_R,5,False,1525_R,0.7269139204006285,,
fused,unknown_test,1089_R,6,False,1525_R,1.0200224744932913,,
fused,unknown_test,1089_R,7,False,1525_R,1.234799175030906,,
fused,unknown_test,1089_R,8,False,1046_R,1.3019063933135078,,
fused,unknown_test,1089_R,9,False,1594_R,0.9527008741685408,,
fused,unknown_test,1090_L,1,False,573_L,0.8626840918018239,,
fused,unknown_test,1090_L,2,False,573_L,0.8435446552151852,,
fused,unknown_test,1090_L,3,False,573_L,0.7885824393688962,,
fused,unknown_test,1090_L,4,False,573_L,0.635232990909975,,
fused,unknown_test,1090_L,5,False,1075_L,0.7627329072920458,,
fused,unknown_test,1090_L,6,False,1052_L,0.7997055332189715,,
fused,unknown_test,1090_L,7,False,1052_L,0.681073870362848,,
fused,unknown_test,1090_L,8,False,573_L,1.3212766119910746,,
fused,unknown_test,1090_L,9,False,573_L,1.3253054713425019,,
fused,unknown_test,1090_L,10,False,573_L,0.6754798946904867,,
fused,unknown_test,1090_L,11,False,573_L,1.2283269809956736,,
fused,unknown_test,1090_L,12,False,1200000_L,1.0099338963663191,,
fused,unknown_test,1090_L,13,False,1200000_L,0.5712128785431586,,
fused,unknown_test,1090_L,14,False,1100000_L,0.6423430696639988,,
fused,unknown_test,1090_L,15,False,1550_L,1.2019653735395304,,
fused,unknown_test,1090_L,16,False,595_L,1.084560115873257,,
fused,unknown_test,1090_L,17,False,1560_L,0.9997742754079227,,
fused,unknown_test,1090_L,18,False,1560_L,1.1185185324299278,,
fused,unknown_test,1090_L,19,False,88_L,0.8165008012745323,,
fused,unknown_test,1090_L,20,False,1051_L,0.5833635798146362,,
fused,unknown_test,1090_L,21,False,1560_L,0.4724443185703103,,
fused,unknown_test,1090_L,22,False,573_L,1.045293274651323,,
fused,unknown_test,1090_R,1,False,573_R,1.4700315177844359,,
fused,unknown_test,1090_R,2,False,1536_R,1.5058862649167546,,
fused,unknown_test,1090_R,3,False,573_R,1.3600436974804286,,
fused,unknown_test,1090_R,4,False,587_R,0.8200400189678573,,
fused,unknown_test,1090_R,5,False,587_R,0.577727205840171,,
fused,unknown_test,1090_R,6,False,1085_R,1.2667852813882763,,
fused,unknown_test,1090_R,7,False,1075_R,1.3362440178183004,,
fused,unknown_test,1090_R,8,False,1075_R,1.3793398724899917,,
fused,unknown_test,1090_R,9,False,1075_R,1.4614398211198454,,
fused,unknown_test,1090_R,10,False,1075_R,1.2347476706678218,,
fused,unknown_test,1090_R,11,False,1100000_R,0.9803267172140434,,
fused,unknown_test,1090_R,12,False,1100000_R,0.7809861042149645,,
fused,unknown_test,1090_R,13,False,1003_R,0.2899086574847818,,
fused,unknown_test,1090_R,14,False,1014_R,0.3208916165529063,,
fused,unknown_test,1090_R,15,False,1014_R,0.19078720676726968,,
fused,unknown_test,1090_R,16,False,1014_R,0.10460242018947852,,
fused,unknown_test,1090_R,17,False,1014_R,-0.010720600599376962,,
fused,unknown_test,1090_R,18,False,1041_R,-0.13873146008013104,,
fused,unknown_test,1090_R,19,False,1000000_R,1.0405811136509997,,
fused,unknown_test,1090_R,20,False,1085_R,1.0754989464481566,,
fused,unknown_test,1090_R,21,False,1000000_R,1.1063598296112729,,
fused,unknown_test,1090_R,22,False,1000000_R,0.9223168266534625,,
fused,unknown_test,1505_L,1,False,1080_L,1.2255915547391545,,
fused,unknown_test,1505_L,2,False,594_L,1.3553458523523312,,
fused,unknown_test,1505_L,3,False,13_L,1.1979971868523918,,
fused,unknown_test,1505_L,4,False,1080_L,1.23932923334418,,
fused,unknown_test,1505_L,5,False,67_L,1.2623495411200327,,
fused,unknown_test,1505_L,6,False,1067_L,1.2452119167092754,,
fused,unknown_test,1505_L,7,False,1080_L,1.2092590064948996,,
fused,unknown_test,1505_L,8,False,1080_L,1.1462224700006913,,
fused,unknown_test,1505_R,1,False,1019_R,1.1322163033991546,,
fused,unknown_test,1505_R,2,False,1019_R,1.2230996796143954,,
fused,unknown_test,1505_R,3,False,67_R,0.91128715531827,,
fused,unknown_test,1505_R,4,False,1019_R,1.2777520683306447,,
fused,unknown_test,1505_R,5,False,1019_R,1.4958334614568365,,
fused,unknown_test,1505_R,6,False,1018_R,1.4292208230048882,,
fused,unknown_test,1505_R,7,False,1019_R,1.0752208451419638,,
fused,unknown_test,1505_R,8,False,1018_R,1.419897927872436,,
fused,unknown_test,1505_R,9,False,1018_R,1.1364321877507633,,
fused,unknown_test,1505_R,10,False,67_R,0.8286691265942282,,
fused,unknown_test,1505_R,11,False,1013_R,0.7777212184508788,,
fused,unknown_test,1509_L,1,False,10_L,0.8775339684675775,,
fused,unknown_test,1509_L,2,False,1050_L,1.3161261298106375,,
fused,unknown_test,1509_L,3,False,1050_L,1.1738534623403518,,
fused,unknown_test,1509_L,4,False,1558_L,1.111012693042843,,
fused,unknown_test,1509_R,1,False,1589_R,1.0910326939921655,,
fused,unknown_test,1509_R,2,False,594_R,0.8512387247466128,,
fused,unknown_test,1509_R,3,False,61_R,0.06236604471850532,,
fused,unknown_test,1509_R,4,False,88_R,0.011662939791390381,,
fused,unknown_test,1509_R,5,False,1013_R,0.775903223235455,,
fused,unknown_test,1518_L,1,False,1026_L,1.3149329233503406,,
fused,unknown_test,1518_L,2,False,67_L,1.2438923815751473,,
fused,unknown_test,1518_L,3,False,1026_L,1.1645782769922122,,
fused,unknown_test,1518_L,4,False,1061_L,1.225769714549529,,
fused,unknown_test,1518_L,5,False,1009_L,1.012764726388917,,
fused,unknown_test,1518_L,6,False,1033_L,1.1538568552771526,,
fused,unknown_test,1518_L,7,False,1019_L,0.9961649766571972,,
fused,unknown_test,1518_L,8,False,67_L,1.4029011954418116,,
fused,unknown_test,1518_L,9,False,1026_L,0.6656827590409982,,
fused,unknown_test,1518_L,10,False,1093_L,1.0522218657130893,,
fused,unknown_test,1518_R,1,False,1026_R,1.3995379090300992,,
fused,unknown_test,1518_R,2,False,546_R,1.399646741745754,,
fused,unknown_test,1518_R,3,False,8_R,1.3313993366648473,,
fused,unknown_test,1518_R,4,False,67_R,1.2496420249402358,,
fused,unknown_test,1518_R,5,False,1589_R,1.1086928157137719,,
fused,unknown_test,1518_R,6,False,88_R,1.1667728633490957,,
fused,unknown_test,1518_R,7,False,1019_R,1.217531538526537,,
fused,unknown_test,1518_R,8,False,1019_R,1.0171115630421537,,
fused,unknown_test,1518_R,9,False,67_R,0.7947127114882416,,
fused,unknown_test,1518_R,10,False,1525_R,1.0750968301181096,,
fused,unknown_test,1518_R,11,False,1529_R,1.2721236595246577,,
fused,unknown_test,1519_L,1,False,1520_L,1.5018093093739897,,
fused,unknown_test,1519_L,2,False,1520_L,1.087984527267401,,
fused,unknown_test,1519_L,3,False,61_L,1.3334413402399308,,
fused,unknown_test,1519_L,4,False,1080_L,1.540170006174249,,
fused,unknown_test,1519_L,5,False,1081_L,1.6145419951576758,,
fused,unknown_test,1519_L,6,False,1081_L,1.5912126497626822,,
fused,unknown_test,1519_L,7,False,1533_L,1.5269401171929826,,
fused,unknown_test,1519_R,1,False,10_R,1.1719374580342574,,
fused,unknown_test,1519_R,2,False,1080_R,1.3237071379237162,,
fused,unknown_test,1519_R,3,False,11_R,1.0229934788009802,,
fused,unknown_test,1519_R,4,False,10_R,0.91413339003742,,
fused,unknown_test,1519_R,5,False,594_R,0.8361834933944065,,
fused,unknown_test,1519_R,6,False,1558_R,1.0814319208820984,,
fused,unknown_test,1519_R,7,False,1080_R,1.1681700747976294,,
fused,unknown_test,1519_R,8,False,1080_R,1.2362120408245623,,
fused,unknown_test,1519_R,9,False,594_R,1.3143600904482198,,
fused,unknown_test,1519_R,10,False,11_R,1.4564125180079295,,
fused,unknown_test,1527_L,1,False,1080_L,1.6107030294268436,,
fused,unknown_test,1527_L,2,False,1080_L,1.7376391126263644,,
fused,unknown_test,1527_L,3,False,1080_L,1.6906195894496556,,
fused,unknown_test,1527_L,4,False,1080_L,1.7423766346809286,,
fused,unknown_test,1527_L,5,False,1080_L,1.7514476482148469,,
fused,unknown_test,1527_L,6,False,1080_L,1.6352017015665168,,
fused,unknown_test,1527_L,7,False,1080_L,1.7966589998274087,,
fused,unknown_test,1527_L,8,False,1080_L,1.6730445620551033,,
fused,unknown_test,1527_L,9,False,1080_L,1.6093920382402893,,
fused,unknown_test,1527_L,10,False,1080_L,1.7425591460661858,,
fused,unknown_test,1527_L,11,False,1033_L,1.687435817472819,,
fused,unknown_test,1527_R,1,False,1013_R,1.4402573331902624,,
fused,unknown_test,1527_R,2,False,1013_R,1.3938898439200111,,
fused,unknown_test,1527_R,3,False,1080_R,1.5400994912000499,,
fused,unknown_test,1527_R,4,False,1080_R,1.582822424638912,,
fused,unknown_test,1527_R,5,False,1080_R,1.4980237340543119,,
fused,unknown_test,1527_R,6,False,1013_R,1.4501796131773128,,
fused,unknown_test,1527_R,7,False,81_R,1.0786205967831464,,
fused,unknown_test,1527_R,8,False,1080_R,1.5482725216417137,,
fused,unknown_test,1527_R,9,False,1050_R,1.6882080504889316,,
fused,unknown_test,1527_R,10,False,1050_R,1.4532309205627312,,
fused,unknown_test,1528_L,1,False,1540_L,1.2854094588390588,,
fused,unknown_test,1528_L,2,False,1026_L,1.2571228806433012,,
fused,unknown_test,1528_L,3,False,1540_L,1.375279761505592,,
fused,unknown_test,1528_L,4,False,86_L,1.4237273782446946,,
fused,unknown_test,1528_L,5,False,1080_L,1.4536593564760203,,
fused,unknown_test,1528_L,6,False,572_L,1.4002861806092728,,
fused,unknown_test,1528_L,7,False,1080_L,1.276212777140378,,
fused,unknown_test,1528_L,8,False,594_L,1.4188766021472508,,
fused,unknown_test,1528_R,1,False,13_R,1.2468159899737965,,
fused,unknown_test,1528_R,2,False,8_R,1.3939804580281931,,
fused,unknown_test,1528_R,3,False,594_R,1.484754891122306,,
fused,unknown_test,1528_R,4,False,594_R,1.3949072837053622,,
fused,unknown_test,1528_R,5,False,1080_R,1.4832327100112646,,
fused,unknown_test,1528_R,6,False,1080_R,1.0674910298328988,,
fused,unknown_test,1528_R,7,False,1080_R,1.2604781043771074,,
fused,unknown_test,1535_L,1,False,1013_L,0.9343193353334716,,
fused,unknown_test,1535_L,2,False,67_L,0.9415596101086945,,
fused,unknown_test,1535_L,3,False,1520_L,1.21956505452723,,
fused,unknown_test,1535_L,4,False,1520_L,1.4087379756824827,,
fused,unknown_test,1535_R,1,False,1013_R,1.3895955682083638,,
fused,unknown_test,1535_R,2,False,8_R,0.7144531687439494,,
fused,unknown_test,1535_R,3,False,1050_R,1.1318252249544722,,
fused,unknown_test,1535_R,4,False,10_R,1.169458750406764,,
fused,unknown_test,1535_R,5,False,1080_R,1.0863389444222902,,
fused,unknown_test,1535_R,6,False,594_R,1.2630835621986796,,
fused,unknown_test,1539_L,1,False,1549_L,1.4878237661595732,,
fused,unknown_test,1539_L,2,False,1093_L,1.5956566271722357,,
fused,unknown_test,1539_L,3,False,1549_L,1.6403964612879078,,
fused,unknown_test,1539_L,4,False,1549_L,1.6612999029006774,,
fused,unknown_test,1539_L,5,False,1080_L,1.633040181083307,,
fused,unknown_test,1539_L,6,False,1549_L,1.4780414441453027,,
fused,unknown_test,1539_L,7,False,1549_L,1.5052336175084937,,
fused,unknown_test,1539_L,8,False,1026_L,1.3592183119678571,,
fused,unknown_test,1539_L,9,False,1549_L,1.5811086738560693,,
fused,unknown_test,1539_L,10,False,1549_L,1.5316332877086811,,
fused,unknown_test,1539_L,11,False,1026_L,1.4528394640167823,,
fused,unknown_test,1539_R,1,False,63_R,1.3744766905975556,,
fused,unknown_test,1539_R,2,False,63_R,1.2919432169650933,,
fused,unknown_test,1539_R,3,False,63_R,1.255233762638877,,
fused,unknown_test,1539_R,4,False,63_R,1.526408491175567,,
fused,unknown_test,1539_R,5,False,63_R,1.3950311848506645,,
fused,unknown_test,1539_R,6,False,1532_R,1.1958282571891161,,
fused,unknown_test,1539_R,7,False,63_R,1.0815619614983938,,
fused,unknown_test,1539_R,8,False,1510_R,1.1028907016884386,,
fused,unknown_test,1539_R,9,False,88_R,1.122552599289341,,
fused,unknown_test,1539_R,10,False,1018_R,1.316517644167121,,
fused,unknown_test,1539_R,11,False,1549_R,1.1012986995910121,,
fused,unknown_test,1539_R,12,False,63_R,1.3175266858796442,,
fused,unknown_test,1541_L,1,False,1556_L,0.9903674133110592,,
fused,unknown_test,1541_L,2,False,1556_L,0.9146212729169247,,
fused,unknown_test,1541_L,3,False,1556_L,0.7336130469098194,,
fused,unknown_test,1541_L,4,False,1556_L,0.8196207754934441,,
fused,unknown_test,1541_L,5,False,1556_L,0.8747623781947746,,
fused,unknown_test,1541_L,6,False,1556_L,0.45164211141055893,,
fused,unknown_test,1541_L,7,False,1069_L,0.2983975899765935,,
fused,unknown_test,1541_L,8,False,1069_L,0.47290618436221954,,
fused,unknown_test,1541_L,9,False,1041_L,0.24000404844797796,,
fused,unknown_test,1541_L,10,False,1069_L,0.6859583907658935,,
fused,unknown_test,1541_L,11,False,1549_L,0.5126411060233489,,
fused,unknown_test,1541_L,12,False,1549_L,1.2021596589370995,,
fused,unknown_test,1541_L,13,False,1549_L,1.1025604526754251,,
fused,unknown_test,1541_L,14,False,1549_L,1.3651211788259685,,
fused,unknown_test,1541_L,15,False,1556_L,1.213464656062073,,
fused,unknown_test,1541_L,16,False,1556_L,1.1384571596834747,,
fused,unknown_test,1541_L,17,False,1549_L,1.3729793694819157,,
fused,unknown_test,1541_L,18,False,1018_L,1.2340724650763355,,
fused,unknown_test,1541_L,19,False,1556_L,1.0693226502282045,,
fused,unknown_test,1541_L,20,False,1556_L,1.3072819235872601,,
fused,unknown_test,1541_L,21,False,1556_L,1.376266974212393,,
fused,unknown_test,1541_L,22,False,1556_L,1.3051825637150658,,
fused,unknown_test,1541_L,23,False,1556_L,1.2705252583699664,,
fused,unknown_test,1541_L,24,False,1067_L,1.3795084762007597,,
fused,unknown_test,1541_L,25,False,1067_L,1.2464024937934322,,
fused,unknown_test,1541_L,26,False,1067_L,1.097095623464138,,
fused,unknown_test,1541_L,27,False,1067_L,0.8174995563357241,,
fused,unknown_test,1541_L,28,False,1067_L,1.3262796677695037,,
fused,unknown_test,1541_L,29,False,1067_L,1.281726638379646,,
fused,unknown_test,1541_L,30,False,1067_L,0.9796450935191816,,
fused,unknown_test,1541_R,1,False,1018_R,1.0860622933055866,,
fused,unknown_test,1541_R,2,False,1018_R,1.0436380556262594,,
fused,unknown_test,1541_R,3,False,1018_R,1.0730026650946554,,
fused,unknown_test,1541_R,4,False,1018_R,1.0476243297624679,,
fused,unknown_test,1541_R,5,False,1018_R,1.1823490915884736,,
fused,unknown_test,1541_R,6,False,1018_R,1.1636277482662587,,
fused,unknown_test,1541_R,7,False,1018_R,1.283023069089006,,
fused,unknown_test,1541_R,8,False,1018_R,1.1971734683569486,,
fused,unknown_test,1541_R,9,False,1018_R,1.2357828225504175,,
fused,unknown_test,1541_R,10,False,1018_R,1.3308972622026605,,
fused,unknown_test,1541_R,11,False,1018_R,1.0679273170415526,,
fused,unknown_test,1541_R,12,False,1018_R,1.203257992493895,,
fused,unknown_test,1541_R,13,False,1018_R,1.1985839190916798,,
fused,unknown_test,1541_R,14,False,1080_R,1.1608893583179745,,
fused,unknown_test,1541_R,15,False,1018_R,1.1584931767131887,,
fused,unknown_test,1541_R,16,False,1019_R,1.0880859282932216,,
fused,unknown_test,1541_R,17,False,1067_R,0.8737602659138333,,
fused,unknown_test,1541_R,18,False,1018_R,1.5176753385073494,,
fused,unknown_test,1541_R,19,False,1018_R,1.3532040882468652,,
fused,unknown_test,1541_R,20,False,1080_R,1.3541977230711884,,
fused,unknown_test,1541_R,21,False,1018_R,0.978845116164966,,
fused,unknown_test,1541_R,22,False,1560_R,1.0769544164816154,,
fused,unknown_test,1541_R,23,False,576_R,0.8951229006268161,,
fused,unknown_test,1541_R,24,False,1560_R,1.6505299326162235,,
fused,unknown_test,1541_R,25,False,1080_R,1.2065554455290988,,
fused,unknown_test,1541_R,26,False,1037_R,1.5118159026737834,,
fused,unknown_test,1546_R,1,False,1037_R,1.5345835842516993,,
fused,unknown_test,1546_R,2,False,1558_R,1.512857394911236,,
fused,unknown_test,1546_R,3,False,1558_R,1.4951305409918372,,
fused,unknown_test,1546_R,4,False,1558_R,1.4332507970199053,,
fused,unknown_test,1546_R,5,False,1037_R,1.5369530584782631,,
fused,unknown_test,1546_R,6,False,1037_R,1.4424246209752067,,
fused,unknown_test,1546_R,7,False,1037_R,1.4794768506035991,,
fused,unknown_test,1546_R,8,False,576_R,1.5097225571791557,,
fused,unknown_test,1546_R,9,False,1037_R,1.577019020067925,,
fused,unknown_test,1546_R,10,False,1037_R,1.4414843708194736,,
fused,unknown_test,1547_L,1,False,1042_L,1.6380449650157436,,
fused,unknown_test,1547_L,2,False,1042_L,1.672329042926886,,
fused,unknown_test,1547_L,3,False,10_L,1.531868606867281,,
fused,unknown_test,1547_L,4,False,1080_L,1.5061261664461327,,
fused,unknown_test,1547_L,5,False,10_L,1.4096901112853928,,
fused,unknown_test,1547_L,6,False,10_L,1.5089034257129033,,
fused,unknown_test,1547_L,7,False,10_L,1.5319513805751164,,
fused,unknown_test,1547_L,8,False,10_L,1.327698168451851,,
fused,unknown_test,1547_L,9,False,10_L,1.5675033279255186,,
fused,unknown_test,1547_L,10,False,10_L,1.350143350143653,,
fused,unknown_test,1547_L,11,False,10_L,1.1174190509923476,,
fused,unknown_test,1547_L,12,False,10_L,1.1528021806464883,,
fused,unknown_test,1547_L,13,False,1050_L,1.5485081191041659,,
fused,unknown_test,1547_L,14,False,1033_L,1.5414086748452456,,
fused,unknown_test,1547_L,15,False,1080_L,1.5696182075375102,,
fused,unknown_test,1547_L,16,False,1061_L,1.3473515073316784,,
fused,unknown_test,1547_L,17,False,1080_L,1.4183875562691775,,
fused,unknown_test,1547_R,1,False,1080_R,1.4169315380010523,,
fused,unknown_test,1547_R,2,False,1050_R,1.1926081732965832,,
fused,unknown_test,1547_R,3,False,1050_R,1.1774301894696146,,
fused,unknown_test,1547_R,4,False,1024_R,1.2536600755006,,
fused,unknown_test,1547_R,5,False,1042_R,1.325110728867997,,
fused,unknown_test,1547_R,6,False,1024_R,1.146791294701047,,
fused,unknown_test,1547_R,7,False,1061_R,1.0798957104698557,,
fused,unknown_test,1547_R,8,False,1042_R,1.205193463769658,,
fused,unknown_test,1547_R,9,False,1050_R,1.156511643956161,,
fused,unknown_test,1547_R,10,False,1041_R,1.053396231842161,,
fused,unknown_test,1547_R,11,False,1041_R,1.1241598342615982,,
fused,unknown_test,1547_R,12,False,1042_R,0.9776324439616395,,
fused,unknown_test,1547_R,13,False,1540_R,1.2030702786045002,,
fused,unknown_test,1547_R,14,False,1080_R,1.5462292201794456,,
fused,unknown_test,1547_R,15,False,1080_R,1.4715734178430675,,
fused,unknown_test,1547_R,16,False,1080_R,1.5210585498276168,,
fused,unknown_test,1547_R,17,False,1080_R,1.5518953486749614,,
fused,unknown_test,1547_R,18,False,1533_R,1.3875567343163802,,
fused,unknown_test,1547_R,19,False,1019_R,1.3237151604345252,,
fused,unknown_test,1547_R,20,False,10_R,1.415313206231304,,
fused,unknown_test,1547_R,21,False,10_R,1.4233486875279584,,
fused,unknown_test,1557_L,1,False,1556_L,1.3827937470718017,,
fused,unknown_test,1557_L,2,False,1556_L,1.3386846970619892,,
fused,unknown_test,1557_L,3,False,1556_L,1.4388906972869464,,
fused,unknown_test,1557_L,4,False,1075_L,1.0425550002484154,,
fused,unknown_test,1557_L,5,False,1067_L,0.9640623888275714,,
fused,unknown_test,1557_L,6,False,1046_L,1.1356729525067921,,
fused,unknown_test,1557_L,7,False,92_L,0.9962424549929201,,
fused,unknown_test,1557_L,8,False,573_L,1.370521637383354,,
fused,unknown_test,1557_L,9,False,1556_L,0.7221623771269126,,
fused,unknown_test,1557_R,1,False,1011_R,1.464952270771966,,
fused,unknown_test,1557_R,2,False,1061_R,1.3867632732594313,,
fused,unknown_test,1557_R,3,False,6000000_R,1.463760714267341,,
fused,unknown_test,1557_R,4,False,6000000_R,1.3014665584518663,,
fused,unknown_test,1557_R,5,False,6000000_R,1.4054366648104684,,
fused,unknown_test,1557_R,6,False,1061_R,1.406311041724631,,
fused,unknown_test,1557_R,7,False,93_R,1.1979722890699114,,
fused,unknown_test,1557_R,8,False,595_R,-0.4044109080140379,,
fused,unknown_test,1557_R,9,False,595_R,-0.618119095326567,,
fused,unknown_test,1557_R,10,False,595_R,-0.6441898683667339,,
fused,unknown_test,1559_L,1,False,1558_L,1.2842955416608703,,
fused,unknown_test,1559_L,2,False,1558_L,1.600709180957164,,
fused,unknown_test,1559_L,3,False,1558_L,1.5947674382442756,,
fused,unknown_test,1559_L,4,False,1558_L,1.559533454344518,,
fused,unknown_test,1559_L,5,False,1558_L,1.7442612875391659,,
fused,unknown_test,1559_L,6,False,573_L,1.532605906320943,,
fused,unknown_test,1559_L,7,False,1050_L,1.4538710251089237,,
fused,unknown_test,1559_L,8,False,573_L,1.6179132384465424,,
fused,unknown_test,1559_L,9,False,1050_L,1.5486723586821864,,
fused,unknown_test,1559_L,10,False,1558_L,1.8661213834949868,,
fused,unknown_test,1559_L,11,False,1558_L,1.790549498637675,,
fused,unknown_test,1559_L,12,False,1026_L,0.48223782821802896,,
fused,unknown_test,1559_L,13,False,1545_L,1.5108871800774102,,
fused,unknown_test,1559_L,14,False,1558_L,1.7026927590862644,,
fused,unknown_test,1559_L,15,False,594_L,1.5198316048003182,,
fused,unknown_test,1559_L,16,False,594_L,1.5232039441065472,,
fused,unknown_test,1559_L,17,False,1050_L,1.536987110394338,,
fused,unknown_test,1559_L,18,False,1558_L,1.528822158896074,,
fused,unknown_test,1559_L,19,False,1558_L,1.5055969493832175,,
fused,unknown_test,1559_L,20,False,1558_L,1.5856984548455737,,
fused,unknown_test,1559_R,1,False,1513_R,1.2164248348043774,,
fused,unknown_test,1559_R,2,False,1513_R,1.4851462131819457,,
fused,unknown_test,1559_R,3,False,573_R,1.2338159569302323,,
fused,unknown_test,1559_R,4,False,1513_R,1.2286398055720598,,
fused,unknown_test,1559_R,5,False,1558_R,1.4477702985099556,,
fused,unknown_test,1559_R,6,False,1513_R,1.4907818876122514,,
fused,unknown_test,1559_R,7,False,1558_R,1.3927521260017104,,
fused,unknown_test,1559_R,8,False,1558_R,1.3235327422605883,,
fused,unknown_test,1559_R,9,False,1558_R,1.6032106872822776,,
fused,unknown_test,1559_R,10,False,1558_R,1.5756698485535372,,
fused,unknown_test,1559_R,11,False,1033_R,1.4302624221220928,,
fused,unknown_test,1559_R,12,False,1080_R,1.3058738852735599,,
fused,unknown_test,1559_R,13,False,1558_R,1.5455523120165902,,
fused,unknown_test,1559_R,14,False,1013_R,1.4200442292811788,,
fused,unknown_test,1562_L,1,False,1026_L,1.1258656330290528,,
fused,unknown_test,1562_L,2,False,1026_L,1.2507762362553705,,
fused,unknown_test,1562_L,3,False,1026_L,1.4693359608132426,,
fused,unknown_test,1562_L,4,False,1026_L,1.5680713640274604,,
fused,unknown_test,1562_L,5,False,1026_L,1.6818459943341293,,
fused,unknown_test,1562_L,6,False,1026_L,1.620998819809776,,
fused,unknown_test,1562_L,7,False,1026_L,1.45333619504,,
fused,unknown_test,1562_L,8,False,1510_L,1.531304492472447,,
fused,unknown_test,1562_L,9,False,576_L,1.1452686357438746,,
fused,unknown_test,1562_L,10,False,1026_L,1.1593924321557956,,
fused,unknown_test,1562_R,1,False,1537_R,1.224238906062381,,
fused,unknown_test,1562_R,2,False,1537_R,1.19290456253905,,
fused,unknown_test,1562_R,3,False,1019_R,1.1758414630166798,,
fused,unknown_test,1562_R,4,False,1019_R,1.3205321555210636,,
fused,unknown_test,1562_R,5,False,6000000_R,1.4411991261161952,,
fused,unknown_test,1562_R,6,False,6000000_R,1.3269323502918524,,
fused,unknown_test,1562_R,7,False,1019_R,1.4643953243116425,,
fused,unknown_test,1562_R,8,False,6000000_R,1.3043971534111591,,
fused,unknown_test,1562_R,9,False,63_R,1.2870895330795356,,
fused,unknown_test,1562_R,10,False,1510_R,1.1583738540759216,,
fused,unknown_test,1562_R,11,False,1510_R,1.2356663132404067,,
fused,unknown_test,1562_R,12,False,1532_R,1.032024483433306,,
fused,unknown_test,1562_R,13,False,1510_R,1.2609388746722237,,
fused,unknown_test,1562_R,14,False,1510_R,1.1035524834309431,,
fused,unknown_test,1573_L,1,False,1051_L,1.404783746836436,,
fused,unknown_test,1573_L,2,False,1051_L,1.3000870466361862,,
fused,unknown_test,1573_L,3,False,1051_L,1.267659083605183,,
fused,unknown_test,1573_L,4,False,1556_L,1.3546401899583023,,
fused,unknown_test,1573_L,5,False,1082_L,1.438286925630845,,
fused,unknown_test,1573_L,6,False,1550_L,1.4187531499931079,,
fused,unknown_test,1573_L,7,False,1550_L,1.3739178651835848,,
fused,unknown_test,1573_L,8,False,1082_L,1.2877382667787807,,
fused,unknown_test,1573_L,9,False,1067_L,1.1100116140481686,,
fused,unknown_test,1573_L,10,False,1550_L,1.104540408679588,,
fused,unknown_test,1573_R,1,False,573_R,0.9453832112635717,,
fused,unknown_test,1573_R,2,False,1003_R,1.0798734609776213,,
fused,unknown_test,1573_R,3,False,1060_R,1.5599906008790936,,
fused,unknown_test,1573_R,4,False,1060_R,1.6370441381312641,,
fused,unknown_test,1573_R,5,False,1060_R,1.3744318170040366,,
fused,unknown_test,1573_R,6,False,1041_R,1.2534254025006115,,
fused,unknown_test,1573_R,7,False,1041_R,1.1215827412015495,,
fused,unknown_test,1573_R,8,False,1041_R,1.1528607085034177,,
fused,unknown_test,1592_L,1,False,1061_L,0.4854772359518802,,
fused,unknown_test,1592_L,2,False,1037_L,0.7547881214348715,,
fused,unknown_test,1592_L,3,False,573_L,1.4114375823278706,,
fused,unknown_test,1592_L,4,False,573_L,1.4553863353798138,,
fused,unknown_test,1592_L,5,False,559_L,0.9608167621767669,,
fused,unknown_test,1592_R,1,False,1051_R,1.0249137878992705,,
fused,unknown_test,1592_R,2,False,1556_R,0.5685054273104977,,
fused,unknown_test,1592_R,3,False,573_R,0.8122422062836927,,
fused,unknown_test,1592_R,4,False,1589_R,1.0116995781145035,,
fused,unknown_test,1592_R,5,False,1594_R,0.7069926705992255,,
fused,unknown_test,1592_R,6,False,1525_R,1.198028987634753,,
fused,unknown_test,1597_L,1,False,1052_L,0.9022601418861718,,
fused,unknown_test,1597_L,2,False,1052_L,1.098645884071113,,
fused,unknown_test,1597_L,3,False,1052_L,0.8348424304494607,,
fused,unknown_test,1597_L,4,False,1052_L,1.1402733824811262,,
fused,unknown_test,1597_L,5,False,573_L,1.1344889922647117,,
fused,unknown_test,1597_L,6,False,573_L,1.0967379752682873,,
fused,unknown_test,1597_L,7,False,573_L,1.0443480180886588,,
fused,unknown_test,1597_L,8,False,573_L,1.3084635013617278,,
fused,unknown_test,1597_L,9,False,573_L,1.4915490648675132,,
fused,unknown_test,1597_L,10,False,573_L,1.3946563628110213,,
fused,unknown_test,1597_L,11,False,1529_L,1.5038957306454077,,
fused,unknown_test,1597_L,12,False,573_L,1.5584843066672565,,
fused,unknown_test,1597_L,13,False,573_L,1.4704902775743776,,
fused,unknown_test,1597_L,14,False,576_L,1.5690106397045451,,
fused,unknown_test,1597_L,15,False,573_L,1.6078891247240543,,
fused,unknown_test,1597_L,16,False,573_L,1.346225845477338,,
fused,unknown_test,1597_R,1,False,587_R,0.7119612341638647,,
fused,unknown_test,1597_R,2,False,81_R,0.8058699013667732,,
fused,unknown_test,1597_R,3,False,1529_R,1.0358472023247833,,
fused,unknown_test,1597_R,4,False,1069_R,0.8914309932107514,,
fused,unknown_test,1597_R,5,False,1529_R,1.1403770714426757,,
fused,unknown_test,1597_R,6,False,1525_R,0.9948561936614606,,
fused,unknown_test,1597_R,7,False,1026_R,1.0672121655629758,,
fused,unknown_test,1597_R,8,False,1026_R,1.156280461016089,,
fused,unknown_test,1597_R,9,False,1026_R,0.8843289254440254,,
fused,unknown_test,1597_R,10,False,587_R,1.156482661443611,,
fused,unknown_test,1597_R,11,False,1052_R,0.8725416420486634,,
fused,unknown_test,1597_R,12,False,1026_R,0.768015293553827,,
fused,unknown_test,1597_R,13,False,1026_R,1.229350321417622,,
fused,unknown_test,1597_R,14,False,1013_R,1.1871854147086491,,
fused,unknown_test,1597_R,15,False,1013_R,1.0629433485895095,,
fused,unknown_test,1597_R,16,False,1013_R,0.7226183471972256,,
fused,unknown_test,3000000_L,1,False,1525_L,0.651875883175511,,
fused,unknown_test,3000000_L,2,False,92_L,0.4013459739924383,,
fused,unknown_test,3000000_L,3,False,92_L,-0.05612973012669753,,
fused,unknown_test,3000000_L,4,False,92_L,-0.2307739137927583,,
fused,unknown_test,3000000_L,5,False,92_L,0.3220412809547586,,
fused,unknown_test,3000000_L,6,False,1556_L,0.5211987334173671,,
fused,unknown_test,3000000_L,7,False,92_L,0.371167518482767,,
fused,unknown_test,3000000_L,8,False,1011_L,0.597919733136901,,
fused,unknown_test,3000000_L,9,False,1011_L,0.5377364678459717,,
fused,unknown_test,3000000_L,10,False,1011_L,0.5370516082400194,,
fused,unknown_test,3000000_L,11,False,1011_L,0.46362086433630023,,
fused,unknown_test,3000000_L,12,False,1011_L,-0.14109011172830205,,
fused,unknown_test,3000000_L,13,False,1011_L,-0.3574798408075131,,
fused,unknown_test,3000000_R,1,False,1033_R,1.4401051601438848,,
fused,unknown_test,3000000_R,2,False,1525_R,1.3567125482378182,,
fused,unknown_test,3000000_R,3,False,1525_R,1.3727685669891305,,
fused,unknown_test,3000000_R,4,False,1525_R,1.2939796802871557,,
fused,unknown_test,3000000_R,5,False,67_R,1.146131566958859,,
fused,unknown_test,4000000_L,1,False,1075_L,1.0588092764223516,,
fused,unknown_test,4000000_L,2,False,1075_L,1.0498173946415277,,
fused,unknown_test,4000000_L,3,False,1075_L,1.0325386498853226,,
fused,unknown_test,4000000_L,4,False,6000000_L,1.102348595713771,,
fused,unknown_test,4000000_L,5,False,6000000_L,1.2419307926429752,,
fused,unknown_test,4000000_L,6,False,63_L,1.195418926162949,,
fused,unknown_test,4000000_L,7,False,1067_L,1.0304809441079856,,
fused,unknown_test,4000000_L,8,False,1011_L,1.020750223968662,,
fused,unknown_test,4000000_L,9,False,1075_L,0.9255892753117768,,
fused,unknown_test,4000000_R,1,False,1037_R,1.5286246880849284,,
fused,unknown_test,4000000_R,2,False,1037_R,1.6495728111742385,,
fused,unknown_test,538_L,1,False,67_L,1.3683519926226635,,
fused,unknown_test,538_L,2,False,1549_L,1.5207533708727348,,
fused,unknown_test,538_L,3,False,1080_L,1.407072737645016,,
fused,unknown_test,538_L,4,False,1080_L,1.3773445936853128,,
fused,unknown_test,538_L,5,False,1080_L,1.622253378892343,,
fused,unknown_test,538_L,6,False,1080_L,1.3565191548624613,,
fused,unknown_test,538_L,7,False,1556_L,1.210047561849312,,
fused,unknown_test,538_R,1,False,1019_R,1.5638321445133663,,
fused,unknown_test,538_R,2,False,1019_R,1.489862006580288,,
fused,unknown_test,538_R,3,False,1052_R,1.1022971268020685,,
fused,unknown_test,538_R,4,False,1019_R,1.3001843853520705,,
fused,unknown_test,538_R,5,False,1019_R,1.3177701248805758,,
fused,unknown_test,538_R,6,False,1019_R,1.374548055576604,,
fused,unknown_test,538_R,7,False,1019_R,1.3584201078079454,,
fused,unknown_test,538_R,8,False,546_R,1.359484553781821,,
fused,unknown_test,538_R,9,False,1026_R,0.9959925465175329,,
fused,unknown_test,539_L,1,False,1558_L,1.2228770553494082,,
fused,unknown_test,539_L,2,False,576_L,1.3813905175417256,,
fused,unknown_test,539_L,3,False,576_L,1.2762460478193989,,
fused,unknown_test,539_L,4,False,1030_L,1.4910144461782535,,
fused,unknown_test,539_L,5,False,1030_L,1.4657668493702984,,
fused,unknown_test,539_L,6,False,573_L,1.5221873171796698,,
fused,unknown_test,539_L,7,False,573_L,1.5679676214828142,,
fused,unknown_test,539_L,8,False,8000000_L,1.553855164671704,,
fused,unknown_test,539_L,9,False,8000000_L,1.593642994727301,,
fused,unknown_test,539_L,10,False,8000000_L,1.501146520981603,,
fused,unknown_test,539_R,1,False,1537_R,1.5274167662629543,,
fused,unknown_test,539_R,2,False,1537_R,1.5619517344172609,,
fused,unknown_test,539_R,3,False,573_R,1.393421796099465,,
fused,unknown_test,539_R,4,False,573_R,1.5831980607551088,,
fused,unknown_test,539_R,5,False,1037_R,1.5706603111801591,,
fused,unknown_test,539_R,6,False,1037_R,1.6491513789698935,,
fused,unknown_test,539_R,7,False,1037_R,1.549697094394102,,
fused,unknown_test,539_R,8,False,1037_R,1.5934774345061262,,
fused,unknown_test,539_R,9,False,1037_R,1.5428656618666508,,
fused,unknown_test,539_R,10,False,1060_R,1.5755575216131268,,
fused,unknown_test,539_R,11,False,1060_R,1.461891135513783,,
fused,unknown_test,539_R,12,False,1060_R,1.482079003430318,,
fused,unknown_test,539_R,13,False,543_R,1.4145222353326479,,
fused,unknown_test,539_R,14,False,1529_R,1.463652848927929,,
fused,unknown_test,54_L,1,False,594_L,1.4926647213208954,,
fused,unknown_test,54_L,2,False,11_L,0.6481737170322837,,
fused,unknown_test,54_L,3,False,594_L,1.1663802596335695,,
fused,unknown_test,54_L,4,False,559_L,0.9206741345482985,,
fused,unknown_test,54_R,1,False,1520_R,1.4540839138442236,,
fused,unknown_test,54_R,2,False,81_R,1.3934330959872596,,
fused,unknown_test,54_R,3,False,1080_R,1.4891569968166882,,
fused,unknown_test,54_R,4,False,81_R,1.6075079342730132,,
fused,unknown_test,55_L,1,False,13_L,0.7849351883380251,,
fused,unknown_test,55_L,2,False,1011_L,0.915963468034225,,
fused,unknown_test,55_L,3,False,13_L,0.2673968956084079,,
fused,unknown_test,55_L,4,False,10_L,0.37144840979062604,,
fused,unknown_test,55_L,5,False,1074_L,0.34786158849722293,,
fused,unknown_test,55_L,6,False,8_L,0.23849140638690194,,
fused,unknown_test,55_L,7,False,572_L,0.7498537949684867,,
fused,unknown_test,55_L,8,False,1540_L,0.19036169141477255,,
fused,unknown_test,55_L,9,False,8_L,0.9798001128687375,,
fused,unknown_test,55_L,10,False,8_L,0.5566997186139294,,
fused,unknown_test,55_L,11,False,1588_L,0.8094946635519756,,
fused,unknown_test,55_L,12,False,61_L,0.2440298703182136,,
fused,unknown_test,55_L,13,False,1061_L,0.8337613695621505,,
fused,unknown_test,55_L,14,False,552_L,0.9402453538694814,,
fused,unknown_test,55_L,15,False,1061_L,0.785885561472424,,
fused,unknown_test,55_L,16,False,552_L,0.9060820424431398,,
fused,unknown_test,55_L,17,False,1061_L,1.0107562751392105,,
fused,unknown_test,55_L,18,False,86_L,0.7757172048583112,,
fused,unknown_test,55_L,19,False,1069_L,1.15965461437967,,
fused,unknown_test,55_L,20,False,86_L,0.8752940603727555,,
fused,unknown_test,55_L,21,False,86_L,1.0428010759959812,,
fused,unknown_test,55_L,22,False,86_L,0.9860941971342492,,
fused,unknown_test,55_L,23,False,1026_L,1.1000894275205775,,
fused,unknown_test,55_L,24,False,1558_L,1.417022648337674,,
fused,unknown_test,55_R,1,False,572_R,1.2057591145366318,,
fused,unknown_test,55_R,2,False,61_R,1.0406696097666375,,
fused,unknown_test,55_R,3,False,594_R,0.8779725474247821,,
fused,unknown_test,55_R,4,False,594_R,0.6658854390851525,,
fused,unknown_test,55_R,5,False,1026_R,0.31715054216256744,,
fused,unknown_test,55_R,6,False,1041_R,0.16139650836030728,,
fused,unknown_test,55_R,7,False,1041_R,0.49023607730103175,,
fused,unknown_test,55_R,8,False,1540_R,0.28773178135539845,,
fused,unknown_test,55_R,9,False,1041_R,0.2359856210018472,,
fused,unknown_test,55_R,10,False,1041_R,-0.03890261543247542,,
fused,unknown_test,55_R,11,False,1041_R,0.2305155075981513,,
fused,unknown_test,55_R,12,False,1041_R,0.4218563246309704,,
fused,unknown_test,55_R,13,False,1041_R,0.46617855172147893,,
fused,unknown_test,55_R,14,False,1041_R,0.1536375214114753,,
fused,unknown_test,55_R,15,False,1041_R,0.6816247885719745,,
fused,unknown_test,55_R,16,False,1041_R,0.5824129307660463,,
fused,unknown_test,55_R,17,False,1540_R,-0.04178632494673695,,
fused,unknown_test,55_R,18,False,1041_R,-0.24488089021258042,,
fused,unknown_test,55_R,19,False,587_R,-0.12761528827819293,,
fused,unknown_test,57_L,1,False,1588_L,1.371034561300373,,
fused,unknown_test,57_L,2,False,1588_L,1.347417698091854,,
fused,unknown_test,57_L,3,False,88_L,1.2275628952671902,,
fused,unknown_test,57_L,4,False,1588_L,1.4557163119980552,,
fused,unknown_test,57_L,5,False,88_L,1.132711011914759,,
fused,unknown_test,57_L,6,False,88_L,1.047381278612517,,
fused,unknown_test,57_L,7,False,1003_L,0.7520602666643987,,
fused,unknown_test,57_R,1,False,1585_R,1.1806440428554046,,
fused,unknown_test,57_R,2,False,1093_R,0.37553644490758115,,
fused,unknown_test,57_R,3,False,1011_R,0.45735958729034354,,
fused,unknown_test,57_R,4,False,13_R,-0.18615545869003378,,
fused,unknown_test,57_R,5,False,1589_R,0.32929221004573644,,
fused,unknown_test,57_R,6,False,1589_R,0.30054615552750796,,
fused,unknown_test,57_R,7,False,1585_R,0.4831106944475253,,
fused,unknown_test,57_R,8,False,1093_R,0.19485779803559355,,
fused,unknown_test,57_R,9,False,13_R,0.19494914913800898,,
fused,unknown_test,57_R,10,False,13_R,0.5522761619324557,,
fused,unknown_test,57_R,11,False,1003_R,0.1231966319905379,,
fused,unknown_test,57_R,12,False,1585_R,1.504693452789372,,
fused,unknown_test,57_R,13,False,1536_R,0.2922657706845903,,
fused,unknown_test,57_R,14,False,88_R,0.9237277738304143,,
fused,unknown_test,57_R,15,False,1589_R,0.753051603974842,,
fused,unknown_test,574_L,1,False,1585_L,1.466339931340757,,
fused,unknown_test,574_L,2,False,1558_L,1.4089642983931663,,
fused,unknown_test,574_L,3,False,1558_L,1.2953057762651734,,
fused,unknown_test,574_L,4,False,11_L,1.0033514624666733,,
fused,unknown_test,574_L,5,False,8_L,1.300614587025493,,
fused,unknown_test,574_L,6,False,1081_L,1.088794221124659,,
fused,unknown_test,574_L,7,False,1585_L,1.472810169786512,,
fused,unknown_test,574_R,1,False,1033_R,1.3548659166699486,,
fused,unknown_test,574_R,2,False,1537_R,1.0869367821798597,,
fused,unknown_test,574_R,3,False,594_R,1.3768286663439797,,
fused,unknown_test,574_R,4,False,594_R,1.101690606774477,,
fused,unknown_test,574_R,5,False,1013_R,0.9788047492387435,,
fused,unknown_test,574_R,6,False,8_R,1.1990474508228384,,
fused,unknown_test,574_R,7,False,1013_R,1.2201044556177505,,
fused,unknown_test,574_R,8,False,1537_R,1.3119692653345498,,
fused,unknown_test,64_L,1,False,1558_L,0.5366999270315649,,
fused,unknown_test,64_L,2,False,1026_L,0.1201210477137599,,
fused,unknown_test,64_L,3,False,1545_L,0.7176402497855249,,
fused,unknown_test,64_L,4,False,10_L,1.0224287003434758,,
fused,unknown_test,64_L,5,False,11_L,1.1619667239450822,,
fused,unknown_test,64_L,6,False,11_L,1.3427944743818605,,
fused,unknown_test,64_L,7,False,10_L,1.2515716225164142,,
fused,unknown_test,64_L,8,False,1545_L,1.2138037573949907,,
fused,unknown_test,64_R,1,False,1558_R,1.1581562061194415,,
fused,unknown_test,64_R,2,False,573_R,1.3585482175419088,,
fused,unknown_test,64_R,3,False,1558_R,1.3011746351554345,,
fused,unknown_test,64_R,4,False,1558_R,1.4755064942473097,,
fused,unknown_test,64_R,5,False,573_R,1.2591938129711127,,
fused,unknown_test,64_R,6,False,587_R,1.3607698870560365,,
fused,unknown_test,65_L,1,False,10_L,1.5484902724802216,,
fused,unknown_test,65_L,2,False,8_L,1.1540886746917884,,
fused,unknown_test,65_R,1,False,594_R,1.4447435404866031,,
fused,unknown_test,65_R,2,False,1080_R,1.3900250059955601,,
fused,unknown_test,65_R,3,False,13_R,1.0896285487758672,,
fused,unknown_test,65_R,4,False,81_R,0.5812529993523237,,
fused,unknown_test,7000000_L,1,False,8000000_L,1.3771454168403232,,
fused,unknown_test,7000000_L,2,False,8000000_L,1.2055373434278098,,
fused,unknown_test,7000000_L,3,False,8000000_L,1.2192119615629782,,
fused,unknown_test,7000000_L,4,False,1028_L,1.3370628486849145,,
fused,unknown_test,7000000_L,5,False,8000000_L,1.3482413568992544,,
fused,unknown_test,7000000_L,6,False,8000000_L,1.3778262171563134,,
fused,unknown_test,7000000_L,7,False,8000000_L,1.466358161725572,,
fused,unknown_test,7000000_L,8,False,88_L,0.9498703471199781,,
fused,unknown_test,7000000_L,9,False,1028_L,1.1607727420975966,,
fused,unknown_test,7000000_R,1,False,1536_R,1.2771529697876562,,
fused,unknown_test,7000000_R,2,False,1200000_R,1.2362410001932185,,
fused,unknown_test,7000000_R,3,False,1030_R,1.4309675715131718,,
fused,unknown_test,7000000_R,4,False,1085_R,0.9453900054581812,,
fused,unknown_test,7000000_R,5,False,92_R,1.0104105057274397,,
fused,unknown_test,7000000_R,6,False,92_R,1.127016256786606,,
fused,unknown_test,7000000_R,7,False,92_R,1.0967748527114236,,
fused,unknown_test,7000000_R,8,False,92_R,0.97083495247014,,
fused,unknown_test,7000000_R,9,False,92_R,0.8322400258736709,,
fused,unknown_test,7000000_R,10,False,92_R,0.8843791615807499,,
