system,probe_set,threshold,fpir,fnir,dir_rank1,dir_rank5
palm,all,0.6547151051222673,1.0,0.4049079754601227,0.5950920245398773,0.7668711656441718
palm,all,0.7561587315917164,0.9968553459119497,0.4049079754601227,0.5950920245398773,0.7668711656441718
palm,all,0.7813605834844476,0.9931865828092243,0.4049079754601227,0.5950920245398773,0.7668711656441718
palm,all,0.8019164648310955,0.989517819706499,0.4049079754601227,0.5950920245398773,0.7668711656441718
palm,all,0.810871757864926,0.9858490566037735,0.4049079754601227,0.5950920245398773,0.7668711656441718
palm,all,0.818916891335991,0.9821802935010482,0.4049079754601227,0.5950920245398773,0.7668711656441718
palm,all,0.8271665491889006,0.9785115303983228,0.4049079754601227,0.5950920245398773,0.7668711656441718
palm,all,0.837915336083275,0.9748427672955975,0.4049079754601227,0.5950920245398773,0.7668711656441718
palm,all,0.8407618477383072,0.9711740041928721,0.4049079754601227,0.5950920245398773,0.7668711656441718
palm,all,0.8486067866489435,0.9675052410901468,0.4049079754601227,0.5950920245398773,0.7668711656441718
palm,all,0.8527120966396006,0.9638364779874213,0.4049079754601227,0.5950920245398773,0.7607361963190185
palm,all,0.856819020033303,0.960691823899371,0.4049079754601227,0.5950920245398773,0.7607361963190185
palm,all,0.8603640836610456,0.9570230607966457,0.4049079754601227,0.5950920245398773,0.754601226993865
palm,all,0.863197572574036,0.9538784067085954,0.41104294478527603,0.588957055214724,0.7484662576687117
palm,all,0.867023427270455,0.950733752620545,0.41104294478527603,0.588957055214724,0.7484662576687117
palm,all,0.8701413665275239,0.9470649895178197,0.41104294478527603,0.588957055214724,0.7484662576687117
palm,all,0.8719837858092503,0.9444444444444444,0.41104294478527603,0.588957055214724,0.7484662576687117
palm,all,0.8745709766869231,0.9407756813417191,0.41104294478527603,0.588957055214724,0.7484662576687117
palm,all,0.8772191057031682,0.9376310272536688,0.4171779141104295,0.5828220858895705,0.7423312883435583
palm,all,0.8804397419380545,0.9344863731656184,0.4233128834355828,0.5766871165644172,0.7361963190184049
palm,all,0.881226963932829,0.9308176100628931,0.4233128834355828,0.5766871165644172,0.7361963190184049
palm,all,0.8824062334386178,0.9276729559748428,0.4233128834355828,0.5766871165644172,0.7361963190184049
palm,all,0.8852367995407613,0.9250524109014675,0.42944785276073616,0.5705521472392638,0.7300613496932515
palm,all,0.8866609880983498,0.9213836477987422,0.42944785276073616,0.5705521472392638,0.7300613496932515
palm,all,0.8889154574276206,0.9177148846960168,0.42944785276073616,0.5705521472392638,0.7239263803680982
palm,all,0.8916095594454867,0.9140461215932913,0.42944785276073616,0.5705521472392638,0.7239263803680982
palm,all,0.8954265007333696,0.910901467505241,0.4355828220858896,0.5644171779141104,0.7177914110429447
palm,all,0.8958812425438689,0.9077568134171907,0.4355828220858896,0.5644171779141104,0.7177914110429447
palm,all,0.8970704177319111,0.9046121593291404,0.4355828220858896,0.5644171779141104,0.7177914110429447
palm,all,0.8989420244795738,0.9009433962264151,0.4355828220858896,0.5644171779141104,0.7177914110429447
palm,all,0.9001226727689083,0.8972746331236897,0.4355828220858896,0.5644171779141104,0.7177914110429447
palm,all,0.9014932335826951,0.8941299790356394,0.4355828220858896,0.5644171779141104,0.7177914110429447
palm,all,0.9023876456435765,0.8909853249475891,0.44171779141104295,0.558282208588957,0.7116564417177914
palm,all,0.9031681855842968,0.8878406708595388,0.44171779141104295,0.558282208588957,0.7116564417177914
palm,all,0.9040909245343345,0.8841719077568134,0.44171779141104295,0.558282208588957,0.7116564417177914
palm,all,0.9047440253077663,0.8805031446540881,0.44171779141104295,0.558282208588957,0.7116564417177914
palm,all,0.9060184081393712,0.8778825995807128,0.44171779141104295,0.558282208588957,0.7116564417177914
palm,all,0.9067726599267222,0.8742138364779874,0.44171779141104295,0.558282208588957,0.7116564417177914
palm,all,0.9076969980893239,0.8705450733752621,0.44171779141104295,0.558282208588957,0.7116564417177914
palm,all,0.9086023102071602,0.8668763102725366,0.44171779141104295,0.558282208588957,0.7116564417177914
palm,all,0.9091557838853657,0.8637316561844863,0.44171779141104295,0.558282208588957,0.7116564417177914
palm,all,0.9103164170637352,0.860062893081761,0.44171779141104295,0.558282208588957,0.7116564417177914
palm,all,0.911200887337765,0.8563941299790356,0.44171779141104295,0.558282208588957,0.7116564417177914
palm,all,0.9123355601939489,0.8537735849056604,0.45398773006134974,0.5460122699386503,0.6932515337423313
palm,all,0.9134945681712316,0.850104821802935,0.45398773006134974,0.5460122699386503,0.6932515337423313
palm,all,0.9140860197585882,0.8464360587002097,0.45398773006134974,0.5460122699386503,0.6932515337423313
palm,all,0.914652986270754,0.8427672955974843,0.45398773006134974,0.5460122699386503,0.6932515337423313
palm,all,0.9157030255632508,0.839098532494759,0.45398773006134974,0.5460122699386503,0.6932515337423313
palm,all,0.9161683541505284,0.8354297693920335,0.45398773006134974,0.5460122699386503,0.6932515337423313
palm,all,0.9175949577636244,0.8322851153039832,0.45398773006134974,0.5460122699386503,0.6932515337423313
palm,all,0.9183342653298967,0.8286163522012578,0.45398773006134974,0.5460122699386503,0.6932515337423313
palm,all,0.9189766905696344,0.8249475890985325,0.45398773006134974,0.5460122699386503,0.6932515337423313
palm,all,0.9195164732370209,0.8212788259958071,0.45398773006134974,0.5460122699386503,0.6932515337423313
palm,all,0.9202306781118588,0.8181341719077568,0.45398773006134974,0.5460122699386503,0.6932515337423313
palm,all,0.9208895674326476,0.8144654088050315,0.45398773006134974,0.5460122699386503,0.6932515337423313
palm,all,0.9213619972175046,0.810796645702306,0.45398773006134974,0.5460122699386503,0.6932515337423313
palm,all,0.9218347325085511,0.8071278825995807,0.45398773006134974,0.5460122699386503,0.6932515337423313
palm,all,0.9227914237667021,0.8034591194968553,0.45398773006134974,0.5460122699386503,0.6932515337423313
palm,all,0.9231363367194264,0.79979035639413,0.45398773006134974,0.5460122699386503,0.6932515337423313
palm,all,0.9238975862384904,0.7966457023060797,0.4601226993865031,0.5398773006134969,0.6871165644171779
palm,all,0.9242497276758225,0.7929769392033543,0.4601226993865031,0.5398773006134969,0.6871165644171779
palm,all,0.9244621837769422,0.789832285115304,0.4601226993865031,0.5398773006134969,0.6871165644171779
palm,all,0.9246921867890527,0.7861635220125787,0.4601226993865031,0.5398773006134969,0.6871165644171779
palm,all,0.925578967339979,0.7824947589098532,0.4601226993865031,0.5398773006134969,0.6871165644171779
palm,all,0.9261505418034155,0.7793501048218029,0.4662576687116564,0.5337423312883436,0.6809815950920245
palm,all,0.9266255856551657,0.7756813417190775,0.4662576687116564,0.5337423312883436,0.6809815950920245
palm,all,0.9272017792551683,0.7730607966457023,0.4662576687116564,0.5337423312883436,0.6809815950920245
palm,all,0.9277565103917935,0.7693920335429769,0.4662576687116564,0.5337423312883436,0.6809815950920245
palm,all,0.9281958716333207,0.7657232704402516,0.4662576687116564,0.5337423312883436,0.6809815950920245
palm,all,0.9288893325535422,0.7620545073375262,0.4662576687116564,0.5337423312883436,0.6748466257668712
palm,all,0.9294726653558879,0.7583857442348009,0.4662576687116564,0.5337423312883436,0.6748466257668712
palm,all,0.9297496540441643,0.7547169811320755,0.4662576687116564,0.5337423312883436,0.6748466257668712
palm,all,0.9300663541485518,0.7515723270440252,0.4662576687116564,0.5337423312883436,0.6748466257668712
palm,all,0.9305022018116678,0.7484276729559748,0.4662576687116564,0.5337423312883436,0.6687116564417178
palm,all,0.9309529580154312,0.7447589098532494,0.4662576687116564,0.5337423312883436,0.6625766871165644
palm,all,0.9312913469671587,0.7416142557651991,0.4662576687116564,0.5337423312883436,0.6625766871165644
palm,all,0.931681263596725,0.7379454926624738,0.4662576687116564,0.5337423312883436,0.6625766871165644
palm,all,0.9321300036868225,0.7342767295597484,0.4662576687116564,0.5337423312883436,0.6625766871165644
palm,all,0.9326274822723748,0.7306079664570231,0.4662576687116564,0.5337423312883436,0.656441717791411
palm,all,0.9328732463241769,0.7274633123689728,0.4662576687116564,0.5337423312883436,0.656441717791411
palm,all,0.933240076231225,0.7237945492662474,0.4662576687116564,0.5337423312883436,0.656441717791411
palm,all,0.9335426545267436,0.720125786163522,0.4662576687116564,0.5337423312883436,0.656441717791411
palm,all,0.9337555748277315,0.7169811320754716,0.47239263803680986,0.5276073619631901,0.6503067484662577
palm,all,0.9342766920858172,0.7133123689727463,0.47239263803680986,0.5276073619631901,0.6503067484662577
palm,all,0.9344392706346325,0.710167714884696,0.47239263803680986,0.5276073619631901,0.6503067484662577
palm,all,0.9347988540922159,0.7064989517819706,0.47239263803680986,0.5276073619631901,0.6503067484662577
palm,all,0.9353465258390481,0.7033542976939203,0.4785276073619632,0.5214723926380368,0.6441717791411042
palm,all,0.9356427120511284,0.699685534591195,0.4785276073619632,0.5214723926380368,0.6441717791411042
palm,all,0.9360297968178151,0.6960167714884696,0.4785276073619632,0.5214723926380368,0.6441717791411042
palm,all,0.9362781158275357,0.6923480083857443,0.4785276073619632,0.5214723926380368,0.6441717791411042
palm,all,0.9365745424507078,0.689203354297694,0.48466257668711654,0.5153374233128835,0.6380368098159509
palm,all,0.9367538713362831,0.6855345911949685,0.48466257668711654,0.5153374233128835,0.6380368098159509
palm,all,0.9369465810582013,0.6834381551362684,0.48466257668711654,0.5153374233128835,0.6380368098159509
palm,all,0.9372253157578863,0.679769392033543,0.48466257668711654,0.5153374233128835,0.6380368098159509
palm,all,0.9374627939008497,0.6761006289308176,0.48466257668711654,0.5153374233128835,0.6380368098159509
palm,all,0.9377940808900824,0.6724318658280922,0.48466257668711654,0.5153374233128835,0.6319018404907976
palm,all,0.9380437259251957,0.6687631027253669,0.48466257668711654,0.5153374233128835,0.6319018404907976
palm,all,0.9382399791942597,0.6650943396226415,0.48466257668711654,0.5153374233128835,0.6257668711656442
palm,all,0.9385533476132851,0.6614255765199162,0.48466257668711654,0.5153374233128835,0.6257668711656442
palm,all,0.938902898371125,0.6577568134171907,0.48466257668711654,0.5153374233128835,0.6257668711656442
palm,all,0.9390515343994061,0.6540880503144654,0.48466257668711654,0.5153374233128835,0.6257668711656442
palm,all,0.9391040174924931,0.65041928721174,0.48466257668711654,0.5153374233128835,0.6257668711656442
palm,all,0.9393495743167974,0.6472746331236897,0.48466257668711654,0.5153374233128835,0.6257668711656442
palm,all,0.9396617943720735,0.6436058700209644,0.48466257668711654,0.5153374233128835,0.6196319018404908
palm,all,0.9399730381027147,0.639937106918239,0.48466257668711654,0.5153374233128835,0.6196319018404908
palm,all,0.9401192953000499,0.6373165618448637,0.49079754601227,0.50920245398773,0.6134969325153374
palm,all,0.9404321722917109,0.6336477987421384,0.49079754601227,0.50920245398773,0.6073619631901841
palm,all,0.9406214938841451,0.629979035639413,0.49079754601227,0.50920245398773,0.6073619631901841
palm,all,0.9408783100664322,0.6268343815513627,0.49693251533742333,0.5030674846625767,0.6012269938650306
palm,all,0.9410159025679686,0.6236897274633124,0.49693251533742333,0.5030674846625767,0.6012269938650306
palm,all,0.9411626320382427,0.620020964360587,0.49693251533742333,0.5030674846625767,0.6012269938650306
palm,all,0.9416113275576348,0.6168763102725366,0.49693251533742333,0.5030674846625767,0.6012269938650306
palm,all,0.9419798971229474,0.6137316561844863,0.49693251533742333,0.5030674846625767,0.6012269938650306
palm,all,0.9420710865900815,0.610062893081761,0.49693251533742333,0.5030674846625767,0.6012269938650306
palm,all,0.9422913598582096,0.6063941299790356,0.49693251533742333,0.5030674846625767,0.6012269938650306
palm,all,0.9426601466897722,0.6027253668763103,0.49693251533742333,0.5030674846625767,0.6012269938650306
palm,all,0.9428078470076522,0.5990566037735849,0.49693251533742333,0.5030674846625767,0.6012269938650306
palm,all,0.9430435508945856,0.5964360587002097,0.50920245398773,0.49079754601226994,0.5828220858895705
palm,all,0.9431963756740345,0.5938155136268344,0.50920245398773,0.49079754601226994,0.5828220858895705
palm,all,0.943491720627159,0.590146750524109,0.50920245398773,0.49079754601226994,0.5828220858895705
palm,all,0.9438309140426666,0.5870020964360587,0.50920245398773,0.49079754601226994,0.5828220858895705
palm,all,0.9442265644648636,0.5838574423480084,0.50920245398773,0.49079754601226994,0.5828220858895705
palm,all,0.9443505828528862,0.5807127882599581,0.50920245398773,0.49079754601226994,0.5828220858895705
palm,all,0.944518547628014,0.5770440251572327,0.50920245398773,0.49079754601226994,0.5828220858895705
palm,all,0.9450322997981515,0.5744234800838575,0.50920245398773,0.49079754601226994,0.5766871165644172
palm,all,0.945253201116121,0.5707547169811321,0.50920245398773,0.49079754601226994,0.5766871165644172
palm,all,0.9454243231721897,0.5681341719077568,0.5153374233128835,0.48466257668711654,0.5705521472392638
palm,all,0.9455892798822025,0.5644654088050315,0.5153374233128835,0.48466257668711654,0.5705521472392638
palm,all,0.9457963747986631,0.5613207547169812,0.5153374233128835,0.48466257668711654,0.5705521472392638
palm,all,0.9458771878684382,0.5576519916142557,0.5153374233128835,0.48466257668711654,0.5644171779141104
palm,all,0.9461033639685623,0.5539832285115304,0.5153374233128835,0.48466257668711654,0.5644171779141104
palm,all,0.9463455166093284,0.55083857442348,0.5153374233128835,0.48466257668711654,0.5644171779141104
palm,all,0.9464924665541459,0.5476939203354297,0.5153374233128835,0.48466257668711654,0.5644171779141104
palm,all,0.9467241037242411,0.5440251572327044,0.5153374233128835,0.48466257668711654,0.5644171779141104
palm,all,0.9469999161389787,0.5408805031446541,0.5214723926380368,0.4785276073619632,0.558282208588957
palm,all,0.947122788386956,0.5372117400419287,0.5214723926380368,0.4785276073619632,0.558282208588957
palm,all,0.9474038929052604,0.5340670859538784,0.5276073619631902,0.4723926380368098,0.5521472392638037
palm,all,0.9476821150501131,0.5314465408805031,0.5337423312883436,0.4662576687116564,0.5460122699386503
palm,all,0.9478270909855624,0.5283018867924528,0.5337423312883436,0.4662576687116564,0.5460122699386503
palm,all,0.9481780745395416,0.5246331236897275,0.5337423312883436,0.4662576687116564,0.5460122699386503
palm,all,0.9483823864856725,0.5214884696016772,0.5398773006134969,0.4601226993865031,0.5398773006134969
palm,all,0.9484964233993006,0.5178197064989518,0.5398773006134969,0.4601226993865031,0.5398773006134969
palm,all,0.9487394523274733,0.5141509433962265,0.5398773006134969,0.4601226993865031,0.5398773006134969
palm,all,0.9489724235674234,0.510482180293501,0.5398773006134969,0.4601226993865031,0.5337423312883436
palm,all,0.9491376971121734,0.5083857442348009,0.5398773006134969,0.4601226993865031,0.5337423312883436
palm,all,0.9494025309478397,0.5052410901467506,0.5398773006134969,0.4601226993865031,0.5337423312883436
palm,all,0.9495178194458613,0.5015723270440252,0.5398773006134969,0.4601226993865031,0.5337423312883436
palm,all,0.9497932195890731,0.49842767295597484,0.5460122699386503,0.4539877300613497,0.5276073619631901
palm,all,0.9500839230210747,0.49528301886792453,0.5521472392638036,0.44785276073619634,0.5214723926380368
palm,all,0.9502049598873528,0.4916142557651992,0.5521472392638036,0.44785276073619634,0.5214723926380368
palm,all,0.9502748738089022,0.48846960167714887,0.558282208588957,0.44171779141104295,0.5153374233128835
palm,all,0.950345260273471,0.48480083857442346,0.558282208588957,0.44171779141104295,0.5153374233128835
palm,all,0.9504828948467908,0.48165618448637315,0.5644171779141105,0.43558282208588955,0.5030674846625767
palm,all,0.9508012793538241,0.47851153039832284,0.5705521472392638,0.4294478527607362,0.49693251533742333
palm,all,0.9509559193141729,0.4753668763102725,0.5766871165644172,0.4233128834355828,0.49079754601226994
palm,all,0.9512458737203535,0.4716981132075472,0.5766871165644172,0.4233128834355828,0.49079754601226994
palm,all,0.9513280172467269,0.46855345911949686,0.5766871165644172,0.4233128834355828,0.49079754601226994
palm,all,0.9515050921712094,0.46540880503144655,0.5766871165644172,0.4233128834355828,0.49079754601226994
palm,all,0.9516948168985332,0.4617400419287212,0.5766871165644172,0.4233128834355828,0.49079754601226994
palm,all,0.9518152611253885,0.4585953878406709,0.5828220858895705,0.4171779141104294,0.48466257668711654
palm,all,0.9520680807213626,0.4549266247379455,0.5828220858895705,0.4171779141104294,0.48466257668711654
palm,all,0.9522273808193853,0.45178197064989517,0.5889570552147239,0.4110429447852761,0.4785276073619632
palm,all,0.9523502947116637,0.4481132075471698,0.5889570552147239,0.4110429447852761,0.4785276073619632
palm,all,0.9527471748100658,0.4444444444444444,0.5889570552147239,0.4110429447852761,0.4785276073619632
palm,all,0.9530687088181801,0.44077568134171907,0.5889570552147239,0.4110429447852761,0.4785276073619632
palm,all,0.9532293857375762,0.43763102725366876,0.5950920245398773,0.4049079754601227,0.4723926380368098
palm,all,0.9533986599661074,0.4339622641509434,0.5950920245398773,0.4049079754601227,0.4723926380368098
palm,all,0.9536643492003347,0.430293501048218,0.5950920245398773,0.4049079754601227,0.4662576687116564
palm,all,0.9537933770630254,0.4271488469601677,0.5950920245398773,0.4049079754601227,0.4662576687116564
palm,all,0.9540067181044063,0.4240041928721174,0.6012269938650308,0.3987730061349693,0.4601226993865031
palm,all,0.9541364515265525,0.42085953878406707,0.6012269938650308,0.3987730061349693,0.4601226993865031
palm,all,0.9542470227498332,0.4171907756813417,0.6012269938650308,0.3987730061349693,0.4601226993865031
palm,all,0.9544189858788938,0.41352201257861637,0.6012269938650308,0.3987730061349693,0.4601226993865031
palm,all,0.9545493174475914,0.41037735849056606,0.6073619631901841,0.39263803680981596,0.4539877300613497
palm,all,0.9547845102411889,0.40670859538784065,0.6073619631901841,0.39263803680981596,0.4539877300613497
palm,all,0.9549227684827327,0.40408805031446543,0.6134969325153374,0.38650306748466257,0.44785276073619634
palm,all,0.9551188805539108,0.4009433962264151,0.6134969325153374,0.38650306748466257,0.44785276073619634
palm,all,0.9553111168992152,0.3972746331236897,0.6134969325153374,0.38650306748466257,0.44785276073619634
palm,all,0.9555045124019221,0.39360587002096437,0.6134969325153374,0.38650306748466257,0.44785276073619634
palm,all,0.9556983475888665,0.39046121593291405,0.6196319018404908,0.3803680981595092,0.44171779141104295
palm,all,0.9559874347358572,0.38731656184486374,0.6257668711656441,0.37423312883435583,0.43558282208588955
palm,all,0.9561094762220486,0.38469601677148846,0.6257668711656441,0.37423312883435583,0.43558282208588955
palm,all,0.9562436919319635,0.3810272536687631,0.6257668711656441,0.37423312883435583,0.43558282208588955
palm,all,0.9563746727793334,0.3778825995807128,0.6257668711656441,0.37423312883435583,0.43558282208588955
palm,all,0.9566543646464404,0.3747379454926625,0.6319018404907976,0.36809815950920244,0.4294478527607362
palm,all,0.9567595093140482,0.3710691823899371,0.6319018404907976,0.36809815950920244,0.4294478527607362
palm,all,0.9569344497422692,0.36792452830188677,0.6380368098159509,0.3619631901840491,0.4233128834355828
palm,all,0.9571005423828558,0.3642557651991614,0.6380368098159509,0.3619631901840491,0.4233128834355828
palm,all,0.9571950904355773,0.36163522012578614,0.6441717791411044,0.3558282208588957,0.4171779141104294
palm,all,0.9573554347144729,0.3579664570230608,0.6441717791411044,0.3558282208588957,0.4171779141104294
palm,all,0.9574655151965374,0.35429769392033544,0.6441717791411044,0.3558282208588957,0.4171779141104294
palm,all,0.9576175614814461,0.35062893081761004,0.6441717791411044,0.3558282208588957,0.4171779141104294
palm,all,0.9578726019150058,0.3469601677148847,0.6441717791411044,0.3558282208588957,0.4171779141104294
palm,all,0.9579933792754043,0.34329140461215935,0.6441717791411044,0.3558282208588957,0.4171779141104294
palm,all,0.9580627735468853,0.34014675052410903,0.6503067484662577,0.3496932515337423,0.4110429447852761
palm,all,0.9581404503038649,0.33647798742138363,0.6503067484662577,0.3496932515337423,0.4110429447852761
palm,all,0.95828998063628,0.3333333333333333,0.6503067484662577,0.3496932515337423,0.4110429447852761
palm,all,0.9583671546830169,0.32966457023060797,0.6503067484662577,0.3496932515337423,0.4110429447852761
palm,all,0.9584985787522327,0.32651991614255765,0.656441717791411,0.34355828220858897,0.4049079754601227
palm,all,0.9588436506540223,0.3228511530398323,0.656441717791411,0.34355828220858897,0.3987730061349693
palm,all,0.9589285924078871,0.319706498951782,0.656441717791411,0.34355828220858897,0.3987730061349693
palm,all,0.9592117656404919,0.3165618448637317,0.6625766871165644,0.3374233128834356,0.39263803680981596
palm,all,0.9593199028183883,0.3128930817610063,0.6625766871165644,0.3374233128834356,0.39263803680981596
palm,all,0.9595105288805572,0.30922431865828093,0.6625766871165644,0.3374233128834356,0.38650306748466257
palm,all,0.9596944656358978,0.3060796645702306,0.6687116564417178,0.3312883435582822,0.3803680981595092
palm,all,0.9599139884031105,0.3029350104821803,0.6748466257668712,0.32515337423312884,0.37423312883435583
palm,all,0.9600571450834483,0.300314465408805,0.6871165644171779,0.3128834355828221,0.3619631901840491
palm,all,0.9602991844352633,0.2966457023060797,0.6871165644171779,0.3128834355828221,0.3619631901840491
palm,all,0.9605222955983346,0.2929769392033543,0.6871165644171779,0.3128834355828221,0.3619631901840491
palm,all,0.960581367597371,0.29035639412997905,0.6871165644171779,0.3128834355828221,0.3619631901840491
palm,all,0.9607318664010995,0.28668763102725364,0.6871165644171779,0.3128834355828221,0.3619631901840491
palm,all,0.9609051378682756,0.2830188679245283,0.6871165644171779,0.3128834355828221,0.3619631901840491
palm,all,0.9610442146946147,0.27935010482180295,0.6871165644171779,0.3128834355828221,0.3619631901840491
palm,all,0.961223163473524,0.27568134171907754,0.6871165644171779,0.3128834355828221,0.3619631901840491
palm,all,0.9614200985341896,0.2720125786163522,0.6871165644171779,0.3128834355828221,0.3619631901840491
palm,all,0.9615800221272087,0.26834381551362685,0.6871165644171779,0.3128834355828221,0.3619631901840491
palm,all,0.9617144449746667,0.26467505241090145,0.6871165644171779,0.3128834355828221,0.3619631901840491
palm,all,0.9618332333811259,0.2610062893081761,0.6871165644171779,0.3128834355828221,0.3619631901840491
palm,all,0.9619580687034015,0.25733752620545075,0.6871165644171779,0.3128834355828221,0.3619631901840491
palm,all,0.9623079269902165,0.25366876310272535,0.6871165644171779,0.3128834355828221,0.3619631901840491
palm,all,0.9624602163557698,0.25,0.6871165644171779,0.3128834355828221,0.3619631901840491
palm,all,0.9625965330379291,0.2468553459119497,0.6932515337423313,0.3067484662576687,0.3558282208588957
palm,all,0.9626509304004178,0.24371069182389937,0.6932515337423313,0.3067484662576687,0.3558282208588957
palm,all,0.9628046387602406,0.24109014675052412,0.705521472392638,0.294478527607362,0.34355828220858897
palm,all,0.9629821646245262,0.23742138364779874,0.705521472392638,0.294478527607362,0.3374233128834356
palm,all,0.9630653243369358,0.23375262054507337,0.705521472392638,0.294478527607362,0.3374233128834356
palm,all,0.9632319138665772,0.23008385744234802,0.705521472392638,0.294478527607362,0.3374233128834356
palm,all,0.963365885705866,0.22641509433962265,0.705521472392638,0.294478527607362,0.3374233128834356
palm,all,0.963540357925555,0.22274633123689727,0.705521472392638,0.294478527607362,0.3374233128834356
palm,all,0.9636180513522046,0.2190775681341719,0.705521472392638,0.294478527607362,0.3312883435582822
palm,all,0.9637511577286269,0.21540880503144655,0.705521472392638,0.294478527607362,0.3312883435582822
palm,all,0.9638445979786376,0.21278825995807127,0.7116564417177914,0.2883435582822086,0.32515337423312884
palm,all,0.9639963754510206,0.20911949685534592,0.7116564417177914,0.2883435582822086,0.32515337423312884
palm,all,0.9642880897325774,0.2059748427672956,0.7116564417177914,0.2883435582822086,0.32515337423312884
palm,all,0.9644526482693121,0.20230607966457023,0.7116564417177914,0.2883435582822086,0.32515337423312884
palm,all,0.9645185696873899,0.19916142557651992,0.7116564417177914,0.2883435582822086,0.32515337423312884
palm,all,0.9647675297229799,0.1960167714884696,0.7177914110429449,0.2822085889570552,0.3128834355828221
palm,all,0.964963247511079,0.19234800838574423,0.7177914110429449,0.2822085889570552,0.3128834355828221
palm,all,0.9650999944239144,0.18867924528301888,0.7177914110429449,0.2822085889570552,0.3128834355828221
palm,all,0.9652320741098883,0.1850104821802935,0.7177914110429449,0.2822085889570552,0.3128834355828221
palm,all,0.9653379146388392,0.18134171907756813,0.7177914110429449,0.2822085889570552,0.3067484662576687
palm,all,0.9654603399835713,0.17819706498951782,0.7177914110429449,0.2822085889570552,0.3067484662576687
palm,all,0.9656717937226282,0.17452830188679244,0.7177914110429449,0.2822085889570552,0.3067484662576687
palm,all,0.9658363164625686,0.1708595387840671,0.7177914110429449,0.2822085889570552,0.3067484662576687
palm,all,0.96596620837544,0.16719077568134172,0.7177914110429449,0.2822085889570552,0.3067484662576687
palm,all,0.9661050426122633,0.1640461215932914,0.7177914110429449,0.2822085889570552,0.3067484662576687
palm,all,0.9662561606242275,0.1609014675052411,0.7177914110429449,0.2822085889570552,0.3067484662576687
palm,all,0.9663473672166971,0.15828092243186584,0.7300613496932515,0.26993865030674846,0.294478527607362
palm,all,0.9665569158567938,0.15513626834381553,0.7300613496932515,0.26993865030674846,0.294478527607362
palm,all,0.9667815274068672,0.15356394129979037,0.754601226993865,0.24539877300613497,0.26993865030674846
palm,all,0.9669720829823093,0.15041928721174005,0.7607361963190185,0.2392638036809816,0.26380368098159507
palm,all,0.9670854284777817,0.14675052410901468,0.7607361963190185,0.2392638036809816,0.26380368098159507
palm,all,0.9672108659469334,0.14360587002096437,0.7668711656441718,0.2331288343558282,0.25766871165644173
palm,all,0.9673643791299691,0.14046121593291405,0.7730061349693251,0.22699386503067484,0.25153374233128833
palm,all,0.9675661313162846,0.13679245283018868,0.7730061349693251,0.22699386503067484,0.25153374233128833
palm,all,0.967723492534595,0.1331236897274633,0.7730061349693251,0.22699386503067484,0.24539877300613497
palm,all,0.9678697073769698,0.129979035639413,0.7791411042944785,0.22085889570552147,0.2392638036809816
palm,all,0.9681404257570397,0.12735849056603774,0.7791411042944785,0.22085889570552147,0.2331288343558282
palm,all,0.9683441200435574,0.12421383647798742,0.7791411042944785,0.22085889570552147,0.2331288343558282
palm,all,0.9685099473945857,0.12054507337526206,0.7791411042944785,0.22085889570552147,0.2331288343558282
palm,all,0.9686842456845761,0.11687631027253668,0.7791411042944785,0.22085889570552147,0.2331288343558282
palm,all,0.9687749050325796,0.11373165618448637,0.7791411042944785,0.22085889570552147,0.2331288343558282
palm,all,0.968902798966074,0.1111111111111111,0.7852760736196319,0.2147239263803681,0.22699386503067484
palm,all,0.9691116726674829,0.10744234800838574,0.7852760736196319,0.2147239263803681,0.22699386503067484
palm,all,0.9692992379382371,0.10429769392033543,0.7914110429447853,0.2085889570552147,0.22085889570552147
palm,all,0.9696806496818293,0.10062893081761007,0.7914110429447853,0.2085889570552147,0.22085889570552147
palm,all,0.9699848535240876,0.09696016771488469,0.7914110429447853,0.2085889570552147,0.22085889570552147
palm,all,0.9702159396891481,0.09433962264150944,0.7975460122699387,0.20245398773006135,0.2147239263803681
palm,all,0.9706459776366312,0.09119496855345911,0.7975460122699387,0.20245398773006135,0.2147239263803681
palm,all,0.9708131684200944,0.08752620545073375,0.7975460122699387,0.20245398773006135,0.2147239263803681
palm,all,0.9710789888612053,0.08438155136268344,0.7975460122699387,0.20245398773006135,0.2147239263803681
palm,all,0.9712928799938664,0.08123689727463312,0.803680981595092,0.19631901840490798,0.20245398773006135
palm,all,0.9715724917122273,0.07756813417190776,0.803680981595092,0.19631901840490798,0.20245398773006135
palm,all,0.9718580786515567,0.07442348008385745,0.803680981595092,0.19631901840490798,0.20245398773006135
palm,all,0.9719765140856926,0.07180293501048218,0.8098159509202454,0.1901840490797546,0.19631901840490798
palm,all,0.9722252328444407,0.06970649895178196,0.8220858895705522,0.17791411042944785,0.18404907975460122
palm,all,0.97254803684133,0.06761006289308176,0.834355828220859,0.1656441717791411,0.17177914110429449
palm,all,0.972701281994501,0.0639412997903564,0.834355828220859,0.1656441717791411,0.17177914110429449
palm,all,0.9729736760742511,0.06027253668763103,0.834355828220859,0.1656441717791411,0.17177914110429449
palm,all,0.9735981331537267,0.05712788259958071,0.834355828220859,0.1656441717791411,0.17177914110429449
palm,all,0.9739433624316933,0.053983228511530396,0.8404907975460123,0.15950920245398773,0.1656441717791411
palm,all,0.9741662848548788,0.050314465408805034,0.8404907975460123,0.15950920245398773,0.1656441717791411
palm,all,0.9745138304306258,0.04716981132075472,0.8466257668711656,0.15337423312883436,0.15950920245398773
palm,all,0.9747346020380212,0.0440251572327044,0.8466257668711656,0.15337423312883436,0.15950920245398773
palm,all,0.9753710020438721,0.04035639412997904,0.8466257668711656,0.15337423312883436,0.15950920245398773
palm,all,0.9756822575490358,0.03773584905660377,0.8588957055214724,0.1411042944785276,0.147239263803681
palm,all,0.9760175428436602,0.03459119496855346,0.8650306748466258,0.13496932515337423,0.1411042944785276
palm,all,0.9763178628711799,0.0319706498951782,0.8711656441717791,0.12883435582822086,0.12883435582822086
palm,all,0.976606426689014,0.028825995807127882,0.8773006134969326,0.12269938650306748,0.12269938650306748
palm,all,0.9768444011656869,0.025157232704402517,0.8773006134969326,0.12269938650306748,0.12269938650306748
palm,all,0.9771754743736351,0.02148846960167715,0.8773006134969326,0.12269938650306748,0.12269938650306748
palm,all,0.9777885266932251,0.018867924528301886,0.8895705521472392,0.11042944785276074,0.11042944785276074
palm,all,0.978499613931666,0.015723270440251572,0.8895705521472392,0.11042944785276074,0.11042944785276074
palm,all,0.97890627208935,0.013626834381551363,0.9079754601226994,0.09202453987730061,0.09202453987730061
palm,all,0.9799382328323691,0.010482180293501049,0.9141104294478528,0.08588957055214724,0.08588957055214724
palm,all,0.9808798231869833,0.009433962264150943,0.9325153374233128,0.06748466257668712,0.06748466257668712
palm,all,0.9819904816298473,0.006813417190775681,0.9447852760736196,0.05521472392638037,0.05521472392638037
palm,all,0.9839681350586543,0.0041928721174004195,0.9570552147239264,0.04294478527607362,0.04294478527607362
palm,all,0.9860439962122369,0.0020964360587002098,0.9754601226993865,0.024539877300613498,0.024539877300613498
palm,all,0.9940557735562945,0.0,0.9938650306748467,0.006134969325153374,0.006134969325153374
palm,real_only,0.6547151051222673,1.0,0.4049079754601227,0.5950920245398773,0.7668711656441718
palm,real_only,0.7561587315917164,0.9968553459119497,0.4049079754601227,0.5950920245398773,0.7668711656441718
palm,real_only,0.7813605834844476,0.9931865828092243,0.4049079754601227,0.5950920245398773,0.7668711656441718
palm,real_only,0.8019164648310955,0.989517819706499,0.4049079754601227,0.5950920245398773,0.7668711656441718
palm,real_only,0.810871757864926,0.9858490566037735,0.4049079754601227,0.5950920245398773,0.7668711656441718
palm,real_only,0.818916891335991,0.9821802935010482,0.4049079754601227,0.5950920245398773,0.7668711656441718
palm,real_only,0.8271665491889006,0.9785115303983228,0.4049079754601227,0.5950920245398773,0.7668711656441718
palm,real_only,0.837915336083275,0.9748427672955975,0.4049079754601227,0.5950920245398773,0.7668711656441718
palm,real_only,0.8407618477383072,0.9711740041928721,0.4049079754601227,0.5950920245398773,0.7668711656441718
palm,real_only,0.8486067866489435,0.9675052410901468,0.4049079754601227,0.5950920245398773,0.7668711656441718
palm,real_only,0.8527120966396006,0.9638364779874213,0.4049079754601227,0.5950920245398773,0.7607361963190185
palm,real_only,0.856819020033303,0.960691823899371,0.4049079754601227,0.5950920245398773,0.7607361963190185
palm,real_only,0.8603640836610456,0.9570230607966457,0.4049079754601227,0.5950920245398773,0.754601226993865
palm,real_only,0.863197572574036,0.9538784067085954,0.41104294478527603,0.588957055214724,0.7484662576687117
palm,real_only,0.867023427270455,0.950733752620545,0.41104294478527603,0.588957055214724,0.7484662576687117
palm,real_only,0.8701413665275239,0.9470649895178197,0.41104294478527603,0.588957055214724,0.7484662576687117
palm,real_only,0.8719837858092503,0.9444444444444444,0.41104294478527603,0.588957055214724,0.7484662576687117
palm,real_only,0.8745709766869231,0.9407756813417191,0.41104294478527603,0.588957055214724,0.7484662576687117
palm,real_only,0.8772191057031682,0.9376310272536688,0.4171779141104295,0.5828220858895705,0.7423312883435583
palm,real_only,0.8804397419380545,0.9344863731656184,0.4233128834355828,0.5766871165644172,0.7361963190184049
palm,real_only,0.881226963932829,0.9308176100628931,0.4233128834355828,0.5766871165644172,0.7361963190184049
palm,real_only,0.8824062334386178,0.9276729559748428,0.4233128834355828,0.5766871165644172,0.7361963190184049
palm,real_only,0.8852367995407613,0.9250524109014675,0.42944785276073616,0.5705521472392638,0.7300613496932515
palm,real_only,0.8866609880983498,0.9213836477987422,0.42944785276073616,0.5705521472392638,0.7300613496932515
palm,real_only,0.8889154574276206,0.9177148846960168,0.42944785276073616,0.5705521472392638,0.7239263803680982
palm,real_only,0.8916095594454867,0.9140461215932913,0.42944785276073616,0.5705521472392638,0.7239263803680982
palm,real_only,0.8954265007333696,0.910901467505241,0.4355828220858896,0.5644171779141104,0.7177914110429447
palm,real_only,0.8958812425438689,0.9077568134171907,0.4355828220858896,0.5644171779141104,0.7177914110429447
palm,real_only,0.8970704177319111,0.9046121593291404,0.4355828220858896,0.5644171779141104,0.7177914110429447
palm,real_only,0.8989420244795738,0.9009433962264151,0.4355828220858896,0.5644171779141104,0.7177914110429447
palm,real_only,0.9001226727689083,0.8972746331236897,0.4355828220858896,0.5644171779141104,0.7177914110429447
palm,real_only,0.9014932335826951,0.8941299790356394,0.4355828220858896,0.5644171779141104,0.7177914110429447
palm,real_only,0.9023876456435765,0.8909853249475891,0.44171779141104295,0.558282208588957,0.7116564417177914
palm,real_only,0.9031681855842968,0.8878406708595388,0.44171779141104295,0.558282208588957,0.7116564417177914
palm,real_only,0.9040909245343345,0.8841719077568134,0.44171779141104295,0.558282208588957,0.7116564417177914
palm,real_only,0.9047440253077663,0.8805031446540881,0.44171779141104295,0.558282208588957,0.7116564417177914
palm,real_only,0.9060184081393712,0.8778825995807128,0.44171779141104295,0.558282208588957,0.7116564417177914
palm,real_only,0.9067726599267222,0.8742138364779874,0.44171779141104295,0.558282208588957,0.7116564417177914
palm,real_only,0.9076969980893239,0.8705450733752621,0.44171779141104295,0.558282208588957,0.7116564417177914
palm,real_only,0.9086023102071602,0.8668763102725366,0.44171779141104295,0.558282208588957,0.7116564417177914
palm,real_only,0.9091557838853657,0.8637316561844863,0.44171779141104295,0.558282208588957,0.7116564417177914
palm,real_only,0.9103164170637352,0.860062893081761,0.44171779141104295,0.558282208588957,0.7116564417177914
palm,real_only,0.911200887337765,0.8563941299790356,0.44171779141104295,0.558282208588957,0.7116564417177914
palm,real_only,0.9123355601939489,0.8537735849056604,0.45398773006134974,0.5460122699386503,0.6932515337423313
palm,real_only,0.9134945681712316,0.850104821802935,0.45398773006134974,0.5460122699386503,0.6932515337423313
palm,real_only,0.9140860197585882,0.8464360587002097,0.45398773006134974,0.5460122699386503,0.6932515337423313
palm,real_only,0.914652986270754,0.8427672955974843,0.45398773006134974,0.5460122699386503,0.6932515337423313
palm,real_only,0.9157030255632508,0.839098532494759,0.45398773006134974,0.5460122699386503,0.6932515337423313
palm,real_only,0.9161683541505284,0.8354297693920335,0.45398773006134974,0.5460122699386503,0.6932515337423313
palm,real_only,0.9175949577636244,0.8322851153039832,0.45398773006134974,0.5460122699386503,0.6932515337423313
palm,real_only,0.9183342653298967,0.8286163522012578,0.45398773006134974,0.5460122699386503,0.6932515337423313
palm,real_only,0.9189766905696344,0.8249475890985325,0.45398773006134974,0.5460122699386503,0.6932515337423313
palm,real_only,0.9195164732370209,0.8212788259958071,0.45398773006134974,0.5460122699386503,0.6932515337423313
palm,real_only,0.9202306781118588,0.8181341719077568,0.45398773006134974,0.5460122699386503,0.6932515337423313
palm,real_only,0.9208895674326476,0.8144654088050315,0.45398773006134974,0.5460122699386503,0.6932515337423313
palm,real_only,0.9213619972175046,0.810796645702306,0.45398773006134974,0.5460122699386503,0.6932515337423313
palm,real_only,0.9218347325085511,0.8071278825995807,0.45398773006134974,0.5460122699386503,0.6932515337423313
palm,real_only,0.9227914237667021,0.8034591194968553,0.45398773006134974,0.5460122699386503,0.6932515337423313
palm,real_only,0.9231363367194264,0.79979035639413,0.45398773006134974,0.5460122699386503,0.6932515337423313
palm,real_only,0.9238975862384904,0.7966457023060797,0.4601226993865031,0.5398773006134969,0.6871165644171779
palm,real_only,0.9242497276758225,0.7929769392033543,0.4601226993865031,0.5398773006134969,0.6871165644171779
palm,real_only,0.9244621837769422,0.789832285115304,0.4601226993865031,0.5398773006134969,0.6871165644171779
palm,real_only,0.9246921867890527,0.7861635220125787,0.4601226993865031,0.5398773006134969,0.6871165644171779
palm,real_only,0.925578967339979,0.7824947589098532,0.4601226993865031,0.5398773006134969,0.6871165644171779
palm,real_only,0.9261505418034155,0.7793501048218029,0.4662576687116564,0.5337423312883436,0.6809815950920245
palm,real_only,0.9266255856551657,0.7756813417190775,0.4662576687116564,0.5337423312883436,0.6809815950920245
palm,real_only,0.9272017792551683,0.7730607966457023,0.4662576687116564,0.5337423312883436,0.6809815950920245
palm,real_only,0.9277565103917935,0.7693920335429769,0.4662576687116564,0.5337423312883436,0.6809815950920245
palm,real_only,0.9281958716333207,0.7657232704402516,0.4662576687116564,0.5337423312883436,0.6809815950920245
palm,real_only,0.9288893325535422,0.7620545073375262,0.4662576687116564,0.5337423312883436,0.6748466257668712
palm,real_only,0.9294726653558879,0.7583857442348009,0.4662576687116564,0.5337423312883436,0.6748466257668712
palm,real_only,0.9297496540441643,0.7547169811320755,0.4662576687116564,0.5337423312883436,0.6748466257668712
palm,real_only,0.9300663541485518,0.7515723270440252,0.4662576687116564,0.5337423312883436,0.6748466257668712
palm,real_only,0.9305022018116678,0.7484276729559748,0.4662576687116564,0.5337423312883436,0.6687116564417178
palm,real_only,0.9309529580154312,0.7447589098532494,0.4662576687116564,0.5337423312883436,0.6625766871165644
palm,real_only,0.9312913469671587,0.7416142557651991,0.4662576687116564,0.5337423312883436,0.6625766871165644
palm,real_only,0.931681263596725,0.7379454926624738,0.4662576687116564,0.5337423312883436,0.6625766871165644
palm,real_only,0.9321300036868225,0.7342767295597484,0.4662576687116564,0.5337423312883436,0.6625766871165644
palm,real_only,0.9326274822723748,0.7306079664570231,0.4662576687116564,0.5337423312883436,0.656441717791411
palm,real_only,0.9328732463241769,0.7274633123689728,0.4662576687116564,0.5337423312883436,0.656441717791411
palm,real_only,0.933240076231225,0.7237945492662474,0.4662576687116564,0.5337423312883436,0.656441717791411
palm,real_only,0.9335426545267436,0.720125786163522,0.4662576687116564,0.5337423312883436,0.656441717791411
palm,real_only,0.9337555748277315,0.7169811320754716,0.47239263803680986,0.5276073619631901,0.6503067484662577
palm,real_only,0.9342766920858172,0.7133123689727463,0.47239263803680986,0.5276073619631901,0.6503067484662577
palm,real_only,0.9344392706346325,0.710167714884696,0.47239263803680986,0.5276073619631901,0.6503067484662577
palm,real_only,0.9347988540922159,0.7064989517819706,0.47239263803680986,0.5276073619631901,0.6503067484662577
palm,real_only,0.9353465258390481,0.7033542976939203,0.4785276073619632,0.5214723926380368,0.6441717791411042
palm,real_only,0.9356427120511284,0.699685534591195,0.4785276073619632,0.5214723926380368,0.6441717791411042
palm,real_only,0.9360297968178151,0.6960167714884696,0.4785276073619632,0.5214723926380368,0.6441717791411042
palm,real_only,0.9362781158275357,0.6923480083857443,0.4785276073619632,0.5214723926380368,0.6441717791411042
palm,real_only,0.9365745424507078,0.689203354297694,0.48466257668711654,0.5153374233128835,0.6380368098159509
palm,real_only,0.9367538713362831,0.6855345911949685,0.48466257668711654,0.5153374233128835,0.6380368098159509
palm,real_only,0.9369465810582013,0.6834381551362684,0.48466257668711654,0.5153374233128835,0.6380368098159509
palm,real_only,0.9372253157578863,0.679769392033543,0.48466257668711654,0.5153374233128835,0.6380368098159509
palm,real_only,0.9374627939008497,0.6761006289308176,0.48466257668711654,0.5153374233128835,0.6380368098159509
palm,real_only,0.9377940808900824,0.6724318658280922,0.48466257668711654,0.5153374233128835,0.6319018404907976
palm,real_only,0.9380437259251957,0.6687631027253669,0.48466257668711654,0.5153374233128835,0.6319018404907976
palm,real_only,0.9382399791942597,0.6650943396226415,0.48466257668711654,0.5153374233128835,0.6257668711656442
palm,real_only,0.9385533476132851,0.6614255765199162,0.48466257668711654,0.5153374233128835,0.6257668711656442
palm,real_only,0.938902898371125,0.6577568134171907,0.48466257668711654,0.5153374233128835,0.6257668711656442
palm,real_only,0.9390515343994061,0.6540880503144654,0.48466257668711654,0.5153374233128835,0.6257668711656442
palm,real_only,0.9391040174924931,0.65041928721174,0.48466257668711654,0.5153374233128835,0.6257668711656442
palm,real_only,0.9393495743167974,0.6472746331236897,0.48466257668711654,0.5153374233128835,0.6257668711656442
palm,real_only,0.9396617943720735,0.6436058700209644,0.48466257668711654,0.5153374233128835,0.6196319018404908
palm,real_only,0.9399730381027147,0.639937106918239,0.48466257668711654,0.5153374233128835,0.6196319018404908
palm,real_only,0.9401192953000499,0.6373165618448637,0.49079754601227,0.50920245398773,0.6134969325153374
palm,real_only,0.9404321722917109,0.6336477987421384,0.49079754601227,0.50920245398773,0.6073619631901841
palm,real_only,0.9406214938841451,0.629979035639413,0.49079754601227,0.50920245398773,0.6073619631901841
palm,real_only,0.9408783100664322,0.6268343815513627,0.49693251533742333,0.5030674846625767,0.6012269938650306
palm,real_only,0.9410159025679686,0.6236897274633124,0.49693251533742333,0.5030674846625767,0.6012269938650306
palm,real_only,0.9411626320382427,0.620020964360587,0.49693251533742333,0.5030674846625767,0.6012269938650306
palm,real_only,0.9416113275576348,0.6168763102725366,0.49693251533742333,0.5030674846625767,0.6012269938650306
palm,real_only,0.9419798971229474,0.6137316561844863,0.49693251533742333,0.5030674846625767,0.6012269938650306
palm,real_only,0.9420710865900815,0.610062893081761,0.49693251533742333,0.5030674846625767,0.6012269938650306
palm,real_only,0.9422913598582096,0.6063941299790356,0.49693251533742333,0.5030674846625767,0.6012269938650306
palm,real_only,0.9426601466897722,0.6027253668763103,0.49693251533742333,0.5030674846625767,0.6012269938650306
palm,real_only,0.9428078470076522,0.5990566037735849,0.49693251533742333,0.5030674846625767,0.6012269938650306
palm,real_only,0.9430435508945856,0.5964360587002097,0.50920245398773,0.49079754601226994,0.5828220858895705
palm,real_only,0.9431963756740345,0.5938155136268344,0.50920245398773,0.49079754601226994,0.5828220858895705
palm,real_only,0.943491720627159,0.590146750524109,0.50920245398773,0.49079754601226994,0.5828220858895705
palm,real_only,0.9438309140426666,0.5870020964360587,0.50920245398773,0.49079754601226994,0.5828220858895705
palm,real_only,0.9442265644648636,0.5838574423480084,0.50920245398773,0.49079754601226994,0.5828220858895705
palm,real_only,0.9443505828528862,0.5807127882599581,0.50920245398773,0.49079754601226994,0.5828220858895705
palm,real_only,0.944518547628014,0.5770440251572327,0.50920245398773,0.49079754601226994,0.5828220858895705
palm,real_only,0.9450322997981515,0.5744234800838575,0.50920245398773,0.49079754601226994,0.5766871165644172
palm,real_only,0.945253201116121,0.5707547169811321,0.50920245398773,0.49079754601226994,0.5766871165644172
palm,real_only,0.9454243231721897,0.5681341719077568,0.5153374233128835,0.48466257668711654,0.5705521472392638
palm,real_only,0.9455892798822025,0.5644654088050315,0.5153374233128835,0.48466257668711654,0.5705521472392638
palm,real_only,0.9457963747986631,0.5613207547169812,0.5153374233128835,0.48466257668711654,0.5705521472392638
palm,real_only,0.9458771878684382,0.5576519916142557,0.5153374233128835,0.48466257668711654,0.5644171779141104
palm,real_only,0.9461033639685623,0.5539832285115304,0.5153374233128835,0.48466257668711654,0.5644171779141104
palm,real_only,0.9463455166093284,0.55083857442348,0.5153374233128835,0.48466257668711654,0.5644171779141104
palm,real_only,0.9464924665541459,0.5476939203354297,0.5153374233128835,0.48466257668711654,0.5644171779141104
palm,real_only,0.9467241037242411,0.5440251572327044,0.5153374233128835,0.48466257668711654,0.5644171779141104
palm,real_only,0.9469999161389787,0.5408805031446541,0.5214723926380368,0.4785276073619632,0.558282208588957
palm,real_only,0.947122788386956,0.5372117400419287,0.5214723926380368,0.4785276073619632,0.558282208588957
palm,real_only,0.9474038929052604,0.5340670859538784,0.5276073619631902,0.4723926380368098,0.5521472392638037
palm,real_only,0.9476821150501131,0.5314465408805031,0.5337423312883436,0.4662576687116564,0.5460122699386503
palm,real_only,0.9478270909855624,0.5283018867924528,0.5337423312883436,0.4662576687116564,0.5460122699386503
palm,real_only,0.9481780745395416,0.5246331236897275,0.5337423312883436,0.4662576687116564,0.5460122699386503
palm,real_only,0.9483823864856725,0.5214884696016772,0.5398773006134969,0.4601226993865031,0.5398773006134969
palm,real_only,0.9484964233993006,0.5178197064989518,0.5398773006134969,0.4601226993865031,0.5398773006134969
palm,real_only,0.9487394523274733,0.5141509433962265,0.5398773006134969,0.4601226993865031,0.5398773006134969
palm,real_only,0.9489724235674234,0.510482180293501,0.5398773006134969,0.4601226993865031,0.5337423312883436
palm,real_only,0.9491376971121734,0.5083857442348009,0.5398773006134969,0.4601226993865031,0.5337423312883436
palm,real_only,0.9494025309478397,0.5052410901467506,0.5398773006134969,0.4601226993865031,0.5337423312883436
palm,real_only,0.9495178194458613,0.5015723270440252,0.5398773006134969,0.4601226993865031,0.5337423312883436
palm,real_only,0.9497932195890731,0.49842767295597484,0.5460122699386503,0.4539877300613497,0.5276073619631901
palm,real_only,0.9500839230210747,0.49528301886792453,0.5521472392638036,0.44785276073619634,0.5214723926380368
palm,real_only,0.9502049598873528,0.4916142557651992,0.5521472392638036,0.44785276073619634,0.5214723926380368
palm,real_only,0.9502748738089022,0.48846960167714887,0.558282208588957,0.44171779141104295,0.5153374233128835
palm,real_only,0.950345260273471,0.48480083857442346,0.558282208588957,0.44171779141104295,0.5153374233128835
palm,real_only,0.9504828948467908,0.48165618448637315,0.5644171779141105,0.43558282208588955,0.5030674846625767
palm,real_only,0.9508012793538241,0.47851153039832284,0.5705521472392638,0.4294478527607362,0.49693251533742333
palm,real_only,0.9509559193141729,0.4753668763102725,0.5766871165644172,0.4233128834355828,0.49079754601226994
palm,real_only,0.9512458737203535,0.4716981132075472,0.5766871165644172,0.4233128834355828,0.49079754601226994
palm,real_only,0.9513280172467269,0.46855345911949686,0.5766871165644172,0.4233128834355828,0.49079754601226994
palm,real_only,0.9515050921712094,0.46540880503144655,0.5766871165644172,0.4233128834355828,0.49079754601226994
palm,real_only,0.9516948168985332,0.4617400419287212,0.5766871165644172,0.4233128834355828,0.49079754601226994
palm,real_only,0.9518152611253885,0.4585953878406709,0.5828220858895705,0.4171779141104294,0.48466257668711654
palm,real_only,0.9520680807213626,0.4549266247379455,0.5828220858895705,0.4171779141104294,0.48466257668711654
palm,real_only,0.9522273808193853,0.45178197064989517,0.5889570552147239,0.4110429447852761,0.4785276073619632
palm,real_only,0.9523502947116637,0.4481132075471698,0.5889570552147239,0.4110429447852761,0.4785276073619632
palm,real_only,0.9527471748100658,0.4444444444444444,0.5889570552147239,0.4110429447852761,0.4785276073619632
palm,real_only,0.9530687088181801,0.44077568134171907,0.5889570552147239,0.4110429447852761,0.4785276073619632
palm,real_only,0.9532293857375762,0.43763102725366876,0.5950920245398773,0.4049079754601227,0.4723926380368098
palm,real_only,0.9533986599661074,0.4339622641509434,0.5950920245398773,0.4049079754601227,0.4723926380368098
palm,real_only,0.9536643492003347,0.430293501048218,0.5950920245398773,0.4049079754601227,0.4662576687116564
palm,real_only,0.9537933770630254,0.4271488469601677,0.5950920245398773,0.4049079754601227,0.4662576687116564
palm,real_only,0.9540067181044063,0.4240041928721174,0.6012269938650308,0.3987730061349693,0.4601226993865031
palm,real_only,0.9541364515265525,0.42085953878406707,0.6012269938650308,0.3987730061349693,0.4601226993865031
palm,real_only,0.9542470227498332,0.4171907756813417,0.6012269938650308,0.3987730061349693,0.4601226993865031
palm,real_only,0.9544189858788938,0.41352201257861637,0.6012269938650308,0.3987730061349693,0.4601226993865031
palm,real_only,0.9545493174475914,0.41037735849056606,0.6073619631901841,0.39263803680981596,0.4539877300613497
palm,real_only,0.9547845102411889,0.40670859538784065,0.6073619631901841,0.39263803680981596,0.4539877300613497
palm,real_only,0.9549227684827327,0.40408805031446543,0.6134969325153374,0.38650306748466257,0.44785276073619634
palm,real_only,0.9551188805539108,0.4009433962264151,0.6134969325153374,0.38650306748466257,0.44785276073619634
palm,real_only,0.9553111168992152,0.3972746331236897,0.6134969325153374,0.38650306748466257,0.44785276073619634
palm,real_only,0.9555045124019221,0.39360587002096437,0.6134969325153374,0.38650306748466257,0.44785276073619634
palm,real_only,0.9556983475888665,0.39046121593291405,0.6196319018404908,0.3803680981595092,0.44171779141104295
palm,real_only,0.9559874347358572,0.38731656184486374,0.6257668711656441,0.37423312883435583,0.43558282208588955
palm,real_only,0.9561094762220486,0.38469601677148846,0.6257668711656441,0.37423312883435583,0.43558282208588955
palm,real_only,0.9562436919319635,0.3810272536687631,0.6257668711656441,0.37423312883435583,0.43558282208588955
palm,real_only,0.9563746727793334,0.3778825995807128,0.6257668711656441,0.37423312883435583,0.43558282208588955
palm,real_only,0.9566543646464404,0.3747379454926625,0.6319018404907976,0.36809815950920244,0.4294478527607362
palm,real_only,0.9567595093140482,0.3710691823899371,0.6319018404907976,0.36809815950920244,0.4294478527607362
palm,real_only,0.9569344497422692,0.36792452830188677,0.6380368098159509,0.3619631901840491,0.4233128834355828
palm,real_only,0.9571005423828558,0.3642557651991614,0.6380368098159509,0.3619631901840491,0.4233128834355828
palm,real_only,0.9571950904355773,0.36163522012578614,0.6441717791411044,0.3558282208588957,0.4171779141104294
palm,real_only,0.9573554347144729,0.3579664570230608,0.6441717791411044,0.3558282208588957,0.4171779141104294
palm,real_only,0.9574655151965374,0.35429769392033544,0.6441717791411044,0.3558282208588957,0.4171779141104294
palm,real_only,0.9576175614814461,0.35062893081761004,0.6441717791411044,0.3558282208588957,0.4171779141104294
palm,real_only,0.9578726019150058,0.3469601677148847,0.6441717791411044,0.3558282208588957,0.4171779141104294
palm,real_only,0.9579933792754043,0.34329140461215935,0.6441717791411044,0.3558282208588957,0.4171779141104294
palm,real_only,0.9580627735468853,0.34014675052410903,0.6503067484662577,0.3496932515337423,0.4110429447852761
palm,real_only,0.9581404503038649,0.33647798742138363,0.6503067484662577,0.3496932515337423,0.4110429447852761
palm,real_only,0.95828998063628,0.3333333333333333,0.6503067484662577,0.3496932515337423,0.4110429447852761
palm,real_only,0.9583671546830169,0.32966457023060797,0.6503067484662577,0.3496932515337423,0.4110429447852761
palm,real_only,0.9584985787522327,0.32651991614255765,0.656441717791411,0.34355828220858897,0.4049079754601227
palm,real_only,0.9588436506540223,0.3228511530398323,0.656441717791411,0.34355828220858897,0.3987730061349693
palm,real_only,0.9589285924078871,0.319706498951782,0.656441717791411,0.34355828220858897,0.3987730061349693
palm,real_only,0.9592117656404919,0.3165618448637317,0.6625766871165644,0.3374233128834356,0.39263803680981596
palm,real_only,0.9593199028183883,0.3128930817610063,0.6625766871165644,0.3374233128834356,0.39263803680981596
palm,real_only,0.9595105288805572,0.30922431865828093,0.6625766871165644,0.3374233128834356,0.38650306748466257
palm,real_only,0.9596944656358978,0.3060796645702306,0.6687116564417178,0.3312883435582822,0.3803680981595092
palm,real_only,0.9599139884031105,0.3029350104821803,0.6748466257668712,0.32515337423312884,0.37423312883435583
palm,real_only,0.9600571450834483,0.300314465408805,0.6871165644171779,0.3128834355828221,0.3619631901840491
palm,real_only,0.9602991844352633,0.2966457023060797,0.6871165644171779,0.3128834355828221,0.3619631901840491
palm,real_only,0.9605222955983346,0.2929769392033543,0.6871165644171779,0.3128834355828221,0.3619631901840491
palm,real_only,0.960581367597371,0.29035639412997905,0.6871165644171779,0.3128834355828221,0.3619631901840491
palm,real_only,0.9607318664010995,0.28668763102725364,0.6871165644171779,0.3128834355828221,0.3619631901840491
palm,real_only,0.9609051378682756,0.2830188679245283,0.6871165644171779,0.3128834355828221,0.3619631901840491
palm,real_only,0.9610442146946147,0.27935010482180295,0.6871165644171779,0.3128834355828221,0.3619631901840491
palm,real_only,0.961223163473524,0.27568134171907754,0.6871165644171779,0.3128834355828221,0.3619631901840491
palm,real_only,0.9614200985341896,0.2720125786163522,0.6871165644171779,0.3128834355828221,0.3619631901840491
palm,real_only,0.9615800221272087,0.26834381551362685,0.6871165644171779,0.3128834355828221,0.3619631901840491
palm,real_only,0.9617144449746667,0.26467505241090145,0.6871165644171779,0.3128834355828221,0.3619631901840491
palm,real_only,0.9618332333811259,0.2610062893081761,0.6871165644171779,0.3128834355828221,0.3619631901840491
palm,real_only,0.9619580687034015,0.25733752620545075,0.6871165644171779,0.3128834355828221,0.3619631901840491
palm,real_only,0.9623079269902165,0.25366876310272535,0.6871165644171779,0.3128834355828221,0.3619631901840491
palm,real_only,0.9624602163557698,0.25,0.6871165644171779,0.3128834355828221,0.3619631901840491
palm,real_only,0.9625965330379291,0.2468553459119497,0.6932515337423313,0.3067484662576687,0.3558282208588957
palm,real_only,0.9626509304004178,0.24371069182389937,0.6932515337423313,0.3067484662576687,0.3558282208588957
palm,real_only,0.9628046387602406,0.24109014675052412,0.705521472392638,0.294478527607362,0.34355828220858897
palm,real_only,0.9629821646245262,0.23742138364779874,0.705521472392638,0.294478527607362,0.3374233128834356
palm,real_only,0.9630653243369358,0.23375262054507337,0.705521472392638,0.294478527607362,0.3374233128834356
palm,real_only,0.9632319138665772,0.23008385744234802,0.705521472392638,0.294478527607362,0.3374233128834356
palm,real_only,0.963365885705866,0.22641509433962265,0.705521472392638,0.294478527607362,0.3374233128834356
palm,real_only,0.963540357925555,0.22274633123689727,0.705521472392638,0.294478527607362,0.3374233128834356
palm,real_only,0.9636180513522046,0.2190775681341719,0.705521472392638,0.294478527607362,0.3312883435582822
palm,real_only,0.9637511577286269,0.21540880503144655,0.705521472392638,0.294478527607362,0.3312883435582822
palm,real_only,0.9638445979786376,0.21278825995807127,0.7116564417177914,0.2883435582822086,0.32515337423312884
palm,real_only,0.9639963754510206,0.20911949685534592,0.7116564417177914,0.2883435582822086,0.32515337423312884
palm,real_only,0.9642880897325774,0.2059748427672956,0.7116564417177914,0.2883435582822086,0.32515337423312884
palm,real_only,0.9644526482693121,0.20230607966457023,0.7116564417177914,0.2883435582822086,0.32515337423312884
palm,real_only,0.9645185696873899,0.19916142557651992,0.7116564417177914,0.2883435582822086,0.32515337423312884
palm,real_only,0.9647675297229799,0.1960167714884696,0.7177914110429449,0.2822085889570552,0.3128834355828221
palm,real_only,0.964963247511079,0.19234800838574423,0.7177914110429449,0.2822085889570552,0.3128834355828221
palm,real_only,0.9650999944239144,0.18867924528301888,0.7177914110429449,0.2822085889570552,0.3128834355828221
palm,real_only,0.9652320741098883,0.1850104821802935,0.7177914110429449,0.2822085889570552,0.3128834355828221
palm,real_only,0.9653379146388392,0.18134171907756813,0.7177914110429449,0.2822085889570552,0.3067484662576687
palm,real_only,0.9654603399835713,0.17819706498951782,0.7177914110429449,0.2822085889570552,0.3067484662576687
palm,real_only,0.9656717937226282,0.17452830188679244,0.7177914110429449,0.2822085889570552,0.3067484662576687
palm,real_only,0.9658363164625686,0.1708595387840671,0.7177914110429449,0.2822085889570552,0.3067484662576687
palm,real_only,0.96596620837544,0.16719077568134172,0.7177914110429449,0.2822085889570552,0.3067484662576687
palm,real_only,0.9661050426122633,0.1640461215932914,0.7177914110429449,0.2822085889570552,0.3067484662576687
palm,real_only,0.9662561606242275,0.1609014675052411,0.7177914110429449,0.2822085889570552,0.3067484662576687
palm,real_only,0.9663473672166971,0.15828092243186584,0.7300613496932515,0.26993865030674846,0.294478527607362
palm,real_only,0.9665569158567938,0.15513626834381553,0.7300613496932515,0.26993865030674846,0.294478527607362
palm,real_only,0.9667815274068672,0.15356394129979037,0.754601226993865,0.24539877300613497,0.26993865030674846
palm,real_only,0.9669720829823093,0.15041928721174005,0.7607361963190185,0.2392638036809816,0.26380368098159507
palm,real_only,0.9670854284777817,0.14675052410901468,0.7607361963190185,0.2392638036809816,0.26380368098159507
palm,real_only,0.9672108659469334,0.14360587002096437,0.7668711656441718,0.2331288343558282,0.25766871165644173
palm,real_only,0.9673643791299691,0.14046121593291405,0.7730061349693251,0.22699386503067484,0.25153374233128833
palm,real_only,0.9675661313162846,0.13679245283018868,0.7730061349693251,0.22699386503067484,0.25153374233128833
palm,real_only,0.967723492534595,0.1331236897274633,0.7730061349693251,0.22699386503067484,0.24539877300613497
palm,real_only,0.9678697073769698,0.129979035639413,0.7791411042944785,0.22085889570552147,0.2392638036809816
palm,real_only,0.9681404257570397,0.12735849056603774,0.7791411042944785,0.22085889570552147,0.2331288343558282
palm,real_only,0.9683441200435574,0.12421383647798742,0.7791411042944785,0.22085889570552147,0.2331288343558282
palm,real_only,0.9685099473945857,0.12054507337526206,0.7791411042944785,0.22085889570552147,0.2331288343558282
palm,real_only,0.9686842456845761,0.11687631027253668,0.7791411042944785,0.22085889570552147,0.2331288343558282
palm,real_only,0.9687749050325796,0.11373165618448637,0.7791411042944785,0.22085889570552147,0.2331288343558282
palm,real_only,0.968902798966074,0.1111111111111111,0.7852760736196319,0.2147239263803681,0.22699386503067484
palm,real_only,0.9691116726674829,0.10744234800838574,0.7852760736196319,0.2147239263803681,0.22699386503067484
palm,real_only,0.9692992379382371,0.10429769392033543,0.7914110429447853,0.2085889570552147,0.22085889570552147
palm,real_only,0.9696806496818293,0.10062893081761007,0.7914110429447853,0.2085889570552147,0.22085889570552147
palm,real_only,0.9699848535240876,0.09696016771488469,0.7914110429447853,0.2085889570552147,0.22085889570552147
palm,real_only,0.9702159396891481,0.09433962264150944,0.7975460122699387,0.20245398773006135,0.2147239263803681
palm,real_only,0.9706459776366312,0.09119496855345911,0.7975460122699387,0.20245398773006135,0.2147239263803681
palm,real_only,0.9708131684200944,0.08752620545073375,0.7975460122699387,0.20245398773006135,0.2147239263803681
palm,real_only,0.9710789888612053,0.08438155136268344,0.7975460122699387,0.20245398773006135,0.2147239263803681
palm,real_only,0.9712928799938664,0.08123689727463312,0.803680981595092,0.19631901840490798,0.20245398773006135
palm,real_only,0.9715724917122273,0.07756813417190776,0.803680981595092,0.19631901840490798,0.20245398773006135
palm,real_only,0.9718580786515567,0.07442348008385745,0.803680981595092,0.19631901840490798,0.20245398773006135
palm,real_only,0.9719765140856926,0.07180293501048218,0.8098159509202454,0.1901840490797546,0.19631901840490798
palm,real_only,0.9722252328444407,0.06970649895178196,0.8220858895705522,0.17791411042944785,0.18404907975460122
palm,real_only,0.97254803684133,0.06761006289308176,0.834355828220859,0.1656441717791411,0.17177914110429449
palm,real_only,0.972701281994501,0.0639412997903564,0.834355828220859,0.1656441717791411,0.17177914110429449
palm,real_only,0.9729736760742511,0.06027253668763103,0.834355828220859,0.1656441717791411,0.17177914110429449
palm,real_only,0.9735981331537267,0.05712788259958071,0.834355828220859,0.1656441717791411,0.17177914110429449
palm,real_only,0.9739433624316933,0.053983228511530396,0.8404907975460123,0.15950920245398773,0.1656441717791411
palm,real_only,0.9741662848548788,0.050314465408805034,0.8404907975460123,0.15950920245398773,0.1656441717791411
palm,real_only,0.9745138304306258,0.04716981132075472,0.8466257668711656,0.15337423312883436,0.15950920245398773
palm,real_only,0.9747346020380212,0.0440251572327044,0.8466257668711656,0.15337423312883436,0.15950920245398773
palm,real_only,0.9753710020438721,0.04035639412997904,0.8466257668711656,0.15337423312883436,0.15950920245398773
palm,real_only,0.9756822575490358,0.03773584905660377,0.8588957055214724,0.1411042944785276,0.147239263803681
palm,real_only,0.9760175428436602,0.03459119496855346,0.8650306748466258,0.13496932515337423,0.1411042944785276
palm,real_only,0.9763178628711799,0.0319706498951782,0.8711656441717791,0.12883435582822086,0.12883435582822086
palm,real_only,0.976606426689014,0.028825995807127882,0.8773006134969326,0.12269938650306748,0.12269938650306748
palm,real_only,0.9768444011656869,0.025157232704402517,0.8773006134969326,0.12269938650306748,0.12269938650306748
palm,real_only,0.9771754743736351,0.02148846960167715,0.8773006134969326,0.12269938650306748,0.12269938650306748
palm,real_only,0.9777885266932251,0.018867924528301886,0.8895705521472392,0.11042944785276074,0.11042944785276074
palm,real_only,0.978499613931666,0.015723270440251572,0.8895705521472392,0.11042944785276074,0.11042944785276074
palm,real_only,0.97890627208935,0.013626834381551363,0.9079754601226994,0.09202453987730061,0.09202453987730061
palm,real_only,0.9799382328323691,0.010482180293501049,0.9141104294478528,0.08588957055214724,0.08588957055214724
palm,real_only,0.9808798231869833,0.009433962264150943,0.9325153374233128,0.06748466257668712,0.06748466257668712
palm,real_only,0.9819904816298473,0.006813417190775681,0.9447852760736196,0.05521472392638037,0.05521472392638037
palm,real_only,0.9839681350586543,0.0041928721174004195,0.9570552147239264,0.04294478527607362,0.04294478527607362
palm,real_only,0.9860439962122369,0.0020964360587002098,0.9754601226993865,0.024539877300613498,0.024539877300613498
palm,real_only,0.9940557735562945,0.0,0.9938650306748467,0.006134969325153374,0.006134969325153374
dorsal,all,0.6132544143024128,1.0,0.4233128834355828,0.5766871165644172,0.8343558282208589
dorsal,all,0.674289134975233,0.9979035639412998,0.4233128834355828,0.5766871165644172,0.8343558282208589
dorsal,all,0.7050026162983107,0.9947589098532494,0.42944785276073616,0.5705521472392638,0.8282208588957055
dorsal,all,0.7347203111317271,0.9916142557651991,0.42944785276073616,0.5705521472392638,0.8159509202453987
dorsal,all,0.7485380832359481,0.9879454926624738,0.42944785276073616,0.5705521472392638,0.8098159509202454
dorsal,all,0.7589172209052055,0.9853249475890985,0.42944785276073616,0.5705521472392638,0.8098159509202454
dorsal,all,0.7624458923160273,0.9816561844863732,0.42944785276073616,0.5705521472392638,0.8098159509202454
dorsal,all,0.7685459520279727,0.9779874213836478,0.42944785276073616,0.5705521472392638,0.8098159509202454
dorsal,all,0.7711772872980402,0.9753668763102725,0.4355828220858896,0.5644171779141104,0.803680981595092
dorsal,all,0.7742292327684543,0.9716981132075472,0.4355828220858896,0.5644171779141104,0.803680981595092
dorsal,all,0.7824731167719605,0.9685534591194969,0.4355828220858896,0.5644171779141104,0.7975460122699386
dorsal,all,0.7853270697466669,0.9654088050314465,0.4355828220858896,0.5644171779141104,0.7975460122699386
dorsal,all,0.7885064188080116,0.9617400419287212,0.4355828220858896,0.5644171779141104,0.7975460122699386
dorsal,all,0.7910997771116948,0.9585953878406709,0.4355828220858896,0.5644171779141104,0.7975460122699386
dorsal,all,0.7942727561616972,0.9549266247379455,0.4355828220858896,0.5644171779141104,0.7975460122699386
dorsal,all,0.796563336774049,0.9512578616352201,0.4355828220858896,0.5644171779141104,0.7975460122699386
dorsal,all,0.7993663538795732,0.9475890985324947,0.4355828220858896,0.5644171779141104,0.7975460122699386
dorsal,all,0.8015963533813937,0.9444444444444444,0.4355828220858896,0.5644171779141104,0.7975460122699386
dorsal,all,0.8038789567665107,0.9407756813417191,0.4355828220858896,0.5644171779141104,0.7975460122699386
dorsal,all,0.8045528241770499,0.9371069182389937,0.4355828220858896,0.5644171779141104,0.7975460122699386
dorsal,all,0.8070393423313709,0.9334381551362684,0.4355828220858896,0.5644171779141104,0.7975460122699386
dorsal,all,0.8092176018336663,0.929769392033543,0.4355828220858896,0.5644171779141104,0.7914110429447853
dorsal,all,0.8124294752626818,0.9261006289308176,0.4355828220858896,0.5644171779141104,0.7914110429447853
dorsal,all,0.8136551181812048,0.9229559748427673,0.44171779141104295,0.558282208588957,0.7852760736196319
dorsal,all,0.8149235643325019,0.9192872117400419,0.44171779141104295,0.558282208588957,0.7852760736196319
dorsal,all,0.8172425128134173,0.9166666666666666,0.44171779141104295,0.558282208588957,0.7852760736196319
dorsal,all,0.8189425655287101,0.9129979035639413,0.44171779141104295,0.558282208588957,0.7791411042944786
dorsal,all,0.8212191350255589,0.9093291404612159,0.44171779141104295,0.558282208588957,0.7791411042944786
dorsal,all,0.8227229612424,0.9061844863731656,0.4478527607361963,0.5521472392638037,0.7730061349693251
dorsal,all,0.8237534742148851,0.9025157232704403,0.4478527607361963,0.5521472392638037,0.7730061349693251
dorsal,all,0.824478603894861,0.8988469601677149,0.4478527607361963,0.5521472392638037,0.7730061349693251
dorsal,all,0.8253051551231072,0.8962264150943396,0.45398773006134974,0.5460122699386503,0.7668711656441718
dorsal,all,0.8263982710622887,0.8925576519916143,0.45398773006134974,0.5460122699386503,0.7607361963190185
dorsal,all,0.8277654488631394,0.8888888888888888,0.45398773006134974,0.5460122699386503,0.754601226993865
dorsal,all,0.8293864866748242,0.8852201257861635,0.45398773006134974,0.5460122699386503,0.7484662576687117
dorsal,all,0.8302871113249464,0.8820754716981132,0.4601226993865031,0.5398773006134969,0.7423312883435583
dorsal,all,0.8312591808486081,0.8789308176100629,0.4662576687116564,0.5337423312883436,0.7361963190184049
dorsal,all,0.8322624991967764,0.8752620545073375,0.4662576687116564,0.5337423312883436,0.7361963190184049
dorsal,all,0.832737047619853,0.8721174004192872,0.4662576687116564,0.5337423312883436,0.7361963190184049
dorsal,all,0.8338362218011224,0.8684486373165619,0.4662576687116564,0.5337423312883436,0.7361963190184049
dorsal,all,0.8345254729355875,0.8653039832285115,0.4662576687116564,0.5337423312883436,0.7361963190184049
dorsal,all,0.8351384221396332,0.8621593291404612,0.47239263803680986,0.5276073619631901,0.7300613496932515
dorsal,all,0.8361632782918095,0.8584905660377359,0.47239263803680986,0.5276073619631901,0.7300613496932515
dorsal,all,0.8371254029988724,0.8548218029350105,0.47239263803680986,0.5276073619631901,0.7300613496932515
dorsal,all,0.8381056036805519,0.8516771488469602,0.47239263803680986,0.5276073619631901,0.7300613496932515
dorsal,all,0.8390348183487333,0.8480083857442348,0.47239263803680986,0.5276073619631901,0.7300613496932515
dorsal,all,0.8398223457169277,0.8448637316561844,0.4785276073619632,0.5214723926380368,0.7239263803680982
dorsal,all,0.8408322581232124,0.8411949685534591,0.4785276073619632,0.5214723926380368,0.7239263803680982
dorsal,all,0.8420530887048617,0.8375262054507338,0.4785276073619632,0.5214723926380368,0.7177914110429447
dorsal,all,0.8436225018107937,0.8349056603773585,0.48466257668711654,0.5153374233128835,0.7116564417177914
dorsal,all,0.8440443117297268,0.8322851153039832,0.49079754601227,0.50920245398773,0.6993865030674846
dorsal,all,0.8448941699853368,0.8291404612159329,0.49079754601227,0.50920245398773,0.6871165644171779
dorsal,all,0.84568481662725,0.8254716981132075,0.49079754601227,0.50920245398773,0.6809815950920245
dorsal,all,0.8464464712348236,0.8223270440251572,0.49693251533742333,0.5030674846625767,0.6748466257668712
dorsal,all,0.84727154705313,0.8186582809224319,0.49693251533742333,0.5030674846625767,0.6748466257668712
dorsal,all,0.8475496823205872,0.8149895178197065,0.49693251533742333,0.5030674846625767,0.6748466257668712
dorsal,all,0.8482020275521251,0.8113207547169812,0.49693251533742333,0.5030674846625767,0.6748466257668712
dorsal,all,0.8490184911992081,0.8076519916142557,0.49693251533742333,0.5030674846625767,0.6748466257668712
dorsal,all,0.8497647383397734,0.8039832285115304,0.49693251533742333,0.5030674846625767,0.6748466257668712
dorsal,all,0.8501003270300101,0.800314465408805,0.49693251533742333,0.5030674846625767,0.6748466257668712
dorsal,all,0.8509838950425096,0.7966457023060797,0.49693251533742333,0.5030674846625767,0.6748466257668712
dorsal,all,0.8519732979197085,0.7929769392033543,0.49693251533742333,0.5030674846625767,0.6748466257668712
dorsal,all,0.8525301395766747,0.789308176100629,0.49693251533742333,0.5030674846625767,0.6748466257668712
dorsal,all,0.8535270081575563,0.7861635220125787,0.49693251533742333,0.5030674846625767,0.6748466257668712
dorsal,all,0.8539456214780651,0.7830188679245284,0.49693251533742333,0.5030674846625767,0.6748466257668712
dorsal,all,0.8543522168266449,0.7793501048218029,0.49693251533742333,0.5030674846625767,0.6687116564417178
dorsal,all,0.8549079887263027,0.7756813417190775,0.49693251533742333,0.5030674846625767,0.656441717791411
dorsal,all,0.8555298044552653,0.7720125786163522,0.49693251533742333,0.5030674846625767,0.656441717791411
dorsal,all,0.8565650953361081,0.7683438155136268,0.49693251533742333,0.5030674846625767,0.6503067484662577
dorsal,all,0.857447477736482,0.7651991614255765,0.49693251533742333,0.5030674846625767,0.6503067484662577
dorsal,all,0.8584098308950675,0.7615303983228512,0.49693251533742333,0.5030674846625767,0.6503067484662577
dorsal,all,0.8589928889587132,0.7583857442348009,0.49693251533742333,0.5030674846625767,0.6503067484662577
dorsal,all,0.8599975798798616,0.7547169811320755,0.49693251533742333,0.5030674846625767,0.6503067484662577
dorsal,all,0.8604700861783992,0.7515723270440252,0.49693251533742333,0.5030674846625767,0.6503067484662577
dorsal,all,0.8609660807294568,0.7479035639412998,0.49693251533742333,0.5030674846625767,0.6503067484662577
dorsal,all,0.8612028958772444,0.7447589098532494,0.49693251533742333,0.5030674846625767,0.6503067484662577
dorsal,all,0.8622112668876138,0.7410901467505241,0.49693251533742333,0.5030674846625767,0.6441717791411042
dorsal,all,0.8626082147835747,0.7379454926624738,0.49693251533742333,0.5030674846625767,0.6441717791411042
dorsal,all,0.8631713088105915,0.7342767295597484,0.49693251533742333,0.5030674846625767,0.6441717791411042
dorsal,all,0.8634691716815908,0.7306079664570231,0.49693251533742333,0.5030674846625767,0.6441717791411042
dorsal,all,0.8643846325322789,0.7269392033542977,0.49693251533742333,0.5030674846625767,0.6441717791411042
dorsal,all,0.864571960423502,0.7232704402515723,0.49693251533742333,0.5030674846625767,0.6441717791411042
dorsal,all,0.8651356171972725,0.720125786163522,0.49693251533742333,0.5030674846625767,0.6441717791411042
dorsal,all,0.8657601196176994,0.7169811320754716,0.49693251533742333,0.5030674846625767,0.6441717791411042
dorsal,all,0.8661803525468624,0.7133123689727463,0.49693251533742333,0.5030674846625767,0.6441717791411042
dorsal,all,0.8667535694221701,0.710167714884696,0.49693251533742333,0.5030674846625767,0.6441717791411042
dorsal,all,0.8671717507529927,0.7064989517819706,0.49693251533742333,0.5030674846625767,0.6380368098159509
dorsal,all,0.86780825091392,0.7038784067085954,0.49693251533742333,0.5030674846625767,0.6380368098159509
dorsal,all,0.8687555650434878,0.7012578616352201,0.5030674846625767,0.49693251533742333,0.6319018404907976
dorsal,all,0.8693241098277626,0.6975890985324947,0.5030674846625767,0.49693251533742333,0.6319018404907976
dorsal,all,0.8698876151833255,0.6954926624737946,0.50920245398773,0.49079754601226994,0.6257668711656442
dorsal,all,0.8703966524966298,0.6918238993710691,0.50920245398773,0.49079754601226994,0.6257668711656442
dorsal,all,0.8712631629575254,0.6881551362683438,0.50920245398773,0.49079754601226994,0.6196319018404908
dorsal,all,0.8716970708368992,0.6844863731656184,0.50920245398773,0.49079754601226994,0.6196319018404908
dorsal,all,0.8724699564252829,0.6808176100628931,0.50920245398773,0.49079754601226994,0.6196319018404908
dorsal,all,0.8726405036450013,0.6776729559748428,0.50920245398773,0.49079754601226994,0.6196319018404908
dorsal,all,0.8731545073449118,0.6740041928721174,0.50920245398773,0.49079754601226994,0.6196319018404908
dorsal,all,0.8738136676294275,0.6703354297693921,0.50920245398773,0.49079754601226994,0.6196319018404908
dorsal,all,0.8742430797180387,0.6677148846960168,0.5153374233128835,0.48466257668711654,0.6134969325153374
dorsal,all,0.8745550545245806,0.6650943396226415,0.5214723926380368,0.4785276073619632,0.6073619631901841
dorsal,all,0.8750307907331558,0.6619496855345912,0.5214723926380368,0.4785276073619632,0.6073619631901841
dorsal,all,0.8756635862322325,0.6582809224318659,0.5214723926380368,0.4785276073619632,0.6012269938650306
dorsal,all,0.8762740723863955,0.6546121593291404,0.5214723926380368,0.4785276073619632,0.6012269938650306
dorsal,all,0.87675452896112,0.6509433962264151,0.5214723926380368,0.4785276073619632,0.588957055214724
dorsal,all,0.8771761861970393,0.6472746331236897,0.5214723926380368,0.4785276073619632,0.5828220858895705
dorsal,all,0.8773294970965786,0.6441299790356394,0.5214723926380368,0.4785276073619632,0.5828220858895705
dorsal,all,0.8777289235826209,0.640461215932914,0.5214723926380368,0.4785276073619632,0.5828220858895705
dorsal,all,0.878102605528027,0.6373165618448637,0.5276073619631902,0.4723926380368098,0.5766871165644172
dorsal,all,0.87858742639253,0.6341719077568134,0.5276073619631902,0.4723926380368098,0.5766871165644172
dorsal,all,0.8790457667749056,0.6305031446540881,0.5276073619631902,0.4723926380368098,0.5705521472392638
dorsal,all,0.8797078975500501,0.6268343815513627,0.5276073619631902,0.4723926380368098,0.5644171779141104
dorsal,all,0.8802441420257736,0.6236897274633124,0.5276073619631902,0.4723926380368098,0.5644171779141104
dorsal,all,0.8807891173041303,0.620020964360587,0.5276073619631902,0.4723926380368098,0.5644171779141104
dorsal,all,0.8812002794235436,0.6168763102725366,0.5276073619631902,0.4723926380368098,0.5644171779141104
dorsal,all,0.8817451084647434,0.6132075471698113,0.5276073619631902,0.4723926380368098,0.5644171779141104
dorsal,all,0.882167876934319,0.610587002096436,0.5337423312883436,0.4662576687116564,0.558282208588957
dorsal,all,0.8823752274310123,0.6069182389937107,0.5337423312883436,0.4662576687116564,0.558282208588957
dorsal,all,0.8826442441764966,0.6037735849056604,0.5337423312883436,0.4662576687116564,0.5521472392638037
dorsal,all,0.8833278313653581,0.600104821802935,0.5337423312883436,0.4662576687116564,0.5521472392638037
dorsal,all,0.8838589230941338,0.5964360587002097,0.5337423312883436,0.4662576687116564,0.5521472392638037
dorsal,all,0.8845322791619985,0.5927672955974843,0.5337423312883436,0.4662576687116564,0.5460122699386503
dorsal,all,0.8847624506762046,0.589098532494759,0.5337423312883436,0.4662576687116564,0.5460122699386503
dorsal,all,0.8850951570598653,0.5854297693920335,0.5337423312883436,0.4662576687116564,0.5398773006134969
dorsal,all,0.8852853830359233,0.5817610062893082,0.5337423312883436,0.4662576687116564,0.5398773006134969
dorsal,all,0.885753253768045,0.5780922431865828,0.5337423312883436,0.4662576687116564,0.5398773006134969
dorsal,all,0.8860662027629946,0.5749475890985325,0.5337423312883436,0.4662576687116564,0.5398773006134969
dorsal,all,0.8866333385830157,0.5723270440251572,0.5398773006134969,0.4601226993865031,0.5337423312883436
dorsal,all,0.8869294301723532,0.5691823899371069,0.5460122699386503,0.4539877300613497,0.5276073619631901
dorsal,all,0.887315811782122,0.5655136268343816,0.5460122699386503,0.4539877300613497,0.5276073619631901
dorsal,all,0.8876906796056336,0.5618448637316562,0.5460122699386503,0.4539877300613497,0.5276073619631901
dorsal,all,0.8879484823491244,0.5581761006289309,0.5460122699386503,0.4539877300613497,0.5276073619631901
dorsal,all,0.8886487365714122,0.5545073375262054,0.5460122699386503,0.4539877300613497,0.5276073619631901
dorsal,all,0.8889893111319394,0.55083857442348,0.5460122699386503,0.4539877300613497,0.5276073619631901
dorsal,all,0.8896486056555231,0.5471698113207547,0.5460122699386503,0.4539877300613497,0.5214723926380368
dorsal,all,0.8898933155774051,0.5435010482180294,0.5460122699386503,0.4539877300613497,0.5214723926380368
dorsal,all,0.8901178781808179,0.539832285115304,0.5460122699386503,0.4539877300613497,0.5153374233128835
dorsal,all,0.8904240269953656,0.5361635220125787,0.5460122699386503,0.4539877300613497,0.5153374233128835
dorsal,all,0.8909357477025521,0.5330188679245284,0.5460122699386503,0.4539877300613497,0.5153374233128835
dorsal,all,0.8910958123059842,0.5303983228511531,0.5521472392638036,0.44785276073619634,0.50920245398773
dorsal,all,0.8912713360114131,0.5267295597484277,0.5521472392638036,0.44785276073619634,0.50920245398773
dorsal,all,0.8914970799325534,0.5235849056603774,0.5521472392638036,0.44785276073619634,0.50920245398773
dorsal,all,0.8919048441467993,0.5204402515723271,0.5521472392638036,0.44785276073619634,0.50920245398773
dorsal,all,0.8922863258906474,0.5167714884696016,0.5521472392638036,0.44785276073619634,0.50920245398773
dorsal,all,0.8924796209904149,0.5136268343815513,0.558282208588957,0.44171779141104295,0.5030674846625767
dorsal,all,0.8930658834679259,0.509958071278826,0.558282208588957,0.44171779141104295,0.5030674846625767
dorsal,all,0.8934785688667375,0.5062893081761006,0.558282208588957,0.44171779141104295,0.5030674846625767
dorsal,all,0.8936915758773736,0.5026205450733753,0.558282208588957,0.44171779141104295,0.5030674846625767
dorsal,all,0.8938987464604368,0.4989517819706499,0.558282208588957,0.44171779141104295,0.5030674846625767
dorsal,all,0.8942200744622597,0.49633123689727465,0.558282208588957,0.44171779141104295,0.5030674846625767
dorsal,all,0.8944695957976054,0.49266247379454925,0.558282208588957,0.44171779141104295,0.5030674846625767
dorsal,all,0.8945517424177936,0.490041928721174,0.558282208588957,0.44171779141104295,0.5030674846625767
dorsal,all,0.8949745329981584,0.4863731656184486,0.558282208588957,0.44171779141104295,0.5030674846625767
dorsal,all,0.8954059771540752,0.4827044025157233,0.558282208588957,0.44171779141104295,0.5030674846625767
dorsal,all,0.8957861265130016,0.4790356394129979,0.558282208588957,0.44171779141104295,0.5030674846625767
dorsal,all,0.8960941841001754,0.47641509433962265,0.5705521472392638,0.4294478527607362,0.49079754601226994
dorsal,all,0.8963183759657432,0.4727463312368973,0.5705521472392638,0.4294478527607362,0.49079754601226994
dorsal,all,0.8966980945563743,0.470125786163522,0.5705521472392638,0.4294478527607362,0.48466257668711654
dorsal,all,0.8973033529632832,0.46645702306079667,0.5705521472392638,0.4294478527607362,0.4785276073619632
dorsal,all,0.8977794590540678,0.46278825995807127,0.5705521472392638,0.4294478527607362,0.4785276073619632
dorsal,all,0.8981465744215487,0.4591194968553459,0.5705521472392638,0.4294478527607362,0.4785276073619632
dorsal,all,0.8986093731681519,0.45649895178197064,0.5766871165644172,0.4233128834355828,0.4723926380368098
dorsal,all,0.8987461151500349,0.4533542976939203,0.5766871165644172,0.4233128834355828,0.4723926380368098
dorsal,all,0.8990712669674585,0.45020964360587,0.5766871165644172,0.4233128834355828,0.4723926380368098
dorsal,all,0.8993940922816525,0.44654088050314467,0.5766871165644172,0.4233128834355828,0.4723926380368098
dorsal,all,0.8995024662705401,0.44287211740041926,0.5766871165644172,0.4233128834355828,0.4723926380368098
dorsal,all,0.8996860643773256,0.43972746331236895,0.5828220858895705,0.4171779141104294,0.4662576687116564
dorsal,all,0.9002460811626388,0.4360587002096436,0.5828220858895705,0.4171779141104294,0.4662576687116564
dorsal,all,0.9007013703253652,0.4334381551362683,0.5889570552147239,0.4110429447852761,0.4601226993865031
dorsal,all,0.9012531829287918,0.429769392033543,0.5889570552147239,0.4110429447852761,0.4601226993865031
dorsal,all,0.9015465809258547,0.4261006289308176,0.5889570552147239,0.4110429447852761,0.4601226993865031
dorsal,all,0.9018401179682787,0.4224318658280922,0.5889570552147239,0.4110429447852761,0.4601226993865031
dorsal,all,0.9023406249202661,0.4192872117400419,0.5889570552147239,0.4110429447852761,0.4601226993865031
dorsal,all,0.9026536624024538,0.4161425576519916,0.5889570552147239,0.4110429447852761,0.4601226993865031
dorsal,all,0.9029247298620056,0.41247379454926625,0.5889570552147239,0.4110429447852761,0.4601226993865031
dorsal,all,0.9032234759068616,0.40932914046121593,0.5889570552147239,0.4110429447852761,0.4601226993865031
dorsal,all,0.9034761784730692,0.4061844863731656,0.5889570552147239,0.4110429447852761,0.4601226993865031
dorsal,all,0.9038315591005786,0.40356394129979034,0.5950920245398773,0.4049079754601227,0.4539877300613497
dorsal,all,0.9041545319331619,0.399895178197065,0.5950920245398773,0.4049079754601227,0.4539877300613497
dorsal,all,0.9045111107543864,0.39622641509433965,0.5950920245398773,0.4049079754601227,0.4539877300613497
dorsal,all,0.9047958296952205,0.39255765199161424,0.5950920245398773,0.4049079754601227,0.4539877300613497
dorsal,all,0.9053177301914055,0.3888888888888889,0.5950920245398773,0.4049079754601227,0.4539877300613497
dorsal,all,0.9056505144197693,0.3862683438155136,0.6012269938650308,0.3987730061349693,0.44785276073619634
dorsal,all,0.9060006749991955,0.3831236897274633,0.6073619631901841,0.39263803680981596,0.44171779141104295
dorsal,all,0.9063899201190739,0.379979035639413,0.6073619631901841,0.39263803680981596,0.44171779141104295
dorsal,all,0.9070818003824284,0.3768343815513627,0.6134969325153374,0.38650306748466257,0.4233128834355828
dorsal,all,0.9073797931186202,0.3731656184486373,0.6134969325153374,0.38650306748466257,0.4233128834355828
dorsal,all,0.9077500616578776,0.3694968553459119,0.6134969325153374,0.38650306748466257,0.4233128834355828
dorsal,all,0.9082034068437623,0.3663522012578616,0.6134969325153374,0.38650306748466257,0.4233128834355828
dorsal,all,0.908468637219036,0.36268343815513626,0.6134969325153374,0.38650306748466257,0.4233128834355828
dorsal,all,0.9089129233760185,0.3590146750524109,0.6134969325153374,0.38650306748466257,0.4233128834355828
dorsal,all,0.9092340921306209,0.3553459119496855,0.6134969325153374,0.38650306748466257,0.4233128834355828
dorsal,all,0.9095689436848793,0.3522012578616352,0.6196319018404908,0.3803680981595092,0.4171779141104294
dorsal,all,0.9098390481951487,0.34853249475890985,0.6196319018404908,0.3803680981595092,0.4171779141104294
dorsal,all,0.910193517762836,0.3448637316561845,0.6196319018404908,0.3803680981595092,0.4171779141104294
dorsal,all,0.9102639361261533,0.3411949685534591,0.6196319018404908,0.3803680981595092,0.4171779141104294
dorsal,all,0.9104878116817297,0.33752620545073375,0.6196319018404908,0.3803680981595092,0.4171779141104294
dorsal,all,0.9107206530104766,0.3338574423480084,0.6196319018404908,0.3803680981595092,0.4171779141104294
dorsal,all,0.911055888855193,0.330188679245283,0.6196319018404908,0.3803680981595092,0.4171779141104294
dorsal,all,0.911411295921272,0.3270440251572327,0.6196319018404908,0.3803680981595092,0.4171779141104294
dorsal,all,0.911751380376141,0.32337526205450734,0.6196319018404908,0.3803680981595092,0.4171779141104294
dorsal,all,0.9118643327554856,0.320230607966457,0.6196319018404908,0.3803680981595092,0.4171779141104294
dorsal,all,0.9120618857887288,0.3165618448637317,0.6196319018404908,0.3803680981595092,0.4171779141104294
dorsal,all,0.9122514015907157,0.3128930817610063,0.6196319018404908,0.3803680981595092,0.4171779141104294
dorsal,all,0.912538914179164,0.30922431865828093,0.6196319018404908,0.3803680981595092,0.4171779141104294
dorsal,all,0.9127427980319485,0.30712788259958074,0.6257668711656441,0.37423312883435583,0.4110429447852761
dorsal,all,0.9130488215277377,0.30345911949685533,0.6257668711656441,0.37423312883435583,0.4110429447852761
dorsal,all,0.9134313058001811,0.29979035639413,0.6257668711656441,0.37423312883435583,0.4110429447852761
dorsal,all,0.9141429832669259,0.29612159329140464,0.6257668711656441,0.37423312883435583,0.4110429447852761
dorsal,all,0.9143573440891333,0.29245283018867924,0.6257668711656441,0.37423312883435583,0.4049079754601227
dorsal,all,0.914617609287684,0.2887840670859539,0.6257668711656441,0.37423312883435583,0.4049079754601227
dorsal,all,0.915170992805043,0.2851153039832285,0.6257668711656441,0.37423312883435583,0.4049079754601227
dorsal,all,0.9154604740316908,0.28144654088050314,0.6257668711656441,0.37423312883435583,0.4049079754601227
dorsal,all,0.9156429398702988,0.27935010482180295,0.6380368098159509,0.3619631901840491,0.39263803680981596
dorsal,all,0.9159189330301031,0.27568134171907754,0.6380368098159509,0.3619631901840491,0.39263803680981596
dorsal,all,0.9161147413177788,0.2720125786163522,0.6380368098159509,0.3619631901840491,0.39263803680981596
dorsal,all,0.9164598146977161,0.26834381551362685,0.6380368098159509,0.3619631901840491,0.39263803680981596
dorsal,all,0.9166327016206172,0.26467505241090145,0.6380368098159509,0.3619631901840491,0.39263803680981596
dorsal,all,0.91701471811279,0.2610062893081761,0.6380368098159509,0.3619631901840491,0.3803680981595092
dorsal,all,0.9174037186099142,0.2578616352201258,0.6441717791411044,0.3558282208588957,0.37423312883435583
dorsal,all,0.9179332990808637,0.2552410901467505,0.6503067484662577,0.3496932515337423,0.36809815950920244
dorsal,all,0.9180896359478947,0.2520964360587002,0.6503067484662577,0.3496932515337423,0.36809815950920244
dorsal,all,0.9183769583337356,0.2489517819706499,0.656441717791411,0.34355828220858897,0.3619631901840491
dorsal,all,0.9188920425468449,0.2458071278825996,0.6625766871165644,0.3374233128834356,0.3558282208588957
dorsal,all,0.9192107635367028,0.24213836477987422,0.6625766871165644,0.3374233128834356,0.3558282208588957
dorsal,all,0.9193903853938944,0.2389937106918239,0.6625766871165644,0.3374233128834356,0.3558282208588957
dorsal,all,0.9197341564643471,0.2358490566037736,0.6625766871165644,0.3374233128834356,0.3558282208588957
dorsal,all,0.9199983441140552,0.23322851153039834,0.6625766871165644,0.3374233128834356,0.3496932515337423
dorsal,all,0.9205053479426484,0.22955974842767296,0.6625766871165644,0.3374233128834356,0.3496932515337423
dorsal,all,0.9207035222579552,0.22641509433962265,0.6625766871165644,0.3374233128834356,0.3496932515337423
dorsal,all,0.9210031676342977,0.22274633123689727,0.6625766871165644,0.3374233128834356,0.3496932515337423
dorsal,all,0.9214429807761892,0.21960167714884696,0.6687116564417178,0.3312883435582822,0.34355828220858897
dorsal,all,0.9217423348481865,0.21645702306079664,0.6748466257668712,0.32515337423312884,0.3374233128834356
dorsal,all,0.9221997127731878,0.21278825995807127,0.6748466257668712,0.32515337423312884,0.3374233128834356
dorsal,all,0.9224568924883597,0.20911949685534592,0.6748466257668712,0.32515337423312884,0.3374233128834356
dorsal,all,0.9227008096464439,0.20545073375262055,0.6748466257668712,0.32515337423312884,0.3374233128834356
dorsal,all,0.9229979436283553,0.20178197064989517,0.6748466257668712,0.32515337423312884,0.3374233128834356
dorsal,all,0.9233684179867763,0.19811320754716982,0.6748466257668712,0.32515337423312884,0.3374233128834356
dorsal,all,0.9235455266357995,0.1949685534591195,0.6748466257668712,0.32515337423312884,0.3374233128834356
dorsal,all,0.9239993779531324,0.19129979035639413,0.6748466257668712,0.32515337423312884,0.3374233128834356
dorsal,all,0.9244272180981088,0.18763102725366876,0.6748466257668712,0.32515337423312884,0.3374233128834356
dorsal,all,0.9245910855435584,0.18396226415094338,0.6748466257668712,0.32515337423312884,0.3374233128834356
dorsal,all,0.9250020114480078,0.18029350104821804,0.6748466257668712,0.32515337423312884,0.3312883435582822
dorsal,all,0.9253177037380103,0.17662473794549266,0.6748466257668712,0.32515337423312884,0.3312883435582822
dorsal,all,0.9257605555135411,0.17348008385744235,0.6809815950920246,0.31901840490797545,0.32515337423312884
dorsal,all,0.9261479307875706,0.17033542976939203,0.6871165644171779,0.3128834355828221,0.31901840490797545
dorsal,all,0.926514433244237,0.16666666666666666,0.6871165644171779,0.3128834355828221,0.31901840490797545
dorsal,all,0.9268272621424358,0.16352201257861634,0.6932515337423313,0.3067484662576687,0.3128834355828221
dorsal,all,0.9271024692824741,0.159853249475891,0.6932515337423313,0.3067484662576687,0.3128834355828221
dorsal,all,0.927636112491391,0.15670859538784068,0.6993865030674846,0.3006134969325153,0.3067484662576687
dorsal,all,0.928148121698109,0.1530398322851153,0.6993865030674846,0.3006134969325153,0.3067484662576687
dorsal,all,0.9283394752214865,0.149895178197065,0.6993865030674846,0.3006134969325153,0.3067484662576687
dorsal,all,0.9284352761517278,0.14675052410901468,0.705521472392638,0.294478527607362,0.3006134969325153
dorsal,all,0.9287331554039668,0.1430817610062893,0.705521472392638,0.294478527607362,0.3006134969325153
dorsal,all,0.9290525029180483,0.13941299790356393,0.705521472392638,0.294478527607362,0.3006134969325153
dorsal,all,0.9295610633821728,0.13679245283018868,0.7116564417177914,0.2883435582822086,0.294478527607362
dorsal,all,0.929911709885773,0.13364779874213836,0.7116564417177914,0.2883435582822086,0.294478527607362
dorsal,all,0.9301432841916484,0.129979035639413,0.7116564417177914,0.2883435582822086,0.294478527607362
dorsal,all,0.9305116142441112,0.12631027253668764,0.7116564417177914,0.2883435582822086,0.294478527607362
dorsal,all,0.930823547186737,0.12264150943396226,0.7116564417177914,0.2883435582822086,0.294478527607362
dorsal,all,0.9311746924362048,0.1189727463312369,0.7116564417177914,0.2883435582822086,0.294478527607362
dorsal,all,0.9314954961811601,0.11530398322851153,0.7116564417177914,0.2883435582822086,0.294478527607362
dorsal,all,0.9319946172204735,0.11163522012578617,0.7116564417177914,0.2883435582822086,0.294478527607362
dorsal,all,0.9322383475386351,0.10849056603773585,0.7116564417177914,0.2883435582822086,0.294478527607362
dorsal,all,0.9326015107793324,0.10534591194968554,0.7116564417177914,0.2883435582822086,0.294478527607362
dorsal,all,0.9331069864116655,0.10167714884696016,0.7116564417177914,0.2883435582822086,0.294478527607362
dorsal,all,0.9337286573360137,0.0980083857442348,0.7116564417177914,0.2883435582822086,0.2883435582822086
dorsal,all,0.9341877552735983,0.09486373165618449,0.7177914110429449,0.2822085889570552,0.2822085889570552
dorsal,all,0.9345399528891186,0.09171907756813417,0.7239263803680982,0.27607361963190186,0.27607361963190186
dorsal,all,0.9348081089192853,0.08857442348008386,0.7239263803680982,0.27607361963190186,0.27607361963190186
dorsal,all,0.9349804506864592,0.08490566037735849,0.7239263803680982,0.27607361963190186,0.27607361963190186
dorsal,all,0.935862849508069,0.08228511530398323,0.7300613496932515,0.26993865030674846,0.26993865030674846
dorsal,all,0.9361557988041134,0.07914046121593292,0.7361963190184049,0.26380368098159507,0.26380368098159507
dorsal,all,0.9363892142908707,0.07547169811320754,0.7361963190184049,0.26380368098159507,0.26380368098159507
dorsal,all,0.9369780509033274,0.07285115303983228,0.7484662576687117,0.25153374233128833,0.25153374233128833
dorsal,all,0.9372907984062946,0.06970649895178196,0.7484662576687117,0.25153374233128833,0.25153374233128833
dorsal,all,0.9375592663042471,0.06656184486373165,0.7484662576687117,0.25153374233128833,0.25153374233128833
dorsal,all,0.9378607207016079,0.0639412997903564,0.7607361963190185,0.2392638036809816,0.2392638036809816
dorsal,all,0.9384640222771453,0.06079664570230608,0.7607361963190185,0.2392638036809816,0.2392638036809816
dorsal,all,0.9391780219785772,0.05817610062893082,0.7730061349693251,0.22699386503067484,0.22699386503067484
dorsal,all,0.9397260295823147,0.055031446540880505,0.7791411042944785,0.22085889570552147,0.22085889570552147
dorsal,all,0.9403975858576246,0.05188679245283019,0.7852760736196319,0.2147239263803681,0.2147239263803681
dorsal,all,0.9409709118838956,0.049266247379454925,0.7975460122699387,0.20245398773006135,0.20245398773006135
dorsal,all,0.9413009614001576,0.04559748427672956,0.7975460122699387,0.20245398773006135,0.20245398773006135
dorsal,all,0.9416060226996403,0.04245283018867924,0.803680981595092,0.19631901840490798,0.19631901840490798
dorsal,all,0.9424711371089716,0.03878406708595388,0.803680981595092,0.19631901840490798,0.19631901840490798
dorsal,all,0.9430071008463623,0.03511530398322851,0.8098159509202454,0.1901840490797546,0.1901840490797546
dorsal,all,0.9438657533958403,0.03249475890985325,0.8220858895705522,0.17791411042944785,0.17791411042944785
dorsal,all,0.9450178661361789,0.029350104821802937,0.8220858895705522,0.17791411042944785,0.17791411042944785
dorsal,all,0.9459157410695569,0.026729559748427674,0.834355828220859,0.1656441717791411,0.1656441717791411
dorsal,all,0.9465870170814557,0.024633123689727462,0.852760736196319,0.147239263803681,0.147239263803681
dorsal,all,0.947547795466984,0.020964360587002098,0.852760736196319,0.147239263803681,0.147239263803681
dorsal,all,0.9485395185098366,0.01781970649895178,0.8588957055214724,0.1411042944785276,0.1411042944785276
dorsal,all,0.9506666753492101,0.014675052410901468,0.8650306748466258,0.13496932515337423,0.13496932515337423
dorsal,all,0.9519732887989747,0.0110062893081761,0.8650306748466258,0.13496932515337423,0.13496932515337423
dorsal,all,0.9533558228851176,0.007337526205450734,0.8650306748466258,0.13496932515337423,0.13496932515337423
dorsal,all,0.9562397693594703,0.005765199161425576,0.8895705521472392,0.11042944785276074,0.11042944785276074
dorsal,all,0.9586895950019874,0.0031446540880503146,0.901840490797546,0.09815950920245399,0.09815950920245399
dorsal,all,0.9633981770055478,0.0015723270440251573,0.9263803680981595,0.0736196319018405,0.0736196319018405
dorsal,all,0.9691256454924168,0.0,0.950920245398773,0.049079754601226995,0.049079754601226995
dorsal,all,0.9746123168793385,0.0,0.9938650306748467,0.006134969325153374,0.006134969325153374
dorsal,real_only,0.6132544143024128,1.0,0.4233128834355828,0.5766871165644172,0.8343558282208589
dorsal,real_only,0.674289134975233,0.9979035639412998,0.4233128834355828,0.5766871165644172,0.8343558282208589
dorsal,real_only,0.7050026162983107,0.9947589098532494,0.42944785276073616,0.5705521472392638,0.8282208588957055
dorsal,real_only,0.7347203111317271,0.9916142557651991,0.42944785276073616,0.5705521472392638,0.8159509202453987
dorsal,real_only,0.7485380832359481,0.9879454926624738,0.42944785276073616,0.5705521472392638,0.8098159509202454
dorsal,real_only,0.7589172209052055,0.9853249475890985,0.42944785276073616,0.5705521472392638,0.8098159509202454
dorsal,real_only,0.7624458923160273,0.9816561844863732,0.42944785276073616,0.5705521472392638,0.8098159509202454
dorsal,real_only,0.7685459520279727,0.9779874213836478,0.42944785276073616,0.5705521472392638,0.8098159509202454
dorsal,real_only,0.7711772872980402,0.9753668763102725,0.4355828220858896,0.5644171779141104,0.803680981595092
dorsal,real_only,0.7742292327684543,0.9716981132075472,0.4355828220858896,0.5644171779141104,0.803680981595092
dorsal,real_only,0.7824731167719605,0.9685534591194969,0.4355828220858896,0.5644171779141104,0.7975460122699386
dorsal,real_only,0.7853270697466669,0.9654088050314465,0.4355828220858896,0.5644171779141104,0.7975460122699386
dorsal,real_only,0.7885064188080116,0.9617400419287212,0.4355828220858896,0.5644171779141104,0.7975460122699386
dorsal,real_only,0.7910997771116948,0.9585953878406709,0.4355828220858896,0.5644171779141104,0.7975460122699386
dorsal,real_only,0.7942727561616972,0.9549266247379455,0.4355828220858896,0.5644171779141104,0.7975460122699386
dorsal,real_only,0.796563336774049,0.9512578616352201,0.4355828220858896,0.5644171779141104,0.7975460122699386
dorsal,real_only,0.7993663538795732,0.9475890985324947,0.4355828220858896,0.5644171779141104,0.7975460122699386
dorsal,real_only,0.8015963533813937,0.9444444444444444,0.4355828220858896,0.5644171779141104,0.7975460122699386
dorsal,real_only,0.8038789567665107,0.9407756813417191,0.4355828220858896,0.5644171779141104,0.7975460122699386
dorsal,real_only,0.8045528241770499,0.9371069182389937,0.4355828220858896,0.5644171779141104,0.7975460122699386
dorsal,real_only,0.8070393423313709,0.9334381551362684,0.4355828220858896,0.5644171779141104,0.7975460122699386
dorsal,real_only,0.8092176018336663,0.929769392033543,0.4355828220858896,0.5644171779141104,0.7914110429447853
dorsal,real_only,0.8124294752626818,0.9261006289308176,0.4355828220858896,0.5644171779141104,0.7914110429447853
dorsal,real_only,0.8136551181812048,0.9229559748427673,0.44171779141104295,0.558282208588957,0.7852760736196319
dorsal,real_only,0.8149235643325019,0.9192872117400419,0.44171779141104295,0.558282208588957,0.7852760736196319
dorsal,real_only,0.8172425128134173,0.9166666666666666,0.44171779141104295,0.558282208588957,0.7852760736196319
dorsal,real_only,0.8189425655287101,0.9129979035639413,0.44171779141104295,0.558282208588957,0.7791411042944786
dorsal,real_only,0.8212191350255589,0.9093291404612159,0.44171779141104295,0.558282208588957,0.7791411042944786
dorsal,real_only,0.8227229612424,0.9061844863731656,0.4478527607361963,0.5521472392638037,0.7730061349693251
dorsal,real_only,0.8237534742148851,0.9025157232704403,0.4478527607361963,0.5521472392638037,0.7730061349693251
dorsal,real_only,0.824478603894861,0.8988469601677149,0.4478527607361963,0.5521472392638037,0.7730061349693251
dorsal,real_only,0.8253051551231072,0.8962264150943396,0.45398773006134974,0.5460122699386503,0.7668711656441718
dorsal,real_only,0.8263982710622887,0.8925576519916143,0.45398773006134974,0.5460122699386503,0.7607361963190185
dorsal,real_only,0.8277654488631394,0.8888888888888888,0.45398773006134974,0.5460122699386503,0.754601226993865
dorsal,real_only,0.8293864866748242,0.8852201257861635,0.45398773006134974,0.5460122699386503,0.7484662576687117
dorsal,real_only,0.8302871113249464,0.8820754716981132,0.4601226993865031,0.5398773006134969,0.7423312883435583
dorsal,real_only,0.8312591808486081,0.8789308176100629,0.4662576687116564,0.5337423312883436,0.7361963190184049
dorsal,real_only,0.8322624991967764,0.8752620545073375,0.4662576687116564,0.5337423312883436,0.7361963190184049
dorsal,real_only,0.832737047619853,0.8721174004192872,0.4662576687116564,0.5337423312883436,0.7361963190184049
dorsal,real_only,0.8338362218011224,0.8684486373165619,0.4662576687116564,0.5337423312883436,0.7361963190184049
dorsal,real_only,0.8345254729355875,0.8653039832285115,0.4662576687116564,0.5337423312883436,0.7361963190184049
dorsal,real_only,0.8351384221396332,0.8621593291404612,0.47239263803680986,0.5276073619631901,0.7300613496932515
dorsal,real_only,0.8361632782918095,0.8584905660377359,0.47239263803680986,0.5276073619631901,0.7300613496932515
dorsal,real_only,0.8371254029988724,0.8548218029350105,0.47239263803680986,0.5276073619631901,0.7300613496932515
dorsal,real_only,0.8381056036805519,0.8516771488469602,0.47239263803680986,0.5276073619631901,0.7300613496932515
dorsal,real_only,0.8390348183487333,0.8480083857442348,0.47239263803680986,0.5276073619631901,0.7300613496932515
dorsal,real_only,0.8398223457169277,0.8448637316561844,0.4785276073619632,0.5214723926380368,0.7239263803680982
dorsal,real_only,0.8408322581232124,0.8411949685534591,0.4785276073619632,0.5214723926380368,0.7239263803680982
dorsal,real_only,0.8420530887048617,0.8375262054507338,0.4785276073619632,0.5214723926380368,0.7177914110429447
dorsal,real_only,0.8436225018107937,0.8349056603773585,0.48466257668711654,0.5153374233128835,0.7116564417177914
dorsal,real_only,0.8440443117297268,0.8322851153039832,0.49079754601227,0.50920245398773,0.6993865030674846
dorsal,real_only,0.8448941699853368,0.8291404612159329,0.49079754601227,0.50920245398773,0.6871165644171779
dorsal,real_only,0.84568481662725,0.8254716981132075,0.49079754601227,0.50920245398773,0.6809815950920245
dorsal,real_only,0.8464464712348236,0.8223270440251572,0.49693251533742333,0.5030674846625767,0.6748466257668712
dorsal,real_only,0.84727154705313,0.8186582809224319,0.49693251533742333,0.5030674846625767,0.6748466257668712
dorsal,real_only,0.8475496823205872,0.8149895178197065,0.49693251533742333,0.5030674846625767,0.6748466257668712
dorsal,real_only,0.8482020275521251,0.8113207547169812,0.49693251533742333,0.5030674846625767,0.6748466257668712
dorsal,real_only,0.8490184911992081,0.8076519916142557,0.49693251533742333,0.5030674846625767,0.6748466257668712
dorsal,real_only,0.8497647383397734,0.8039832285115304,0.49693251533742333,0.5030674846625767,0.6748466257668712
dorsal,real_only,0.8501003270300101,0.800314465408805,0.49693251533742333,0.5030674846625767,0.6748466257668712
dorsal,real_only,0.8509838950425096,0.7966457023060797,0.49693251533742333,0.5030674846625767,0.6748466257668712
dorsal,real_only,0.8519732979197085,0.7929769392033543,0.49693251533742333,0.5030674846625767,0.6748466257668712
dorsal,real_only,0.8525301395766747,0.789308176100629,0.49693251533742333,0.5030674846625767,0.6748466257668712
dorsal,real_only,0.8535270081575563,0.7861635220125787,0.49693251533742333,0.5030674846625767,0.6748466257668712
dorsal,real_only,0.8539456214780651,0.7830188679245284,0.49693251533742333,0.5030674846625767,0.6748466257668712
dorsal,real_only,0.8543522168266449,0.7793501048218029,0.49693251533742333,0.5030674846625767,0.6687116564417178
dorsal,real_only,0.8549079887263027,0.7756813417190775,0.49693251533742333,0.5030674846625767,0.656441717791411
dorsal,real_only,0.8555298044552653,0.7720125786163522,0.49693251533742333,0.5030674846625767,0.656441717791411
dorsal,real_only,0.8565650953361081,0.7683438155136268,0.49693251533742333,0.5030674846625767,0.6503067484662577
dorsal,real_only,0.857447477736482,0.7651991614255765,0.49693251533742333,0.5030674846625767,0.6503067484662577
dorsal,real_only,0.8584098308950675,0.7615303983228512,0.49693251533742333,0.5030674846625767,0.6503067484662577
dorsal,real_only,0.8589928889587132,0.7583857442348009,0.49693251533742333,0.5030674846625767,0.6503067484662577
dorsal,real_only,0.8599975798798616,0.7547169811320755,0.49693251533742333,0.5030674846625767,0.6503067484662577
dorsal,real_only,0.8604700861783992,0.7515723270440252,0.49693251533742333,0.5030674846625767,0.6503067484662577
dorsal,real_only,0.8609660807294568,0.7479035639412998,0.49693251533742333,0.5030674846625767,0.6503067484662577
dorsal,real_only,0.8612028958772444,0.7447589098532494,0.49693251533742333,0.5030674846625767,0.6503067484662577
dorsal,real_only,0.8622112668876138,0.7410901467505241,0.49693251533742333,0.5030674846625767,0.6441717791411042
dorsal,real_only,0.8626082147835747,0.7379454926624738,0.49693251533742333,0.5030674846625767,0.6441717791411042
dorsal,real_only,0.8631713088105915,0.7342767295597484,0.49693251533742333,0.5030674846625767,0.6441717791411042
dorsal,real_only,0.8634691716815908,0.7306079664570231,0.49693251533742333,0.5030674846625767,0.6441717791411042
dorsal,real_only,0.8643846325322789,0.7269392033542977,0.49693251533742333,0.5030674846625767,0.6441717791411042
dorsal,real_only,0.864571960423502,0.7232704402515723,0.49693251533742333,0.5030674846625767,0.6441717791411042
dorsal,real_only,0.8651356171972725,0.720125786163522,0.49693251533742333,0.5030674846625767,0.6441717791411042
dorsal,real_only,0.8657601196176994,0.7169811320754716,0.49693251533742333,0.5030674846625767,0.6441717791411042
dorsal,real_only,0.8661803525468624,0.7133123689727463,0.49693251533742333,0.5030674846625767,0.6441717791411042
dorsal,real_only,0.8667535694221701,0.710167714884696,0.49693251533742333,0.5030674846625767,0.6441717791411042
dorsal,real_only,0.8671717507529927,0.7064989517819706,0.49693251533742333,0.5030674846625767,0.6380368098159509
dorsal,real_only,0.86780825091392,0.7038784067085954,0.49693251533742333,0.5030674846625767,0.6380368098159509
dorsal,real_only,0.8687555650434878,0.7012578616352201,0.5030674846625767,0.49693251533742333,0.6319018404907976
dorsal,real_only,0.8693241098277626,0.6975890985324947,0.5030674846625767,0.49693251533742333,0.6319018404907976
dorsal,real_only,0.8698876151833255,0.6954926624737946,0.50920245398773,0.49079754601226994,0.6257668711656442
dorsal,real_only,0.8703966524966298,0.6918238993710691,0.50920245398773,0.49079754601226994,0.6257668711656442
dorsal,real_only,0.8712631629575254,0.6881551362683438,0.50920245398773,0.49079754601226994,0.6196319018404908
dorsal,real_only,0.8716970708368992,0.6844863731656184,0.50920245398773,0.49079754601226994,0.6196319018404908
dorsal,real_only,0.8724699564252829,0.6808176100628931,0.50920245398773,0.49079754601226994,0.6196319018404908
dorsal,real_only,0.8726405036450013,0.6776729559748428,0.50920245398773,0.49079754601226994,0.6196319018404908
dorsal,real_only,0.8731545073449118,0.6740041928721174,0.50920245398773,0.49079754601226994,0.6196319018404908
dorsal,real_only,0.8738136676294275,0.6703354297693921,0.50920245398773,0.49079754601226994,0.6196319018404908
dorsal,real_only,0.8742430797180387,0.6677148846960168,0.5153374233128835,0.48466257668711654,0.6134969325153374
dorsal,real_only,0.8745550545245806,0.6650943396226415,0.5214723926380368,0.4785276073619632,0.6073619631901841
dorsal,real_only,0.8750307907331558,0.6619496855345912,0.5214723926380368,0.4785276073619632,0.6073619631901841
dorsal,real_only,0.8756635862322325,0.6582809224318659,0.5214723926380368,0.4785276073619632,0.6012269938650306
dorsal,real_only,0.8762740723863955,0.6546121593291404,0.5214723926380368,0.4785276073619632,0.6012269938650306
dorsal,real_only,0.87675452896112,0.6509433962264151,0.5214723926380368,0.4785276073619632,0.588957055214724
dorsal,real_only,0.8771761861970393,0.6472746331236897,0.5214723926380368,0.4785276073619632,0.5828220858895705
dorsal,real_only,0.8773294970965786,0.6441299790356394,0.5214723926380368,0.4785276073619632,0.5828220858895705
dorsal,real_only,0.8777289235826209,0.640461215932914,0.5214723926380368,0.4785276073619632,0.5828220858895705
dorsal,real_only,0.878102605528027,0.6373165618448637,0.5276073619631902,0.4723926380368098,0.5766871165644172
dorsal,real_only,0.87858742639253,0.6341719077568134,0.5276073619631902,0.4723926380368098,0.5766871165644172
dorsal,real_only,0.8790457667749056,0.6305031446540881,0.5276073619631902,0.4723926380368098,0.5705521472392638
dorsal,real_only,0.8797078975500501,0.6268343815513627,0.5276073619631902,0.4723926380368098,0.5644171779141104
dorsal,real_only,0.8802441420257736,0.6236897274633124,0.5276073619631902,0.4723926380368098,0.5644171779141104
dorsal,real_only,0.8807891173041303,0.620020964360587,0.5276073619631902,0.4723926380368098,0.5644171779141104
dorsal,real_only,0.8812002794235436,0.6168763102725366,0.5276073619631902,0.4723926380368098,0.5644171779141104
dorsal,real_only,0.8817451084647434,0.6132075471698113,0.5276073619631902,0.4723926380368098,0.5644171779141104
dorsal,real_only,0.882167876934319,0.610587002096436,0.5337423312883436,0.4662576687116564,0.558282208588957
dorsal,real_only,0.8823752274310123,0.6069182389937107,0.5337423312883436,0.4662576687116564,0.558282208588957
dorsal,real_only,0.8826442441764966,0.6037735849056604,0.5337423312883436,0.4662576687116564,0.5521472392638037
dorsal,real_only,0.8833278313653581,0.600104821802935,0.5337423312883436,0.4662576687116564,0.5521472392638037
dorsal,real_only,0.8838589230941338,0.5964360587002097,0.5337423312883436,0.4662576687116564,0.5521472392638037
dorsal,real_only,0.8845322791619985,0.5927672955974843,0.5337423312883436,0.4662576687116564,0.5460122699386503
dorsal,real_only,0.8847624506762046,0.589098532494759,0.5337423312883436,0.4662576687116564,0.5460122699386503
dorsal,real_only,0.8850951570598653,0.5854297693920335,0.5337423312883436,0.4662576687116564,0.5398773006134969
dorsal,real_only,0.8852853830359233,0.5817610062893082,0.5337423312883436,0.4662576687116564,0.5398773006134969
dorsal,real_only,0.885753253768045,0.5780922431865828,0.5337423312883436,0.4662576687116564,0.5398773006134969
dorsal,real_only,0.8860662027629946,0.5749475890985325,0.5337423312883436,0.4662576687116564,0.5398773006134969
dorsal,real_only,0.8866333385830157,0.5723270440251572,0.5398773006134969,0.4601226993865031,0.5337423312883436
dorsal,real_only,0.8869294301723532,0.5691823899371069,0.5460122699386503,0.4539877300613497,0.5276073619631901
dorsal,real_only,0.887315811782122,0.5655136268343816,0.5460122699386503,0.4539877300613497,0.5276073619631901
dorsal,real_only,0.8876906796056336,0.5618448637316562,0.5460122699386503,0.4539877300613497,0.5276073619631901
dorsal,real_only,0.8879484823491244,0.5581761006289309,0.5460122699386503,0.4539877300613497,0.5276073619631901
dorsal,real_only,0.8886487365714122,0.5545073375262054,0.5460122699386503,0.4539877300613497,0.5276073619631901
dorsal,real_only,0.8889893111319394,0.55083857442348,0.5460122699386503,0.4539877300613497,0.5276073619631901
dorsal,real_only,0.8896486056555231,0.5471698113207547,0.5460122699386503,0.4539877300613497,0.5214723926380368
dorsal,real_only,0.8898933155774051,0.5435010482180294,0.5460122699386503,0.4539877300613497,0.5214723926380368
dorsal,real_only,0.8901178781808179,0.539832285115304,0.5460122699386503,0.4539877300613497,0.5153374233128835
dorsal,real_only,0.8904240269953656,0.5361635220125787,0.5460122699386503,0.4539877300613497,0.5153374233128835
dorsal,real_only,0.8909357477025521,0.5330188679245284,0.5460122699386503,0.4539877300613497,0.5153374233128835
dorsal,real_only,0.8910958123059842,0.5303983228511531,0.5521472392638036,0.44785276073619634,0.50920245398773
dorsal,real_only,0.8912713360114131,0.5267295597484277,0.5521472392638036,0.44785276073619634,0.50920245398773
dorsal,real_only,0.8914970799325534,0.5235849056603774,0.5521472392638036,0.44785276073619634,0.50920245398773
dorsal,real_only,0.8919048441467993,0.5204402515723271,0.5521472392638036,0.44785276073619634,0.50920245398773
dorsal,real_only,0.8922863258906474,0.5167714884696016,0.5521472392638036,0.44785276073619634,0.50920245398773
dorsal,real_only,0.8924796209904149,0.5136268343815513,0.558282208588957,0.44171779141104295,0.5030674846625767
dorsal,real_only,0.8930658834679259,0.509958071278826,0.558282208588957,0.44171779141104295,0.5030674846625767
dorsal,real_only,0.8934785688667375,0.5062893081761006,0.558282208588957,0.44171779141104295,0.5030674846625767
dorsal,real_only,0.8936915758773736,0.5026205450733753,0.558282208588957,0.44171779141104295,0.5030674846625767
dorsal,real_only,0.8938987464604368,0.4989517819706499,0.558282208588957,0.44171779141104295,0.5030674846625767
dorsal,real_only,0.8942200744622597,0.49633123689727465,0.558282208588957,0.44171779141104295,0.5030674846625767
dorsal,real_only,0.8944695957976054,0.49266247379454925,0.558282208588957,0.44171779141104295,0.5030674846625767
dorsal,real_only,0.8945517424177936,0.490041928721174,0.558282208588957,0.44171779141104295,0.5030674846625767
dorsal,real_only,0.8949745329981584,0.4863731656184486,0.558282208588957,0.44171779141104295,0.5030674846625767
dorsal,real_only,0.8954059771540752,0.4827044025157233,0.558282208588957,0.44171779141104295,0.5030674846625767
dorsal,real_only,0.8957861265130016,0.4790356394129979,0.558282208588957,0.44171779141104295,0.5030674846625767
dorsal,real_only,0.8960941841001754,0.47641509433962265,0.5705521472392638,0.4294478527607362,0.49079754601226994
dorsal,real_only,0.8963183759657432,0.4727463312368973,0.5705521472392638,0.4294478527607362,0.49079754601226994
dorsal,real_only,0.8966980945563743,0.470125786163522,0.5705521472392638,0.4294478527607362,0.48466257668711654
dorsal,real_only,0.8973033529632832,0.46645702306079667,0.5705521472392638,0.4294478527607362,0.4785276073619632
dorsal,real_only,0.8977794590540678,0.46278825995807127,0.5705521472392638,0.4294478527607362,0.4785276073619632
dorsal,real_only,0.8981465744215487,0.4591194968553459,0.5705521472392638,0.4294478527607362,0.4785276073619632
dorsal,real_only,0.8986093731681519,0.45649895178197064,0.5766871165644172,0.4233128834355828,0.4723926380368098
dorsal,real_only,0.8987461151500349,0.4533542976939203,0.5766871165644172,0.4233128834355828,0.4723926380368098
dorsal,real_only,0.8990712669674585,0.45020964360587,0.5766871165644172,0.4233128834355828,0.4723926380368098
dorsal,real_only,0.8993940922816525,0.44654088050314467,0.5766871165644172,0.4233128834355828,0.4723926380368098
dorsal,real_only,0.8995024662705401,0.44287211740041926,0.5766871165644172,0.4233128834355828,0.4723926380368098
dorsal,real_only,0.8996860643773256,0.43972746331236895,0.5828220858895705,0.4171779141104294,0.4662576687116564
dorsal,real_only,0.9002460811626388,0.4360587002096436,0.5828220858895705,0.4171779141104294,0.4662576687116564
dorsal,real_only,0.9007013703253652,0.4334381551362683,0.5889570552147239,0.4110429447852761,0.4601226993865031
dorsal,real_only,0.9012531829287918,0.429769392033543,0.5889570552147239,0.4110429447852761,0.4601226993865031
dorsal,real_only,0.9015465809258547,0.4261006289308176,0.5889570552147239,0.4110429447852761,0.4601226993865031
dorsal,real_only,0.9018401179682787,0.4224318658280922,0.5889570552147239,0.4110429447852761,0.4601226993865031
dorsal,real_only,0.9023406249202661,0.4192872117400419,0.5889570552147239,0.4110429447852761,0.4601226993865031
dorsal,real_only,0.9026536624024538,0.4161425576519916,0.5889570552147239,0.4110429447852761,0.4601226993865031
dorsal,real_only,0.9029247298620056,0.41247379454926625,0.5889570552147239,0.4110429447852761,0.4601226993865031
dorsal,real_only,0.9032234759068616,0.40932914046121593,0.5889570552147239,0.4110429447852761,0.4601226993865031
dorsal,real_only,0.9034761784730692,0.4061844863731656,0.5889570552147239,0.4110429447852761,0.4601226993865031
dorsal,real_only,0.9038315591005786,0.40356394129979034,0.5950920245398773,0.4049079754601227,0.4539877300613497
dorsal,real_only,0.9041545319331619,0.399895178197065,0.5950920245398773,0.4049079754601227,0.4539877300613497
dorsal,real_only,0.9045111107543864,0.39622641509433965,0.5950920245398773,0.4049079754601227,0.4539877300613497
dorsal,real_only,0.9047958296952205,0.39255765199161424,0.5950920245398773,0.4049079754601227,0.4539877300613497
dorsal,real_only,0.9053177301914055,0.3888888888888889,0.5950920245398773,0.4049079754601227,0.4539877300613497
dorsal,real_only,0.9056505144197693,0.3862683438155136,0.6012269938650308,0.3987730061349693,0.44785276073619634
dorsal,real_only,0.9060006749991955,0.3831236897274633,0.6073619631901841,0.39263803680981596,0.44171779141104295
dorsal,real_only,0.9063899201190739,0.379979035639413,0.6073619631901841,0.39263803680981596,0.44171779141104295
dorsal,real_only,0.9070818003824284,0.3768343815513627,0.6134969325153374,0.38650306748466257,0.4233128834355828
dorsal,real_only,0.9073797931186202,0.3731656184486373,0.6134969325153374,0.38650306748466257,0.4233128834355828
dorsal,real_only,0.9077500616578776,0.3694968553459119,0.6134969325153374,0.38650306748466257,0.4233128834355828
dorsal,real_only,0.9082034068437623,0.3663522012578616,0.6134969325153374,0.38650306748466257,0.4233128834355828
dorsal,real_only,0.908468637219036,0.36268343815513626,0.6134969325153374,0.38650306748466257,0.4233128834355828
dorsal,real_only,0.9089129233760185,0.3590146750524109,0.6134969325153374,0.38650306748466257,0.4233128834355828
dorsal,real_only,0.9092340921306209,0.3553459119496855,0.6134969325153374,0.38650306748466257,0.4233128834355828
dorsal,real_only,0.9095689436848793,0.3522012578616352,0.6196319018404908,0.3803680981595092,0.4171779141104294
dorsal,real_only,0.9098390481951487,0.34853249475890985,0.6196319018404908,0.3803680981595092,0.4171779141104294
dorsal,real_only,0.910193517762836,0.3448637316561845,0.6196319018404908,0.3803680981595092,0.4171779141104294
dorsal,real_only,0.9102639361261533,0.3411949685534591,0.6196319018404908,0.3803680981595092,0.4171779141104294
dorsal,real_only,0.9104878116817297,0.33752620545073375,0.6196319018404908,0.3803680981595092,0.4171779141104294
dorsal,real_only,0.9107206530104766,0.3338574423480084,0.6196319018404908,0.3803680981595092,0.4171779141104294
dorsal,real_only,0.911055888855193,0.330188679245283,0.6196319018404908,0.3803680981595092,0.4171779141104294
dorsal,real_only,0.911411295921272,0.3270440251572327,0.6196319018404908,0.3803680981595092,0.4171779141104294
dorsal,real_only,0.911751380376141,0.32337526205450734,0.6196319018404908,0.3803680981595092,0.4171779141104294
dorsal,real_only,0.9118643327554856,0.320230607966457,0.6196319018404908,0.3803680981595092,0.4171779141104294
dorsal,real_only,0.9120618857887288,0.3165618448637317,0.6196319018404908,0.3803680981595092,0.4171779141104294
dorsal,real_only,0.9122514015907157,0.3128930817610063,0.6196319018404908,0.3803680981595092,0.4171779141104294
dorsal,real_only,0.912538914179164,0.30922431865828093,0.6196319018404908,0.3803680981595092,0.4171779141104294
dorsal,real_only,0.9127427980319485,0.30712788259958074,0.6257668711656441,0.37423312883435583,0.4110429447852761
dorsal,real_only,0.9130488215277377,0.30345911949685533,0.6257668711656441,0.37423312883435583,0.4110429447852761
dorsal,real_only,0.9134313058001811,0.29979035639413,0.6257668711656441,0.37423312883435583,0.4110429447852761
dorsal,real_only,0.9141429832669259,0.29612159329140464,0.6257668711656441,0.37423312883435583,0.4110429447852761
dorsal,real_only,0.9143573440891333,0.29245283018867924,0.6257668711656441,0.37423312883435583,0.4049079754601227
dorsal,real_only,0.914617609287684,0.2887840670859539,0.6257668711656441,0.37423312883435583,0.4049079754601227
dorsal,real_only,0.915170992805043,0.2851153039832285,0.6257668711656441,0.37423312883435583,0.4049079754601227
dorsal,real_only,0.9154604740316908,0.28144654088050314,0.6257668711656441,0.37423312883435583,0.4049079754601227
dorsal,real_only,0.9156429398702988,0.27935010482180295,0.6380368098159509,0.3619631901840491,0.39263803680981596
dorsal,real_only,0.9159189330301031,0.27568134171907754,0.6380368098159509,0.3619631901840491,0.39263803680981596
dorsal,real_only,0.9161147413177788,0.2720125786163522,0.6380368098159509,0.3619631901840491,0.39263803680981596
dorsal,real_only,0.9164598146977161,0.26834381551362685,0.6380368098159509,0.3619631901840491,0.39263803680981596
dorsal,real_only,0.9166327016206172,0.26467505241090145,0.6380368098159509,0.3619631901840491,0.39263803680981596
dorsal,real_only,0.91701471811279,0.2610062893081761,0.6380368098159509,0.3619631901840491,0.3803680981595092
dorsal,real_only,0.9174037186099142,0.2578616352201258,0.6441717791411044,0.3558282208588957,0.37423312883435583
dorsal,real_only,0.9179332990808637,0.2552410901467505,0.6503067484662577,0.3496932515337423,0.36809815950920244
dorsal,real_only,0.9180896359478947,0.2520964360587002,0.6503067484662577,0.3496932515337423,0.36809815950920244
dorsal,real_only,0.9183769583337356,0.2489517819706499,0.656441717791411,0.34355828220858897,0.3619631901840491
dorsal,real_only,0.9188920425468449,0.2458071278825996,0.6625766871165644,0.3374233128834356,0.3558282208588957
dorsal,real_only,0.9192107635367028,0.24213836477987422,0.6625766871165644,0.3374233128834356,0.3558282208588957
dorsal,real_only,0.9193903853938944,0.2389937106918239,0.6625766871165644,0.3374233128834356,0.3558282208588957
dorsal,real_only,0.9197341564643471,0.2358490566037736,0.6625766871165644,0.3374233128834356,0.3558282208588957
dorsal,real_only,0.9199983441140552,0.23322851153039834,0.6625766871165644,0.3374233128834356,0.3496932515337423
dorsal,real_only,0.9205053479426484,0.22955974842767296,0.6625766871165644,0.3374233128834356,0.3496932515337423
dorsal,real_only,0.9207035222579552,0.22641509433962265,0.6625766871165644,0.3374233128834356,0.3496932515337423
dorsal,real_only,0.9210031676342977,0.22274633123689727,0.6625766871165644,0.3374233128834356,0.3496932515337423
dorsal,real_only,0.9214429807761892,0.21960167714884696,0.6687116564417178,0.3312883435582822,0.34355828220858897
dorsal,real_only,0.9217423348481865,0.21645702306079664,0.6748466257668712,0.32515337423312884,0.3374233128834356
dorsal,real_only,0.9221997127731878,0.21278825995807127,0.6748466257668712,0.32515337423312884,0.3374233128834356
dorsal,real_only,0.9224568924883597,0.20911949685534592,0.6748466257668712,0.32515337423312884,0.3374233128834356
dorsal,real_only,0.9227008096464439,0.20545073375262055,0.6748466257668712,0.32515337423312884,0.3374233128834356
dorsal,real_only,0.9229979436283553,0.20178197064989517,0.6748466257668712,0.32515337423312884,0.3374233128834356
dorsal,real_only,0.9233684179867763,0.19811320754716982,0.6748466257668712,0.32515337423312884,0.3374233128834356
dorsal,real_only,0.9235455266357995,0.1949685534591195,0.6748466257668712,0.32515337423312884,0.3374233128834356
dorsal,real_only,0.9239993779531324,0.19129979035639413,0.6748466257668712,0.32515337423312884,0.3374233128834356
dorsal,real_only,0.9244272180981088,0.18763102725366876,0.6748466257668712,0.32515337423312884,0.3374233128834356
dorsal,real_only,0.9245910855435584,0.18396226415094338,0.6748466257668712,0.32515337423312884,0.3374233128834356
dorsal,real_only,0.9250020114480078,0.18029350104821804,0.6748466257668712,0.32515337423312884,0.3312883435582822
dorsal,real_only,0.9253177037380103,0.17662473794549266,0.6748466257668712,0.32515337423312884,0.3312883435582822
dorsal,real_only,0.9257605555135411,0.17348008385744235,0.6809815950920246,0.31901840490797545,0.32515337423312884
dorsal,real_only,0.9261479307875706,0.17033542976939203,0.6871165644171779,0.3128834355828221,0.31901840490797545
dorsal,real_only,0.926514433244237,0.16666666666666666,0.6871165644171779,0.3128834355828221,0.31901840490797545
dorsal,real_only,0.9268272621424358,0.16352201257861634,0.6932515337423313,0.3067484662576687,0.3128834355828221
dorsal,real_only,0.9271024692824741,0.159853249475891,0.6932515337423313,0.3067484662576687,0.3128834355828221
dorsal,real_only,0.927636112491391,0.15670859538784068,0.6993865030674846,0.3006134969325153,0.3067484662576687
dorsal,real_only,0.928148121698109,0.1530398322851153,0.6993865030674846,0.3006134969325153,0.3067484662576687
dorsal,real_only,0.9283394752214865,0.149895178197065,0.6993865030674846,0.3006134969325153,0.3067484662576687
dorsal,real_only,0.9284352761517278,0.14675052410901468,0.705521472392638,0.294478527607362,0.3006134969325153
dorsal,real_only,0.9287331554039668,0.1430817610062893,0.705521472392638,0.294478527607362,0.3006134969325153
dorsal,real_only,0.9290525029180483,0.13941299790356393,0.705521472392638,0.294478527607362,0.3006134969325153
dorsal,real_only,0.9295610633821728,0.13679245283018868,0.7116564417177914,0.2883435582822086,0.294478527607362
dorsal,real_only,0.929911709885773,0.13364779874213836,0.7116564417177914,0.2883435582822086,0.294478527607362
dorsal,real_only,0.9301432841916484,0.129979035639413,0.7116564417177914,0.2883435582822086,0.294478527607362
dorsal,real_only,0.9305116142441112,0.12631027253668764,0.7116564417177914,0.2883435582822086,0.294478527607362
dorsal,real_only,0.930823547186737,0.12264150943396226,0.7116564417177914,0.2883435582822086,0.294478527607362
dorsal,real_only,0.9311746924362048,0.1189727463312369,0.7116564417177914,0.2883435582822086,0.294478527607362
dorsal,real_only,0.9314954961811601,0.11530398322851153,0.7116564417177914,0.2883435582822086,0.294478527607362
dorsal,real_only,0.9319946172204735,0.11163522012578617,0.7116564417177914,0.2883435582822086,0.294478527607362
dorsal,real_only,0.9322383475386351,0.10849056603773585,0.7116564417177914,0.2883435582822086,0.294478527607362
dorsal,real_only,0.9326015107793324,0.10534591194968554,0.7116564417177914,0.2883435582822086,0.294478527607362
dorsal,real_only,0.9331069864116655,0.10167714884696016,0.7116564417177914,0.2883435582822086,0.294478527607362
dorsal,real_only,0.9337286573360137,0.0980083857442348,0.7116564417177914,0.2883435582822086,0.2883435582822086
dorsal,real_only,0.9341877552735983,0.09486373165618449,0.7177914110429449,0.2822085889570552,0.2822085889570552
dorsal,real_only,0.9345399528891186,0.09171907756813417,0.7239263803680982,0.27607361963190186,0.27607361963190186
dorsal,real_only,0.9348081089192853,0.08857442348008386,0.7239263803680982,0.27607361963190186,0.27607361963190186
dorsal,real_only,0.9349804506864592,0.08490566037735849,0.7239263803680982,0.27607361963190186,0.27607361963190186
dorsal,real_only,0.935862849508069,0.08228511530398323,0.7300613496932515,0.26993865030674846,0.26993865030674846
dorsal,real_only,0.9361557988041134,0.07914046121593292,0.7361963190184049,0.26380368098159507,0.26380368098159507
dorsal,real_only,0.9363892142908707,0.07547169811320754,0.7361963190184049,0.26380368098159507,0.26380368098159507
dorsal,real_only,0.9369780509033274,0.07285115303983228,0.7484662576687117,0.25153374233128833,0.25153374233128833
dorsal,real_only,0.9372907984062946,0.06970649895178196,0.7484662576687117,0.25153374233128833,0.25153374233128833
dorsal,real_only,0.9375592663042471,0.06656184486373165,0.7484662576687117,0.25153374233128833,0.25153374233128833
dorsal,real_only,0.9378607207016079,0.0639412997903564,0.7607361963190185,0.2392638036809816,0.2392638036809816
dorsal,real_only,0.9384640222771453,0.06079664570230608,0.7607361963190185,0.2392638036809816,0.2392638036809816
dorsal,real_only,0.9391780219785772,0.05817610062893082,0.7730061349693251,0.22699386503067484,0.22699386503067484
dorsal,real_only,0.9397260295823147,0.055031446540880505,0.7791411042944785,0.22085889570552147,0.22085889570552147
dorsal,real_only,0.9403975858576246,0.05188679245283019,0.7852760736196319,0.2147239263803681,0.2147239263803681
dorsal,real_only,0.9409709118838956,0.049266247379454925,0.7975460122699387,0.20245398773006135,0.20245398773006135
dorsal,real_only,0.9413009614001576,0.04559748427672956,0.7975460122699387,0.20245398773006135,0.20245398773006135
dorsal,real_only,0.9416060226996403,0.04245283018867924,0.803680981595092,0.19631901840490798,0.19631901840490798
dorsal,real_only,0.9424711371089716,0.03878406708595388,0.803680981595092,0.19631901840490798,0.19631901840490798
dorsal,real_only,0.9430071008463623,0.03511530398322851,0.8098159509202454,0.1901840490797546,0.1901840490797546
dorsal,real_only,0.9438657533958403,0.03249475890985325,0.8220858895705522,0.17791411042944785,0.17791411042944785
dorsal,real_only,0.9450178661361789,0.029350104821802937,0.8220858895705522,0.17791411042944785,0.17791411042944785
dorsal,real_only,0.9459157410695569,0.026729559748427674,0.834355828220859,0.1656441717791411,0.1656441717791411
dorsal,real_only,0.9465870170814557,0.024633123689727462,0.852760736196319,0.147239263803681,0.147239263803681
dorsal,real_only,0.947547795466984,0.020964360587002098,0.852760736196319,0.147239263803681,0.147239263803681
dorsal,real_only,0.9485395185098366,0.01781970649895178,0.8588957055214724,0.1411042944785276,0.1411042944785276
dorsal,real_only,0.9506666753492101,0.014675052410901468,0.8650306748466258,0.13496932515337423,0.13496932515337423
dorsal,real_only,0.9519732887989747,0.0110062893081761,0.8650306748466258,0.13496932515337423,0.13496932515337423
dorsal,real_only,0.9533558228851176,0.007337526205450734,0.8650306748466258,0.13496932515337423,0.13496932515337423
dorsal,real_only,0.9562397693594703,0.005765199161425576,0.8895705521472392,0.11042944785276074,0.11042944785276074
dorsal,real_only,0.9586895950019874,0.0031446540880503146,0.901840490797546,0.09815950920245399,0.09815950920245399
dorsal,real_only,0.9633981770055478,0.0015723270440251573,0.9263803680981595,0.0736196319018405,0.0736196319018405
dorsal,real_only,0.9691256454924168,0.0,0.950920245398773,0.049079754601226995,0.049079754601226995
dorsal,real_only,0.9746123168793385,0.0,0.9938650306748467,0.006134969325153374,0.006134969325153374
fused,all,-0.6441898683667339,1.0,0.20858895705521474,0.7914110429447853,0.9141104294478528
fused,all,-0.24488089021258042,0.9968553459119497,0.20858895705521474,0.7914110429447853,0.9079754601226994
fused,all,-0.13873146008013104,0.9931865828092243,0.20858895705521474,0.7914110429447853,0.9079754601226994
fused,all,-0.024230218049959985,0.989517819706499,0.20858895705521474,0.7914110429447853,0.9079754601226994
fused,all,0.013036819138585787,0.9868972746331237,0.21472392638036808,0.7852760736196319,0.901840490797546
fused,all,0.10460242018947852,0.9837526205450734,0.22085889570552142,0.7791411042944786,0.8957055214723927
fused,all,0.19036169141477255,0.980083857442348,0.22085889570552142,0.7791411042944786,0.8957055214723927
fused,all,0.2305155075981513,0.9764150943396226,0.22085889570552142,0.7791411042944786,0.8957055214723927
fused,all,0.2440298703182136,0.9727463312368972,0.22085889570552142,0.7791411042944786,0.8957055214723927
fused,all,0.2899086574847818,0.9696016771488469,0.22085889570552142,0.7791411042944786,0.8895705521472392
fused,all,0.3208916165529063,0.9664570230607966,0.22085889570552142,0.7791411042944786,0.8895705521472392
fused,all,0.3469234036128167,0.9627882599580713,0.22085889570552142,0.7791411042944786,0.8895705521472392
fused,all,0.37144840979062604,0.9591194968553459,0.22085889570552142,0.7791411042944786,0.8895705521472392
fused,all,0.41582869197850725,0.9554507337526206,0.22085889570552142,0.7791411042944786,0.8895705521472392
fused,all,0.4548924991445893,0.9523060796645703,0.22085889570552142,0.7791411042944786,0.8834355828220859
fused,all,0.4724443185703103,0.9486373165618449,0.22085889570552142,0.7791411042944786,0.8834355828220859
fused,all,0.5027802615570651,0.9449685534591195,0.22085889570552142,0.7791411042944786,0.8834355828220859
fused,all,0.5219710369728334,0.9412997903563941,0.22085889570552142,0.7791411042944786,0.8773006134969326
fused,all,0.5370516082400194,0.9376310272536688,0.22085889570552142,0.7791411042944786,0.8773006134969326
fused,all,0.5652323003394224,0.9339622641509434,0.22085889570552142,0.7791411042944786,0.8773006134969326
fused,all,0.577727205840171,0.9302935010482181,0.22085889570552142,0.7791411042944786,0.8711656441717791
fused,all,0.5924067022430397,0.9266247379454927,0.22085889570552142,0.7791411042944786,0.8711656441717791
fused,all,0.6106716912687185,0.9234800838574424,0.22699386503067487,0.7730061349693251,0.8650306748466258
fused,all,0.63878189548888,0.9203354297693921,0.22699386503067487,0.7730061349693251,0.8650306748466258
fused,all,0.6481737170322837,0.9166666666666666,0.22699386503067487,0.7730061349693251,0.8650306748466258
fused,all,0.6648060146033573,0.9129979035639413,0.22699386503067487,0.7730061349693251,0.8588957055214724
fused,all,0.6712681550909234,0.9093291404612159,0.22699386503067487,0.7730061349693251,0.8588957055214724
fused,all,0.6832985571414024,0.9061844863731656,0.22699386503067487,0.7730061349693251,0.8588957055214724
fused,all,0.6999045520619388,0.9030398322851153,0.2331288343558282,0.7668711656441718,0.852760736196319
fused,all,0.7144531687439494,0.899895178197065,0.2331288343558282,0.7668711656441718,0.852760736196319
fused,all,0.7226183471972256,0.8967505241090147,0.2331288343558282,0.7668711656441718,0.852760736196319
fused,all,0.7269736233064646,0.8930817610062893,0.2331288343558282,0.7668711656441718,0.852760736196319
fused,all,0.7336130469098194,0.890461215932914,0.23926380368098155,0.7607361963190185,0.8466257668711656
fused,all,0.7498537949684867,0.8873165618448637,0.245398773006135,0.754601226993865,0.8404907975460123
fused,all,0.7594230933496396,0.8836477987421384,0.245398773006135,0.754601226993865,0.8404907975460123
fused,all,0.7627329072920458,0.8805031446540881,0.245398773006135,0.754601226993865,0.8404907975460123
fused,all,0.7705948883841619,0.8768343815513627,0.245398773006135,0.754601226993865,0.8404907975460123
fused,all,0.7766564356178867,0.8731656184486373,0.245398773006135,0.754601226993865,0.8404907975460123
fused,all,0.7838850484592116,0.8694968553459119,0.245398773006135,0.754601226993865,0.8404907975460123
fused,all,0.785885561472424,0.8663522012578616,0.25153374233128833,0.7484662576687117,0.8343558282208589
fused,all,0.7961949406400309,0.8637316561844863,0.2576687116564417,0.7423312883435583,0.8282208588957055
fused,all,0.8122422062836927,0.860062893081761,0.2576687116564417,0.7423312883435583,0.8282208588957055
fused,all,0.8182098672408067,0.8563941299790356,0.2576687116564417,0.7423312883435583,0.8282208588957055
fused,all,0.8224593725821115,0.8527253668763103,0.2576687116564417,0.7423312883435583,0.8220858895705522
fused,all,0.8296123337385142,0.8490566037735849,0.2576687116564417,0.7423312883435583,0.8220858895705522
fused,all,0.8336851819641424,0.8459119496855346,0.2638036809815951,0.7361963190184049,0.8159509202453987
fused,all,0.8421001313364623,0.8422431865828093,0.2638036809815951,0.7361963190184049,0.8159509202453987
fused,all,0.8466061980418425,0.8385744234800838,0.2638036809815951,0.7361963190184049,0.8159509202453987
fused,all,0.8527962135493696,0.8354297693920335,0.26993865030674846,0.7300613496932515,0.8098159509202454
fused,all,0.8585374897321565,0.8317610062893082,0.26993865030674846,0.7300613496932515,0.8098159509202454
fused,all,0.8661622756341465,0.8280922431865828,0.26993865030674846,0.7300613496932515,0.8098159509202454
fused,all,0.8737597405488702,0.8244234800838575,0.26993865030674846,0.7300613496932515,0.803680981595092
fused,all,0.8789942984957158,0.8212788259958071,0.2760736196319018,0.7239263803680982,0.7975460122699386
fused,all,0.8830476797152417,0.8186582809224319,0.2760736196319018,0.7239263803680982,0.7975460122699386
fused,all,0.8931780427030114,0.8155136268343816,0.28220858895705525,0.7177914110429447,0.7914110429447853
fused,all,0.8977119630455546,0.8123689727463312,0.28220858895705525,0.7177914110429447,0.7914110429447853
fused,all,0.9082233597649558,0.8087002096436059,0.28220858895705525,0.7177914110429447,0.7914110429447853
fused,all,0.9122675091108814,0.8050314465408805,0.28220858895705525,0.7177914110429447,0.7914110429447853
fused,all,0.9159698111810451,0.8013626834381551,0.28220858895705525,0.7177914110429447,0.7852760736196319
fused,all,0.9255892753117768,0.7976939203354297,0.28220858895705525,0.7177914110429447,0.7852760736196319
fused,all,0.9343193353334716,0.7940251572327044,0.28220858895705525,0.7177914110429447,0.7852760736196319
fused,all,0.9392699921755059,0.790356394129979,0.28220858895705525,0.7177914110429447,0.7852760736196319
fused,all,0.9443349748992769,0.7866876310272537,0.28220858895705525,0.7177914110429447,0.7852760736196319
fused,all,0.949648734886521,0.7830188679245284,0.28220858895705525,0.7177914110429447,0.7852760736196319
fused,all,0.9563014560326126,0.7793501048218029,0.28220858895705525,0.7177914110429447,0.7852760736196319
fused,all,0.9608167621767669,0.7756813417190775,0.28220858895705525,0.7177914110429447,0.7852760736196319
fused,all,0.9702689319402443,0.7725366876310272,0.28220858895705525,0.7177914110429447,0.7852760736196319
fused,all,0.9746147825592864,0.769916142557652,0.29447852760736193,0.7055214723926381,0.7730061349693251
fused,all,0.9791881259456952,0.7662473794549266,0.29447852760736193,0.7055214723926381,0.7730061349693251
fused,all,0.981529517880627,0.7625786163522013,0.29447852760736193,0.7055214723926381,0.7668711656441718
fused,all,0.9880882406483057,0.759958071278826,0.3006134969325154,0.6993865030674846,0.7607361963190185
fused,all,0.9959925465175329,0.7568134171907757,0.3067484662576687,0.6932515337423313,0.754601226993865
fused,all,0.9999286925659681,0.7531446540880503,0.3067484662576687,0.6932515337423313,0.754601226993865
fused,all,1.005907525917944,0.749475890985325,0.3067484662576687,0.6932515337423313,0.754601226993865
fused,all,1.008375775484315,0.7458071278825996,0.3067484662576687,0.6932515337423313,0.754601226993865
fused,all,1.0116995781145035,0.7421383647798742,0.3067484662576687,0.6932515337423313,0.754601226993865
fused,all,1.0167509614294985,0.7384696016771488,0.3067484662576687,0.6932515337423313,0.754601226993865
fused,all,1.020750223968662,0.7353249475890985,0.3067484662576687,0.6932515337423313,0.754601226993865
fused,all,1.0235777107932824,0.7316561844863732,0.3067484662576687,0.6932515337423313,0.754601226993865
fused,all,1.027126955078741,0.7285115303983228,0.3067484662576687,0.6932515337423313,0.754601226993865
fused,all,1.0304809441079856,0.7248427672955975,0.3067484662576687,0.6932515337423313,0.754601226993865
fused,all,1.0358472023247833,0.7211740041928721,0.3067484662576687,0.6932515337423313,0.754601226993865
fused,all,1.0378486260323807,0.7175052410901468,0.3067484662576687,0.6932515337423313,0.754601226993865
fused,all,1.0408909682917935,0.7138364779874213,0.3067484662576687,0.6932515337423313,0.754601226993865
fused,all,1.0443480180886588,0.710691823899371,0.31288343558282206,0.6871165644171779,0.7484662576687117
fused,all,1.0476243297624679,0.7070230607966457,0.31288343558282206,0.6871165644171779,0.7484662576687117
fused,all,1.052135286815759,0.7033542976939203,0.31288343558282206,0.6871165644171779,0.7484662576687117
fused,all,1.0551346809273894,0.699685534591195,0.31288343558282206,0.6871165644171779,0.7484662576687117
fused,all,1.060264042790836,0.6960167714884696,0.31288343558282206,0.6871165644171779,0.7484662576687117
fused,all,1.0684994923736602,0.6933962264150944,0.3190184049079755,0.6809815950920245,0.7423312883435583
fused,all,1.072826320417668,0.690251572327044,0.3190184049079755,0.6809815950920245,0.7423312883435583
fused,all,1.074051619956696,0.6876310272536688,0.3190184049079755,0.6809815950920245,0.7423312883435583
fused,all,1.0769544164816154,0.6844863731656184,0.3190184049079755,0.6809815950920245,0.7423312883435583
fused,all,1.0798957104698557,0.6808176100628931,0.3190184049079755,0.6809815950920245,0.7423312883435583
fused,all,1.0860622933055866,0.6771488469601677,0.3190184049079755,0.6809815950920245,0.7423312883435583
fused,all,1.088794221124659,0.6734800838574424,0.3190184049079755,0.6809815950920245,0.7423312883435583
fused,all,1.0967748527114236,0.6698113207547169,0.3190184049079755,0.6809815950920245,0.7423312883435583
fused,all,1.0992866995003823,0.6661425576519916,0.3190184049079755,0.6809815950920245,0.7423312883435583
fused,all,1.1022971268020685,0.6624737945492662,0.3190184049079755,0.6809815950920245,0.7423312883435583
fused,all,1.1050485659025686,0.6588050314465409,0.3190184049079755,0.6809815950920245,0.7423312883435583
fused,all,1.1086928157137719,0.6556603773584906,0.32515337423312884,0.6748466257668712,0.7361963190184049
fused,all,1.1128526697916525,0.6519916142557652,0.32515337423312884,0.6748466257668712,0.7361963190184049
fused,all,1.1164331905062186,0.6488469601677149,0.3312883435582822,0.6687116564417178,0.7300613496932515
fused,all,1.1233558461035473,0.6451781970649895,0.3312883435582822,0.6687116564417178,0.7300613496932515
fused,all,1.1258656330290528,0.6415094339622641,0.3312883435582822,0.6687116564417178,0.7300613496932515
fused,all,1.1318252249544722,0.6383647798742138,0.3312883435582822,0.6687116564417178,0.7300613496932515
fused,all,1.134429923825895,0.6352201257861635,0.3312883435582822,0.6687116564417178,0.7300613496932515
fused,all,1.1364321877507633,0.6315513626834381,0.3312883435582822,0.6687116564417178,0.7300613496932515
fused,all,1.1401243330681103,0.6278825995807128,0.3312883435582822,0.6687116564417178,0.7300613496932515
fused,all,1.143004853932612,0.6242138364779874,0.3312883435582822,0.6687116564417178,0.7300613496932515
fused,all,1.1462224700006913,0.6205450733752621,0.3312883435582822,0.6687116564417178,0.7300613496932515
fused,all,1.148795915649925,0.6168763102725366,0.3312883435582822,0.6687116564417178,0.7300613496932515
fused,all,1.1528437206655853,0.6137316561844863,0.33742331288343563,0.6625766871165644,0.7239263803680982
fused,all,1.15534374723067,0.610062893081761,0.33742331288343563,0.6625766871165644,0.7177914110429447
fused,all,1.1575589056702378,0.6069182389937107,0.34355828220858897,0.656441717791411,0.7116564417177914
fused,all,1.1593924321557956,0.6032494758909853,0.34355828220858897,0.656441717791411,0.7116564417177914
fused,all,1.161150046303626,0.59958071278826,0.34355828220858897,0.656441717791411,0.7116564417177914
fused,all,1.1636514935007058,0.5959119496855346,0.34355828220858897,0.656441717791411,0.7116564417177914
fused,all,1.1667105477825657,0.5932914046121593,0.3496932515337423,0.6503067484662577,0.7055214723926381
fused,all,1.1682260633437223,0.589622641509434,0.3496932515337423,0.6503067484662577,0.7055214723926381
fused,all,1.170787911704722,0.5864779874213837,0.35582822085889576,0.6441717791411042,0.6993865030674846
fused,all,1.1744018399587497,0.5828092243186582,0.35582822085889576,0.6441717791411042,0.6993865030674846
fused,all,1.180084999730134,0.5791404612159329,0.35582822085889576,0.6441717791411042,0.6993865030674846
fused,all,1.1871854147086491,0.5754716981132075,0.35582822085889576,0.6441717791411042,0.6932515337423313
fused,all,1.1926081732965832,0.5718029350104822,0.35582822085889576,0.6441717791411042,0.6932515337423313
fused,all,1.1955345303244762,0.5681341719077568,0.35582822085889576,0.6441717791411042,0.6932515337423313
fused,all,1.198028987634753,0.5649895178197065,0.3619631901840491,0.6380368098159509,0.6871165644171779
fused,all,1.2005344405167184,0.5613207547169812,0.3619631901840491,0.6380368098159509,0.6871165644171779
fused,all,1.203257992493895,0.5576519916142557,0.3619631901840491,0.6380368098159509,0.6871165644171779
fused,all,1.2057591145366318,0.5545073375262054,0.36809815950920244,0.6319018404907976,0.6809815950920245
fused,all,1.2077336989986094,0.55083857442348,0.36809815950920244,0.6319018404907976,0.6748466257668712
fused,all,1.210047561849312,0.5476939203354297,0.36809815950920244,0.6319018404907976,0.6748466257668712
fused,all,1.2118013295186902,0.5440251572327044,0.36809815950920244,0.6319018404907976,0.6748466257668712
fused,all,1.213464656062073,0.540356394129979,0.36809815950920244,0.6319018404907976,0.6748466257668712
fused,all,1.2166816768457427,0.5372117400419287,0.3742331288343558,0.6257668711656442,0.6687116564417178
fused,all,1.2183562215173482,0.5340670859538784,0.3803680981595092,0.6196319018404908,0.6625766871165644
fused,all,1.2201044556177505,0.5309224318658281,0.3803680981595092,0.6196319018404908,0.6625766871165644
fused,all,1.2230996796143954,0.5272536687631028,0.3803680981595092,0.6196319018404908,0.6625766871165644
fused,all,1.2256374565769177,0.5241090146750524,0.3803680981595092,0.6196319018404908,0.6625766871165644
fused,all,1.2275628952671902,0.5209643605870021,0.38650306748466257,0.6134969325153374,0.656441717791411
fused,all,1.2286398055720598,0.5178197064989518,0.3926380368098159,0.6073619631901841,0.6503067484662577
fused,all,1.2340724650763355,0.5146750524109015,0.39877300613496935,0.6012269938650306,0.6441717791411042
fused,all,1.2362120408245623,0.5110062893081762,0.39877300613496935,0.6012269938650306,0.6441717791411042
fused,all,1.238839525665853,0.5073375262054507,0.39877300613496935,0.6012269938650306,0.6380368098159509
fused,all,1.2419307926429752,0.5047169811320755,0.39877300613496935,0.6012269938650306,0.6380368098159509
fused,all,1.2452119167092754,0.5010482180293501,0.39877300613496935,0.6012269938650306,0.6380368098159509
fused,all,1.2477813232529846,0.4979035639412998,0.39877300613496935,0.6012269938650306,0.6380368098159509
fused,all,1.2497763245323705,0.4947589098532495,0.4049079754601227,0.5950920245398773,0.6319018404907976
fused,all,1.2516622661546477,0.4910901467505241,0.4049079754601227,0.5950920245398773,0.6319018404907976
fused,all,1.255233762638877,0.48742138364779874,0.4049079754601227,0.5950920245398773,0.6319018404907976
fused,all,1.2591938129711127,0.4837526205450734,0.4049079754601227,0.5950920245398773,0.6319018404907976
fused,all,1.262478454611862,0.480083857442348,0.4049079754601227,0.5950920245398773,0.6319018404907976
fused,all,1.2665053195226847,0.4769392033542977,0.41104294478527603,0.588957055214724,0.6257668711656442
fused,all,1.2685307885787829,0.47327044025157233,0.41104294478527603,0.588957055214724,0.6196319018404908
fused,all,1.2721236595246577,0.469601677148847,0.41104294478527603,0.588957055214724,0.6196319018404908
fused,all,1.276212777140378,0.4659329140461216,0.41104294478527603,0.588957055214724,0.6196319018404908
fused,all,1.279752363160347,0.46226415094339623,0.41104294478527603,0.588957055214724,0.6196319018404908
fused,all,1.2823032251346715,0.4591194968553459,0.41104294478527603,0.588957055214724,0.6196319018404908
fused,all,1.2854094588390588,0.4559748427672956,0.41104294478527603,0.588957055214724,0.6196319018404908
fused,all,1.2894400025310508,0.4528301886792453,0.4171779141104295,0.5828220858895705,0.6134969325153374
fused,all,1.2919432169650933,0.449685534591195,0.4233128834355828,0.5766871165644172,0.6073619631901841
fused,all,1.2953057762651734,0.4460167714884696,0.4233128834355828,0.5766871165644172,0.6012269938650306
fused,all,1.3000870466361862,0.44234800838574423,0.4233128834355828,0.5766871165644172,0.6012269938650306
fused,all,1.3011746351554345,0.4386792452830189,0.4233128834355828,0.5766871165644172,0.6012269938650306
fused,all,1.304023304822167,0.4350104821802935,0.4233128834355828,0.5766871165644172,0.5950920245398773
fused,all,1.306018652235068,0.43134171907756813,0.4233128834355828,0.5766871165644172,0.588957055214724
fused,all,1.3084529369311615,0.4276729559748428,0.4233128834355828,0.5766871165644172,0.588957055214724
fused,all,1.3102454660157699,0.42452830188679247,0.42944785276073616,0.5705521472392638,0.5828220858895705
fused,all,1.3137520308855515,0.42085953878406707,0.42944785276073616,0.5705521472392638,0.5828220858895705
fused,all,1.3159060560464129,0.41771488469601675,0.4355828220858896,0.5644171779141104,0.5766871165644172
fused,all,1.3177701248805758,0.41457023060796644,0.4355828220858896,0.5644171779141104,0.5766871165644172
fused,all,1.3237071379237162,0.4109014675052411,0.4355828220858896,0.5644171779141104,0.5766871165644172
fused,all,1.3263855965049627,0.40723270440251574,0.4355828220858896,0.5644171779141104,0.5766871165644172
fused,all,1.3282828035085354,0.40461215932914046,0.4478527607361963,0.5521472392638037,0.5644171779141104
fused,all,1.3313993366648473,0.40146750524109015,0.4478527607361963,0.5521472392638037,0.5644171779141104
fused,all,1.3341181867652976,0.3977987421383648,0.4478527607361963,0.5521472392638037,0.5644171779141104
fused,all,1.3364237888207908,0.3941299790356394,0.4478527607361963,0.5521472392638037,0.5644171779141104
fused,all,1.3386846970619892,0.3915094339622642,0.45398773006134974,0.5460122699386503,0.558282208588957
fused,all,1.3427944743818605,0.38836477987421386,0.4601226993865031,0.5398773006134969,0.5521472392638037
fused,all,1.3447309674686097,0.38522012578616355,0.4601226993865031,0.5398773006134969,0.5521472392638037
fused,all,1.347417698091854,0.38155136268343814,0.4601226993865031,0.5398773006134969,0.5521472392638037
fused,all,1.3486647790244373,0.37840670859538783,0.4662576687116564,0.5337423312883436,0.5460122699386503
fused,all,1.3505279269061923,0.3747379454926625,0.4662576687116564,0.5337423312883436,0.5460122699386503
fused,all,1.3541069533737669,0.37159329140461217,0.4662576687116564,0.5337423312883436,0.5460122699386503
fused,all,1.3567125482378182,0.36792452830188677,0.4662576687116564,0.5337423312883436,0.5460122699386503
fused,all,1.3588665043021413,0.3642557651991614,0.4662576687116564,0.5337423312883436,0.5460122699386503
fused,all,1.3612584126475478,0.3611111111111111,0.47239263803680986,0.5276073619631901,0.5398773006134969
fused,all,1.3628365853331568,0.3579664570230608,0.4785276073619632,0.5214723926380368,0.5276073619631901
fused,all,1.3662653326741565,0.35429769392033544,0.4785276073619632,0.5214723926380368,0.5214723926380368
fused,all,1.3683508662614414,0.35115303983228513,0.4785276073619632,0.5214723926380368,0.5214723926380368
fused,all,1.3729793694819157,0.3474842767295597,0.4785276073619632,0.5214723926380368,0.5214723926380368
fused,all,1.374548055576604,0.3443396226415094,0.4785276073619632,0.5214723926380368,0.5214723926380368
fused,all,1.3761680408048624,0.34067085953878407,0.4785276073619632,0.5214723926380368,0.5214723926380368
fused,all,1.377936699391952,0.3370020964360587,0.4785276073619632,0.5214723926380368,0.5214723926380368
fused,all,1.3794112318671867,0.3333333333333333,0.4785276073619632,0.5214723926380368,0.5214723926380368
fused,all,1.3822703815871566,0.330188679245283,0.48466257668711654,0.5153374233128835,0.5153374233128835
fused,all,1.3866566702633905,0.3270440251572327,0.48466257668711654,0.5153374233128835,0.5153374233128835
fused,all,1.3886831202752867,0.32442348008385746,0.49693251533742333,0.5030674846625767,0.5030674846625767
fused,all,1.391055937971728,0.32075471698113206,0.49693251533742333,0.5030674846625767,0.5030674846625767
fused,all,1.3938898439200111,0.31761006289308175,0.49693251533742333,0.5030674846625767,0.5030674846625767
fused,all,1.3968067459505105,0.3139412997903564,0.49693251533742333,0.5030674846625767,0.5030674846625767
fused,all,1.400551455510462,0.31027253668763105,0.49693251533742333,0.5030674846625767,0.5030674846625767
fused,all,1.4053169006296118,0.30712788259958074,0.5030674846625767,0.49693251533742333,0.49693251533742333
fused,all,1.4079872789350838,0.30345911949685533,0.5030674846625767,0.49693251533742333,0.49693251533742333
fused,all,1.409423005555262,0.300314465408805,0.50920245398773,0.49079754601226994,0.49079754601226994
fused,all,1.4114375823278706,0.2966457023060797,0.50920245398773,0.49079754601226994,0.49079754601226994
fused,all,1.4132515054957324,0.2940251572327044,0.5153374233128835,0.48466257668711654,0.48466257668711654
fused,all,1.4169315380010523,0.29035639412997905,0.5153374233128835,0.48466257668711654,0.48466257668711654
fused,all,1.4183875562691775,0.28668763102725364,0.5153374233128835,0.48466257668711654,0.48466257668711654
fused,all,1.4190124894091403,0.28354297693920333,0.5153374233128835,0.48466257668711654,0.48466257668711654
fused,all,1.4213596863321218,0.280398322851153,0.5214723926380368,0.4785276073619632,0.4785276073619632
fused,all,1.4237273782446946,0.27672955974842767,0.5214723926380368,0.4785276073619632,0.4785276073619632
fused,all,1.4275992525778527,0.2730607966457023,0.5214723926380368,0.4785276073619632,0.4785276073619632
fused,all,1.4290454623160338,0.2693920335429769,0.5214723926380368,0.4785276073619632,0.4785276073619632
fused,all,1.43135765430844,0.2662473794549266,0.5276073619631902,0.4723926380368098,0.4723926380368098
fused,all,1.4340469084023746,0.26257861635220126,0.5276073619631902,0.4723926380368098,0.4723926380368098
fused,all,1.4376341906197745,0.259958071278826,0.5337423312883436,0.4662576687116564,0.4662576687116564
fused,all,1.4393669415026773,0.2562893081761006,0.5337423312883436,0.4662576687116564,0.4662576687116564
fused,all,1.4402573331902624,0.2531446540880503,0.5337423312883436,0.4662576687116564,0.4662576687116564
fused,all,1.4421176100966009,0.25,0.5398773006134969,0.4601226993865031,0.4601226993865031
fused,all,1.4430700977986404,0.24633123689727462,0.5398773006134969,0.4601226993865031,0.4601226993865031
fused,all,1.4464705909183517,0.24266247379454928,0.5398773006134969,0.4601226993865031,0.4601226993865031
fused,all,1.4499649417590528,0.23951781970649896,0.5398773006134969,0.4601226993865031,0.4601226993865031
fused,all,1.4524097115199952,0.23637316561844865,0.5460122699386503,0.4539877300613497,0.4539877300613497
fused,all,1.45333619504,0.23270440251572327,0.5460122699386503,0.4539877300613497,0.4539877300613497
fused,all,1.455374254950923,0.22955974842767296,0.5521472392638036,0.44785276073619634,0.44785276073619634
fused,all,1.4577214984559994,0.22589098532494759,0.5521472392638036,0.44785276073619634,0.44785276073619634
fused,all,1.4608005490267155,0.2222222222222222,0.5521472392638036,0.44785276073619634,0.44785276073619634
fused,all,1.463760714267341,0.21855345911949686,0.5521472392638036,0.44785276073619634,0.44785276073619634
fused,all,1.464952270771966,0.2148846960167715,0.5521472392638036,0.44785276073619634,0.44785276073619634
fused,all,1.4676816468979397,0.2112159329140461,0.5521472392638036,0.44785276073619634,0.44785276073619634
fused,all,1.4700315177844359,0.2080712788259958,0.558282208588957,0.44171779141104295,0.44171779141104295
fused,all,1.4721508866444868,0.20440251572327045,0.558282208588957,0.44171779141104295,0.44171779141104295
fused,all,1.4755064942473097,0.20125786163522014,0.5644171779141105,0.43558282208588955,0.43558282208588955
fused,all,1.4798719957292836,0.19758909853249476,0.5644171779141105,0.43558282208588955,0.43558282208588955
fused,all,1.4820138424924698,0.1949685534591195,0.5705521472392638,0.4294478527607362,0.4294478527607362
fused,all,1.4845522005321032,0.19129979035639413,0.5705521472392638,0.4294478527607362,0.4294478527607362
fused,all,1.486482894245651,0.18815513626834382,0.5766871165644172,0.4233128834355828,0.4233128834355828
fused,all,1.4879366067343371,0.18448637316561844,0.5766871165644172,0.4233128834355828,0.4233128834355828
fused,all,1.4907818876122514,0.1818658280922432,0.5828220858895705,0.4171779141104294,0.4171779141104294
fused,all,1.4951305409918372,0.17819706498951782,0.5828220858895705,0.4171779141104294,0.4171779141104294
fused,all,1.4969679206898334,0.17452830188679244,0.5828220858895705,0.4171779141104294,0.4171779141104294
fused,all,1.4985193027540644,0.1708595387840671,0.5828220858895705,0.4171779141104294,0.4171779141104294
fused,all,1.5027905236614036,0.16719077568134172,0.5828220858895705,0.4171779141104294,0.4171779141104294
fused,all,1.5055969493832175,0.1640461215932914,0.5889570552147239,0.4110429447852761,0.4110429447852761
fused,all,1.5084842994741006,0.16037735849056603,0.5889570552147239,0.4110429447852761,0.4110429447852761
fused,all,1.5108871800774102,0.15723270440251572,0.5950920245398773,0.4049079754601227,0.4049079754601227
fused,all,1.512857394911236,0.1540880503144654,0.6012269938650308,0.3987730061349693,0.3987730061349693
fused,all,1.5174515709559546,0.15146750524109015,0.6012269938650308,0.3987730061349693,0.3987730061349693
fused,all,1.5207533708727348,0.14832285115303984,0.6073619631901841,0.39263803680981596,0.39263803680981596
fused,all,1.5232039441065472,0.14465408805031446,0.6073619631901841,0.39263803680981596,0.39263803680981596
fused,all,1.5267050041150199,0.14098532494758909,0.6073619631901841,0.39263803680981596,0.39263803680981596
fused,all,1.528819461163485,0.13731656184486374,0.6073619631901841,0.39263803680981596,0.39263803680981596
fused,all,1.529951756438842,0.13469601677148846,0.6196319018404908,0.3803680981595092,0.3803680981595092
fused,all,1.532605906320943,0.1320754716981132,0.6319018404907976,0.36809815950920244,0.36809815950920244
fused,all,1.5356180737763945,0.12840670859538783,0.6319018404907976,0.36809815950920244,0.36809815950920244
fused,all,1.538097792868091,0.12526205450733752,0.6380368098159509,0.3619631901840491,0.3619631901840491
fused,all,1.5412245273948537,0.12211740041928722,0.6441717791411044,0.3558282208588957,0.3558282208588957
fused,all,1.5429018327294024,0.11844863731656184,0.6441717791411044,0.3558282208588957,0.3558282208588957
fused,all,1.5455523120165902,0.11477987421383648,0.6441717791411044,0.3558282208588957,0.3558282208588957
fused,all,1.5485081191041659,0.1111111111111111,0.6441717791411044,0.3558282208588957,0.3558282208588957
fused,all,1.5497657213591693,0.10796645702306079,0.6441717791411044,0.3558282208588957,0.3558282208588957
fused,all,1.553855164671704,0.10482180293501048,0.6503067484662577,0.3496932515337423,0.3496932515337423
fused,all,1.5561002707318887,0.10272536687631027,0.6687116564417178,0.3312883435582822,0.3312883435582822
fused,all,1.5599222270169357,0.09905660377358491,0.6687116564417178,0.3312883435582822,0.3312883435582822
fused,all,1.5637794700077878,0.0959119496855346,0.6748466257668712,0.32515337423312884,0.32515337423312884
fused,all,1.567796068594944,0.09224318658280922,0.6748466257668712,0.32515337423312884,0.32515337423312884
fused,all,1.5696182075375102,0.08857442348008386,0.6748466257668712,0.32515337423312884,0.32515337423312884
fused,all,1.5714607043737696,0.08490566037735849,0.6748466257668712,0.32515337423312884,0.32515337423312884
fused,all,1.5750755286172549,0.08123689727463312,0.6748466257668712,0.32515337423312884,0.32515337423312884
fused,all,1.577019020067925,0.07756813417190776,0.6748466257668712,0.32515337423312884,0.32515337423312884
fused,all,1.5789173031278247,0.07389937106918239,0.6748466257668712,0.32515337423312884,0.32515337423312884
fused,all,1.583054051667498,0.07127882599580712,0.6809815950920246,0.31901840490797545,0.31901840490797545
fused,all,1.588840213665484,0.06813417190775681,0.6871165644171779,0.3128834355828221,0.3128834355828221
fused,all,1.5928154335911309,0.0649895178197065,0.6871165644171779,0.3128834355828221,0.3128834355828221
fused,all,1.5965951520462316,0.06132075471698113,0.6871165644171779,0.3128834355828221,0.3128834355828221
fused,all,1.6052878225393519,0.057651991614255764,0.6871165644171779,0.3128834355828221,0.3128834355828221
fused,all,1.6102900218468736,0.05450733752620545,0.6932515337423313,0.3067484662576687,0.3067484662576687
fused,all,1.6179132384465424,0.05083857442348008,0.6932515337423313,0.3067484662576687,0.3067484662576687
fused,all,1.6226319950529458,0.04769392033542977,0.6993865030674846,0.3006134969325153,0.3006134969325153
fused,all,1.6340276476366964,0.044549266247379454,0.705521472392638,0.294478527607362,0.294478527607362
fused,all,1.6380449650157436,0.04140461215932914,0.7116564417177914,0.2883435582822086,0.2883435582822086
fused,all,1.6446718028707519,0.03825995807127883,0.7177914110429449,0.2822085889570552,0.2822085889570552
fused,all,1.6495728111742385,0.03511530398322851,0.7239263803680982,0.27607361963190186,0.27607361963190186
fused,all,1.6572534473987752,0.0319706498951782,0.7300613496932515,0.26993865030674846,0.26993865030674846
fused,all,1.6613218323548242,0.029350104821802937,0.7423312883435582,0.25766871165644173,0.25766871165644173
fused,all,1.669286015312577,0.026729559748427674,0.754601226993865,0.24539877300613497,0.24539877300613497
fused,all,1.672329042926886,0.02358490566037736,0.754601226993865,0.24539877300613497,0.24539877300613497
fused,all,1.6751054757079633,0.02148846960167715,0.7730061349693251,0.22699386503067484,0.22699386503067484
fused,all,1.6818459943341293,0.01939203354297694,0.7914110429447853,0.2085889570552147,0.2085889570552147
fused,all,1.6883871397574726,0.016771488469601678,0.803680981595092,0.19631901840490798,0.19631901840490798
fused,all,1.7026927590862644,0.01310272536687631,0.803680981595092,0.19631901840490798,0.19631901840490798
fused,all,1.71334356742048,0.010482180293501049,0.8159509202453987,0.18404907975460122,0.18404907975460122
fused,all,1.7351437475695866,0.006813417190775681,0.8159509202453987,0.18404907975460122,0.18404907975460122
fused,all,1.7493555929223565,0.003668763102725367,0.8220858895705522,0.17791411042944785,0.17791411042944785
fused,all,1.7883372794628518,0.0015723270440251573,0.8404907975460123,0.15950920245398773,0.15950920245398773
fused,all,1.816907561421932,0.0005241090146750524,0.8711656441717791,0.12883435582822086,0.12883435582822086
fused,all,1.858919589422459,0.0005241090146750524,0.9141104294478528,0.08588957055214724,0.08588957055214724
fused,all,1.8826379347254816,0.0,0.950920245398773,0.049079754601226995,0.049079754601226995
fused,all,2.034466170047488,0.0,0.9938650306748467,0.006134969325153374,0.006134969325153374
fused,real_only,-0.6441898683667339,1.0,0.20858895705521474,0.7914110429447853,0.9141104294478528
fused,real_only,-0.24488089021258042,0.9968553459119497,0.20858895705521474,0.7914110429447853,0.9079754601226994
fused,real_only,-0.13873146008013104,0.9931865828092243,0.20858895705521474,0.7914110429447853,0.9079754601226994
fused,real_only,-0.024230218049959985,0.989517819706499,0.20858895705521474,0.7914110429447853,0.9079754601226994
fused,real_only,0.013036819138585787,0.9868972746331237,0.21472392638036808,0.7852760736196319,0.901840490797546
fused,real_only,0.10460242018947852,0.9837526205450734,0.22085889570552142,0.7791411042944786,0.8957055214723927
fused,real_only,0.19036169141477255,0.980083857442348,0.22085889570552142,0.7791411042944786,0.8957055214723927
fused,real_only,0.2305155075981513,0.9764150943396226,0.22085889570552142,0.7791411042944786,0.8957055214723927
fused,real_only,0.2440298703182136,0.9727463312368972,0.22085889570552142,0.7791411042944786,0.8957055214723927
fused,real_only,0.2899086574847818,0.9696016771488469,0.22085889570552142,0.7791411042944786,0.8895705521472392
fused,real_only,0.3208916165529063,0.9664570230607966,0.22085889570552142,0.7791411042944786,0.8895705521472392
fused,real_only,0.3469234036128167,0.9627882599580713,0.22085889570552142,0.7791411042944786,0.8895705521472392
fused,real_only,0.37144840979062604,0.9591194968553459,0.22085889570552142,0.7791411042944786,0.8895705521472392
fused,real_only,0.41582869197850725,0.9554507337526206,0.22085889570552142,0.7791411042944786,0.8895705521472392
fused,real_only,0.4548924991445893,0.9523060796645703,0.22085889570552142,0.7791411042944786,0.8834355828220859
fused,real_only,0.4724443185703103,0.9486373165618449,0.22085889570552142,0.7791411042944786,0.8834355828220859
fused,real_only,0.5027802615570651,0.9449685534591195,0.22085889570552142,0.7791411042944786,0.8834355828220859
fused,real_only,0.5219710369728334,0.9412997903563941,0.22085889570552142,0.7791411042944786,0.8773006134969326
fused,real_only,0.5370516082400194,0.9376310272536688,0.22085889570552142,0.7791411042944786,0.8773006134969326
fused,real_only,0.5652323003394224,0.9339622641509434,0.22085889570552142,0.7791411042944786,0.8773006134969326
fused,real_only,0.577727205840171,0.9302935010482181,0.22085889570552142,0.7791411042944786,0.8711656441717791
fused,real_only,0.5924067022430397,0.9266247379454927,0.22085889570552142,0.7791411042944786,0.8711656441717791
fused,real_only,0.6106716912687185,0.9234800838574424,0.22699386503067487,0.7730061349693251,0.8650306748466258
fused,real_only,0.63878189548888,0.9203354297693921,0.22699386503067487,0.7730061349693251,0.8650306748466258
fused,real_only,0.6481737170322837,0.9166666666666666,0.22699386503067487,0.7730061349693251,0.8650306748466258
fused,real_only,0.6648060146033573,0.9129979035639413,0.22699386503067487,0.7730061349693251,0.8588957055214724
fused,real_only,0.6712681550909234,0.9093291404612159,0.22699386503067487,0.7730061349693251,0.8588957055214724
fused,real_only,0.6832985571414024,0.9061844863731656,0.22699386503067487,0.7730061349693251,0.8588957055214724
fused,real_only,0.6999045520619388,0.9030398322851153,0.2331288343558282,0.7668711656441718,0.852760736196319
fused,real_only,0.7144531687439494,0.899895178197065,0.2331288343558282,0.7668711656441718,0.852760736196319
fused,real_only,0.7226183471972256,0.8967505241090147,0.2331288343558282,0.7668711656441718,0.852760736196319
fused,real_only,0.7269736233064646,0.8930817610062893,0.2331288343558282,0.7668711656441718,0.852760736196319
fused,real_only,0.7336130469098194,0.890461215932914,0.23926380368098155,0.7607361963190185,0.8466257668711656
fused,real_only,0.7498537949684867,0.8873165618448637,0.245398773006135,0.754601226993865,0.8404907975460123
fused,real_only,0.7594230933496396,0.8836477987421384,0.245398773006135,0.754601226993865,0.8404907975460123
fused,real_only,0.7627329072920458,0.8805031446540881,0.245398773006135,0.754601226993865,0.8404907975460123
fused,real_only,0.7705948883841619,0.8768343815513627,0.245398773006135,0.754601226993865,0.8404907975460123
fused,real_only,0.7766564356178867,0.8731656184486373,0.245398773006135,0.754601226993865,0.8404907975460123
fused,real_only,0.7838850484592116,0.8694968553459119,0.245398773006135,0.754601226993865,0.8404907975460123
fused,real_only,0.785885561472424,0.8663522012578616,0.25153374233128833,0.7484662576687117,0.8343558282208589
fused,real_only,0.7961949406400309,0.8637316561844863,0.2576687116564417,0.7423312883435583,0.8282208588957055
fused,real_only,0.8122422062836927,0.860062893081761,0.2576687116564417,0.7423312883435583,0.8282208588957055
fused,real_only,0.8182098672408067,0.8563941299790356,0.2576687116564417,0.7423312883435583,0.8282208588957055
fused,real_only,0.8224593725821115,0.8527253668763103,0.2576687116564417,0.7423312883435583,0.8220858895705522
fused,real_only,0.8296123337385142,0.8490566037735849,0.2576687116564417,0.7423312883435583,0.8220858895705522
fused,real_only,0.8336851819641424,0.8459119496855346,0.2638036809815951,0.7361963190184049,0.8159509202453987
fused,real_only,0.8421001313364623,0.8422431865828093,0.2638036809815951,0.7361963190184049,0.8159509202453987
fused,real_only,0.8466061980418425,0.8385744234800838,0.2638036809815951,0.7361963190184049,0.8159509202453987
fused,real_only,0.8527962135493696,0.8354297693920335,0.26993865030674846,0.7300613496932515,0.8098159509202454
fused,real_only,0.8585374897321565,0.8317610062893082,0.26993865030674846,0.7300613496932515,0.8098159509202454
fused,real_only,0.8661622756341465,0.8280922431865828,0.26993865030674846,0.7300613496932515,0.8098159509202454
fused,real_only,0.8737597405488702,0.8244234800838575,0.26993865030674846,0.7300613496932515,0.803680981595092
fused,real_only,0.8789942984957158,0.8212788259958071,0.2760736196319018,0.7239263803680982,0.7975460122699386
fused,real_only,0.8830476797152417,0.8186582809224319,0.2760736196319018,0.7239263803680982,0.7975460122699386
fused,real_only,0.8931780427030114,0.8155136268343816,0.28220858895705525,0.7177914110429447,0.7914110429447853
fused,real_only,0.8977119630455546,0.8123689727463312,0.28220858895705525,0.7177914110429447,0.7914110429447853
fused,real_only,0.9082233597649558,0.8087002096436059,0.28220858895705525,0.7177914110429447,0.7914110429447853
fused,real_only,0.9122675091108814,0.8050314465408805,0.28220858895705525,0.7177914110429447,0.7914110429447853
fused,real_only,0.9159698111810451,0.8013626834381551,0.28220858895705525,0.7177914110429447,0.7852760736196319
fused,real_only,0.9255892753117768,0.7976939203354297,0.28220858895705525,0.7177914110429447,0.7852760736196319
fused,real_only,0.9343193353334716,0.7940251572327044,0.28220858895705525,0.7177914110429447,0.7852760736196319
fused,real_only,0.9392699921755059,0.790356394129979,0.28220858895705525,0.7177914110429447,0.7852760736196319
fused,real_only,0.9443349748992769,0.7866876310272537,0.28220858895705525,0.7177914110429447,0.7852760736196319
fused,real_only,0.949648734886521,0.7830188679245284,0.28220858895705525,0.7177914110429447,0.7852760736196319
fused,real_only,0.9563014560326126,0.7793501048218029,0.28220858895705525,0.7177914110429447,0.7852760736196319
fused,real_only,0.9608167621767669,0.7756813417190775,0.28220858895705525,0.7177914110429447,0.7852760736196319
fused,real_only,0.9702689319402443,0.7725366876310272,0.28220858895705525,0.7177914110429447,0.7852760736196319
fused,real_only,0.9746147825592864,0.769916142557652,0.29447852760736193,0.7055214723926381,0.7730061349693251
fused,real_only,0.9791881259456952,0.7662473794549266,0.29447852760736193,0.7055214723926381,0.7730061349693251
fused,real_only,0.981529517880627,0.7625786163522013,0.29447852760736193,0.7055214723926381,0.7668711656441718
fused,real_only,0.9880882406483057,0.759958071278826,0.3006134969325154,0.6993865030674846,0.7607361963190185
fused,real_only,0.9959925465175329,0.7568134171907757,0.3067484662576687,0.6932515337423313,0.754601226993865
fused,real_only,0.9999286925659681,0.7531446540880503,0.3067484662576687,0.6932515337423313,0.754601226993865
fused,real_only,1.005907525917944,0.749475890985325,0.3067484662576687,0.6932515337423313,0.754601226993865
fused,real_only,1.008375775484315,0.7458071278825996,0.3067484662576687,0.6932515337423313,0.754601226993865
fused,real_only,1.0116995781145035,0.7421383647798742,0.3067484662576687,0.6932515337423313,0.754601226993865
fused,real_only,1.0167509614294985,0.7384696016771488,0.3067484662576687,0.6932515337423313,0.754601226993865
fused,real_only,1.020750223968662,0.7353249475890985,0.3067484662576687,0.6932515337423313,0.754601226993865
fused,real_only,1.0235777107932824,0.7316561844863732,0.3067484662576687,0.6932515337423313,0.754601226993865
fused,real_only,1.027126955078741,0.7285115303983228,0.3067484662576687,0.6932515337423313,0.754601226993865
fused,real_only,1.0304809441079856,0.7248427672955975,0.3067484662576687,0.6932515337423313,0.754601226993865
fused,real_only,1.0358472023247833,0.7211740041928721,0.3067484662576687,0.6932515337423313,0.754601226993865
fused,real_only,1.0378486260323807,0.7175052410901468,0.3067484662576687,0.6932515337423313,0.754601226993865
fused,real_only,1.0408909682917935,0.7138364779874213,0.3067484662576687,0.6932515337423313,0.754601226993865
fused,real_only,1.0443480180886588,0.710691823899371,0.31288343558282206,0.6871165644171779,0.7484662576687117
fused,real_only,1.0476243297624679,0.7070230607966457,0.31288343558282206,0.6871165644171779,0.7484662576687117
fused,real_only,1.052135286815759,0.7033542976939203,0.31288343558282206,0.6871165644171779,0.7484662576687117
fused,real_only,1.0551346809273894,0.699685534591195,0.31288343558282206,0.6871165644171779,0.7484662576687117
fused,real_only,1.060264042790836,0.6960167714884696,0.31288343558282206,0.6871165644171779,0.7484662576687117
fused,real_only,1.0684994923736602,0.6933962264150944,0.3190184049079755,0.6809815950920245,0.7423312883435583
fused,real_only,1.072826320417668,0.690251572327044,0.3190184049079755,0.6809815950920245,0.7423312883435583
fused,real_only,1.074051619956696,0.6876310272536688,0.3190184049079755,0.6809815950920245,0.7423312883435583
fused,real_only,1.0769544164816154,0.6844863731656184,0.3190184049079755,0.6809815950920245,0.7423312883435583
fused,real_only,1.0798957104698557,0.6808176100628931,0.3190184049079755,0.6809815950920245,0.7423312883435583
fused,real_only,1.0860622933055866,0.6771488469601677,0.3190184049079755,0.6809815950920245,0.7423312883435583
fused,real_only,1.088794221124659,0.6734800838574424,0.3190184049079755,0.6809815950920245,0.7423312883435583
fused,real_only,1.0967748527114236,0.6698113207547169,0.3190184049079755,0.6809815950920245,0.7423312883435583
fused,real_only,1.0992866995003823,0.6661425576519916,0.3190184049079755,0.6809815950920245,0.7423312883435583
fused,real_only,1.1022971268020685,0.6624737945492662,0.3190184049079755,0.6809815950920245,0.7423312883435583
fused,real_only,1.1050485659025686,0.6588050314465409,0.3190184049079755,0.6809815950920245,0.7423312883435583
fused,real_only,1.1086928157137719,0.6556603773584906,0.32515337423312884,0.6748466257668712,0.7361963190184049
fused,real_only,1.1128526697916525,0.6519916142557652,0.32515337423312884,0.6748466257668712,0.7361963190184049
fused,real_only,1.1164331905062186,0.6488469601677149,0.3312883435582822,0.6687116564417178,0.7300613496932515
fused,real_only,1.1233558461035473,0.6451781970649895,0.3312883435582822,0.6687116564417178,0.7300613496932515
fused,real_only,1.1258656330290528,0.6415094339622641,0.3312883435582822,0.6687116564417178,0.7300613496932515
fused,real_only,1.1318252249544722,0.6383647798742138,0.3312883435582822,0.6687116564417178,0.7300613496932515
fused,real_only,1.134429923825895,0.6352201257861635,0.3312883435582822,0.6687116564417178,0.7300613496932515
fused,real_only,1.1364321877507633,0.6315513626834381,0.3312883435582822,0.6687116564417178,0.7300613496932515
fused,real_only,1.1401243330681103,0.6278825995807128,0.3312883435582822,0.6687116564417178,0.7300613496932515
fused,real_only,1.143004853932612,0.6242138364779874,0.3312883435582822,0.6687116564417178,0.7300613496932515
fused,real_only,1.1462224700006913,0.6205450733752621,0.3312883435582822,0.6687116564417178,0.7300613496932515
fused,real_only,1.148795915649925,0.6168763102725366,0.3312883435582822,0.6687116564417178,0.7300613496932515
fused,real_only,1.1528437206655853,0.6137316561844863,0.33742331288343563,0.6625766871165644,0.7239263803680982
fused,real_only,1.15534374723067,0.610062893081761,0.33742331288343563,0.6625766871165644,0.7177914110429447
fused,real_only,1.1575589056702378,0.6069182389937107,0.34355828220858897,0.656441717791411,0.7116564417177914
fused,real_only,1.1593924321557956,0.6032494758909853,0.34355828220858897,0.656441717791411,0.7116564417177914
fused,real_only,1.161150046303626,0.59958071278826,0.34355828220858897,0.656441717791411,0.7116564417177914
fused,real_only,1.1636514935007058,0.5959119496855346,0.34355828220858897,0.656441717791411,0.7116564417177914
fused,real_only,1.1667105477825657,0.5932914046121593,0.3496932515337423,0.6503067484662577,0.7055214723926381
fused,real_only,1.1682260633437223,0.589622641509434,0.3496932515337423,0.6503067484662577,0.7055214723926381
fused,real_only,1.170787911704722,0.5864779874213837,0.35582822085889576,0.6441717791411042,0.6993865030674846
fused,real_only,1.1744018399587497,0.5828092243186582,0.35582822085889576,0.6441717791411042,0.6993865030674846
fused,real_only,1.180084999730134,0.5791404612159329,0.35582822085889576,0.6441717791411042,0.6993865030674846
fused,real_only,1.1871854147086491,0.5754716981132075,0.35582822085889576,0.6441717791411042,0.6932515337423313
fused,real_only,1.1926081732965832,0.5718029350104822,0.35582822085889576,0.6441717791411042,0.6932515337423313
fused,real_only,1.1955345303244762,0.5681341719077568,0.35582822085889576,0.6441717791411042,0.6932515337423313
fused,real_only,1.198028987634753,0.5649895178197065,0.3619631901840491,0.6380368098159509,0.6871165644171779
fused,real_only,1.2005344405167184,0.5613207547169812,0.3619631901840491,0.6380368098159509,0.6871165644171779
fused,real_only,1.203257992493895,0.5576519916142557,0.3619631901840491,0.6380368098159509,0.6871165644171779
fused,real_only,1.2057591145366318,0.5545073375262054,0.36809815950920244,0.6319018404907976,0.6809815950920245
fused,real_only,1.2077336989986094,0.55083857442348,0.36809815950920244,0.6319018404907976,0.6748466257668712
fused,real_only,1.210047561849312,0.5476939203354297,0.36809815950920244,0.6319018404907976,0.6748466257668712
fused,real_only,1.2118013295186902,0.5440251572327044,0.36809815950920244,0.6319018404907976,0.6748466257668712
fused,real_only,1.213464656062073,0.540356394129979,0.36809815950920244,0.6319018404907976,0.6748466257668712
fused,real_only,1.2166816768457427,0.5372117400419287,0.3742331288343558,0.6257668711656442,0.6687116564417178
fused,real_only,1.2183562215173482,0.5340670859538784,0.3803680981595092,0.6196319018404908,0.6625766871165644
fused,real_only,1.2201044556177505,0.5309224318658281,0.3803680981595092,0.6196319018404908,0.6625766871165644
fused,real_only,1.2230996796143954,0.5272536687631028,0.3803680981595092,0.6196319018404908,0.6625766871165644
fused,real_only,1.2256374565769177,0.5241090146750524,0.3803680981595092,0.6196319018404908,0.6625766871165644
fused,real_only,1.2275628952671902,0.5209643605870021,0.38650306748466257,0.6134969325153374,0.656441717791411
fused,real_only,1.2286398055720598,0.5178197064989518,0.3926380368098159,0.6073619631901841,0.6503067484662577
fused,real_only,1.2340724650763355,0.5146750524109015,0.39877300613496935,0.6012269938650306,0.6441717791411042
fused,real_only,1.2362120408245623,0.5110062893081762,0.39877300613496935,0.6012269938650306,0.6441717791411042
fused,real_only,1.238839525665853,0.5073375262054507,0.39877300613496935,0.6012269938650306,0.6380368098159509
fused,real_only,1.2419307926429752,0.5047169811320755,0.39877300613496935,0.6012269938650306,0.6380368098159509
fused,real_only,1.2452119167092754,0.5010482180293501,0.39877300613496935,0.6012269938650306,0.6380368098159509
fused,real_only,1.2477813232529846,0.4979035639412998,0.39877300613496935,0.6012269938650306,0.6380368098159509
fused,real_only,1.2497763245323705,0.4947589098532495,0.4049079754601227,0.5950920245398773,0.6319018404907976
fused,real_only,1.2516622661546477,0.4910901467505241,0.4049079754601227,0.5950920245398773,0.6319018404907976
fused,real_only,1.255233762638877,0.48742138364779874,0.4049079754601227,0.5950920245398773,0.6319018404907976
fused,real_only,1.2591938129711127,0.4837526205450734,0.4049079754601227,0.5950920245398773,0.6319018404907976
fused,real_only,1.262478454611862,0.480083857442348,0.4049079754601227,0.5950920245398773,0.6319018404907976
fused,real_only,1.2665053195226847,0.4769392033542977,0.41104294478527603,0.588957055214724,0.6257668711656442
fused,real_only,1.2685307885787829,0.47327044025157233,0.41104294478527603,0.588957055214724,0.6196319018404908
fused,real_only,1.2721236595246577,0.469601677148847,0.41104294478527603,0.588957055214724,0.6196319018404908
fused,real_only,1.276212777140378,0.4659329140461216,0.41104294478527603,0.588957055214724,0.6196319018404908
fused,real_only,1.279752363160347,0.46226415094339623,0.41104294478527603,0.588957055214724,0.6196319018404908
fused,real_only,1.2823032251346715,0.4591194968553459,0.41104294478527603,0.588957055214724,0.6196319018404908
fused,real_only,1.2854094588390588,0.4559748427672956,0.41104294478527603,0.588957055214724,0.6196319018404908
fused,real_only,1.2894400025310508,0.4528301886792453,0.4171779141104295,0.5828220858895705,0.6134969325153374
fused,real_only,1.2919432169650933,0.449685534591195,0.4233128834355828,0.5766871165644172,0.6073619631901841
fused,real_only,1.2953057762651734,0.4460167714884696,0.4233128834355828,0.5766871165644172,0.6012269938650306
fused,real_only,1.3000870466361862,0.44234800838574423,0.4233128834355828,0.5766871165644172,0.6012269938650306
fused,real_only,1.3011746351554345,0.4386792452830189,0.4233128834355828,0.5766871165644172,0.6012269938650306
fused,real_only,1.304023304822167,0.4350104821802935,0.4233128834355828,0.5766871165644172,0.5950920245398773
fused,real_only,1.306018652235068,0.43134171907756813,0.4233128834355828,0.5766871165644172,0.588957055214724
fused,real_only,1.3084529369311615,0.4276729559748428,0.4233128834355828,0.5766871165644172,0.588957055214724
fused,real_only,1.3102454660157699,0.42452830188679247,0.42944785276073616,0.5705521472392638,0.5828220858895705
fused,real_only,1.3137520308855515,0.42085953878406707,0.42944785276073616,0.5705521472392638,0.5828220858895705
fused,real_only,1.3159060560464129,0.41771488469601675,0.4355828220858896,0.5644171779141104,0.5766871165644172
fused,real_only,1.3177701248805758,0.41457023060796644,0.4355828220858896,0.5644171779141104,0.5766871165644172
fused,real_only,1.3237071379237162,0.4109014675052411,0.4355828220858896,0.5644171779141104,0.5766871165644172
fused,real_only,1.3263855965049627,0.40723270440251574,0.4355828220858896,0.5644171779141104,0.5766871165644172
fused,real_only,1.3282828035085354,0.40461215932914046,0.4478527607361963,0.5521472392638037,0.5644171779141104
fused,real_only,1.3313993366648473,0.40146750524109015,0.4478527607361963,0.5521472392638037,0.5644171779141104
fused,real_only,1.3341181867652976,0.3977987421383648,0.4478527607361963,0.5521472392638037,0.5644171779141104
fused,real_only,1.3364237888207908,0.3941299790356394,0.4478527607361963,0.5521472392638037,0.5644171779141104
fused,real_only,1.3386846970619892,0.3915094339622642,0.45398773006134974,0.5460122699386503,0.558282208588957
fused,real_only,1.3427944743818605,0.38836477987421386,0.4601226993865031,0.5398773006134969,0.5521472392638037
fused,real_only,1.3447309674686097,0.38522012578616355,0.4601226993865031,0.5398773006134969,0.5521472392638037
fused,real_only,1.347417698091854,0.38155136268343814,0.4601226993865031,0.5398773006134969,0.5521472392638037
fused,real_only,1.3486647790244373,0.37840670859538783,0.4662576687116564,0.5337423312883436,0.5460122699386503
fused,real_only,1.3505279269061923,0.3747379454926625,0.4662576687116564,0.5337423312883436,0.5460122699386503
fused,real_only,1.3541069533737669,0.37159329140461217,0.4662576687116564,0.5337423312883436,0.5460122699386503
fused,real_only,1.3567125482378182,0.36792452830188677,0.4662576687116564,0.5337423312883436,0.5460122699386503
fused,real_only,1.3588665043021413,0.3642557651991614,0.4662576687116564,0.5337423312883436,0.5460122699386503
fused,real_only,1.3612584126475478,0.3611111111111111,0.47239263803680986,0.5276073619631901,0.5398773006134969
fused,real_only,1.3628365853331568,0.3579664570230608,0.4785276073619632,0.5214723926380368,0.5276073619631901
fused,real_only,1.3662653326741565,0.35429769392033544,0.4785276073619632,0.5214723926380368,0.5214723926380368
fused,real_only,1.3683508662614414,0.35115303983228513,0.4785276073619632,0.5214723926380368,0.5214723926380368
fused,real_only,1.3729793694819157,0.3474842767295597,0.4785276073619632,0.5214723926380368,0.5214723926380368
fused,real_only,1.374548055576604,0.3443396226415094,0.4785276073619632,0.5214723926380368,0.5214723926380368
fused,real_only,1.3761680408048624,0.34067085953878407,0.4785276073619632,0.5214723926380368,0.5214723926380368
fused,real_only,1.377936699391952,0.3370020964360587,0.4785276073619632,0.5214723926380368,0.5214723926380368
fused,real_only,1.3794112318671867,0.3333333333333333,0.4785276073619632,0.5214723926380368,0.5214723926380368
fused,real_only,1.3822703815871566,0.330188679245283,0.48466257668711654,0.5153374233128835,0.5153374233128835
fused,real_only,1.3866566702633905,0.3270440251572327,0.48466257668711654,0.5153374233128835,0.5153374233128835
fused,real_only,1.3886831202752867,0.32442348008385746,0.49693251533742333,0.5030674846625767,0.5030674846625767
fused,real_only,1.391055937971728,0.32075471698113206,0.49693251533742333,0.5030674846625767,0.5030674846625767
fused,real_only,1.3938898439200111,0.31761006289308175,0.49693251533742333,0.5030674846625767,0.5030674846625767
fused,real_only,1.3968067459505105,0.3139412997903564,0.49693251533742333,0.5030674846625767,0.5030674846625767
fused,real_only,1.400551455510462,0.31027253668763105,0.49693251533742333,0.5030674846625767,0.5030674846625767
fused,real_only,1.4053169006296118,0.30712788259958074,0.5030674846625767,0.49693251533742333,0.49693251533742333
fused,real_only,1.4079872789350838,0.30345911949685533,0.5030674846625767,0.49693251533742333,0.49693251533742333
fused,real_only,1.409423005555262,0.300314465408805,0.50920245398773,0.49079754601226994,0.49079754601226994
fused,real_only,1.4114375823278706,0.2966457023060797,0.50920245398773,0.49079754601226994,0.49079754601226994
fused,real_only,1.4132515054957324,0.2940251572327044,0.5153374233128835,0.48466257668711654,0.48466257668711654
fused,real_only,1.4169315380010523,0.29035639412997905,0.5153374233128835,0.48466257668711654,0.48466257668711654
fused,real_only,1.4183875562691775,0.28668763102725364,0.5153374233128835,0.48466257668711654,0.48466257668711654
fused,real_only,1.4190124894091403,0.28354297693920333,0.5153374233128835,0.48466257668711654,0.48466257668711654
fused,real_only,1.4213596863321218,0.280398322851153,0.5214723926380368,0.4785276073619632,0.4785276073619632
fused,real_only,1.4237273782446946,0.27672955974842767,0.5214723926380368,0.4785276073619632,0.4785276073619632
fused,real_only,1.4275992525778527,0.2730607966457023,0.5214723926380368,0.4785276073619632,0.4785276073619632
fused,real_only,1.4290454623160338,0.2693920335429769,0.5214723926380368,0.4785276073619632,0.4785276073619632
fused,real_only,1.43135765430844,0.2662473794549266,0.5276073619631902,0.4723926380368098,0.4723926380368098
fused,real_only,1.4340469084023746,0.26257861635220126,0.5276073619631902,0.4723926380368098,0.4723926380368098
fused,real_only,1.4376341906197745,0.259958071278826,0.5337423312883436,0.4662576687116564,0.4662576687116564
fused,real_only,1.4393669415026773,0.2562893081761006,0.5337423312883436,0.4662576687116564,0.4662576687116564
fused,real_only,1.4402573331902624,0.2531446540880503,0.5337423312883436,0.4662576687116564,0.4662576687116564
fused,real_only,1.4421176100966009,0.25,0.5398773006134969,0.4601226993865031,0.4601226993865031
fused,real_only,1.4430700977986404,0.24633123689727462,0.5398773006134969,0.4601226993865031,0.4601226993865031
fused,real_only,1.4464705909183517,0.24266247379454928,0.5398773006134969,0.4601226993865031,0.4601226993865031
fused,real_only,1.4499649417590528,0.23951781970649896,0.5398773006134969,0.4601226993865031,0.4601226993865031
fused,real_only,1.4524097115199952,0.23637316561844865,0.5460122699386503,0.4539877300613497,0.4539877300613497
fused,real_only,1.45333619504,0.23270440251572327,0.5460122699386503,0.4539877300613497,0.4539877300613497
fused,real_only,1.455374254950923,0.22955974842767296,0.5521472392638036,0.44785276073619634,0.44785276073619634
fused,real_only,1.4577214984559994,0.22589098532494759,0.5521472392638036,0.44785276073619634,0.44785276073619634
fused,real_only,1.4608005490267155,0.2222222222222222,0.5521472392638036,0.44785276073619634,0.44785276073619634
fused,real_only,1.463760714267341,0.21855345911949686,0.5521472392638036,0.44785276073619634,0.44785276073619634
fused,real_only,1.464952270771966,0.2148846960167715,0.5521472392638036,0.44785276073619634,0.44785276073619634
fused,real_only,1.4676816468979397,0.2112159329140461,0.5521472392638036,0.44785276073619634,0.44785276073619634
fused,real_only,1.4700315177844359,0.2080712788259958,0.558282208588957,0.44171779141104295,0.44171779141104295
fused,real_only,1.4721508866444868,0.20440251572327045,0.558282208588957,0.44171779141104295,0.44171779141104295
fused,real_only,1.4755064942473097,0.20125786163522014,0.5644171779141105,0.43558282208588955,0.43558282208588955
fused,real_only,1.4798719957292836,0.19758909853249476,0.5644171779141105,0.43558282208588955,0.43558282208588955
fused,real_only,1.4820138424924698,0.1949685534591195,0.5705521472392638,0.4294478527607362,0.4294478527607362
fused,real_only,1.4845522005321032,0.19129979035639413,0.5705521472392638,0.4294478527607362,0.4294478527607362
fused,real_only,1.486482894245651,0.18815513626834382,0.5766871165644172,0.4233128834355828,0.4233128834355828
fused,real_only,1.4879366067343371,0.18448637316561844,0.5766871165644172,0.4233128834355828,0.4233128834355828
fused,real_only,1.4907818876122514,0.1818658280922432,0.5828220858895705,0.4171779141104294,0.4171779141104294
fused,real_only,1.4951305409918372,0.17819706498951782,0.5828220858895705,0.4171779141104294,0.4171779141104294
fused,real_only,1.4969679206898334,0.17452830188679244,0.5828220858895705,0.4171779141104294,0.4171779141104294
fused,real_only,1.4985193027540644,0.1708595387840671,0.5828220858895705,0.4171779141104294,0.4171779141104294
fused,real_only,1.5027905236614036,0.16719077568134172,0.5828220858895705,0.4171779141104294,0.4171779141104294
fused,real_only,1.5055969493832175,0.1640461215932914,0.5889570552147239,0.4110429447852761,0.4110429447852761
fused,real_only,1.5084842994741006,0.16037735849056603,0.5889570552147239,0.4110429447852761,0.4110429447852761
fused,real_only,1.5108871800774102,0.15723270440251572,0.5950920245398773,0.4049079754601227,0.4049079754601227
fused,real_only,1.512857394911236,0.1540880503144654,0.6012269938650308,0.3987730061349693,0.3987730061349693
fused,real_only,1.5174515709559546,0.15146750524109015,0.6012269938650308,0.3987730061349693,0.3987730061349693
fused,real_only,1.5207533708727348,0.14832285115303984,0.6073619631901841,0.39263803680981596,0.39263803680981596
fused,real_only,1.5232039441065472,0.14465408805031446,0.6073619631901841,0.39263803680981596,0.39263803680981596
fused,real_only,1.5267050041150199,0.14098532494758909,0.6073619631901841,0.39263803680981596,0.39263803680981596
fused,real_only,1.528819461163485,0.13731656184486374,0.6073619631901841,0.39263803680981596,0.39263803680981596
fused,real_only,1.529951756438842,0.13469601677148846,0.6196319018404908,0.3803680981595092,0.3803680981595092
fused,real_only,1.532605906320943,0.1320754716981132,0.6319018404907976,0.36809815950920244,0.36809815950920244
fused,real_only,1.5356180737763945,0.12840670859538783,0.6319018404907976,0.36809815950920244,0.36809815950920244
fused,real_only,1.538097792868091,0.12526205450733752,0.6380368098159509,0.3619631901840491,0.3619631901840491
fused,real_only,1.5412245273948537,0.12211740041928722,0.6441717791411044,0.3558282208588957,0.3558282208588957
fused,real_only,1.5429018327294024,0.11844863731656184,0.6441717791411044,0.3558282208588957,0.3558282208588957
fused,real_only,1.5455523120165902,0.11477987421383648,0.6441717791411044,0.3558282208588957,0.3558282208588957
fused,real_only,1.5485081191041659,0.1111111111111111,0.6441717791411044,0.3558282208588957,0.3558282208588957
fused,real_only,1.5497657213591693,0.10796645702306079,0.6441717791411044,0.3558282208588957,0.3558282208588957
fused,real_only,1.553855164671704,0.10482180293501048,0.6503067484662577,0.3496932515337423,0.3496932515337423
fused,real_only,1.5561002707318887,0.10272536687631027,0.6687116564417178,0.3312883435582822,0.3312883435582822
fused,real_only,1.5599222270169357,0.09905660377358491,0.6687116564417178,0.3312883435582822,0.3312883435582822
fused,real_only,1.5637794700077878,0.0959119496855346,0.6748466257668712,0.32515337423312884,0.32515337423312884
fused,real_only,1.567796068594944,0.09224318658280922,0.6748466257668712,0.32515337423312884,0.32515337423312884
fused,real_only,1.5696182075375102,0.08857442348008386,0.6748466257668712,0.32515337423312884,0.32515337423312884
fused,real_only,1.5714607043737696,0.08490566037735849,0.6748466257668712,0.32515337423312884,0.32515337423312884
fused,real_only,1.5750755286172549,0.08123689727463312,0.6748466257668712,0.32515337423312884,0.32515337423312884
fused,real_only,1.577019020067925,0.07756813417190776,0.6748466257668712,0.32515337423312884,0.32515337423312884
fused,real_only,1.5789173031278247,0.07389937106918239,0.6748466257668712,0.32515337423312884,0.32515337423312884
fused,real_only,1.583054051667498,0.07127882599580712,0.6809815950920246,0.31901840490797545,0.31901840490797545
fused,real_only,1.588840213665484,0.06813417190775681,0.6871165644171779,0.3128834355828221,0.3128834355828221
fused,real_only,1.5928154335911309,0.0649895178197065,0.6871165644171779,0.3128834355828221,0.3128834355828221
fused,real_only,1.5965951520462316,0.06132075471698113,0.6871165644171779,0.3128834355828221,0.3128834355828221
fused,real_only,1.6052878225393519,0.057651991614255764,0.6871165644171779,0.3128834355828221,0.3128834355828221
fused,real_only,1.6102900218468736,0.05450733752620545,0.6932515337423313,0.3067484662576687,0.3067484662576687
fused,real_only,1.6179132384465424,0.05083857442348008,0.6932515337423313,0.3067484662576687,0.3067484662576687
fused,real_only,1.6226319950529458,0.04769392033542977,0.6993865030674846,0.3006134969325153,0.3006134969325153
fused,real_only,1.6340276476366964,0.044549266247379454,0.705521472392638,0.294478527607362,0.294478527607362
fused,real_only,1.6380449650157436,0.04140461215932914,0.7116564417177914,0.2883435582822086,0.2883435582822086
fused,real_only,1.6446718028707519,0.03825995807127883,0.7177914110429449,0.2822085889570552,0.2822085889570552
fused,real_only,1.6495728111742385,0.03511530398322851,0.7239263803680982,0.27607361963190186,0.27607361963190186
fused,real_only,1.6572534473987752,0.0319706498951782,0.7300613496932515,0.26993865030674846,0.26993865030674846
fused,real_only,1.6613218323548242,0.029350104821802937,0.7423312883435582,0.25766871165644173,0.25766871165644173
fused,real_only,1.669286015312577,0.026729559748427674,0.754601226993865,0.24539877300613497,0.24539877300613497
fused,real_only,1.672329042926886,0.02358490566037736,0.754601226993865,0.24539877300613497,0.24539877300613497
fused,real_only,1.6751054757079633,0.02148846960167715,0.7730061349693251,0.22699386503067484,0.22699386503067484
fused,real_only,1.6818459943341293,0.01939203354297694,0.7914110429447853,0.2085889570552147,0.2085889570552147
fused,real_only,1.6883871397574726,0.016771488469601678,0.803680981595092,0.19631901840490798,0.19631901840490798
fused,real_only,1.7026927590862644,0.01310272536687631,0.803680981595092,0.19631901840490798,0.19631901840490798
fused,real_only,1.71334356742048,0.010482180293501049,0.8159509202453987,0.18404907975460122,0.18404907975460122
fused,real_only,1.7351437475695866,0.006813417190775681,0.8159509202453987,0.18404907975460122,0.18404907975460122
fused,real_only,1.7493555929223565,0.003668763102725367,0.8220858895705522,0.17791411042944785,0.17791411042944785
fused,real_only,1.7883372794628518,0.0015723270440251573,0.8404907975460123,0.15950920245398773,0.15950920245398773
fused,real_only,1.816907561421932,0.0005241090146750524,0.8711656441717791,0.12883435582822086,0.12883435582822086
fused,real_only,1.858919589422459,0.0005241090146750524,0.9141104294478528,0.08588957055214724,0.08588957055214724
fused,real_only,1.8826379347254816,0.0,0.950920245398773,0.049079754601226995,0.049079754601226995
fused,real_only,2.034466170047488,0.0,0.9938650306748467,0.006134969325153374,0.006134969325153374
