system,probe_set,threshold,fpir,fnir,dir_rank1,dir_rank5
palm,all,0.17182577687110445,1.0,0.0,1.0,1.0
palm,all,0.19217299262247334,0.9964106245513281,0.0,1.0,1.0
palm,all,0.2000898874717812,0.9928212491026561,0.0,1.0,1.0
palm,all,0.20293197659222625,0.9892318736539842,0.0,1.0,1.0
palm,all,0.20588210838180937,0.9856424982053122,0.0,1.0,1.0
palm,all,0.20756693531602133,0.9820531227566404,0.0,1.0,1.0
palm,all,0.20931863016932353,0.9784637473079684,0.0,1.0,1.0
palm,all,0.21157028367867606,0.9748743718592965,0.0,1.0,1.0
palm,all,0.21379864911678959,0.9712849964106246,0.0,1.0,1.0
palm,all,0.21543493361063332,0.9676956209619526,0.0,1.0,1.0
palm,all,0.21686504261825731,0.9641062455132807,0.0,1.0,1.0
palm,all,0.2179045206942828,0.9605168700646087,0.0,1.0,1.0
palm,all,0.22019828271975184,0.9569274946159368,0.0,1.0,1.0
palm,all,0.2210597363066979,0.9533381191672649,0.0,1.0,1.0
palm,all,0.2217517981434135,0.949748743718593,0.0,1.0,1.0
palm,all,0.22260197162067358,0.9461593682699211,0.0,1.0,1.0
palm,all,0.22311480058031613,0.9425699928212491,0.0,1.0,1.0
palm,all,0.22418125419862672,0.9389806173725772,0.0,1.0,1.0
palm,all,0.22502680361679353,0.9353912419239052,0.0,1.0,1.0
palm,all,0.22647776021125832,0.9318018664752333,0.0,1.0,1.0
palm,all,0.2269000740254518,0.9282124910265613,0.0,1.0,1.0
palm,all,0.22807762651987668,0.9246231155778895,0.0,1.0,1.0
palm,all,0.22878972449611212,0.9210337401292176,0.0,1.0,1.0
palm,all,0.23022557879576833,0.9167264895908112,0.0,1.0,1.0
palm,all,0.23115284775610428,0.9131371141421393,0.0,1.0,1.0
palm,all,0.23226282924812766,0.9095477386934674,0.0,1.0,1.0
palm,all,0.2330509166026345,0.9059583632447954,0.0,1.0,1.0
palm,all,0.23326670512417197,0.9023689877961235,0.0,1.0,1.0
palm,all,0.23370342984890566,0.8987796123474515,0.0,1.0,1.0
palm,all,0.23459516718147802,0.8951902368987796,0.0,1.0,1.0
palm,all,0.23605165805734413,0.8916008614501076,0.0,1.0,1.0
palm,all,0.2368611671694018,0.8880114860014358,0.0,1.0,1.0
palm,all,0.23787146037875137,0.8844221105527639,0.0,1.0,1.0
palm,all,0.23847720055657648,0.8808327351040919,0.0,1.0,1.0
palm,all,0.2390915307530556,0.87724335965542,0.0,1.0,1.0
palm,all,0.2395713299341247,0.873653984206748,0.0,1.0,1.0
palm,all,0.2399226576624508,0.8700646087580761,0.0,1.0,1.0
palm,all,0.240575972113943,0.8664752333094041,0.0,1.0,1.0
palm,all,0.24102538640713309,0.8628858578607322,0.0,1.0,1.0
palm,all,0.24188610657505022,0.8592964824120602,0.0,1.0,1.0
palm,all,0.24253771263481252,0.8557071069633884,0.0,1.0,1.0
palm,all,0.242919075487461,0.8521177315147165,0.0,1.0,1.0
palm,all,0.24340646498761825,0.8485283560660445,0.0,1.0,1.0
palm,all,0.2439164861782862,0.8449389806173726,0.0,1.0,1.0
palm,all,0.24583213874926252,0.8413496051687006,0.0,1.0,1.0
palm,all,0.24617252087304575,0.8377602297200287,0.0,1.0,1.0
palm,all,0.2468719033515384,0.8334529791816224,0.0,1.0,1.0
palm,all,0.2483912439641271,0.8298636037329504,0.0,1.0,1.0
palm,all,0.24919342597710054,0.8262742282842785,0.0,1.0,1.0
palm,all,0.2494671818133055,0.8226848528356066,0.0,1.0,1.0
palm,all,0.25056463883592006,0.8190954773869347,0.0,1.0,1.0
palm,all,0.250853591123707,0.8155061019382628,0.0,1.0,1.0
palm,all,0.2511653729786917,0.8119167264895908,0.0,1.0,1.0
palm,all,0.2518171493078573,0.8083273510409189,0.0,1.0,1.0
palm,all,0.2526492583870077,0.8047379755922469,0.0,1.0,1.0
palm,all,0.25311003652373676,0.801148600143575,0.0,1.0,1.0
palm,all,0.25401227998268716,0.797559224694903,0.0,1.0,1.0
palm,all,0.25453657632314364,0.7939698492462312,0.0,1.0,1.0
palm,all,0.25504611911694813,0.7903804737975593,0.0,1.0,1.0
palm,all,0.2554995327943666,0.7867910983488873,0.0,1.0,1.0
palm,all,0.2560064636394431,0.7832017229002154,0.0,1.0,1.0
palm,all,0.2563392021813057,0.7796123474515434,0.0,1.0,1.0
palm,all,0.2567652862533106,0.7760229720028715,0.0,1.0,1.0
palm,all,0.2575012236357427,0.7724335965541995,0.0,1.0,1.0
palm,all,0.2580833252645396,0.7688442211055276,0.0,1.0,1.0
palm,all,0.25921054912172525,0.7652548456568558,0.0,1.0,1.0
palm,all,0.25980956620264833,0.7616654702081838,0.0,1.0,1.0
palm,all,0.26018415825724106,0.7580760947595119,0.0,1.0,1.0
palm,all,0.26036300124299705,0.7544867193108399,0.0,1.0,1.0
palm,all,0.26081955785335853,0.7501794687724336,0.0,1.0,1.0
palm,all,0.26171758247308247,0.7465900933237617,0.0,1.0,1.0
palm,all,0.26223581606378676,0.7430007178750897,0.0,1.0,1.0
palm,all,0.26247763795734613,0.7394113424264178,0.0,1.0,1.0
palm,all,0.26319349811602744,0.7358219669777458,0.0,1.0,1.0
palm,all,0.2636196805213844,0.7322325915290739,0.0,1.0,1.0
palm,all,0.26398243062617865,0.7286432160804021,0.0,1.0,1.0
palm,all,0.26500158996291445,0.7250538406317301,0.0,1.0,1.0
palm,all,0.26531159537357046,0.7214644651830582,0.0,1.0,1.0
palm,all,0.26570871165861343,0.7178750897343862,0.0,1.0,1.0
palm,all,0.2661237264024302,0.7142857142857143,0.0,1.0,1.0
palm,all,0.2666203352955293,0.7106963388370423,0.0,1.0,1.0
palm,all,0.267512247805983,0.7071069633883704,0.0,1.0,1.0
palm,all,0.26771518448889225,0.7035175879396985,0.0,1.0,1.0
palm,all,0.2685414812352758,0.6999282124910265,0.0,1.0,1.0
palm,all,0.2690967595618688,0.6963388370423547,0.0,1.0,1.0
palm,all,0.2695602882693485,0.6927494615936827,0.0,1.0,1.0
palm,all,0.2699815523054519,0.6891600861450108,0.0,1.0,1.0
palm,all,0.27047898538983717,0.6855707106963388,0.0,1.0,1.0
palm,all,0.27104870952255455,0.6819813352476669,0.0,1.0,1.0
palm,all,0.27164391321799086,0.678391959798995,0.0,1.0,1.0
palm,all,0.27223739533836855,0.674802584350323,0.0,1.0,1.0
palm,all,0.27278808355566087,0.6712132089016511,0.0,1.0,1.0
palm,all,0.27338947012670434,0.6669059583632448,0.0,1.0,1.0
palm,all,0.27430415141993136,0.6633165829145728,0.0,1.0,1.0
palm,all,0.27477991079390873,0.659727207465901,0.0,1.0,1.0
palm,all,0.2753216567282821,0.656137832017229,0.0,1.0,1.0
palm,all,0.2760115350235819,0.6525484565685571,0.0,1.0,1.0
palm,all,0.27654308313531684,0.6489590811198851,0.0,1.0,1.0
palm,all,0.27671768592720225,0.6453697056712132,0.0,1.0,1.0
palm,all,0.27732621027675386,0.6417803302225413,0.0,1.0,1.0
palm,all,0.27845645565349203,0.6381909547738693,0.0,1.0,1.0
palm,all,0.27877871260371256,0.6346015793251975,0.0,1.0,1.0
palm,all,0.2792905902394218,0.6310122038765255,0.0,1.0,1.0
palm,all,0.27989132643478964,0.6274228284278536,0.0,1.0,1.0
palm,all,0.2801204733494903,0.6238334529791816,0.0,1.0,1.0
palm,all,0.28104477279993967,0.6202440775305097,0.0,1.0,1.0
palm,all,0.2816937986670881,0.6166547020818378,0.0,1.0,1.0
palm,all,0.28185488647164336,0.6130653266331658,0.0,1.0,1.0
palm,all,0.28270813734628786,0.6094759511844939,0.0,1.0,1.0
palm,all,0.2836053381929383,0.6058865757358219,0.0,1.0,1.0
palm,all,0.2844937693939141,0.6022972002871501,0.0,1.0,1.0
palm,all,0.2849886897900044,0.5987078248384781,0.0,1.0,1.0
palm,all,0.2856932247994102,0.5951184493898062,0.0,1.0,1.0
palm,all,0.28640158407394983,0.5915290739411343,0.0,1.0,1.0
palm,all,0.2869961441703386,0.5879396984924623,0.0,1.0,1.0
palm,all,0.28760748360805,0.583632447954056,0.0,1.0,1.0
palm,all,0.2883870074255556,0.5800430725053841,0.0,1.0,1.0
palm,all,0.28879236231176436,0.5764536970567121,0.0,1.0,1.0
palm,all,0.28914320022594103,0.5728643216080402,0.0,1.0,1.0
palm,all,0.28981440635114386,0.5692749461593682,0.0,1.0,1.0
palm,all,0.29039668783632155,0.5656855707106964,0.0,1.0,1.0
palm,all,0.2910742615657529,0.5620961952620244,0.0,1.0,1.0
palm,all,0.29178545223173136,0.5585068198133525,0.0,1.0,1.0
palm,all,0.29251579081253665,0.5549174443646806,0.0,1.0,1.0
palm,all,0.29306116466023646,0.5513280689160086,0.0,1.0,1.0
palm,all,0.2935651345760444,0.5477386934673367,0.0,1.0,1.0
palm,all,0.29428417426576553,0.5441493180186647,0.0,1.0,1.0
palm,all,0.2948666281040324,0.5405599425699928,0.0,1.0,1.0
palm,all,0.29559996701876395,0.5369705671213209,0.0,1.0,1.0
palm,all,0.29598685341172193,0.533381191672649,0.0,1.0,1.0
palm,all,0.29643957731107085,0.529791816223977,0.0,1.0,1.0
palm,all,0.2971814878146157,0.5262024407753051,0.0,1.0,1.0
palm,all,0.29745069361943494,0.5226130653266332,0.0,1.0,1.0
palm,all,0.2984802109876136,0.5190236898779612,0.0,1.0,1.0
palm,all,0.29870413274157603,0.5154343144292893,0.0,1.0,1.0
palm,all,0.29884307684211314,0.5118449389806173,0.0,1.0,1.0
palm,all,0.2993061326666354,0.5082555635319455,0.0,1.0,1.0
palm,all,0.2997473366607976,0.5046661880832735,0.0,1.0,1.0
palm,all,0.30036329671253725,0.5003589375448672,0.0,1.0,1.0
palm,all,0.30104284517827834,0.49676956209619527,0.0,1.0,1.0
palm,all,0.30192149864069723,0.49318018664752333,0.0,1.0,1.0
palm,all,0.30226115214309945,0.4895908111988514,0.0,1.0,1.0
palm,all,0.3029535926046978,0.48600143575017946,0.0,1.0,1.0
palm,all,0.30331418019057205,0.4824120603015075,0.0,1.0,1.0
palm,all,0.30442280494096596,0.47882268485283563,0.0,1.0,1.0
palm,all,0.3053804764351442,0.4752333094041637,0.0,1.0,1.0
palm,all,0.30592420723894465,0.47164393395549176,0.0,1.0,1.0
palm,all,0.30633285725894754,0.4680545585068198,0.0,1.0,1.0
palm,all,0.3069939563476298,0.4644651830581479,0.0,1.0,1.0
palm,all,0.3077166580837144,0.46087580760947594,0.0,1.0,1.0
palm,all,0.3080002762038862,0.457286432160804,0.0,1.0,1.0
palm,all,0.30836747402746584,0.45369705671213206,0.0,1.0,1.0
palm,all,0.30946783618095697,0.4501076812634602,0.0,1.0,1.0
palm,all,0.3101851243180963,0.44651830581478824,0.0,1.0,1.0
palm,all,0.31109924696612823,0.4429289303661163,0.0,1.0,1.0
palm,all,0.3119922927117659,0.43933955491744436,0.0,1.0,1.0
palm,all,0.31279758600256535,0.4357501794687724,0.0,1.0,1.0
palm,all,0.31342889762458837,0.4321608040201005,0.0,1.0,1.0
palm,all,0.31391202958858827,0.42857142857142855,0.0,1.0,1.0
palm,all,0.3150858055606549,0.42498205312275666,0.0,1.0,1.0
palm,all,0.3151538453488895,0.4213926776740847,0.0,1.0,1.0
palm,all,0.3163246212433719,0.41708542713567837,0.0,1.0,1.0
palm,all,0.3172512222929148,0.4134960516870065,0.0,1.0,1.0
palm,all,0.3180762138513217,0.40990667623833454,0.0,1.0,1.0
palm,all,0.3193271150518444,0.4063173007896626,0.0,1.0,1.0
palm,all,0.32048047605674,0.40272792534099067,0.0,1.0,1.0
palm,all,0.32096777199212945,0.39913854989231873,0.0,1.0,1.0
palm,all,0.32178087617614065,0.3955491744436468,0.0,1.0,1.0
palm,all,0.32236429683744977,0.39195979899497485,0.0,1.0,1.0
palm,all,0.3233731471813193,0.38837042354630297,0.0,1.0,1.0
palm,all,0.32401160506311955,0.38478104809763103,0.0,1.0,1.0
palm,all,0.3244789439372312,0.3811916726489591,0.0,1.0,1.0
palm,all,0.3251088291122799,0.37760229720028715,0.0,1.0,1.0
palm,all,0.32562844674402236,0.3740129217516152,0.0,1.0,1.0
palm,all,0.32606043244724914,0.3704235463029433,0.0,1.0,1.0
palm,all,0.3275384122589712,0.36683417085427134,0.0,1.0,1.0
palm,all,0.3281606661368171,0.36324479540559945,0.0,1.0,1.0
palm,all,0.3289774653923127,0.3596554199569275,0.0,1.0,1.0
palm,all,0.32934311365870406,0.3560660445082556,0.0,1.0,1.0
palm,all,0.32985703041781267,0.35247666905958364,0.0,1.0,1.0
palm,all,0.33046822959862865,0.3488872936109117,0.0,1.0,1.0
palm,all,0.3315998130805502,0.34529791816223976,0.0,1.0,1.0
palm,all,0.3330014576892409,0.3417085427135678,0.0,1.0,1.0
palm,all,0.33380342223429715,0.3381191672648959,0.0,1.0,1.0
palm,all,0.3346870778675857,0.3338119167264896,0.0,1.0,1.0
palm,all,0.3354811197615576,0.33022254127781764,0.0,1.0,1.0
palm,all,0.3368907721631865,0.32663316582914576,0.0,1.0,1.0
palm,all,0.33759003745229055,0.3230437903804738,0.0,1.0,1.0
palm,all,0.3385728877672236,0.3194544149318019,0.0,1.0,1.0
palm,all,0.33969469820603615,0.31586503948312994,0.0,1.0,1.0
palm,all,0.3407755663393546,0.312275664034458,0.0,1.0,1.0
palm,all,0.34187361290460516,0.30868628858578606,0.0,1.0,1.0
palm,all,0.34256301611545537,0.3050969131371141,0.0,1.0,1.0
palm,all,0.34291275831565016,0.3015075376884422,0.0,1.0,1.0
palm,all,0.3438248248675553,0.2979181622397703,0.0,1.0,1.0
palm,all,0.3455983332435474,0.29432878679109836,0.0,1.0,1.0
palm,all,0.34638740708164545,0.2907394113424264,0.0,1.0,1.0
palm,all,0.3466138179991144,0.2871500358937545,0.0,1.0,1.0
palm,all,0.3472495981971106,0.28356066044508255,0.0,1.0,1.0
palm,all,0.34882725122347125,0.2799712849964106,0.0,1.0,1.0
palm,all,0.3501862303423503,0.27638190954773867,0.0,1.0,1.0
palm,all,0.35059050426082716,0.2727925340990668,0.0,1.0,1.0
palm,all,0.35120688635459685,0.26920315865039485,0.0,1.0,1.0
palm,all,0.35242617246512453,0.2656137832017229,0.0,1.0,1.0
palm,all,0.3541101882313944,0.26202440775305097,0.0,1.0,1.0
palm,all,0.3550109007095781,0.25843503230437903,0.0,1.0,1.0
palm,all,0.35605353591544137,0.2548456568557071,0.0,1.0,1.0
palm,all,0.35780921632626794,0.2505384063173008,0.0,1.0,1.0
palm,all,0.3593020643279382,0.24694903086862885,0.0,1.0,1.0
palm,all,0.36107717859259847,0.24335965541995694,0.0,1.0,1.0
palm,all,0.36191131200489085,0.239770279971285,0.0,1.0,1.0
palm,all,0.36328869972144157,0.23618090452261306,0.0,1.0,1.0
palm,all,0.3645908501990136,0.23259152907394112,0.0,1.0,1.0
palm,all,0.3658316060968315,0.2290021536252692,0.0,1.0,1.0
palm,all,0.36895701572976825,0.22541277817659727,0.0,1.0,1.0
palm,all,0.3702598820623959,0.22182340272792533,0.0,1.0,1.0
palm,all,0.3731444235296966,0.21823402727925342,0.0,1.0,1.0
palm,all,0.3759006285240195,0.21464465183058148,0.0,1.0,1.0
palm,all,0.3770658870873035,0.21105527638190955,0.0,1.0,1.0
palm,all,0.37824624870335416,0.2074659009332376,0.0,1.0,1.0
palm,all,0.379321813900693,0.2038765254845657,0.0,1.0,1.0
palm,all,0.38130446597475975,0.20028715003589376,0.0,1.0,1.0
palm,all,0.38207272063395453,0.19669777458722182,0.0,1.0,1.0
palm,all,0.3829751645815648,0.19310839913854988,0.0,1.0,1.0
palm,all,0.38474612854937124,0.18951902368987797,0.0,1.0,1.0
palm,all,0.385821514635761,0.18592964824120603,0.0,1.0,1.0
palm,all,0.3873175366231064,0.1823402727925341,0.0,1.0,1.0
palm,all,0.3891201789728943,0.17875089734386218,0.0,1.0,1.0
palm,all,0.39154838832483363,0.17516152189519024,0.0,1.0,1.0
palm,all,0.39350790201197194,0.1715721464465183,0.0,1.0,1.0
palm,all,0.398698230844872,0.167264895908112,0.0,1.0,1.0
palm,all,0.400036034779226,0.16367552045944006,0.0,1.0,1.0
palm,all,0.4022619317407322,0.16008614501076812,0.0,1.0,1.0
palm,all,0.4035389243143672,0.15649676956209618,0.0,1.0,1.0
palm,all,0.4050369625267739,0.15290739411342427,0.0,1.0,1.0
palm,all,0.40661689429559833,0.14931801866475233,0.0,1.0,1.0
palm,all,0.41012690819777464,0.1457286432160804,0.0,1.0,1.0
palm,all,0.41206537705890667,0.14213926776740848,0.0,1.0,1.0
palm,all,0.4134523774492699,0.13854989231873654,0.0,1.0,1.0
palm,all,0.4151072733892388,0.1349605168700646,0.0,1.0,1.0
palm,all,0.41585932677539156,0.13137114142139267,0.0,1.0,1.0
palm,all,0.4164586410072919,0.12778176597272076,0.0,1.0,1.0
palm,all,0.4173869338602769,0.12419239052404882,0.0,1.0,1.0
palm,all,0.42008326203938084,0.12060301507537688,0.0,1.0,1.0
palm,all,0.4231310859113078,0.11701363962670495,0.0,1.0,1.0
palm,all,0.42462427470708036,0.11342426417803302,0.0,1.0,1.0
palm,all,0.42682441846887065,0.10983488872936109,0.0,1.0,1.0
palm,all,0.4309250423286675,0.10624551328068917,0.0,1.0,1.0
palm,all,0.4337952812548511,0.10265613783201723,0.0,1.0,1.0
palm,all,0.4389925258661189,0.0990667623833453,0.0,1.0,1.0
palm,all,0.44178431592971645,0.09547738693467336,0.0,1.0,1.0
palm,all,0.44370631553276685,0.09188801148600144,0.0,1.0,1.0
palm,all,0.44565347030549585,0.0882986360373295,0.0,1.0,1.0
palm,all,0.449347057633779,0.08399138549892318,0.0,1.0,1.0
palm,all,0.4530254404781129,0.08040201005025126,0.0,1.0,1.0
palm,all,0.4573239903038533,0.07681263460157932,0.0,1.0,1.0
palm,all,0.461219220565877,0.0732232591529074,0.0,1.0,1.0
palm,all,0.4652578660541029,0.06963388370423547,0.0,1.0,1.0
palm,all,0.46834430056023135,0.06604450825556353,0.0,1.0,1.0
palm,all,0.4741540750436627,0.0624551328068916,0.0,1.0,1.0
palm,all,0.47725045218675843,0.05886575735821967,0.0,1.0,1.0
palm,all,0.48176560967494225,0.05527638190954774,0.0,1.0,1.0
palm,all,0.48352690539472665,0.05168700646087581,0.0,1.0,1.0
palm,all,0.48704144047045433,0.04809763101220388,0.0,1.0,1.0
palm,all,0.4882013632192271,0.04450825556353195,0.0,1.0,1.0
palm,all,0.4938215301764133,0.040918880114860015,0.0,1.0,1.0
palm,all,0.503002496059443,0.03732950466618808,0.0,1.0,1.0
palm,all,0.5121182348420183,0.03374012921751615,0.0,1.0,1.0
palm,all,0.5196535462665697,0.03015075376884422,0.0,1.0,1.0
palm,all,0.5270663362146836,0.02656137832017229,0.0,1.0,1.0
palm,all,0.5354225144023304,0.02297200287150036,0.0,1.0,1.0
palm,all,0.5508867415936542,0.019382627422828428,0.0,1.0,1.0
palm,all,0.5636499851327559,0.015793251974156496,0.0,1.0,1.0
palm,all,0.5784424753167121,0.012203876525484566,0.0,1.0,1.0
palm,all,0.5994227591562111,0.008614501076812634,0.0,1.0,1.0
palm,all,0.6137494535906676,0.005025125628140704,0.0,1.0,1.0
palm,all,0.6867926191742135,0.0014357501794687725,0.008620689655172376,0.9913793103448276,0.9913793103448276
palm,all,0.7454594359472068,0.0,0.03448275862068961,0.9655172413793104,0.9655172413793104
palm,all,0.7821041687829046,0.0,0.07758620689655171,0.9224137931034483,0.9224137931034483
palm,all,0.8669086977959881,0.0,0.12068965517241381,0.8793103448275862,0.8793103448275862
palm,all,0.8966126341851195,0.0,0.1637931034482759,0.8362068965517241,0.8362068965517241
palm,all,0.9069175202284221,0.0,0.2068965517241379,0.7931034482758621,0.7931034482758621
palm,all,0.92219232687343,0.0,0.25,0.75,0.75
palm,all,0.929122749459385,0.0,0.2931034482758621,0.7068965517241379,0.7068965517241379
palm,all,0.9348534418941832,0.0,0.3362068965517241,0.6637931034482759,0.6637931034482759
palm,all,0.9425686509877532,0.0,0.3793103448275862,0.6206896551724138,0.6206896551724138
palm,all,0.9439471698300063,0.0,0.4224137931034483,0.5775862068965517,0.5775862068965517
palm,all,0.9464378002069194,0.0,0.4655172413793104,0.5344827586206896,0.5344827586206896
palm,all,0.9490151114553727,0.0,0.5086206896551724,0.49137931034482757,0.49137931034482757
palm,all,0.9506302943867586,0.0,0.5517241379310345,0.4482758620689655,0.4482758620689655
palm,all,0.9522007231579694,0.0,0.5948275862068966,0.4051724137931034,0.4051724137931034
palm,all,0.9550271817916096,0.0,0.6379310344827587,0.3620689655172414,0.3620689655172414
palm,all,0.9588925435206088,0.0,0.6810344827586207,0.31896551724137934,0.31896551724137934
palm,all,0.9597597872615952,0.0,0.7241379310344828,0.27586206896551724,0.27586206896551724
palm,all,0.9605119648962058,0.0,0.7672413793103449,0.23275862068965517,0.23275862068965517
palm,all,0.9615580098022252,0.0,0.8103448275862069,0.1896551724137931,0.1896551724137931
palm,all,0.9658325095300149,0.0,0.853448275862069,0.14655172413793102,0.14655172413793102
palm,all,0.9676449217971925,0.0,0.896551724137931,0.10344827586206896,0.10344827586206896
palm,all,0.9718198237047795,0.0,0.9396551724137931,0.0603448275862069,0.0603448275862069
palm,all,0.976438610837356,0.0,0.9913793103448276,0.008620689655172414,0.008620689655172414
palm,real_only,0.17182577687110445,1.0,0.0,1.0,1.0
palm,real_only,0.19217299262247334,0.9964106245513281,0.0,1.0,1.0
palm,real_only,0.2000898874717812,0.9928212491026561,0.0,1.0,1.0
palm,real_only,0.20293197659222625,0.9892318736539842,0.0,1.0,1.0
palm,real_only,0.20588210838180937,0.9856424982053122,0.0,1.0,1.0
palm,real_only,0.20756693531602133,0.9820531227566404,0.0,1.0,1.0
palm,real_only,0.20931863016932353,0.9784637473079684,0.0,1.0,1.0
palm,real_only,0.21157028367867606,0.9748743718592965,0.0,1.0,1.0
palm,real_only,0.21379864911678959,0.9712849964106246,0.0,1.0,1.0
palm,real_only,0.21543493361063332,0.9676956209619526,0.0,1.0,1.0
palm,real_only,0.21686504261825731,0.9641062455132807,0.0,1.0,1.0
palm,real_only,0.2179045206942828,0.9605168700646087,0.0,1.0,1.0
palm,real_only,0.22019828271975184,0.9569274946159368,0.0,1.0,1.0
palm,real_only,0.2210597363066979,0.9533381191672649,0.0,1.0,1.0
palm,real_only,0.2217517981434135,0.949748743718593,0.0,1.0,1.0
palm,real_only,0.22260197162067358,0.9461593682699211,0.0,1.0,1.0
palm,real_only,0.22311480058031613,0.9425699928212491,0.0,1.0,1.0
palm,real_only,0.22418125419862672,0.9389806173725772,0.0,1.0,1.0
palm,real_only,0.22502680361679353,0.9353912419239052,0.0,1.0,1.0
palm,real_only,0.22647776021125832,0.9318018664752333,0.0,1.0,1.0
palm,real_only,0.2269000740254518,0.9282124910265613,0.0,1.0,1.0
palm,real_only,0.22807762651987668,0.9246231155778895,0.0,1.0,1.0
palm,real_only,0.22878972449611212,0.9210337401292176,0.0,1.0,1.0
palm,real_only,0.23022557879576833,0.9167264895908112,0.0,1.0,1.0
palm,real_only,0.23115284775610428,0.9131371141421393,0.0,1.0,1.0
palm,real_only,0.23226282924812766,0.9095477386934674,0.0,1.0,1.0
palm,real_only,0.2330509166026345,0.9059583632447954,0.0,1.0,1.0
palm,real_only,0.23326670512417197,0.9023689877961235,0.0,1.0,1.0
palm,real_only,0.23370342984890566,0.8987796123474515,0.0,1.0,1.0
palm,real_only,0.23459516718147802,0.8951902368987796,0.0,1.0,1.0
palm,real_only,0.23605165805734413,0.8916008614501076,0.0,1.0,1.0
palm,real_only,0.2368611671694018,0.8880114860014358,0.0,1.0,1.0
palm,real_only,0.23787146037875137,0.8844221105527639,0.0,1.0,1.0
palm,real_only,0.23847720055657648,0.8808327351040919,0.0,1.0,1.0
palm,real_only,0.2390915307530556,0.87724335965542,0.0,1.0,1.0
palm,real_only,0.2395713299341247,0.873653984206748,0.0,1.0,1.0
palm,real_only,0.2399226576624508,0.8700646087580761,0.0,1.0,1.0
palm,real_only,0.240575972113943,0.8664752333094041,0.0,1.0,1.0
palm,real_only,0.24102538640713309,0.8628858578607322,0.0,1.0,1.0
palm,real_only,0.24188610657505022,0.8592964824120602,0.0,1.0,1.0
palm,real_only,0.24253771263481252,0.8557071069633884,0.0,1.0,1.0
palm,real_only,0.242919075487461,0.8521177315147165,0.0,1.0,1.0
palm,real_only,0.24340646498761825,0.8485283560660445,0.0,1.0,1.0
palm,real_only,0.2439164861782862,0.8449389806173726,0.0,1.0,1.0
palm,real_only,0.24583213874926252,0.8413496051687006,0.0,1.0,1.0
palm,real_only,0.24617252087304575,0.8377602297200287,0.0,1.0,1.0
palm,real_only,0.2468719033515384,0.8334529791816224,0.0,1.0,1.0
palm,real_only,0.2483912439641271,0.8298636037329504,0.0,1.0,1.0
palm,real_only,0.24919342597710054,0.8262742282842785,0.0,1.0,1.0
palm,real_only,0.2494671818133055,0.8226848528356066,0.0,1.0,1.0
palm,real_only,0.25056463883592006,0.8190954773869347,0.0,1.0,1.0
palm,real_only,0.250853591123707,0.8155061019382628,0.0,1.0,1.0
palm,real_only,0.2511653729786917,0.8119167264895908,0.0,1.0,1.0
palm,real_only,0.2518171493078573,0.8083273510409189,0.0,1.0,1.0
palm,real_only,0.2526492583870077,0.8047379755922469,0.0,1.0,1.0
palm,real_only,0.25311003652373676,0.801148600143575,0.0,1.0,1.0
palm,real_only,0.25401227998268716,0.797559224694903,0.0,1.0,1.0
palm,real_only,0.25453657632314364,0.7939698492462312,0.0,1.0,1.0
palm,real_only,0.25504611911694813,0.7903804737975593,0.0,1.0,1.0
palm,real_only,0.2554995327943666,0.7867910983488873,0.0,1.0,1.0
palm,real_only,0.2560064636394431,0.7832017229002154,0.0,1.0,1.0
palm,real_only,0.2563392021813057,0.7796123474515434,0.0,1.0,1.0
palm,real_only,0.2567652862533106,0.7760229720028715,0.0,1.0,1.0
palm,real_only,0.2575012236357427,0.7724335965541995,0.0,1.0,1.0
palm,real_only,0.2580833252645396,0.7688442211055276,0.0,1.0,1.0
palm,real_only,0.25921054912172525,0.7652548456568558,0.0,1.0,1.0
palm,real_only,0.25980956620264833,0.7616654702081838,0.0,1.0,1.0
palm,real_only,0.26018415825724106,0.7580760947595119,0.0,1.0,1.0
palm,real_only,0.26036300124299705,0.7544867193108399,0.0,1.0,1.0
palm,real_only,0.26081955785335853,0.7501794687724336,0.0,1.0,1.0
palm,real_only,0.26171758247308247,0.7465900933237617,0.0,1.0,1.0
palm,real_only,0.26223581606378676,0.7430007178750897,0.0,1.0,1.0
palm,real_only,0.26247763795734613,0.7394113424264178,0.0,1.0,1.0
palm,real_only,0.26319349811602744,0.7358219669777458,0.0,1.0,1.0
palm,real_only,0.2636196805213844,0.7322325915290739,0.0,1.0,1.0
palm,real_only,0.26398243062617865,0.7286432160804021,0.0,1.0,1.0
palm,real_only,0.26500158996291445,0.7250538406317301,0.0,1.0,1.0
palm,real_only,0.26531159537357046,0.7214644651830582,0.0,1.0,1.0
palm,real_only,0.26570871165861343,0.7178750897343862,0.0,1.0,1.0
palm,real_only,0.2661237264024302,0.7142857142857143,0.0,1.0,1.0
palm,real_only,0.2666203352955293,0.7106963388370423,0.0,1.0,1.0
palm,real_only,0.267512247805983,0.7071069633883704,0.0,1.0,1.0
palm,real_only,0.26771518448889225,0.7035175879396985,0.0,1.0,1.0
palm,real_only,0.2685414812352758,0.6999282124910265,0.0,1.0,1.0
palm,real_only,0.2690967595618688,0.6963388370423547,0.0,1.0,1.0
palm,real_only,0.2695602882693485,0.6927494615936827,0.0,1.0,1.0
palm,real_only,0.2699815523054519,0.6891600861450108,0.0,1.0,1.0
palm,real_only,0.27047898538983717,0.6855707106963388,0.0,1.0,1.0
palm,real_only,0.27104870952255455,0.6819813352476669,0.0,1.0,1.0
palm,real_only,0.27164391321799086,0.678391959798995,0.0,1.0,1.0
palm,real_only,0.27223739533836855,0.674802584350323,0.0,1.0,1.0
palm,real_only,0.27278808355566087,0.6712132089016511,0.0,1.0,1.0
palm,real_only,0.27338947012670434,0.6669059583632448,0.0,1.0,1.0
palm,real_only,0.27430415141993136,0.6633165829145728,0.0,1.0,1.0
palm,real_only,0.27477991079390873,0.659727207465901,0.0,1.0,1.0
palm,real_only,0.2753216567282821,0.656137832017229,0.0,1.0,1.0
palm,real_only,0.2760115350235819,0.6525484565685571,0.0,1.0,1.0
palm,real_only,0.27654308313531684,0.6489590811198851,0.0,1.0,1.0
palm,real_only,0.27671768592720225,0.6453697056712132,0.0,1.0,1.0
palm,real_only,0.27732621027675386,0.6417803302225413,0.0,1.0,1.0
palm,real_only,0.27845645565349203,0.6381909547738693,0.0,1.0,1.0
palm,real_only,0.27877871260371256,0.6346015793251975,0.0,1.0,1.0
palm,real_only,0.2792905902394218,0.6310122038765255,0.0,1.0,1.0
palm,real_only,0.27989132643478964,0.6274228284278536,0.0,1.0,1.0
palm,real_only,0.2801204733494903,0.6238334529791816,0.0,1.0,1.0
palm,real_only,0.28104477279993967,0.6202440775305097,0.0,1.0,1.0
palm,real_only,0.2816937986670881,0.6166547020818378,0.0,1.0,1.0
palm,real_only,0.28185488647164336,0.6130653266331658,0.0,1.0,1.0
palm,real_only,0.28270813734628786,0.6094759511844939,0.0,1.0,1.0
palm,real_only,0.2836053381929383,0.6058865757358219,0.0,1.0,1.0
palm,real_only,0.2844937693939141,0.6022972002871501,0.0,1.0,1.0
palm,real_only,0.2849886897900044,0.5987078248384781,0.0,1.0,1.0
palm,real_only,0.2856932247994102,0.5951184493898062,0.0,1.0,1.0
palm,real_only,0.28640158407394983,0.5915290739411343,0.0,1.0,1.0
palm,real_only,0.2869961441703386,0.5879396984924623,0.0,1.0,1.0
palm,real_only,0.28760748360805,0.583632447954056,0.0,1.0,1.0
palm,real_only,0.2883870074255556,0.5800430725053841,0.0,1.0,1.0
palm,real_only,0.28879236231176436,0.5764536970567121,0.0,1.0,1.0
palm,real_only,0.28914320022594103,0.5728643216080402,0.0,1.0,1.0
palm,real_only,0.28981440635114386,0.5692749461593682,0.0,1.0,1.0
palm,real_only,0.29039668783632155,0.5656855707106964,0.0,1.0,1.0
palm,real_only,0.2910742615657529,0.5620961952620244,0.0,1.0,1.0
palm,real_only,0.29178545223173136,0.5585068198133525,0.0,1.0,1.0
palm,real_only,0.29251579081253665,0.5549174443646806,0.0,1.0,1.0
palm,real_only,0.29306116466023646,0.5513280689160086,0.0,1.0,1.0
palm,real_only,0.2935651345760444,0.5477386934673367,0.0,1.0,1.0
palm,real_only,0.29428417426576553,0.5441493180186647,0.0,1.0,1.0
palm,real_only,0.2948666281040324,0.5405599425699928,0.0,1.0,1.0
palm,real_only,0.29559996701876395,0.5369705671213209,0.0,1.0,1.0
palm,real_only,0.29598685341172193,0.533381191672649,0.0,1.0,1.0
palm,real_only,0.29643957731107085,0.529791816223977,0.0,1.0,1.0
palm,real_only,0.2971814878146157,0.5262024407753051,0.0,1.0,1.0
palm,real_only,0.29745069361943494,0.5226130653266332,0.0,1.0,1.0
palm,real_only,0.2984802109876136,0.5190236898779612,0.0,1.0,1.0
palm,real_only,0.29870413274157603,0.5154343144292893,0.0,1.0,1.0
palm,real_only,0.29884307684211314,0.5118449389806173,0.0,1.0,1.0
palm,real_only,0.2993061326666354,0.5082555635319455,0.0,1.0,1.0
palm,real_only,0.2997473366607976,0.5046661880832735,0.0,1.0,1.0
palm,real_only,0.30036329671253725,0.5003589375448672,0.0,1.0,1.0
palm,real_only,0.30104284517827834,0.49676956209619527,0.0,1.0,1.0
palm,real_only,0.30192149864069723,0.49318018664752333,0.0,1.0,1.0
palm,real_only,0.30226115214309945,0.4895908111988514,0.0,1.0,1.0
palm,real_only,0.3029535926046978,0.48600143575017946,0.0,1.0,1.0
palm,real_only,0.30331418019057205,0.4824120603015075,0.0,1.0,1.0
palm,real_only,0.30442280494096596,0.47882268485283563,0.0,1.0,1.0
palm,real_only,0.3053804764351442,0.4752333094041637,0.0,1.0,1.0
palm,real_only,0.30592420723894465,0.47164393395549176,0.0,1.0,1.0
palm,real_only,0.30633285725894754,0.4680545585068198,0.0,1.0,1.0
palm,real_only,0.3069939563476298,0.4644651830581479,0.0,1.0,1.0
palm,real_only,0.3077166580837144,0.46087580760947594,0.0,1.0,1.0
palm,real_only,0.3080002762038862,0.457286432160804,0.0,1.0,1.0
palm,real_only,0.30836747402746584,0.45369705671213206,0.0,1.0,1.0
palm,real_only,0.30946783618095697,0.4501076812634602,0.0,1.0,1.0
palm,real_only,0.3101851243180963,0.44651830581478824,0.0,1.0,1.0
palm,real_only,0.31109924696612823,0.4429289303661163,0.0,1.0,1.0
palm,real_only,0.3119922927117659,0.43933955491744436,0.0,1.0,1.0
palm,real_only,0.31279758600256535,0.4357501794687724,0.0,1.0,1.0
palm,real_only,0.31342889762458837,0.4321608040201005,0.0,1.0,1.0
palm,real_only,0.31391202958858827,0.42857142857142855,0.0,1.0,1.0
palm,real_only,0.3150858055606549,0.42498205312275666,0.0,1.0,1.0
palm,real_only,0.3151538453488895,0.4213926776740847,0.0,1.0,1.0
palm,real_only,0.3163246212433719,0.41708542713567837,0.0,1.0,1.0
palm,real_only,0.3172512222929148,0.4134960516870065,0.0,1.0,1.0
palm,real_only,0.3180762138513217,0.40990667623833454,0.0,1.0,1.0
palm,real_only,0.3193271150518444,0.4063173007896626,0.0,1.0,1.0
palm,real_only,0.32048047605674,0.40272792534099067,0.0,1.0,1.0
palm,real_only,0.32096777199212945,0.39913854989231873,0.0,1.0,1.0
palm,real_only,0.32178087617614065,0.3955491744436468,0.0,1.0,1.0
palm,real_only,0.32236429683744977,0.39195979899497485,0.0,1.0,1.0
palm,real_only,0.3233731471813193,0.38837042354630297,0.0,1.0,1.0
palm,real_only,0.32401160506311955,0.38478104809763103,0.0,1.0,1.0
palm,real_only,0.3244789439372312,0.3811916726489591,0.0,1.0,1.0
palm,real_only,0.3251088291122799,0.37760229720028715,0.0,1.0,1.0
palm,real_only,0.32562844674402236,0.3740129217516152,0.0,1.0,1.0
palm,real_only,0.32606043244724914,0.3704235463029433,0.0,1.0,1.0
palm,real_only,0.3275384122589712,0.36683417085427134,0.0,1.0,1.0
palm,real_only,0.3281606661368171,0.36324479540559945,0.0,1.0,1.0
palm,real_only,0.3289774653923127,0.3596554199569275,0.0,1.0,1.0
palm,real_only,0.32934311365870406,0.3560660445082556,0.0,1.0,1.0
palm,real_only,0.32985703041781267,0.35247666905958364,0.0,1.0,1.0
palm,real_only,0.33046822959862865,0.3488872936109117,0.0,1.0,1.0
palm,real_only,0.3315998130805502,0.34529791816223976,0.0,1.0,1.0
palm,real_only,0.3330014576892409,0.3417085427135678,0.0,1.0,1.0
palm,real_only,0.33380342223429715,0.3381191672648959,0.0,1.0,1.0
palm,real_only,0.3346870778675857,0.3338119167264896,0.0,1.0,1.0
palm,real_only,0.3354811197615576,0.33022254127781764,0.0,1.0,1.0
palm,real_only,0.3368907721631865,0.32663316582914576,0.0,1.0,1.0
palm,real_only,0.33759003745229055,0.3230437903804738,0.0,1.0,1.0
palm,real_only,0.3385728877672236,0.3194544149318019,0.0,1.0,1.0
palm,real_only,0.33969469820603615,0.31586503948312994,0.0,1.0,1.0
palm,real_only,0.3407755663393546,0.312275664034458,0.0,1.0,1.0
palm,real_only,0.34187361290460516,0.30868628858578606,0.0,1.0,1.0
palm,real_only,0.34256301611545537,0.3050969131371141,0.0,1.0,1.0
palm,real_only,0.34291275831565016,0.3015075376884422,0.0,1.0,1.0
palm,real_only,0.3438248248675553,0.2979181622397703,0.0,1.0,1.0
palm,real_only,0.3455983332435474,0.29432878679109836,0.0,1.0,1.0
palm,real_only,0.34638740708164545,0.2907394113424264,0.0,1.0,1.0
palm,real_only,0.3466138179991144,0.2871500358937545,0.0,1.0,1.0
palm,real_only,0.3472495981971106,0.28356066044508255,0.0,1.0,1.0
palm,real_only,0.34882725122347125,0.2799712849964106,0.0,1.0,1.0
palm,real_only,0.3501862303423503,0.27638190954773867,0.0,1.0,1.0
palm,real_only,0.35059050426082716,0.2727925340990668,0.0,1.0,1.0
palm,real_only,0.35120688635459685,0.26920315865039485,0.0,1.0,1.0
palm,real_only,0.35242617246512453,0.2656137832017229,0.0,1.0,1.0
palm,real_only,0.3541101882313944,0.26202440775305097,0.0,1.0,1.0
palm,real_only,0.3550109007095781,0.25843503230437903,0.0,1.0,1.0
palm,real_only,0.35605353591544137,0.2548456568557071,0.0,1.0,1.0
palm,real_only,0.35780921632626794,0.2505384063173008,0.0,1.0,1.0
palm,real_only,0.3593020643279382,0.24694903086862885,0.0,1.0,1.0
palm,real_only,0.36107717859259847,0.24335965541995694,0.0,1.0,1.0
palm,real_only,0.36191131200489085,0.239770279971285,0.0,1.0,1.0
palm,real_only,0.36328869972144157,0.23618090452261306,0.0,1.0,1.0
palm,real_only,0.3645908501990136,0.23259152907394112,0.0,1.0,1.0
palm,real_only,0.3658316060968315,0.2290021536252692,0.0,1.0,1.0
palm,real_only,0.36895701572976825,0.22541277817659727,0.0,1.0,1.0
palm,real_only,0.3702598820623959,0.22182340272792533,0.0,1.0,1.0
palm,real_only,0.3731444235296966,0.21823402727925342,0.0,1.0,1.0
palm,real_only,0.3759006285240195,0.21464465183058148,0.0,1.0,1.0
palm,real_only,0.3770658870873035,0.21105527638190955,0.0,1.0,1.0
palm,real_only,0.37824624870335416,0.2074659009332376,0.0,1.0,1.0
palm,real_only,0.379321813900693,0.2038765254845657,0.0,1.0,1.0
palm,real_only,0.38130446597475975,0.20028715003589376,0.0,1.0,1.0
palm,real_only,0.38207272063395453,0.19669777458722182,0.0,1.0,1.0
palm,real_only,0.3829751645815648,0.19310839913854988,0.0,1.0,1.0
palm,real_only,0.38474612854937124,0.18951902368987797,0.0,1.0,1.0
palm,real_only,0.385821514635761,0.18592964824120603,0.0,1.0,1.0
palm,real_only,0.3873175366231064,0.1823402727925341,0.0,1.0,1.0
palm,real_only,0.3891201789728943,0.17875089734386218,0.0,1.0,1.0
palm,real_only,0.39154838832483363,0.17516152189519024,0.0,1.0,1.0
palm,real_only,0.39350790201197194,0.1715721464465183,0.0,1.0,1.0
palm,real_only,0.398698230844872,0.167264895908112,0.0,1.0,1.0
palm,real_only,0.400036034779226,0.16367552045944006,0.0,1.0,1.0
palm,real_only,0.4022619317407322,0.16008614501076812,0.0,1.0,1.0
palm,real_only,0.4035389243143672,0.15649676956209618,0.0,1.0,1.0
palm,real_only,0.4050369625267739,0.15290739411342427,0.0,1.0,1.0
palm,real_only,0.40661689429559833,0.14931801866475233,0.0,1.0,1.0
palm,real_only,0.41012690819777464,0.1457286432160804,0.0,1.0,1.0
palm,real_only,0.41206537705890667,0.14213926776740848,0.0,1.0,1.0
palm,real_only,0.4134523774492699,0.13854989231873654,0.0,1.0,1.0
palm,real_only,0.4151072733892388,0.1349605168700646,0.0,1.0,1.0
palm,real_only,0.41585932677539156,0.13137114142139267,0.0,1.0,1.0
palm,real_only,0.4164586410072919,0.12778176597272076,0.0,1.0,1.0
palm,real_only,0.4173869338602769,0.12419239052404882,0.0,1.0,1.0
palm,real_only,0.42008326203938084,0.12060301507537688,0.0,1.0,1.0
palm,real_only,0.4231310859113078,0.11701363962670495,0.0,1.0,1.0
palm,real_only,0.42462427470708036,0.11342426417803302,0.0,1.0,1.0
palm,real_only,0.42682441846887065,0.10983488872936109,0.0,1.0,1.0
palm,real_only,0.4309250423286675,0.10624551328068917,0.0,1.0,1.0
palm,real_only,0.4337952812548511,0.10265613783201723,0.0,1.0,1.0
palm,real_only,0.4389925258661189,0.0990667623833453,0.0,1.0,1.0
palm,real_only,0.44178431592971645,0.09547738693467336,0.0,1.0,1.0
palm,real_only,0.44370631553276685,0.09188801148600144,0.0,1.0,1.0
palm,real_only,0.44565347030549585,0.0882986360373295,0.0,1.0,1.0
palm,real_only,0.449347057633779,0.08399138549892318,0.0,1.0,1.0
palm,real_only,0.4530254404781129,0.08040201005025126,0.0,1.0,1.0
palm,real_only,0.4573239903038533,0.07681263460157932,0.0,1.0,1.0
palm,real_only,0.461219220565877,0.0732232591529074,0.0,1.0,1.0
palm,real_only,0.4652578660541029,0.06963388370423547,0.0,1.0,1.0
palm,real_only,0.46834430056023135,0.06604450825556353,0.0,1.0,1.0
palm,real_only,0.4741540750436627,0.0624551328068916,0.0,1.0,1.0
palm,real_only,0.47725045218675843,0.05886575735821967,0.0,1.0,1.0
palm,real_only,0.48176560967494225,0.05527638190954774,0.0,1.0,1.0
palm,real_only,0.48352690539472665,0.05168700646087581,0.0,1.0,1.0
palm,real_only,0.48704144047045433,0.04809763101220388,0.0,1.0,1.0
palm,real_only,0.4882013632192271,0.04450825556353195,0.0,1.0,1.0
palm,real_only,0.4938215301764133,0.040918880114860015,0.0,1.0,1.0
palm,real_only,0.503002496059443,0.03732950466618808,0.0,1.0,1.0
palm,real_only,0.5121182348420183,0.03374012921751615,0.0,1.0,1.0
palm,real_only,0.5196535462665697,0.03015075376884422,0.0,1.0,1.0
palm,real_only,0.5270663362146836,0.02656137832017229,0.0,1.0,1.0
palm,real_only,0.5354225144023304,0.02297200287150036,0.0,1.0,1.0
palm,real_only,0.5508867415936542,0.019382627422828428,0.0,1.0,1.0
palm,real_only,0.5636499851327559,0.015793251974156496,0.0,1.0,1.0
palm,real_only,0.5784424753167121,0.012203876525484566,0.0,1.0,1.0
palm,real_only,0.5994227591562111,0.008614501076812634,0.0,1.0,1.0
palm,real_only,0.6137494535906676,0.005025125628140704,0.0,1.0,1.0
palm,real_only,0.6867926191742135,0.0014357501794687725,0.008620689655172376,0.9913793103448276,0.9913793103448276
palm,real_only,0.7454594359472068,0.0,0.03448275862068961,0.9655172413793104,0.9655172413793104
palm,real_only,0.7821041687829046,0.0,0.07758620689655171,0.9224137931034483,0.9224137931034483
palm,real_only,0.8669086977959881,0.0,0.12068965517241381,0.8793103448275862,0.8793103448275862
palm,real_only,0.8966126341851195,0.0,0.1637931034482759,0.8362068965517241,0.8362068965517241
palm,real_only,0.9069175202284221,0.0,0.2068965517241379,0.7931034482758621,0.7931034482758621
palm,real_only,0.92219232687343,0.0,0.25,0.75,0.75
palm,real_only,0.929122749459385,0.0,0.2931034482758621,0.7068965517241379,0.7068965517241379
palm,real_only,0.9348534418941832,0.0,0.3362068965517241,0.6637931034482759,0.6637931034482759
palm,real_only,0.9425686509877532,0.0,0.3793103448275862,0.6206896551724138,0.6206896551724138
palm,real_only,0.9439471698300063,0.0,0.4224137931034483,0.5775862068965517,0.5775862068965517
palm,real_only,0.9464378002069194,0.0,0.4655172413793104,0.5344827586206896,0.5344827586206896
palm,real_only,0.9490151114553727,0.0,0.5086206896551724,0.49137931034482757,0.49137931034482757
palm,real_only,0.9506302943867586,0.0,0.5517241379310345,0.4482758620689655,0.4482758620689655
palm,real_only,0.9522007231579694,0.0,0.5948275862068966,0.4051724137931034,0.4051724137931034
palm,real_only,0.9550271817916096,0.0,0.6379310344827587,0.3620689655172414,0.3620689655172414
palm,real_only,0.9588925435206088,0.0,0.6810344827586207,0.31896551724137934,0.31896551724137934
palm,real_only,0.9597597872615952,0.0,0.7241379310344828,0.27586206896551724,0.27586206896551724
palm,real_only,0.9605119648962058,0.0,0.7672413793103449,0.23275862068965517,0.23275862068965517
palm,real_only,0.9615580098022252,0.0,0.8103448275862069,0.1896551724137931,0.1896551724137931
palm,real_only,0.9658325095300149,0.0,0.853448275862069,0.14655172413793102,0.14655172413793102
palm,real_only,0.9676449217971925,0.0,0.896551724137931,0.10344827586206896,0.10344827586206896
palm,real_only,0.9718198237047795,0.0,0.9396551724137931,0.0603448275862069,0.0603448275862069
palm,real_only,0.976438610837356,0.0,0.9913793103448276,0.008620689655172414,0.008620689655172414
dorsal,all,0.18834383634223167,1.0,0.0,1.0,1.0
dorsal,all,0.21227222227035597,0.9964106245513281,0.0,1.0,1.0
dorsal,all,0.22181212052275862,0.9928212491026561,0.0,1.0,1.0
dorsal,all,0.22869032471691703,0.9892318736539842,0.0,1.0,1.0
dorsal,all,0.23316196919131593,0.9856424982053122,0.0,1.0,1.0
dorsal,all,0.23597008997481422,0.9820531227566404,0.0,1.0,1.0
dorsal,all,0.23773623767306948,0.9784637473079684,0.0,1.0,1.0
dorsal,all,0.24114308948656274,0.9748743718592965,0.0,1.0,1.0
dorsal,all,0.24338175383666788,0.9712849964106246,0.0,1.0,1.0
dorsal,all,0.24710817908128394,0.9676956209619526,0.0,1.0,1.0
dorsal,all,0.24947107428007556,0.9641062455132807,0.0,1.0,1.0
dorsal,all,0.2511353962912467,0.9605168700646087,0.0,1.0,1.0
dorsal,all,0.2522996661311422,0.9569274946159368,0.0,1.0,1.0
dorsal,all,0.25451322368025914,0.9533381191672649,0.0,1.0,1.0
dorsal,all,0.25537553889861137,0.949748743718593,0.0,1.0,1.0
dorsal,all,0.25630308679350733,0.9461593682699211,0.0,1.0,1.0
dorsal,all,0.25733835001007693,0.9425699928212491,0.0,1.0,1.0
dorsal,all,0.25787652990704923,0.9389806173725772,0.0,1.0,1.0
dorsal,all,0.25860017045741934,0.9353912419239052,0.0,1.0,1.0
dorsal,all,0.26042277147118764,0.9318018664752333,0.0,1.0,1.0
dorsal,all,0.26137936865089983,0.9282124910265613,0.0,1.0,1.0
dorsal,all,0.2632956689568489,0.9246231155778895,0.0,1.0,1.0
dorsal,all,0.26507830094242313,0.9210337401292176,0.0,1.0,1.0
dorsal,all,0.2662325891671539,0.9167264895908112,0.0,1.0,1.0
dorsal,all,0.2678060149950555,0.9131371141421393,0.0,1.0,1.0
dorsal,all,0.27000682548023924,0.9095477386934674,0.0,1.0,1.0
dorsal,all,0.27168550651685713,0.9059583632447954,0.0,1.0,1.0
dorsal,all,0.27329244557207366,0.9023689877961235,0.0,1.0,1.0
dorsal,all,0.27367037314303977,0.8987796123474515,0.0,1.0,1.0
dorsal,all,0.2744691559578818,0.8951902368987796,0.0,1.0,1.0
dorsal,all,0.27505614155136626,0.8916008614501076,0.0,1.0,1.0
dorsal,all,0.2757689870615199,0.8880114860014358,0.0,1.0,1.0
dorsal,all,0.27663084516372155,0.8844221105527639,0.0,1.0,1.0
dorsal,all,0.27747490548407727,0.8808327351040919,0.0,1.0,1.0
dorsal,all,0.27888093681378845,0.87724335965542,0.0,1.0,1.0
dorsal,all,0.27914879191843894,0.873653984206748,0.0,1.0,1.0
dorsal,all,0.27982900909331276,0.8700646087580761,0.0,1.0,1.0
dorsal,all,0.2810058320448159,0.8664752333094041,0.0,1.0,1.0
dorsal,all,0.28169720383587665,0.8628858578607322,0.0,1.0,1.0
dorsal,all,0.28248563389711,0.8592964824120602,0.0,1.0,1.0
dorsal,all,0.283258514010047,0.8557071069633884,0.0,1.0,1.0
dorsal,all,0.2842427331005163,0.8521177315147165,0.0,1.0,1.0
dorsal,all,0.2853005601292181,0.8485283560660445,0.0,1.0,1.0
dorsal,all,0.2858035835295697,0.8449389806173726,0.0,1.0,1.0
dorsal,all,0.2867522525793687,0.8413496051687006,0.0,1.0,1.0
dorsal,all,0.2875963841882092,0.8377602297200287,0.0,1.0,1.0
dorsal,all,0.28860601410513115,0.8334529791816224,0.0,1.0,1.0
dorsal,all,0.289284120185341,0.8298636037329504,0.0,1.0,1.0
dorsal,all,0.2899169099073857,0.8262742282842785,0.0,1.0,1.0
dorsal,all,0.2906061856537081,0.8226848528356066,0.0,1.0,1.0
dorsal,all,0.29142827676156247,0.8190954773869347,0.0,1.0,1.0
dorsal,all,0.29204957240675394,0.8155061019382628,0.0,1.0,1.0
dorsal,all,0.29357109113771007,0.8119167264895908,0.0,1.0,1.0
dorsal,all,0.2942455367963956,0.8083273510409189,0.0,1.0,1.0
dorsal,all,0.2946506397381583,0.8047379755922469,0.0,1.0,1.0
dorsal,all,0.2948644165740485,0.801148600143575,0.0,1.0,1.0
dorsal,all,0.29542971536616824,0.797559224694903,0.0,1.0,1.0
dorsal,all,0.29577316929476016,0.7939698492462312,0.0,1.0,1.0
dorsal,all,0.2962533426338766,0.7903804737975593,0.0,1.0,1.0
dorsal,all,0.29712614188435205,0.7867910983488873,0.0,1.0,1.0
dorsal,all,0.2976832518080877,0.7832017229002154,0.0,1.0,1.0
dorsal,all,0.2980379103686719,0.7796123474515434,0.0,1.0,1.0
dorsal,all,0.29863446511164765,0.7760229720028715,0.0,1.0,1.0
dorsal,all,0.2993964428446128,0.7724335965541995,0.0,1.0,1.0
dorsal,all,0.2998323514602158,0.7688442211055276,0.0,1.0,1.0
dorsal,all,0.30058313155920363,0.7652548456568558,0.0,1.0,1.0
dorsal,all,0.30147024962817204,0.7616654702081838,0.0,1.0,1.0
dorsal,all,0.30200870131451174,0.7580760947595119,0.0,1.0,1.0
dorsal,all,0.30264575432246565,0.7544867193108399,0.0,1.0,1.0
dorsal,all,0.30300733489643367,0.7501794687724336,0.0,1.0,1.0
dorsal,all,0.30346413610008005,0.7465900933237617,0.0,1.0,1.0
dorsal,all,0.30372850243654353,0.7430007178750897,0.0,1.0,1.0
dorsal,all,0.30470588599587867,0.7394113424264178,0.0,1.0,1.0
dorsal,all,0.3050641384214257,0.7358219669777458,0.0,1.0,1.0
dorsal,all,0.30544802424423945,0.7322325915290739,0.0,1.0,1.0
dorsal,all,0.3063257088115301,0.7286432160804021,0.0,1.0,1.0
dorsal,all,0.3071120006698943,0.7250538406317301,0.0,1.0,1.0
dorsal,all,0.30795634090346247,0.7214644651830582,0.0,1.0,1.0
dorsal,all,0.30808601182982026,0.7178750897343862,0.0,1.0,1.0
dorsal,all,0.3086267416385366,0.7142857142857143,0.0,1.0,1.0
dorsal,all,0.30936307341280056,0.7106963388370423,0.0,1.0,1.0
dorsal,all,0.3098803170119267,0.7071069633883704,0.0,1.0,1.0
dorsal,all,0.3104268924700505,0.7035175879396985,0.0,1.0,1.0
dorsal,all,0.3109738728121874,0.6999282124910265,0.0,1.0,1.0
dorsal,all,0.3112884178964954,0.6963388370423547,0.0,1.0,1.0
dorsal,all,0.3126908417354506,0.6927494615936827,0.0,1.0,1.0
dorsal,all,0.3139389443492313,0.6891600861450108,0.0,1.0,1.0
dorsal,all,0.31433747224738107,0.6855707106963388,0.0,1.0,1.0
dorsal,all,0.31489304141724894,0.6819813352476669,0.0,1.0,1.0
dorsal,all,0.3152170619146938,0.678391959798995,0.0,1.0,1.0
dorsal,all,0.3163427131087863,0.674802584350323,0.0,1.0,1.0
dorsal,all,0.31700959836241266,0.6712132089016511,0.0,1.0,1.0
dorsal,all,0.31776835163289013,0.6669059583632448,0.0,1.0,1.0
dorsal,all,0.31838293171497567,0.6633165829145728,0.0,1.0,1.0
dorsal,all,0.319322804535494,0.659727207465901,0.0,1.0,1.0
dorsal,all,0.3197337842326987,0.656137832017229,0.0,1.0,1.0
dorsal,all,0.3204131362145518,0.6525484565685571,0.0,1.0,1.0
dorsal,all,0.32122294599918166,0.6489590811198851,0.0,1.0,1.0
dorsal,all,0.321982898289647,0.6453697056712132,0.0,1.0,1.0
dorsal,all,0.3222475559140956,0.6417803302225413,0.0,1.0,1.0
dorsal,all,0.32293952850296587,0.6381909547738693,0.0,1.0,1.0
dorsal,all,0.32362378528412217,0.6346015793251975,0.0,1.0,1.0
dorsal,all,0.3240382788840039,0.6310122038765255,0.0,1.0,1.0
dorsal,all,0.3244815480693511,0.6274228284278536,0.0,1.0,1.0
dorsal,all,0.32516686860905347,0.6238334529791816,0.0,1.0,1.0
dorsal,all,0.3262908676570964,0.6202440775305097,0.0,1.0,1.0
dorsal,all,0.32678012013234303,0.6166547020818378,0.0,1.0,1.0
dorsal,all,0.3274289564505968,0.6130653266331658,0.0,1.0,1.0
dorsal,all,0.3282625635889068,0.6094759511844939,0.0,1.0,1.0
dorsal,all,0.329012886600892,0.6058865757358219,0.0,1.0,1.0
dorsal,all,0.3292614625275015,0.6022972002871501,0.0,1.0,1.0
dorsal,all,0.32988418860861546,0.5987078248384781,0.0,1.0,1.0
dorsal,all,0.33027807815469856,0.5951184493898062,0.0,1.0,1.0
dorsal,all,0.3313130153240691,0.5915290739411343,0.0,1.0,1.0
dorsal,all,0.3321678632032997,0.5879396984924623,0.0,1.0,1.0
dorsal,all,0.3329931260036351,0.583632447954056,0.0,1.0,1.0
dorsal,all,0.33360849098523515,0.5800430725053841,0.0,1.0,1.0
dorsal,all,0.3341987352988249,0.5764536970567121,0.0,1.0,1.0
dorsal,all,0.33528194981728676,0.5728643216080402,0.0,1.0,1.0
dorsal,all,0.3363322056100654,0.5692749461593682,0.0,1.0,1.0
dorsal,all,0.3372033605308729,0.5656855707106964,0.0,1.0,1.0
dorsal,all,0.33843211117242106,0.5620961952620244,0.0,1.0,1.0
dorsal,all,0.3390599782179393,0.5585068198133525,0.0,1.0,1.0
dorsal,all,0.33947119137664133,0.5549174443646806,0.0,1.0,1.0
dorsal,all,0.3401073531057291,0.5513280689160086,0.0,1.0,1.0
dorsal,all,0.3406709012711211,0.5477386934673367,0.0,1.0,1.0
dorsal,all,0.3416453232851459,0.5441493180186647,0.0,1.0,1.0
dorsal,all,0.3425755639286766,0.5405599425699928,0.0,1.0,1.0
dorsal,all,0.34321595056793963,0.5369705671213209,0.0,1.0,1.0
dorsal,all,0.34376322818670146,0.533381191672649,0.0,1.0,1.0
dorsal,all,0.3440499873501774,0.529791816223977,0.0,1.0,1.0
dorsal,all,0.3452742033404034,0.5262024407753051,0.0,1.0,1.0
dorsal,all,0.3459374681718295,0.5226130653266332,0.0,1.0,1.0
dorsal,all,0.3463773618721359,0.5190236898779612,0.0,1.0,1.0
dorsal,all,0.34710527263021573,0.5154343144292893,0.0,1.0,1.0
dorsal,all,0.34827625354057423,0.5118449389806173,0.0,1.0,1.0
dorsal,all,0.34909829391693614,0.5082555635319455,0.0,1.0,1.0
dorsal,all,0.3496109047404553,0.5046661880832735,0.0,1.0,1.0
dorsal,all,0.35022389841840595,0.5003589375448672,0.0,1.0,1.0
dorsal,all,0.3505414982012624,0.49676956209619527,0.0,1.0,1.0
dorsal,all,0.35194152602714346,0.49318018664752333,0.0,1.0,1.0
dorsal,all,0.35320122664000775,0.4895908111988514,0.0,1.0,1.0
dorsal,all,0.35350378209061717,0.48600143575017946,0.0,1.0,1.0
dorsal,all,0.3546619009457907,0.4824120603015075,0.0,1.0,1.0
dorsal,all,0.3555308327934875,0.47882268485283563,0.0,1.0,1.0
dorsal,all,0.3562218144784595,0.4752333094041637,0.0,1.0,1.0
dorsal,all,0.3572844096853347,0.47164393395549176,0.0,1.0,1.0
dorsal,all,0.35791328328223454,0.4680545585068198,0.0,1.0,1.0
dorsal,all,0.35822605991443446,0.4644651830581479,0.0,1.0,1.0
dorsal,all,0.3593871217712228,0.46087580760947594,0.0,1.0,1.0
dorsal,all,0.3604593372831313,0.457286432160804,0.0,1.0,1.0
dorsal,all,0.36092632325341456,0.45369705671213206,0.0,1.0,1.0
dorsal,all,0.3626771300723189,0.4501076812634602,0.0,1.0,1.0
dorsal,all,0.36316420509225117,0.44651830581478824,0.0,1.0,1.0
dorsal,all,0.3640567666511185,0.4429289303661163,0.0,1.0,1.0
dorsal,all,0.3644579348553699,0.43933955491744436,0.0,1.0,1.0
dorsal,all,0.3648531579073591,0.4357501794687724,0.0,1.0,1.0
dorsal,all,0.36574951979232506,0.4321608040201005,0.0,1.0,1.0
dorsal,all,0.3670172844037039,0.42857142857142855,0.0,1.0,1.0
dorsal,all,0.3679049990120862,0.42498205312275666,0.0,1.0,1.0
dorsal,all,0.3690714169833179,0.4213926776740847,0.0,1.0,1.0
dorsal,all,0.3695677888786039,0.41708542713567837,0.0,1.0,1.0
dorsal,all,0.37036327309696687,0.4134960516870065,0.0,1.0,1.0
dorsal,all,0.37071441183893084,0.40990667623833454,0.0,1.0,1.0
dorsal,all,0.37205766556179243,0.4063173007896626,0.0,1.0,1.0
dorsal,all,0.3727906740406143,0.40272792534099067,0.0,1.0,1.0
dorsal,all,0.3735642508214093,0.39913854989231873,0.0,1.0,1.0
dorsal,all,0.3741404767435097,0.3955491744436468,0.0,1.0,1.0
dorsal,all,0.3746998829196746,0.39195979899497485,0.0,1.0,1.0
dorsal,all,0.3755982124003086,0.38837042354630297,0.0,1.0,1.0
dorsal,all,0.3767598528766726,0.38478104809763103,0.0,1.0,1.0
dorsal,all,0.3773837176218229,0.3811916726489591,0.0,1.0,1.0
dorsal,all,0.3782783766638402,0.37760229720028715,0.0,1.0,1.0
dorsal,all,0.37958691555475144,0.3740129217516152,0.0,1.0,1.0
dorsal,all,0.3812936133613523,0.3704235463029433,0.0,1.0,1.0
dorsal,all,0.38164394831682436,0.36683417085427134,0.0,1.0,1.0
dorsal,all,0.3820590969457653,0.36324479540559945,0.0,1.0,1.0
dorsal,all,0.3843190686937214,0.3596554199569275,0.0,1.0,1.0
dorsal,all,0.384904123949727,0.3560660445082556,0.0,1.0,1.0
dorsal,all,0.38566125260940054,0.35247666905958364,0.0,1.0,1.0
dorsal,all,0.38690125863232605,0.3488872936109117,0.0,1.0,1.0
dorsal,all,0.38787239517614314,0.34529791816223976,0.0,1.0,1.0
dorsal,all,0.38952501840093284,0.3417085427135678,0.0,1.0,1.0
dorsal,all,0.3907411988714368,0.3381191672648959,0.0,1.0,1.0
dorsal,all,0.39216399737471996,0.3338119167264896,0.0,1.0,1.0
dorsal,all,0.39316217872812115,0.33022254127781764,0.0,1.0,1.0
dorsal,all,0.3944864043447659,0.32663316582914576,0.0,1.0,1.0
dorsal,all,0.39578908200007146,0.3230437903804738,0.0,1.0,1.0
dorsal,all,0.39714472882360047,0.3194544149318019,0.0,1.0,1.0
dorsal,all,0.397353807279715,0.31586503948312994,0.0,1.0,1.0
dorsal,all,0.39887827108275187,0.312275664034458,0.0,1.0,1.0
dorsal,all,0.40051868191700934,0.30868628858578606,0.0,1.0,1.0
dorsal,all,0.40151919575132655,0.3050969131371141,0.0,1.0,1.0
dorsal,all,0.4026285274952064,0.3015075376884422,0.0,1.0,1.0
dorsal,all,0.4032787356050994,0.2979181622397703,0.0,1.0,1.0
dorsal,all,0.4045230400009172,0.29432878679109836,0.0,1.0,1.0
dorsal,all,0.40540054927807023,0.2907394113424264,0.0,1.0,1.0
dorsal,all,0.40651226503590854,0.2871500358937545,0.0,1.0,1.0
dorsal,all,0.40789704499888874,0.28356066044508255,0.0,1.0,1.0
dorsal,all,0.4097732860493054,0.2799712849964106,0.0,1.0,1.0
dorsal,all,0.4112441216050576,0.27638190954773867,0.0,1.0,1.0
dorsal,all,0.41253707364443093,0.2727925340990668,0.0,1.0,1.0
dorsal,all,0.414191740838203,0.26920315865039485,0.0,1.0,1.0
dorsal,all,0.4159293174643802,0.2656137832017229,0.0,1.0,1.0
dorsal,all,0.4182391293654639,0.26202440775305097,0.0,1.0,1.0
dorsal,all,0.4187329084966085,0.25843503230437903,0.0,1.0,1.0
dorsal,all,0.4195750881264445,0.2548456568557071,0.0,1.0,1.0
dorsal,all,0.4219400492685912,0.2505384063173008,0.0,1.0,1.0
dorsal,all,0.4231598463499555,0.24694903086862885,0.0,1.0,1.0
dorsal,all,0.4240445847974397,0.24335965541995694,0.0,1.0,1.0
dorsal,all,0.4251937145504754,0.239770279971285,0.0,1.0,1.0
dorsal,all,0.426517779597907,0.23618090452261306,0.0,1.0,1.0
dorsal,all,0.4295849997673231,0.23259152907394112,0.0,1.0,1.0
dorsal,all,0.4316565622391777,0.2290021536252692,0.0,1.0,1.0
dorsal,all,0.4325275861640392,0.22541277817659727,0.0,1.0,1.0
dorsal,all,0.43465170255172836,0.22182340272792533,0.0,1.0,1.0
dorsal,all,0.43588416579610534,0.21823402727925342,0.0,1.0,1.0
dorsal,all,0.4366113987132826,0.21464465183058148,0.0,1.0,1.0
dorsal,all,0.43742725537244964,0.21105527638190955,0.0,1.0,1.0
dorsal,all,0.4396075390392832,0.2074659009332376,0.0,1.0,1.0
dorsal,all,0.44281417268834433,0.2038765254845657,0.0,1.0,1.0
dorsal,all,0.4442770030705476,0.20028715003589376,0.0,1.0,1.0
dorsal,all,0.4455720414819468,0.19669777458722182,0.0,1.0,1.0
dorsal,all,0.44612921210392653,0.19310839913854988,0.0,1.0,1.0
dorsal,all,0.44792965756330566,0.18951902368987797,0.0,1.0,1.0
dorsal,all,0.449411372182677,0.18592964824120603,0.0,1.0,1.0
dorsal,all,0.4507192310254964,0.1823402727925341,0.0,1.0,1.0
dorsal,all,0.45188758998831924,0.17875089734386218,0.0,1.0,1.0
dorsal,all,0.4550349081780878,0.17516152189519024,0.0,1.0,1.0
dorsal,all,0.4562456859796816,0.1715721464465183,0.0,1.0,1.0
dorsal,all,0.4585413386434487,0.167264895908112,0.0,1.0,1.0
dorsal,all,0.4628570432763046,0.16367552045944006,0.0,1.0,1.0
dorsal,all,0.4653784986849439,0.16008614501076812,0.0,1.0,1.0
dorsal,all,0.4667679994827937,0.15649676956209618,0.0,1.0,1.0
dorsal,all,0.46894538994107726,0.15290739411342427,0.0,1.0,1.0
dorsal,all,0.4701035945748404,0.14931801866475233,0.0,1.0,1.0
dorsal,all,0.4713814492735571,0.1457286432160804,0.0,1.0,1.0
dorsal,all,0.47377476275288877,0.14213926776740848,0.0,1.0,1.0
dorsal,all,0.4751310012981317,0.13854989231873654,0.0,1.0,1.0
dorsal,all,0.4771147475315687,0.1349605168700646,0.0,1.0,1.0
dorsal,all,0.4790515868670731,0.13137114142139267,0.0,1.0,1.0
dorsal,all,0.4810974106576847,0.12778176597272076,0.0,1.0,1.0
dorsal,all,0.48155129236607874,0.12419239052404882,0.0,1.0,1.0
dorsal,all,0.4842399384501766,0.12060301507537688,0.0,1.0,1.0
dorsal,all,0.48587332879652445,0.11701363962670495,0.0,1.0,1.0
dorsal,all,0.4892152930568988,0.11342426417803302,0.0,1.0,1.0
dorsal,all,0.4919240344149396,0.10983488872936109,0.0,1.0,1.0
dorsal,all,0.4940259223724843,0.10624551328068917,0.0,1.0,1.0
dorsal,all,0.4970837141734004,0.10265613783201723,0.0,1.0,1.0
dorsal,all,0.49871051167070257,0.0990667623833453,0.0,1.0,1.0
dorsal,all,0.5004808025403001,0.09547738693467336,0.0,1.0,1.0
dorsal,all,0.5032311136618981,0.09188801148600144,0.0,1.0,1.0
dorsal,all,0.5049390027429996,0.0882986360373295,0.0,1.0,1.0
dorsal,all,0.5064356344035695,0.08399138549892318,0.0,1.0,1.0
dorsal,all,0.5103950810348857,0.08040201005025126,0.0,1.0,1.0
dorsal,all,0.5128946581675423,0.07681263460157932,0.0,1.0,1.0
dorsal,all,0.5144973696448704,0.0732232591529074,0.0,1.0,1.0
dorsal,all,0.5188822286881437,0.06963388370423547,0.0,1.0,1.0
dorsal,all,0.5215046933642289,0.06604450825556353,0.0,1.0,1.0
dorsal,all,0.52517382380854,0.0624551328068916,0.0,1.0,1.0
dorsal,all,0.5304459067303782,0.05886575735821967,0.0,1.0,1.0
dorsal,all,0.532858018607452,0.05527638190954774,0.0,1.0,1.0
dorsal,all,0.5344921967469234,0.05168700646087581,0.0,1.0,1.0
dorsal,all,0.53745488832264,0.04809763101220388,0.0,1.0,1.0
dorsal,all,0.5395845888013207,0.04450825556353195,0.0,1.0,1.0
dorsal,all,0.5417703067480406,0.040918880114860015,0.0,1.0,1.0
dorsal,all,0.5438865976536224,0.03732950466618808,0.0,1.0,1.0
dorsal,all,0.5503461981602032,0.03374012921751615,0.0,1.0,1.0
dorsal,all,0.5515645038166432,0.03015075376884422,0.0,1.0,1.0
dorsal,all,0.5558519700415816,0.02656137832017229,0.0,1.0,1.0
dorsal,all,0.5608481128984362,0.02297200287150036,0.0,1.0,1.0
dorsal,all,0.5675352682982333,0.019382627422828428,0.0,1.0,1.0
dorsal,all,0.5706536104078878,0.015793251974156496,0.0,1.0,1.0
dorsal,all,0.5813420025562899,0.012203876525484566,0.0,1.0,1.0
dorsal,all,0.5921491497047846,0.008614501076812634,0.0,1.0,1.0
dorsal,all,0.5993668313094624,0.005025125628140704,0.0,1.0,1.0
dorsal,all,0.6378548351804447,0.0007178750897343862,0.0,1.0,1.0
dorsal,all,0.7697224401152184,0.0,0.03448275862068961,0.9655172413793104,0.9655172413793104
dorsal,all,0.853997657525872,0.0,0.07758620689655171,0.9224137931034483,0.9224137931034483
dorsal,all,0.8731643708346121,0.0,0.12068965517241381,0.8793103448275862,0.8793103448275862
dorsal,all,0.8870499413340356,0.0,0.1637931034482759,0.8362068965517241,0.8362068965517241
dorsal,all,0.9019114490180988,0.0,0.2068965517241379,0.7931034482758621,0.7931034482758621
dorsal,all,0.9104413658773632,0.0,0.25,0.75,0.75
dorsal,all,0.9166233448928275,0.0,0.2931034482758621,0.7068965517241379,0.7068965517241379
dorsal,all,0.9206976738444469,0.0,0.3362068965517241,0.6637931034482759,0.6637931034482759
dorsal,all,0.9254908435961389,0.0,0.3793103448275862,0.6206896551724138,0.6206896551724138
dorsal,all,0.9273889388950145,0.0,0.4224137931034483,0.5775862068965517,0.5775862068965517
dorsal,all,0.9301320226727442,0.0,0.4655172413793104,0.5344827586206896,0.5344827586206896
dorsal,all,0.932988162572099,0.0,0.5086206896551724,0.49137931034482757,0.49137931034482757
dorsal,all,0.9370800492264263,0.0,0.5517241379310345,0.4482758620689655,0.4482758620689655
dorsal,all,0.9389372294137464,0.0,0.5948275862068966,0.4051724137931034,0.4051724137931034
dorsal,all,0.942684317683596,0.0,0.6379310344827587,0.3620689655172414,0.3620689655172414
dorsal,all,0.9458183011966917,0.0,0.6810344827586207,0.31896551724137934,0.31896551724137934
dorsal,all,0.9499879094473394,0.0,0.7241379310344828,0.27586206896551724,0.27586206896551724
dorsal,all,0.9535518988287756,0.0,0.7672413793103449,0.23275862068965517,0.23275862068965517
dorsal,all,0.957430541517816,0.0,0.8103448275862069,0.1896551724137931,0.1896551724137931
dorsal,all,0.960461756557889,0.0,0.853448275862069,0.14655172413793102,0.14655172413793102
dorsal,all,0.9661976604117448,0.0,0.896551724137931,0.10344827586206896,0.10344827586206896
dorsal,all,0.9690235618423109,0.0,0.9396551724137931,0.0603448275862069,0.0603448275862069
dorsal,all,0.9827772831244381,0.0,0.9913793103448276,0.008620689655172414,0.008620689655172414
dorsal,real_only,0.18834383634223167,1.0,0.0,1.0,1.0
dorsal,real_only,0.21227222227035597,0.9964106245513281,0.0,1.0,1.0
dorsal,real_only,0.22181212052275862,0.9928212491026561,0.0,1.0,1.0
dorsal,real_only,0.22869032471691703,0.9892318736539842,0.0,1.0,1.0
dorsal,real_only,0.23316196919131593,0.9856424982053122,0.0,1.0,1.0
dorsal,real_only,0.23597008997481422,0.9820531227566404,0.0,1.0,1.0
dorsal,real_only,0.23773623767306948,0.9784637473079684,0.0,1.0,1.0
dorsal,real_only,0.24114308948656274,0.9748743718592965,0.0,1.0,1.0
dorsal,real_only,0.24338175383666788,0.9712849964106246,0.0,1.0,1.0
dorsal,real_only,0.24710817908128394,0.9676956209619526,0.0,1.0,1.0
dorsal,real_only,0.24947107428007556,0.9641062455132807,0.0,1.0,1.0
dorsal,real_only,0.2511353962912467,0.9605168700646087,0.0,1.0,1.0
dorsal,real_only,0.2522996661311422,0.9569274946159368,0.0,1.0,1.0
dorsal,real_only,0.25451322368025914,0.9533381191672649,0.0,1.0,1.0
dorsal,real_only,0.25537553889861137,0.949748743718593,0.0,1.0,1.0
dorsal,real_only,0.25630308679350733,0.9461593682699211,0.0,1.0,1.0
dorsal,real_only,0.25733835001007693,0.9425699928212491,0.0,1.0,1.0
dorsal,real_only,0.25787652990704923,0.9389806173725772,0.0,1.0,1.0
dorsal,real_only,0.25860017045741934,0.9353912419239052,0.0,1.0,1.0
dorsal,real_only,0.26042277147118764,0.9318018664752333,0.0,1.0,1.0
dorsal,real_only,0.26137936865089983,0.9282124910265613,0.0,1.0,1.0
dorsal,real_only,0.2632956689568489,0.9246231155778895,0.0,1.0,1.0
dorsal,real_only,0.26507830094242313,0.9210337401292176,0.0,1.0,1.0
dorsal,real_only,0.2662325891671539,0.9167264895908112,0.0,1.0,1.0
dorsal,real_only,0.2678060149950555,0.9131371141421393,0.0,1.0,1.0
dorsal,real_only,0.27000682548023924,0.9095477386934674,0.0,1.0,1.0
dorsal,real_only,0.27168550651685713,0.9059583632447954,0.0,1.0,1.0
dorsal,real_only,0.27329244557207366,0.9023689877961235,0.0,1.0,1.0
dorsal,real_only,0.27367037314303977,0.8987796123474515,0.0,1.0,1.0
dorsal,real_only,0.2744691559578818,0.8951902368987796,0.0,1.0,1.0
dorsal,real_only,0.27505614155136626,0.8916008614501076,0.0,1.0,1.0
dorsal,real_only,0.2757689870615199,0.8880114860014358,0.0,1.0,1.0
dorsal,real_only,0.27663084516372155,0.8844221105527639,0.0,1.0,1.0
dorsal,real_only,0.27747490548407727,0.8808327351040919,0.0,1.0,1.0
dorsal,real_only,0.27888093681378845,0.87724335965542,0.0,1.0,1.0
dorsal,real_only,0.27914879191843894,0.873653984206748,0.0,1.0,1.0
dorsal,real_only,0.27982900909331276,0.8700646087580761,0.0,1.0,1.0
dorsal,real_only,0.2810058320448159,0.8664752333094041,0.0,1.0,1.0
dorsal,real_only,0.28169720383587665,0.8628858578607322,0.0,1.0,1.0
dorsal,real_only,0.28248563389711,0.8592964824120602,0.0,1.0,1.0
dorsal,real_only,0.283258514010047,0.8557071069633884,0.0,1.0,1.0
dorsal,real_only,0.2842427331005163,0.8521177315147165,0.0,1.0,1.0
dorsal,real_only,0.2853005601292181,0.8485283560660445,0.0,1.0,1.0
dorsal,real_only,0.2858035835295697,0.8449389806173726,0.0,1.0,1.0
dorsal,real_only,0.2867522525793687,0.8413496051687006,0.0,1.0,1.0
dorsal,real_only,0.2875963841882092,0.8377602297200287,0.0,1.0,1.0
dorsal,real_only,0.28860601410513115,0.8334529791816224,0.0,1.0,1.0
dorsal,real_only,0.289284120185341,0.8298636037329504,0.0,1.0,1.0
dorsal,real_only,0.2899169099073857,0.8262742282842785,0.0,1.0,1.0
dorsal,real_only,0.2906061856537081,0.8226848528356066,0.0,1.0,1.0
dorsal,real_only,0.29142827676156247,0.8190954773869347,0.0,1.0,1.0
dorsal,real_only,0.29204957240675394,0.8155061019382628,0.0,1.0,1.0
dorsal,real_only,0.29357109113771007,0.8119167264895908,0.0,1.0,1.0
dorsal,real_only,0.2942455367963956,0.8083273510409189,0.0,1.0,1.0
dorsal,real_only,0.2946506397381583,0.8047379755922469,0.0,1.0,1.0
dorsal,real_only,0.2948644165740485,0.801148600143575,0.0,1.0,1.0
dorsal,real_only,0.29542971536616824,0.797559224694903,0.0,1.0,1.0
dorsal,real_only,0.29577316929476016,0.7939698492462312,0.0,1.0,1.0
dorsal,real_only,0.2962533426338766,0.7903804737975593,0.0,1.0,1.0
dorsal,real_only,0.29712614188435205,0.7867910983488873,0.0,1.0,1.0
dorsal,real_only,0.2976832518080877,0.7832017229002154,0.0,1.0,1.0
dorsal,real_only,0.2980379103686719,0.7796123474515434,0.0,1.0,1.0
dorsal,real_only,0.29863446511164765,0.7760229720028715,0.0,1.0,1.0
dorsal,real_only,0.2993964428446128,0.7724335965541995,0.0,1.0,1.0
dorsal,real_only,0.2998323514602158,0.7688442211055276,0.0,1.0,1.0
dorsal,real_only,0.30058313155920363,0.7652548456568558,0.0,1.0,1.0
dorsal,real_only,0.30147024962817204,0.7616654702081838,0.0,1.0,1.0
dorsal,real_only,0.30200870131451174,0.7580760947595119,0.0,1.0,1.0
dorsal,real_only,0.30264575432246565,0.7544867193108399,0.0,1.0,1.0
dorsal,real_only,0.30300733489643367,0.7501794687724336,0.0,1.0,1.0
dorsal,real_only,0.30346413610008005,0.7465900933237617,0.0,1.0,1.0
dorsal,real_only,0.30372850243654353,0.7430007178750897,0.0,1.0,1.0
dorsal,real_only,0.30470588599587867,0.7394113424264178,0.0,1.0,1.0
dorsal,real_only,0.3050641384214257,0.7358219669777458,0.0,1.0,1.0
dorsal,real_only,0.30544802424423945,0.7322325915290739,0.0,1.0,1.0
dorsal,real_only,0.3063257088115301,0.7286432160804021,0.0,1.0,1.0
dorsal,real_only,0.3071120006698943,0.7250538406317301,0.0,1.0,1.0
dorsal,real_only,0.30795634090346247,0.7214644651830582,0.0,1.0,1.0
dorsal,real_only,0.30808601182982026,0.7178750897343862,0.0,1.0,1.0
dorsal,real_only,0.3086267416385366,0.7142857142857143,0.0,1.0,1.0
dorsal,real_only,0.30936307341280056,0.7106963388370423,0.0,1.0,1.0
dorsal,real_only,0.3098803170119267,0.7071069633883704,0.0,1.0,1.0
dorsal,real_only,0.3104268924700505,0.7035175879396985,0.0,1.0,1.0
dorsal,real_only,0.3109738728121874,0.6999282124910265,0.0,1.0,1.0
dorsal,real_only,0.3112884178964954,0.6963388370423547,0.0,1.0,1.0
dorsal,real_only,0.3126908417354506,0.6927494615936827,0.0,1.0,1.0
dorsal,real_only,0.3139389443492313,0.6891600861450108,0.0,1.0,1.0
dorsal,real_only,0.31433747224738107,0.6855707106963388,0.0,1.0,1.0
dorsal,real_only,0.31489304141724894,0.6819813352476669,0.0,1.0,1.0
dorsal,real_only,0.3152170619146938,0.678391959798995,0.0,1.0,1.0
dorsal,real_only,0.3163427131087863,0.674802584350323,0.0,1.0,1.0
dorsal,real_only,0.31700959836241266,0.6712132089016511,0.0,1.0,1.0
dorsal,real_only,0.31776835163289013,0.6669059583632448,0.0,1.0,1.0
dorsal,real_only,0.31838293171497567,0.6633165829145728,0.0,1.0,1.0
dorsal,real_only,0.319322804535494,0.659727207465901,0.0,1.0,1.0
dorsal,real_only,0.3197337842326987,0.656137832017229,0.0,1.0,1.0
dorsal,real_only,0.3204131362145518,0.6525484565685571,0.0,1.0,1.0
dorsal,real_only,0.32122294599918166,0.6489590811198851,0.0,1.0,1.0
dorsal,real_only,0.321982898289647,0.6453697056712132,0.0,1.0,1.0
dorsal,real_only,0.3222475559140956,0.6417803302225413,0.0,1.0,1.0
dorsal,real_only,0.32293952850296587,0.6381909547738693,0.0,1.0,1.0
dorsal,real_only,0.32362378528412217,0.6346015793251975,0.0,1.0,1.0
dorsal,real_only,0.3240382788840039,0.6310122038765255,0.0,1.0,1.0
dorsal,real_only,0.3244815480693511,0.6274228284278536,0.0,1.0,1.0
dorsal,real_only,0.32516686860905347,0.6238334529791816,0.0,1.0,1.0
dorsal,real_only,0.3262908676570964,0.6202440775305097,0.0,1.0,1.0
dorsal,real_only,0.32678012013234303,0.6166547020818378,0.0,1.0,1.0
dorsal,real_only,0.3274289564505968,0.6130653266331658,0.0,1.0,1.0
dorsal,real_only,0.3282625635889068,0.6094759511844939,0.0,1.0,1.0
dorsal,real_only,0.329012886600892,0.6058865757358219,0.0,1.0,1.0
dorsal,real_only,0.3292614625275015,0.6022972002871501,0.0,1.0,1.0
dorsal,real_only,0.32988418860861546,0.5987078248384781,0.0,1.0,1.0
dorsal,real_only,0.33027807815469856,0.5951184493898062,0.0,1.0,1.0
dorsal,real_only,0.3313130153240691,0.5915290739411343,0.0,1.0,1.0
dorsal,real_only,0.3321678632032997,0.5879396984924623,0.0,1.0,1.0
dorsal,real_only,0.3329931260036351,0.583632447954056,0.0,1.0,1.0
dorsal,real_only,0.33360849098523515,0.5800430725053841,0.0,1.0,1.0
dorsal,real_only,0.3341987352988249,0.5764536970567121,0.0,1.0,1.0
dorsal,real_only,0.33528194981728676,0.5728643216080402,0.0,1.0,1.0
dorsal,real_only,0.3363322056100654,0.5692749461593682,0.0,1.0,1.0
dorsal,real_only,0.3372033605308729,0.5656855707106964,0.0,1.0,1.0
dorsal,real_only,0.33843211117242106,0.5620961952620244,0.0,1.0,1.0
dorsal,real_only,0.3390599782179393,0.5585068198133525,0.0,1.0,1.0
dorsal,real_only,0.33947119137664133,0.5549174443646806,0.0,1.0,1.0
dorsal,real_only,0.3401073531057291,0.5513280689160086,0.0,1.0,1.0
dorsal,real_only,0.3406709012711211,0.5477386934673367,0.0,1.0,1.0
dorsal,real_only,0.3416453232851459,0.5441493180186647,0.0,1.0,1.0
dorsal,real_only,0.3425755639286766,0.5405599425699928,0.0,1.0,1.0
dorsal,real_only,0.34321595056793963,0.5369705671213209,0.0,1.0,1.0
dorsal,real_only,0.34376322818670146,0.533381191672649,0.0,1.0,1.0
dorsal,real_only,0.3440499873501774,0.529791816223977,0.0,1.0,1.0
dorsal,real_only,0.3452742033404034,0.5262024407753051,0.0,1.0,1.0
dorsal,real_only,0.3459374681718295,0.5226130653266332,0.0,1.0,1.0
dorsal,real_only,0.3463773618721359,0.5190236898779612,0.0,1.0,1.0
dorsal,real_only,0.34710527263021573,0.5154343144292893,0.0,1.0,1.0
dorsal,real_only,0.34827625354057423,0.5118449389806173,0.0,1.0,1.0
dorsal,real_only,0.34909829391693614,0.5082555635319455,0.0,1.0,1.0
dorsal,real_only,0.3496109047404553,0.5046661880832735,0.0,1.0,1.0
dorsal,real_only,0.35022389841840595,0.5003589375448672,0.0,1.0,1.0
dorsal,real_only,0.3505414982012624,0.49676956209619527,0.0,1.0,1.0
dorsal,real_only,0.35194152602714346,0.49318018664752333,0.0,1.0,1.0
dorsal,real_only,0.35320122664000775,0.4895908111988514,0.0,1.0,1.0
dorsal,real_only,0.35350378209061717,0.48600143575017946,0.0,1.0,1.0
dorsal,real_only,0.3546619009457907,0.4824120603015075,0.0,1.0,1.0
dorsal,real_only,0.3555308327934875,0.47882268485283563,0.0,1.0,1.0
dorsal,real_only,0.3562218144784595,0.4752333094041637,0.0,1.0,1.0
dorsal,real_only,0.3572844096853347,0.47164393395549176,0.0,1.0,1.0
dorsal,real_only,0.35791328328223454,0.4680545585068198,0.0,1.0,1.0
dorsal,real_only,0.35822605991443446,0.4644651830581479,0.0,1.0,1.0
dorsal,real_only,0.3593871217712228,0.46087580760947594,0.0,1.0,1.0
dorsal,real_only,0.3604593372831313,0.457286432160804,0.0,1.0,1.0
dorsal,real_only,0.36092632325341456,0.45369705671213206,0.0,1.0,1.0
dorsal,real_only,0.3626771300723189,0.4501076812634602,0.0,1.0,1.0
dorsal,real_only,0.36316420509225117,0.44651830581478824,0.0,1.0,1.0
dorsal,real_only,0.3640567666511185,0.4429289303661163,0.0,1.0,1.0
dorsal,real_only,0.3644579348553699,0.43933955491744436,0.0,1.0,1.0
dorsal,real_only,0.3648531579073591,0.4357501794687724,0.0,1.0,1.0
dorsal,real_only,0.36574951979232506,0.4321608040201005,0.0,1.0,1.0
dorsal,real_only,0.3670172844037039,0.42857142857142855,0.0,1.0,1.0
dorsal,real_only,0.3679049990120862,0.42498205312275666,0.0,1.0,1.0
dorsal,real_only,0.3690714169833179,0.4213926776740847,0.0,1.0,1.0
dorsal,real_only,0.3695677888786039,0.41708542713567837,0.0,1.0,1.0
dorsal,real_only,0.37036327309696687,0.4134960516870065,0.0,1.0,1.0
dorsal,real_only,0.37071441183893084,0.40990667623833454,0.0,1.0,1.0
dorsal,real_only,0.37205766556179243,0.4063173007896626,0.0,1.0,1.0
dorsal,real_only,0.3727906740406143,0.40272792534099067,0.0,1.0,1.0
dorsal,real_only,0.3735642508214093,0.39913854989231873,0.0,1.0,1.0
dorsal,real_only,0.3741404767435097,0.3955491744436468,0.0,1.0,1.0
dorsal,real_only,0.3746998829196746,0.39195979899497485,0.0,1.0,1.0
dorsal,real_only,0.3755982124003086,0.38837042354630297,0.0,1.0,1.0
dorsal,real_only,0.3767598528766726,0.38478104809763103,0.0,1.0,1.0
dorsal,real_only,0.3773837176218229,0.3811916726489591,0.0,1.0,1.0
dorsal,real_only,0.3782783766638402,0.37760229720028715,0.0,1.0,1.0
dorsal,real_only,0.37958691555475144,0.3740129217516152,0.0,1.0,1.0
dorsal,real_only,0.3812936133613523,0.3704235463029433,0.0,1.0,1.0
dorsal,real_only,0.38164394831682436,0.36683417085427134,0.0,1.0,1.0
dorsal,real_only,0.3820590969457653,0.36324479540559945,0.0,1.0,1.0
dorsal,real_only,0.3843190686937214,0.3596554199569275,0.0,1.0,1.0
dorsal,real_only,0.384904123949727,0.3560660445082556,0.0,1.0,1.0
dorsal,real_only,0.38566125260940054,0.35247666905958364,0.0,1.0,1.0
dorsal,real_only,0.38690125863232605,0.3488872936109117,0.0,1.0,1.0
dorsal,real_only,0.38787239517614314,0.34529791816223976,0.0,1.0,1.0
dorsal,real_only,0.38952501840093284,0.3417085427135678,0.0,1.0,1.0
dorsal,real_only,0.3907411988714368,0.3381191672648959,0.0,1.0,1.0
dorsal,real_only,0.39216399737471996,0.3338119167264896,0.0,1.0,1.0
dorsal,real_only,0.39316217872812115,0.33022254127781764,0.0,1.0,1.0
dorsal,real_only,0.3944864043447659,0.32663316582914576,0.0,1.0,1.0
dorsal,real_only,0.39578908200007146,0.3230437903804738,0.0,1.0,1.0
dorsal,real_only,0.39714472882360047,0.3194544149318019,0.0,1.0,1.0
dorsal,real_only,0.397353807279715,0.31586503948312994,0.0,1.0,1.0
dorsal,real_only,0.39887827108275187,0.312275664034458,0.0,1.0,1.0
dorsal,real_only,0.40051868191700934,0.30868628858578606,0.0,1.0,1.0
dorsal,real_only,0.40151919575132655,0.3050969131371141,0.0,1.0,1.0
dorsal,real_only,0.4026285274952064,0.3015075376884422,0.0,1.0,1.0
dorsal,real_only,0.4032787356050994,0.2979181622397703,0.0,1.0,1.0
dorsal,real_only,0.4045230400009172,0.29432878679109836,0.0,1.0,1.0
dorsal,real_only,0.40540054927807023,0.2907394113424264,0.0,1.0,1.0
dorsal,real_only,0.40651226503590854,0.2871500358937545,0.0,1.0,1.0
dorsal,real_only,0.40789704499888874,0.28356066044508255,0.0,1.0,1.0
dorsal,real_only,0.4097732860493054,0.2799712849964106,0.0,1.0,1.0
dorsal,real_only,0.4112441216050576,0.27638190954773867,0.0,1.0,1.0
dorsal,real_only,0.41253707364443093,0.2727925340990668,0.0,1.0,1.0
dorsal,real_only,0.414191740838203,0.26920315865039485,0.0,1.0,1.0
dorsal,real_only,0.4159293174643802,0.2656137832017229,0.0,1.0,1.0
dorsal,real_only,0.4182391293654639,0.26202440775305097,0.0,1.0,1.0
dorsal,real_only,0.4187329084966085,0.25843503230437903,0.0,1.0,1.0
dorsal,real_only,0.4195750881264445,0.2548456568557071,0.0,1.0,1.0
dorsal,real_only,0.4219400492685912,0.2505384063173008,0.0,1.0,1.0
dorsal,real_only,0.4231598463499555,0.24694903086862885,0.0,1.0,1.0
dorsal,real_only,0.4240445847974397,0.24335965541995694,0.0,1.0,1.0
dorsal,real_only,0.4251937145504754,0.239770279971285,0.0,1.0,1.0
dorsal,real_only,0.426517779597907,0.23618090452261306,0.0,1.0,1.0
dorsal,real_only,0.4295849997673231,0.23259152907394112,0.0,1.0,1.0
dorsal,real_only,0.4316565622391777,0.2290021536252692,0.0,1.0,1.0
dorsal,real_only,0.4325275861640392,0.22541277817659727,0.0,1.0,1.0
dorsal,real_only,0.43465170255172836,0.22182340272792533,0.0,1.0,1.0
dorsal,real_only,0.43588416579610534,0.21823402727925342,0.0,1.0,1.0
dorsal,real_only,0.4366113987132826,0.21464465183058148,0.0,1.0,1.0
dorsal,real_only,0.43742725537244964,0.21105527638190955,0.0,1.0,1.0
dorsal,real_only,0.4396075390392832,0.2074659009332376,0.0,1.0,1.0
dorsal,real_only,0.44281417268834433,0.2038765254845657,0.0,1.0,1.0
dorsal,real_only,0.4442770030705476,0.20028715003589376,0.0,1.0,1.0
dorsal,real_only,0.4455720414819468,0.19669777458722182,0.0,1.0,1.0
dorsal,real_only,0.44612921210392653,0.19310839913854988,0.0,1.0,1.0
dorsal,real_only,0.44792965756330566,0.18951902368987797,0.0,1.0,1.0
dorsal,real_only,0.449411372182677,0.18592964824120603,0.0,1.0,1.0
dorsal,real_only,0.4507192310254964,0.1823402727925341,0.0,1.0,1.0
dorsal,real_only,0.45188758998831924,0.17875089734386218,0.0,1.0,1.0
dorsal,real_only,0.4550349081780878,0.17516152189519024,0.0,1.0,1.0
dorsal,real_only,0.4562456859796816,0.1715721464465183,0.0,1.0,1.0
dorsal,real_only,0.4585413386434487,0.167264895908112,0.0,1.0,1.0
dorsal,real_only,0.4628570432763046,0.16367552045944006,0.0,1.0,1.0
dorsal,real_only,0.4653784986849439,0.16008614501076812,0.0,1.0,1.0
dorsal,real_only,0.4667679994827937,0.15649676956209618,0.0,1.0,1.0
dorsal,real_only,0.46894538994107726,0.15290739411342427,0.0,1.0,1.0
dorsal,real_only,0.4701035945748404,0.14931801866475233,0.0,1.0,1.0
dorsal,real_only,0.4713814492735571,0.1457286432160804,0.0,1.0,1.0
dorsal,real_only,0.47377476275288877,0.14213926776740848,0.0,1.0,1.0
dorsal,real_only,0.4751310012981317,0.13854989231873654,0.0,1.0,1.0
dorsal,real_only,0.4771147475315687,0.1349605168700646,0.0,1.0,1.0
dorsal,real_only,0.4790515868670731,0.13137114142139267,0.0,1.0,1.0
dorsal,real_only,0.4810974106576847,0.12778176597272076,0.0,1.0,1.0
dorsal,real_only,0.48155129236607874,0.12419239052404882,0.0,1.0,1.0
dorsal,real_only,0.4842399384501766,0.12060301507537688,0.0,1.0,1.0
dorsal,real_only,0.48587332879652445,0.11701363962670495,0.0,1.0,1.0
dorsal,real_only,0.4892152930568988,0.11342426417803302,0.0,1.0,1.0
dorsal,real_only,0.4919240344149396,0.10983488872936109,0.0,1.0,1.0
dorsal,real_only,0.4940259223724843,0.10624551328068917,0.0,1.0,1.0
dorsal,real_only,0.4970837141734004,0.10265613783201723,0.0,1.0,1.0
dorsal,real_only,0.49871051167070257,0.0990667623833453,0.0,1.0,1.0
dorsal,real_only,0.5004808025403001,0.09547738693467336,0.0,1.0,1.0
dorsal,real_only,0.5032311136618981,0.09188801148600144,0.0,1.0,1.0
dorsal,real_only,0.5049390027429996,0.0882986360373295,0.0,1.0,1.0
dorsal,real_only,0.5064356344035695,0.08399138549892318,0.0,1.0,1.0
dorsal,real_only,0.5103950810348857,0.08040201005025126,0.0,1.0,1.0
dorsal,real_only,0.5128946581675423,0.07681263460157932,0.0,1.0,1.0
dorsal,real_only,0.5144973696448704,0.0732232591529074,0.0,1.0,1.0
dorsal,real_only,0.5188822286881437,0.06963388370423547,0.0,1.0,1.0
dorsal,real_only,0.5215046933642289,0.06604450825556353,0.0,1.0,1.0
dorsal,real_only,0.52517382380854,0.0624551328068916,0.0,1.0,1.0
dorsal,real_only,0.5304459067303782,0.05886575735821967,0.0,1.0,1.0
dorsal,real_only,0.532858018607452,0.05527638190954774,0.0,1.0,1.0
dorsal,real_only,0.5344921967469234,0.05168700646087581,0.0,1.0,1.0
dorsal,real_only,0.53745488832264,0.04809763101220388,0.0,1.0,1.0
dorsal,real_only,0.5395845888013207,0.04450825556353195,0.0,1.0,1.0
dorsal,real_only,0.5417703067480406,0.040918880114860015,0.0,1.0,1.0
dorsal,real_only,0.5438865976536224,0.03732950466618808,0.0,1.0,1.0
dorsal,real_only,0.5503461981602032,0.03374012921751615,0.0,1.0,1.0
dorsal,real_only,0.5515645038166432,0.03015075376884422,0.0,1.0,1.0
dorsal,real_only,0.5558519700415816,0.02656137832017229,0.0,1.0,1.0
dorsal,real_only,0.5608481128984362,0.02297200287150036,0.0,1.0,1.0
dorsal,real_only,0.5675352682982333,0.019382627422828428,0.0,1.0,1.0
dorsal,real_only,0.5706536104078878,0.015793251974156496,0.0,1.0,1.0
dorsal,real_only,0.5813420025562899,0.012203876525484566,0.0,1.0,1.0
dorsal,real_only,0.5921491497047846,0.008614501076812634,0.0,1.0,1.0
dorsal,real_only,0.5993668313094624,0.005025125628140704,0.0,1.0,1.0
dorsal,real_only,0.6378548351804447,0.0007178750897343862,0.0,1.0,1.0
dorsal,real_only,0.7697224401152184,0.0,0.03448275862068961,0.9655172413793104,0.9655172413793104
dorsal,real_only,0.853997657525872,0.0,0.07758620689655171,0.9224137931034483,0.9224137931034483
dorsal,real_only,0.8731643708346121,0.0,0.12068965517241381,0.8793103448275862,0.8793103448275862
dorsal,real_only,0.8870499413340356,0.0,0.1637931034482759,0.8362068965517241,0.8362068965517241
dorsal,real_only,0.9019114490180988,0.0,0.2068965517241379,0.7931034482758621,0.7931034482758621
dorsal,real_only,0.9104413658773632,0.0,0.25,0.75,0.75
dorsal,real_only,0.9166233448928275,0.0,0.2931034482758621,0.7068965517241379,0.7068965517241379
dorsal,real_only,0.9206976738444469,0.0,0.3362068965517241,0.6637931034482759,0.6637931034482759
dorsal,real_only,0.9254908435961389,0.0,0.3793103448275862,0.6206896551724138,0.6206896551724138
dorsal,real_only,0.9273889388950145,0.0,0.4224137931034483,0.5775862068965517,0.5775862068965517
dorsal,real_only,0.9301320226727442,0.0,0.4655172413793104,0.5344827586206896,0.5344827586206896
dorsal,real_only,0.932988162572099,0.0,0.5086206896551724,0.49137931034482757,0.49137931034482757
dorsal,real_only,0.9370800492264263,0.0,0.5517241379310345,0.4482758620689655,0.4482758620689655
dorsal,real_only,0.9389372294137464,0.0,0.5948275862068966,0.4051724137931034,0.4051724137931034
dorsal,real_only,0.942684317683596,0.0,0.6379310344827587,0.3620689655172414,0.3620689655172414
dorsal,real_only,0.9458183011966917,0.0,0.6810344827586207,0.31896551724137934,0.31896551724137934
dorsal,real_only,0.9499879094473394,0.0,0.7241379310344828,0.27586206896551724,0.27586206896551724
dorsal,real_only,0.9535518988287756,0.0,0.7672413793103449,0.23275862068965517,0.23275862068965517
dorsal,real_only,0.957430541517816,0.0,0.8103448275862069,0.1896551724137931,0.1896551724137931
dorsal,real_only,0.960461756557889,0.0,0.853448275862069,0.14655172413793102,0.14655172413793102
dorsal,real_only,0.9661976604117448,0.0,0.896551724137931,0.10344827586206896,0.10344827586206896
dorsal,real_only,0.9690235618423109,0.0,0.9396551724137931,0.0603448275862069,0.0603448275862069
dorsal,real_only,0.9827772831244381,0.0,0.9913793103448276,0.008620689655172414,0.008620689655172414
fused,all,0.7027212751025335,1.0,0.0,1.0,1.0
fused,all,0.7891662674929913,0.9964106245513281,0.0,1.0,1.0
fused,all,0.8268493988058666,0.9928212491026561,0.0,1.0,1.0
fused,all,0.8375661718597724,0.9892318736539842,0.0,1.0,1.0
fused,all,0.8482527435390006,0.9856424982053122,0.0,1.0,1.0
fused,all,0.8546444482451229,0.9820531227566404,0.0,1.0,1.0
fused,all,0.8613748424288643,0.9784637473079684,0.0,1.0,1.0
fused,all,0.8710505757532232,0.9748743718592965,0.0,1.0,1.0
fused,all,0.8759754872272251,0.9712849964106246,0.0,1.0,1.0
fused,all,0.8952563405136915,0.9676956209619526,0.0,1.0,1.0
fused,all,0.9054821837395426,0.9641062455132807,0.0,1.0,1.0
fused,all,0.9129923721367093,0.9605168700646087,0.0,1.0,1.0
fused,all,0.9204348999410397,0.9569274946159368,0.0,1.0,1.0
fused,all,0.9255197984834337,0.9533381191672649,0.0,1.0,1.0
fused,all,0.932972652829843,0.949748743718593,0.0,1.0,1.0
fused,all,0.9411788390743544,0.9461593682699211,0.0,1.0,1.0
fused,all,0.9458077035225243,0.9425699928212491,0.0,1.0,1.0
fused,all,0.9501971408570604,0.9389806173725772,0.0,1.0,1.0
fused,all,0.9572608299366256,0.9353912419239052,0.0,1.0,1.0
fused,all,0.9604470266938684,0.9318018664752333,0.0,1.0,1.0
fused,all,0.9653787733338316,0.9282124910265613,0.0,1.0,1.0
fused,all,0.9723764955744885,0.9246231155778895,0.0,1.0,1.0
fused,all,0.9772319374464884,0.9210337401292176,0.0,1.0,1.0
fused,all,0.9885768827011729,0.9167264895908112,0.0,1.0,1.0
fused,all,0.9926696688838113,0.9131371141421393,0.0,1.0,1.0
fused,all,0.996385555198817,0.9095477386934674,0.0,1.0,1.0
fused,all,1.0005451627383093,0.9059583632447954,0.0,1.0,1.0
fused,all,1.004641096625036,0.9023689877961235,0.0,1.0,1.0
fused,all,1.007852933687782,0.8987796123474515,0.0,1.0,1.0
fused,all,1.0118858992788384,0.8951902368987796,0.0,1.0,1.0
fused,all,1.01832855928647,0.8916008614501076,0.0,1.0,1.0
fused,all,1.0215858533786306,0.8880114860014358,0.0,1.0,1.0
fused,all,1.0228579417585988,0.8844221105527639,0.0,1.0,1.0
fused,all,1.0301874799203863,0.8808327351040919,0.0,1.0,1.0
fused,all,1.031890646424919,0.87724335965542,0.0,1.0,1.0
fused,all,1.0357702064370735,0.873653984206748,0.0,1.0,1.0
fused,all,1.0405271309939659,0.8700646087580761,0.0,1.0,1.0
fused,all,1.0448535764471565,0.8664752333094041,0.0,1.0,1.0
fused,all,1.0459980481324143,0.8628858578607322,0.0,1.0,1.0
fused,all,1.049952012776462,0.8592964824120602,0.0,1.0,1.0
fused,all,1.0520367745741346,0.8557071069633884,0.0,1.0,1.0
fused,all,1.0542472198555963,0.8521177315147165,0.0,1.0,1.0
fused,all,1.0580733924014072,0.8485283560660445,0.0,1.0,1.0
fused,all,1.0610528354822437,0.8449389806173726,0.0,1.0,1.0
fused,all,1.0633772012878022,0.8413496051687006,0.0,1.0,1.0
fused,all,1.0667438519675145,0.8377602297200287,0.0,1.0,1.0
fused,all,1.0693714972304371,0.8334529791816224,0.0,1.0,1.0
fused,all,1.0722779271100402,0.8298636037329504,0.0,1.0,1.0
fused,all,1.0784425401169968,0.8262742282842785,0.0,1.0,1.0
fused,all,1.081761991882797,0.8226848528356066,0.0,1.0,1.0
fused,all,1.0851598998256482,0.8190954773869347,0.0,1.0,1.0
fused,all,1.0877198908415195,0.8155061019382628,0.0,1.0,1.0
fused,all,1.095246144667516,0.8119167264895908,0.0,1.0,1.0
fused,all,1.0974330377754806,0.8083273510409189,0.0,1.0,1.0
fused,all,1.0990684990719242,0.8047379755922469,0.0,1.0,1.0
fused,all,1.1019151695677547,0.801148600143575,0.0,1.0,1.0
fused,all,1.1064277814461176,0.797559224694903,0.0,1.0,1.0
fused,all,1.1080390619506055,0.7939698492462312,0.0,1.0,1.0
fused,all,1.1137291997363172,0.7903804737975593,0.0,1.0,1.0
fused,all,1.1170585604789793,0.7867910983488873,0.0,1.0,1.0
fused,all,1.1195047875041264,0.7832017229002154,0.0,1.0,1.0
fused,all,1.1209107468792234,0.7796123474515434,0.0,1.0,1.0
fused,all,1.1238090062523505,0.7760229720028715,0.0,1.0,1.0
fused,all,1.1268866069061536,0.7724335965541995,0.0,1.0,1.0
fused,all,1.1280640420053893,0.7688442211055276,0.0,1.0,1.0
fused,all,1.1299181327407846,0.7652548456568558,0.0,1.0,1.0
fused,all,1.1315077057858243,0.7616654702081838,0.0,1.0,1.0
fused,all,1.1336249473425912,0.7580760947595119,0.0,1.0,1.0
fused,all,1.1367142191017092,0.7544867193108399,0.0,1.0,1.0
fused,all,1.139713396878072,0.7501794687724336,0.0,1.0,1.0
fused,all,1.1428592225203946,0.7465900933237617,0.0,1.0,1.0
fused,all,1.1469197752191849,0.7430007178750897,0.0,1.0,1.0
fused,all,1.1497255201822056,0.7394113424264178,0.0,1.0,1.0
fused,all,1.1531579772447933,0.7358219669777458,0.0,1.0,1.0
fused,all,1.155523416028258,0.7322325915290739,0.0,1.0,1.0
fused,all,1.1579066163873426,0.7286432160804021,0.0,1.0,1.0
fused,all,1.1605058300846474,0.7250538406317301,0.0,1.0,1.0
fused,all,1.1634120451768397,0.7214644651830582,0.0,1.0,1.0
fused,all,1.166742158524193,0.7178750897343862,0.0,1.0,1.0
fused,all,1.1674340484988242,0.7142857142857143,0.0,1.0,1.0
fused,all,1.170282820275214,0.7106963388370423,0.0,1.0,1.0
fused,all,1.1739035245608112,0.7071069633883704,0.0,1.0,1.0
fused,all,1.1762338965949444,0.7035175879396985,0.0,1.0,1.0
fused,all,1.1801981829115642,0.6999282124910265,0.0,1.0,1.0
fused,all,1.1836553473897724,0.6963388370423547,0.0,1.0,1.0
fused,all,1.1857280273256021,0.6927494615936827,0.0,1.0,1.0
fused,all,1.1881366390099675,0.6891600861450108,0.0,1.0,1.0
fused,all,1.19069714652657,0.6855707106963388,0.0,1.0,1.0
fused,all,1.192728212925777,0.6819813352476669,0.0,1.0,1.0
fused,all,1.1953032250811078,0.678391959798995,0.0,1.0,1.0
fused,all,1.196867070628979,0.674802584350323,0.0,1.0,1.0
fused,all,1.1998281148701841,0.6712132089016511,0.0,1.0,1.0
fused,all,1.2043975650984604,0.6669059583632448,0.0,1.0,1.0
fused,all,1.2059659774065583,0.6633165829145728,0.0,1.0,1.0
fused,all,1.2095235062307625,0.659727207465901,0.0,1.0,1.0
fused,all,1.210643590256927,0.656137832017229,0.0,1.0,1.0
fused,all,1.2133184080048314,0.6525484565685571,0.0,1.0,1.0
fused,all,1.2179436034477746,0.6489590811198851,0.0,1.0,1.0
fused,all,1.221233302280282,0.6453697056712132,0.0,1.0,1.0
fused,all,1.2242951044280725,0.6417803302225413,0.0,1.0,1.0
fused,all,1.2255622130164932,0.6381909547738693,0.0,1.0,1.0
fused,all,1.2279323969378304,0.6346015793251975,0.0,1.0,1.0
fused,all,1.2305634947607214,0.6310122038765255,0.0,1.0,1.0
fused,all,1.2342236091045187,0.6274228284278536,0.0,1.0,1.0
fused,all,1.2381434372937703,0.6238334529791816,0.0,1.0,1.0
fused,all,1.240201998695074,0.6202440775305097,0.0,1.0,1.0
fused,all,1.242030645174492,0.6166547020818378,0.0,1.0,1.0
fused,all,1.2459298740733409,0.6130653266331658,0.0,1.0,1.0
fused,all,1.2502242616260097,0.6094759511844939,0.0,1.0,1.0
fused,all,1.254727572654344,0.6058865757358219,0.0,1.0,1.0
fused,all,1.2570857841562992,0.6022972002871501,0.0,1.0,1.0
fused,all,1.2597633152309535,0.5987078248384781,0.0,1.0,1.0
fused,all,1.263102153156502,0.5951184493898062,0.0,1.0,1.0
fused,all,1.2653482087992443,0.5915290739411343,0.0,1.0,1.0
fused,all,1.268034097527774,0.5879396984924623,0.0,1.0,1.0
fused,all,1.2703343432996401,0.583632447954056,0.0,1.0,1.0
fused,all,1.275464324041518,0.5800430725053841,0.0,1.0,1.0
fused,all,1.279643628115595,0.5764536970567121,0.0,1.0,1.0
fused,all,1.2821289886829377,0.5728643216080402,0.0,1.0,1.0
fused,all,1.2845285075239723,0.5692749461593682,0.0,1.0,1.0
fused,all,1.2867102495271077,0.5656855707106964,0.0,1.0,1.0
fused,all,1.2883123792401827,0.5620961952620244,0.0,1.0,1.0
fused,all,1.2907975159000555,0.5585068198133525,0.0,1.0,1.0
fused,all,1.2917911125314852,0.5549174443646806,0.0,1.0,1.0
fused,all,1.294451177175974,0.5513280689160086,0.0,1.0,1.0
fused,all,1.2986829895028167,0.5477386934673367,0.0,1.0,1.0
fused,all,1.3036070611713813,0.5441493180186647,0.0,1.0,1.0
fused,all,1.3079608629494819,0.5405599425699928,0.0,1.0,1.0
fused,all,1.3106511822636593,0.5369705671213209,0.0,1.0,1.0
fused,all,1.3136632384881066,0.533381191672649,0.0,1.0,1.0
fused,all,1.3178266328606978,0.529791816223977,0.0,1.0,1.0
fused,all,1.3204486829031477,0.5262024407753051,0.0,1.0,1.0
fused,all,1.3225653288639112,0.5226130653266332,0.0,1.0,1.0
fused,all,1.324195434546477,0.5190236898779612,0.0,1.0,1.0
fused,all,1.3267854948043762,0.5154343144292893,0.0,1.0,1.0
fused,all,1.330162944845665,0.5118449389806173,0.0,1.0,1.0
fused,all,1.3333512468051776,0.5082555635319455,0.0,1.0,1.0
fused,all,1.3373585024836383,0.5046661880832735,0.0,1.0,1.0
fused,all,1.3409184290892284,0.5003589375448672,0.0,1.0,1.0
fused,all,1.3444602503307865,0.49676956209619527,0.0,1.0,1.0
fused,all,1.348054159350295,0.49318018664752333,0.0,1.0,1.0
fused,all,1.3507991721356392,0.4895908111988514,0.0,1.0,1.0
fused,all,1.3527509828413669,0.48600143575017946,0.0,1.0,1.0
fused,all,1.3551490896578775,0.4824120603015075,0.0,1.0,1.0
fused,all,1.3588613223224426,0.47882268485283563,0.0,1.0,1.0
fused,all,1.359923265677541,0.4752333094041637,0.0,1.0,1.0
fused,all,1.362021866859382,0.47164393395549176,0.0,1.0,1.0
fused,all,1.3636229572217482,0.4680545585068198,0.0,1.0,1.0
fused,all,1.3652285991001825,0.4644651830581479,0.0,1.0,1.0
fused,all,1.367671034218984,0.46087580760947594,0.0,1.0,1.0
fused,all,1.369667572523435,0.457286432160804,0.0,1.0,1.0
fused,all,1.374593821858601,0.45369705671213206,0.0,1.0,1.0
fused,all,1.3773241287605849,0.4501076812634602,0.0,1.0,1.0
fused,all,1.3811427211037441,0.44651830581478824,0.0,1.0,1.0
fused,all,1.3829127009904845,0.4429289303661163,0.0,1.0,1.0
fused,all,1.3853822662235502,0.43933955491744436,0.0,1.0,1.0
fused,all,1.3897385784026302,0.4357501794687724,0.0,1.0,1.0
fused,all,1.3941658491411437,0.4321608040201005,0.0,1.0,1.0
fused,all,1.3971663308059505,0.42857142857142855,0.0,1.0,1.0
fused,all,1.4013478690164185,0.42498205312275666,0.0,1.0,1.0
fused,all,1.410710746484287,0.4213926776740847,0.0,1.0,1.0
fused,all,1.4138791852349875,0.41708542713567837,0.0,1.0,1.0
fused,all,1.4173234976810034,0.4134960516870065,0.0,1.0,1.0
fused,all,1.4220189463592092,0.40990667623833454,0.0,1.0,1.0
fused,all,1.4267441729980477,0.4063173007896626,0.0,1.0,1.0
fused,all,1.4316891920877828,0.40272792534099067,0.0,1.0,1.0
fused,all,1.4388859566585834,0.39913854989231873,0.0,1.0,1.0
fused,all,1.442171171318158,0.3955491744436468,0.0,1.0,1.0
fused,all,1.44827431030691,0.39195979899497485,0.0,1.0,1.0
fused,all,1.4501162457460275,0.38837042354630297,0.0,1.0,1.0
fused,all,1.4541140352361492,0.38478104809763103,0.0,1.0,1.0
fused,all,1.4598963952800301,0.3811916726489591,0.0,1.0,1.0
fused,all,1.461772141220992,0.37760229720028715,0.0,1.0,1.0
fused,all,1.4637285606836974,0.3740129217516152,0.0,1.0,1.0
fused,all,1.465929529061976,0.3704235463029433,0.0,1.0,1.0
fused,all,1.4682641895840098,0.36683417085427134,0.0,1.0,1.0
fused,all,1.4706802733658706,0.36324479540559945,0.0,1.0,1.0
fused,all,1.4733290288290766,0.3596554199569275,0.0,1.0,1.0
fused,all,1.475815509754793,0.3560660445082556,0.0,1.0,1.0
fused,all,1.4775467277333643,0.35247666905958364,0.0,1.0,1.0
fused,all,1.4828113520384425,0.3488872936109117,0.0,1.0,1.0
fused,all,1.4850462741137405,0.34529791816223976,0.0,1.0,1.0
fused,all,1.4861568731821357,0.3417085427135678,0.0,1.0,1.0
fused,all,1.49146744388248,0.3381191672648959,0.0,1.0,1.0
fused,all,1.4953487429366805,0.3338119167264896,0.0,1.0,1.0
fused,all,1.5020866934143564,0.33022254127781764,0.0,1.0,1.0
fused,all,1.5073333748112567,0.32663316582914576,0.0,1.0,1.0
fused,all,1.5116269203076005,0.3230437903804738,0.0,1.0,1.0
fused,all,1.5149725289744247,0.3194544149318019,0.0,1.0,1.0
fused,all,1.5236264617652207,0.31586503948312994,0.0,1.0,1.0
fused,all,1.526422634517167,0.312275664034458,0.0,1.0,1.0
fused,all,1.53120182141176,0.30868628858578606,0.0,1.0,1.0
fused,all,1.5345530770714508,0.3050969131371141,0.0,1.0,1.0
fused,all,1.5379993865661334,0.3015075376884422,0.0,1.0,1.0
fused,all,1.545260065635624,0.2979181622397703,0.0,1.0,1.0
fused,all,1.5482322976154903,0.29432878679109836,0.0,1.0,1.0
fused,all,1.5541558460570364,0.2907394113424264,0.0,1.0,1.0
fused,all,1.5572448240633932,0.2871500358937545,0.0,1.0,1.0
fused,all,1.5655164142387303,0.28356066044508255,0.0,1.0,1.0
fused,all,1.5724855277451275,0.2799712849964106,0.0,1.0,1.0
fused,all,1.5795046693175276,0.27638190954773867,0.0,1.0,1.0
fused,all,1.5837640915741877,0.2727925340990668,0.0,1.0,1.0
fused,all,1.5869110698400046,0.26920315865039485,0.0,1.0,1.0
fused,all,1.5924509641153348,0.2656137832017229,0.0,1.0,1.0
fused,all,1.5978572473670156,0.26202440775305097,0.0,1.0,1.0
fused,all,1.6042623057465353,0.25843503230437903,0.0,1.0,1.0
fused,all,1.6116234569127752,0.2548456568557071,0.0,1.0,1.0
fused,all,1.6145043438535585,0.2505384063173008,0.0,1.0,1.0
fused,all,1.619535919137848,0.24694903086862885,0.0,1.0,1.0
fused,all,1.6270509539990534,0.24335965541995694,0.0,1.0,1.0
fused,all,1.6331334316549575,0.239770279971285,0.0,1.0,1.0
fused,all,1.644070465927975,0.23618090452261306,0.0,1.0,1.0
fused,all,1.6525936926729492,0.23259152907394112,0.0,1.0,1.0
fused,all,1.6565196821626977,0.2290021536252692,0.0,1.0,1.0
fused,all,1.666978387160467,0.22541277817659727,0.0,1.0,1.0
fused,all,1.67223754620604,0.22182340272792533,0.0,1.0,1.0
fused,all,1.678226280403708,0.21823402727925342,0.0,1.0,1.0
fused,all,1.6827116561621105,0.21464465183058148,0.0,1.0,1.0
fused,all,1.68997547927968,0.21105527638190955,0.0,1.0,1.0
fused,all,1.7106551215808627,0.2074659009332376,0.0,1.0,1.0
fused,all,1.716844079899599,0.2038765254845657,0.0,1.0,1.0
fused,all,1.724687386232792,0.20028715003589376,0.0,1.0,1.0
fused,all,1.7446753021689902,0.19669777458722182,0.0,1.0,1.0
fused,all,1.7528643242059672,0.19310839913854988,0.0,1.0,1.0
fused,all,1.7559897944611937,0.18951902368987797,0.0,1.0,1.0
fused,all,1.7674931115787964,0.18592964824120603,0.0,1.0,1.0
fused,all,1.7727397249137686,0.1823402727925341,0.0,1.0,1.0
fused,all,1.7777083752931118,0.17875089734386218,0.0,1.0,1.0
fused,all,1.7913339723364121,0.17516152189519024,0.0,1.0,1.0
fused,all,1.7974947673170851,0.1715721464465183,0.0,1.0,1.0
fused,all,1.811945218810663,0.167264895908112,0.0,1.0,1.0
fused,all,1.820217624441038,0.16367552045944006,0.0,1.0,1.0
fused,all,1.8279655129368508,0.16008614501076812,0.0,1.0,1.0
fused,all,1.8341855422224882,0.15649676956209618,0.0,1.0,1.0
fused,all,1.8417954812117976,0.15290739411342427,0.0,1.0,1.0
fused,all,1.8554328521654482,0.14931801866475233,0.0,1.0,1.0
fused,all,1.8729393220611685,0.1457286432160804,0.0,1.0,1.0
fused,all,1.8877581353270032,0.14213926776740848,0.0,1.0,1.0
fused,all,1.8933527928230336,0.13854989231873654,0.0,1.0,1.0
fused,all,1.8999821591788133,0.1349605168700646,0.0,1.0,1.0
fused,all,1.920512231065705,0.13137114142139267,0.0,1.0,1.0
fused,all,1.931750228556317,0.12778176597272076,0.0,1.0,1.0
fused,all,1.9438229715101227,0.12419239052404882,0.0,1.0,1.0
fused,all,1.957319825518449,0.12060301507537688,0.0,1.0,1.0
fused,all,1.9705476178721355,0.11701363962670495,0.0,1.0,1.0
fused,all,1.9837560765655153,0.11342426417803302,0.0,1.0,1.0
fused,all,1.9993535578854909,0.10983488872936109,0.0,1.0,1.0
fused,all,2.009686404569429,0.10624551328068917,0.0,1.0,1.0
fused,all,2.027138923693623,0.10265613783201723,0.0,1.0,1.0
fused,all,2.044796063824797,0.0990667623833453,0.0,1.0,1.0
fused,all,2.057725120615781,0.09547738693467336,0.0,1.0,1.0
fused,all,2.0675297356685793,0.09188801148600144,0.0,1.0,1.0
fused,all,2.0778269996217027,0.0882986360373295,0.0,1.0,1.0
fused,all,2.092495575112976,0.08399138549892318,0.0,1.0,1.0
fused,all,2.1026002541776307,0.08040201005025126,0.0,1.0,1.0
fused,all,2.1195281142122853,0.07681263460157932,0.0,1.0,1.0
fused,all,2.1386692302400245,0.0732232591529074,0.0,1.0,1.0
fused,all,2.1629404928280804,0.06963388370423547,0.0,1.0,1.0
fused,all,2.1788502126028435,0.06604450825556353,0.0,1.0,1.0
fused,all,2.1884094736774227,0.0624551328068916,0.0,1.0,1.0
fused,all,2.2051099807273737,0.05886575735821967,0.0,1.0,1.0
fused,all,2.2160495734623895,0.05527638190954774,0.0,1.0,1.0
fused,all,2.2363296476065386,0.05168700646087581,0.0,1.0,1.0
fused,all,2.244024149426017,0.04809763101220388,0.0,1.0,1.0
fused,all,2.258461824369249,0.04450825556353195,0.0,1.0,1.0
fused,all,2.271350592305285,0.040918880114860015,0.0,1.0,1.0
fused,all,2.2903874232827945,0.03732950466618808,0.0,1.0,1.0
fused,all,2.347788989382688,0.03374012921751615,0.0,1.0,1.0
fused,all,2.361763121574291,0.03015075376884422,0.0,1.0,1.0
fused,all,2.3913813802476627,0.02656137832017229,0.0,1.0,1.0
fused,all,2.408468138306377,0.02297200287150036,0.0,1.0,1.0
fused,all,2.464623374250502,0.019382627422828428,0.0,1.0,1.0
fused,all,2.49440588863893,0.015793251974156496,0.0,1.0,1.0
fused,all,2.5274448344498057,0.012203876525484566,0.0,1.0,1.0
fused,all,2.5898543285772955,0.008614501076812634,0.0,1.0,1.0
fused,all,2.7658086802130484,0.005025125628140704,0.0,1.0,1.0
fused,all,3.1169074309334044,0.0007178750897343862,0.0,1.0,1.0
fused,all,4.178091680974813,0.0,0.03448275862068961,0.9655172413793104,0.9655172413793104
fused,all,4.500124466819247,0.0,0.07758620689655171,0.9224137931034483,0.9224137931034483
fused,all,4.7408948576480805,0.0,0.12068965517241381,0.8793103448275862,0.8793103448275862
fused,all,4.942624684488003,0.0,0.1637931034482759,0.8362068965517241,0.8362068965517241
fused,all,5.016584331356057,0.0,0.2068965517241379,0.7931034482758621,0.7931034482758621
fused,all,5.074200647454633,0.0,0.25,0.75,0.75
fused,all,5.112769920787084,0.0,0.2931034482758621,0.7068965517241379,0.7068965517241379
fused,all,5.169464467106912,0.0,0.3362068965517241,0.6637931034482759,0.6637931034482759
fused,all,5.175281216254408,0.0,0.3793103448275862,0.6206896551724138,0.6206896551724138
fused,all,5.181726082306707,0.0,0.4224137931034483,0.5775862068965517,0.5775862068965517
fused,all,5.198889964258974,0.0,0.4655172413793104,0.5344827586206896,0.5344827586206896
fused,all,5.204755806133942,0.0,0.5086206896551724,0.49137931034482757,0.49137931034482757
fused,all,5.211034008520855,0.0,0.5517241379310345,0.4482758620689655,0.4482758620689655
fused,all,5.217992888468826,0.0,0.5948275862068966,0.4051724137931034,0.4051724137931034
fused,all,5.231956660532594,0.0,0.6379310344827587,0.3620689655172414,0.3620689655172414
fused,all,5.2453702042952,0.0,0.6810344827586207,0.31896551724137934,0.31896551724137934
fused,all,5.254959379359239,0.0,0.7241379310344828,0.27586206896551724,0.27586206896551724
fused,all,5.268205262615476,0.0,0.7672413793103449,0.23275862068965517,0.23275862068965517
fused,all,5.2894587956837675,0.0,0.8103448275862069,0.1896551724137931,0.1896551724137931
fused,all,5.2970026957966585,0.0,0.853448275862069,0.14655172413793102,0.14655172413793102
fused,all,5.3050513874657685,0.0,0.896551724137931,0.10344827586206896,0.10344827586206896
fused,all,5.329751187605096,0.0,0.9396551724137931,0.0603448275862069,0.0603448275862069
fused,all,5.369916271956235,0.0,0.9913793103448276,0.008620689655172414,0.008620689655172414
fused,real_only,0.7027212751025335,1.0,0.0,1.0,1.0
fused,real_only,0.7891662674929913,0.9964106245513281,0.0,1.0,1.0
fused,real_only,0.8268493988058666,0.9928212491026561,0.0,1.0,1.0
fused,real_only,0.8375661718597724,0.9892318736539842,0.0,1.0,1.0
fused,real_only,0.8482527435390006,0.9856424982053122,0.0,1.0,1.0
fused,real_only,0.8546444482451229,0.9820531227566404,0.0,1.0,1.0
fused,real_only,0.8613748424288643,0.9784637473079684,0.0,1.0,1.0
fused,real_only,0.8710505757532232,0.9748743718592965,0.0,1.0,1.0
fused,real_only,0.8759754872272251,0.9712849964106246,0.0,1.0,1.0
fused,real_only,0.8952563405136915,0.9676956209619526,0.0,1.0,1.0
fused,real_only,0.9054821837395426,0.9641062455132807,0.0,1.0,1.0
fused,real_only,0.9129923721367093,0.9605168700646087,0.0,1.0,1.0
fused,real_only,0.9204348999410397,0.9569274946159368,0.0,1.0,1.0
fused,real_only,0.9255197984834337,0.9533381191672649,0.0,1.0,1.0
fused,real_only,0.932972652829843,0.949748743718593,0.0,1.0,1.0
fused,real_only,0.9411788390743544,0.9461593682699211,0.0,1.0,1.0
fused,real_only,0.9458077035225243,0.9425699928212491,0.0,1.0,1.0
fused,real_only,0.9501971408570604,0.9389806173725772,0.0,1.0,1.0
fused,real_only,0.9572608299366256,0.9353912419239052,0.0,1.0,1.0
fused,real_only,0.9604470266938684,0.9318018664752333,0.0,1.0,1.0
fused,real_only,0.9653787733338316,0.9282124910265613,0.0,1.0,1.0
fused,real_only,0.9723764955744885,0.9246231155778895,0.0,1.0,1.0
fused,real_only,0.9772319374464884,0.9210337401292176,0.0,1.0,1.0
fused,real_only,0.9885768827011729,0.9167264895908112,0.0,1.0,1.0
fused,real_only,0.9926696688838113,0.9131371141421393,0.0,1.0,1.0
fused,real_only,0.996385555198817,0.9095477386934674,0.0,1.0,1.0
fused,real_only,1.0005451627383093,0.9059583632447954,0.0,1.0,1.0
fused,real_only,1.004641096625036,0.9023689877961235,0.0,1.0,1.0
fused,real_only,1.007852933687782,0.8987796123474515,0.0,1.0,1.0
fused,real_only,1.0118858992788384,0.8951902368987796,0.0,1.0,1.0
fused,real_only,1.01832855928647,0.8916008614501076,0.0,1.0,1.0
fused,real_only,1.0215858533786306,0.8880114860014358,0.0,1.0,1.0
fused,real_only,1.0228579417585988,0.8844221105527639,0.0,1.0,1.0
fused,real_only,1.0301874799203863,0.8808327351040919,0.0,1.0,1.0
fused,real_only,1.031890646424919,0.87724335965542,0.0,1.0,1.0
fused,real_only,1.0357702064370735,0.873653984206748,0.0,1.0,1.0
fused,real_only,1.0405271309939659,0.8700646087580761,0.0,1.0,1.0
fused,real_only,1.0448535764471565,0.8664752333094041,0.0,1.0,1.0
fused,real_only,1.0459980481324143,0.8628858578607322,0.0,1.0,1.0
fused,real_only,1.049952012776462,0.8592964824120602,0.0,1.0,1.0
fused,real_only,1.0520367745741346,0.8557071069633884,0.0,1.0,1.0
fused,real_only,1.0542472198555963,0.8521177315147165,0.0,1.0,1.0
fused,real_only,1.0580733924014072,0.8485283560660445,0.0,1.0,1.0
fused,real_only,1.0610528354822437,0.8449389806173726,0.0,1.0,1.0
fused,real_only,1.0633772012878022,0.8413496051687006,0.0,1.0,1.0
fused,real_only,1.0667438519675145,0.8377602297200287,0.0,1.0,1.0
fused,real_only,1.0693714972304371,0.8334529791816224,0.0,1.0,1.0
fused,real_only,1.0722779271100402,0.8298636037329504,0.0,1.0,1.0
fused,real_only,1.0784425401169968,0.8262742282842785,0.0,1.0,1.0
fused,real_only,1.081761991882797,0.8226848528356066,0.0,1.0,1.0
fused,real_only,1.0851598998256482,0.8190954773869347,0.0,1.0,1.0
fused,real_only,1.0877198908415195,0.8155061019382628,0.0,1.0,1.0
fused,real_only,1.095246144667516,0.8119167264895908,0.0,1.0,1.0
fused,real_only,1.0974330377754806,0.8083273510409189,0.0,1.0,1.0
fused,real_only,1.0990684990719242,0.8047379755922469,0.0,1.0,1.0
fused,real_only,1.1019151695677547,0.801148600143575,0.0,1.0,1.0
fused,real_only,1.1064277814461176,0.797559224694903,0.0,1.0,1.0
fused,real_only,1.1080390619506055,0.7939698492462312,0.0,1.0,1.0
fused,real_only,1.1137291997363172,0.7903804737975593,0.0,1.0,1.0
fused,real_only,1.1170585604789793,0.7867910983488873,0.0,1.0,1.0
fused,real_only,1.1195047875041264,0.7832017229002154,0.0,1.0,1.0
fused,real_only,1.1209107468792234,0.7796123474515434,0.0,1.0,1.0
fused,real_only,1.1238090062523505,0.7760229720028715,0.0,1.0,1.0
fused,real_only,1.1268866069061536,0.7724335965541995,0.0,1.0,1.0
fused,real_only,1.1280640420053893,0.7688442211055276,0.0,1.0,1.0
fused,real_only,1.1299181327407846,0.7652548456568558,0.0,1.0,1.0
fused,real_only,1.1315077057858243,0.7616654702081838,0.0,1.0,1.0
fused,real_only,1.1336249473425912,0.7580760947595119,0.0,1.0,1.0
fused,real_only,1.1367142191017092,0.7544867193108399,0.0,1.0,1.0
fused,real_only,1.139713396878072,0.7501794687724336,0.0,1.0,1.0
fused,real_only,1.1428592225203946,0.7465900933237617,0.0,1.0,1.0
fused,real_only,1.1469197752191849,0.7430007178750897,0.0,1.0,1.0
fused,real_only,1.1497255201822056,0.7394113424264178,0.0,1.0,1.0
fused,real_only,1.1531579772447933,0.7358219669777458,0.0,1.0,1.0
fused,real_only,1.155523416028258,0.7322325915290739,0.0,1.0,1.0
fused,real_only,1.1579066163873426,0.7286432160804021,0.0,1.0,1.0
fused,real_only,1.1605058300846474,0.7250538406317301,0.0,1.0,1.0
fused,real_only,1.1634120451768397,0.7214644651830582,0.0,1.0,1.0
fused,real_only,1.166742158524193,0.7178750897343862,0.0,1.0,1.0
fused,real_only,1.1674340484988242,0.7142857142857143,0.0,1.0,1.0
fused,real_only,1.170282820275214,0.7106963388370423,0.0,1.0,1.0
fused,real_only,1.1739035245608112,0.7071069633883704,0.0,1.0,1.0
fused,real_only,1.1762338965949444,0.7035175879396985,0.0,1.0,1.0
fused,real_only,1.1801981829115642,0.6999282124910265,0.0,1.0,1.0
fused,real_only,1.1836553473897724,0.6963388370423547,0.0,1.0,1.0
fused,real_only,1.1857280273256021,0.6927494615936827,0.0,1.0,1.0
fused,real_only,1.1881366390099675,0.6891600861450108,0.0,1.0,1.0
fused,real_only,1.19069714652657,0.6855707106963388,0.0,1.0,1.0
fused,real_only,1.192728212925777,0.6819813352476669,0.0,1.0,1.0
fused,real_only,1.1953032250811078,0.678391959798995,0.0,1.0,1.0
fused,real_only,1.196867070628979,0.674802584350323,0.0,1.0,1.0
fused,real_only,1.1998281148701841,0.6712132089016511,0.0,1.0,1.0
fused,real_only,1.2043975650984604,0.6669059583632448,0.0,1.0,1.0
fused,real_only,1.2059659774065583,0.6633165829145728,0.0,1.0,1.0
fused,real_only,1.2095235062307625,0.659727207465901,0.0,1.0,1.0
fused,real_only,1.210643590256927,0.656137832017229,0.0,1.0,1.0
fused,real_only,1.2133184080048314,0.6525484565685571,0.0,1.0,1.0
fused,real_only,1.2179436034477746,0.6489590811198851,0.0,1.0,1.0
fused,real_only,1.221233302280282,0.6453697056712132,0.0,1.0,1.0
fused,real_only,1.2242951044280725,0.6417803302225413,0.0,1.0,1.0
fused,real_only,1.2255622130164932,0.6381909547738693,0.0,1.0,1.0
fused,real_only,1.2279323969378304,0.6346015793251975,0.0,1.0,1.0
fused,real_only,1.2305634947607214,0.6310122038765255,0.0,1.0,1.0
fused,real_only,1.2342236091045187,0.6274228284278536,0.0,1.0,1.0
fused,real_only,1.2381434372937703,0.6238334529791816,0.0,1.0,1.0
fused,real_only,1.240201998695074,0.6202440775305097,0.0,1.0,1.0
fused,real_only,1.242030645174492,0.6166547020818378,0.0,1.0,1.0
fused,real_only,1.2459298740733409,0.6130653266331658,0.0,1.0,1.0
fused,real_only,1.2502242616260097,0.6094759511844939,0.0,1.0,1.0
fused,real_only,1.254727572654344,0.6058865757358219,0.0,1.0,1.0
fused,real_only,1.2570857841562992,0.6022972002871501,0.0,1.0,1.0
fused,real_only,1.2597633152309535,0.5987078248384781,0.0,1.0,1.0
fused,real_only,1.263102153156502,0.5951184493898062,0.0,1.0,1.0
fused,real_only,1.2653482087992443,0.5915290739411343,0.0,1.0,1.0
fused,real_only,1.268034097527774,0.5879396984924623,0.0,1.0,1.0
fused,real_only,1.2703343432996401,0.583632447954056,0.0,1.0,1.0
fused,real_only,1.275464324041518,0.5800430725053841,0.0,1.0,1.0
fused,real_only,1.279643628115595,0.5764536970567121,0.0,1.0,1.0
fused,real_only,1.2821289886829377,0.5728643216080402,0.0,1.0,1.0
fused,real_only,1.2845285075239723,0.5692749461593682,0.0,1.0,1.0
fused,real_only,1.2867102495271077,0.5656855707106964,0.0,1.0,1.0
fused,real_only,1.2883123792401827,0.5620961952620244,0.0,1.0,1.0
fused,real_only,1.2907975159000555,0.5585068198133525,0.0,1.0,1.0
fused,real_only,1.2917911125314852,0.5549174443646806,0.0,1.0,1.0
fused,real_only,1.294451177175974,0.5513280689160086,0.0,1.0,1.0
fused,real_only,1.2986829895028167,0.5477386934673367,0.0,1.0,1.0
fused,real_only,1.3036070611713813,0.5441493180186647,0.0,1.0,1.0
fused,real_only,1.3079608629494819,0.5405599425699928,0.0,1.0,1.0
fused,real_only,1.3106511822636593,0.5369705671213209,0.0,1.0,1.0
fused,real_only,1.3136632384881066,0.533381191672649,0.0,1.0,1.0
fused,real_only,1.3178266328606978,0.529791816223977,0.0,1.0,1.0
fused,real_only,1.3204486829031477,0.5262024407753051,0.0,1.0,1.0
fused,real_only,1.3225653288639112,0.5226130653266332,0.0,1.0,1.0
fused,real_only,1.324195434546477,0.5190236898779612,0.0,1.0,1.0
fused,real_only,1.3267854948043762,0.5154343144292893,0.0,1.0,1.0
fused,real_only,1.330162944845665,0.5118449389806173,0.0,1.0,1.0
fused,real_only,1.3333512468051776,0.5082555635319455,0.0,1.0,1.0
fused,real_only,1.3373585024836383,0.5046661880832735,0.0,1.0,1.0
fused,real_only,1.3409184290892284,0.5003589375448672,0.0,1.0,1.0
fused,real_only,1.3444602503307865,0.49676956209619527,0.0,1.0,1.0
fused,real_only,1.348054159350295,0.49318018664752333,0.0,1.0,1.0
fused,real_only,1.3507991721356392,0.4895908111988514,0.0,1.0,1.0
fused,real_only,1.3527509828413669,0.48600143575017946,0.0,1.0,1.0
fused,real_only,1.3551490896578775,0.4824120603015075,0.0,1.0,1.0
fused,real_only,1.3588613223224426,0.47882268485283563,0.0,1.0,1.0
fused,real_only,1.359923265677541,0.4752333094041637,0.0,1.0,1.0
fused,real_only,1.362021866859382,0.47164393395549176,0.0,1.0,1.0
fused,real_only,1.3636229572217482,0.4680545585068198,0.0,1.0,1.0
fused,real_only,1.3652285991001825,0.4644651830581479,0.0,1.0,1.0
fused,real_only,1.367671034218984,0.46087580760947594,0.0,1.0,1.0
fused,real_only,1.369667572523435,0.457286432160804,0.0,1.0,1.0
fused,real_only,1.374593821858601,0.45369705671213206,0.0,1.0,1.0
fused,real_only,1.3773241287605849,0.4501076812634602,0.0,1.0,1.0
fused,real_only,1.3811427211037441,0.44651830581478824,0.0,1.0,1.0
fused,real_only,1.3829127009904845,0.4429289303661163,0.0,1.0,1.0
fused,real_only,1.3853822662235502,0.43933955491744436,0.0,1.0,1.0
fused,real_only,1.3897385784026302,0.4357501794687724,0.0,1.0,1.0
fused,real_only,1.3941658491411437,0.4321608040201005,0.0,1.0,1.0
fused,real_only,1.3971663308059505,0.42857142857142855,0.0,1.0,1.0
fused,real_only,1.4013478690164185,0.42498205312275666,0.0,1.0,1.0
fused,real_only,1.410710746484287,0.4213926776740847,0.0,1.0,1.0
fused,real_only,1.4138791852349875,0.41708542713567837,0.0,1.0,1.0
fused,real_only,1.4173234976810034,0.4134960516870065,0.0,1.0,1.0
fused,real_only,1.4220189463592092,0.40990667623833454,0.0,1.0,1.0
fused,real_only,1.4267441729980477,0.4063173007896626,0.0,1.0,1.0
fused,real_only,1.4316891920877828,0.40272792534099067,0.0,1.0,1.0
fused,real_only,1.4388859566585834,0.39913854989231873,0.0,1.0,1.0
fused,real_only,1.442171171318158,0.3955491744436468,0.0,1.0,1.0
fused,real_only,1.44827431030691,0.39195979899497485,0.0,1.0,1.0
fused,real_only,1.4501162457460275,0.38837042354630297,0.0,1.0,1.0
fused,real_only,1.4541140352361492,0.38478104809763103,0.0,1.0,1.0
fused,real_only,1.4598963952800301,0.3811916726489591,0.0,1.0,1.0
fused,real_only,1.461772141220992,0.37760229720028715,0.0,1.0,1.0
fused,real_only,1.4637285606836974,0.3740129217516152,0.0,1.0,1.0
fused,real_only,1.465929529061976,0.3704235463029433,0.0,1.0,1.0
fused,real_only,1.4682641895840098,0.36683417085427134,0.0,1.0,1.0
fused,real_only,1.4706802733658706,0.36324479540559945,0.0,1.0,1.0
fused,real_only,1.4733290288290766,0.3596554199569275,0.0,1.0,1.0
fused,real_only,1.475815509754793,0.3560660445082556,0.0,1.0,1.0
fused,real_only,1.4775467277333643,0.35247666905958364,0.0,1.0,1.0
fused,real_only,1.4828113520384425,0.3488872936109117,0.0,1.0,1.0
fused,real_only,1.4850462741137405,0.34529791816223976,0.0,1.0,1.0
fused,real_only,1.4861568731821357,0.3417085427135678,0.0,1.0,1.0
fused,real_only,1.49146744388248,0.3381191672648959,0.0,1.0,1.0
fused,real_only,1.4953487429366805,0.3338119167264896,0.0,1.0,1.0
fused,real_only,1.5020866934143564,0.33022254127781764,0.0,1.0,1.0
fused,real_only,1.5073333748112567,0.32663316582914576,0.0,1.0,1.0
fused,real_only,1.5116269203076005,0.3230437903804738,0.0,1.0,1.0
fused,real_only,1.5149725289744247,0.3194544149318019,0.0,1.0,1.0
fused,real_only,1.5236264617652207,0.31586503948312994,0.0,1.0,1.0
fused,real_only,1.526422634517167,0.312275664034458,0.0,1.0,1.0
fused,real_only,1.53120182141176,0.30868628858578606,0.0,1.0,1.0
fused,real_only,1.5345530770714508,0.3050969131371141,0.0,1.0,1.0
fused,real_only,1.5379993865661334,0.3015075376884422,0.0,1.0,1.0
fused,real_only,1.545260065635624,0.2979181622397703,0.0,1.0,1.0
fused,real_only,1.5482322976154903,0.29432878679109836,0.0,1.0,1.0
fused,real_only,1.5541558460570364,0.2907394113424264,0.0,1.0,1.0
fused,real_only,1.5572448240633932,0.2871500358937545,0.0,1.0,1.0
fused,real_only,1.5655164142387303,0.28356066044508255,0.0,1.0,1.0
fused,real_only,1.5724855277451275,0.2799712849964106,0.0,1.0,1.0
fused,real_only,1.5795046693175276,0.27638190954773867,0.0,1.0,1.0
fused,real_only,1.5837640915741877,0.2727925340990668,0.0,1.0,1.0
fused,real_only,1.5869110698400046,0.26920315865039485,0.0,1.0,1.0
fused,real_only,1.5924509641153348,0.2656137832017229,0.0,1.0,1.0
fused,real_only,1.5978572473670156,0.26202440775305097,0.0,1.0,1.0
fused,real_only,1.6042623057465353,0.25843503230437903,0.0,1.0,1.0
fused,real_only,1.6116234569127752,0.2548456568557071,0.0,1.0,1.0
fused,real_only,1.6145043438535585,0.2505384063173008,0.0,1.0,1.0
fused,real_only,1.619535919137848,0.24694903086862885,0.0,1.0,1.0
fused,real_only,1.6270509539990534,0.24335965541995694,0.0,1.0,1.0
fused,real_only,1.6331334316549575,0.239770279971285,0.0,1.0,1.0
fused,real_only,1.644070465927975,0.23618090452261306,0.0,1.0,1.0
fused,real_only,1.6525936926729492,0.23259152907394112,0.0,1.0,1.0
fused,real_only,1.6565196821626977,0.2290021536252692,0.0,1.0,1.0
fused,real_only,1.666978387160467,0.22541277817659727,0.0,1.0,1.0
fused,real_only,1.67223754620604,0.22182340272792533,0.0,1.0,1.0
fused,real_only,1.678226280403708,0.21823402727925342,0.0,1.0,1.0
fused,real_only,1.6827116561621105,0.21464465183058148,0.0,1.0,1.0
fused,real_only,1.68997547927968,0.21105527638190955,0.0,1.0,1.0
fused,real_only,1.7106551215808627,0.2074659009332376,0.0,1.0,1.0
fused,real_only,1.716844079899599,0.2038765254845657,0.0,1.0,1.0
fused,real_only,1.724687386232792,0.20028715003589376,0.0,1.0,1.0
fused,real_only,1.7446753021689902,0.19669777458722182,0.0,1.0,1.0
fused,real_only,1.7528643242059672,0.19310839913854988,0.0,1.0,1.0
fused,real_only,1.7559897944611937,0.18951902368987797,0.0,1.0,1.0
fused,real_only,1.7674931115787964,0.18592964824120603,0.0,1.0,1.0
fused,real_only,1.7727397249137686,0.1823402727925341,0.0,1.0,1.0
fused,real_only,1.7777083752931118,0.17875089734386218,0.0,1.0,1.0
fused,real_only,1.7913339723364121,0.17516152189519024,0.0,1.0,1.0
fused,real_only,1.7974947673170851,0.1715721464465183,0.0,1.0,1.0
fused,real_only,1.811945218810663,0.167264895908112,0.0,1.0,1.0
fused,real_only,1.820217624441038,0.16367552045944006,0.0,1.0,1.0
fused,real_only,1.8279655129368508,0.16008614501076812,0.0,1.0,1.0
fused,real_only,1.8341855422224882,0.15649676956209618,0.0,1.0,1.0
fused,real_only,1.8417954812117976,0.15290739411342427,0.0,1.0,1.0
fused,real_only,1.8554328521654482,0.14931801866475233,0.0,1.0,1.0
fused,real_only,1.8729393220611685,0.1457286432160804,0.0,1.0,1.0
fused,real_only,1.8877581353270032,0.14213926776740848,0.0,1.0,1.0
fused,real_only,1.8933527928230336,0.13854989231873654,0.0,1.0,1.0
fused,real_only,1.8999821591788133,0.1349605168700646,0.0,1.0,1.0
fused,real_only,1.920512231065705,0.13137114142139267,0.0,1.0,1.0
fused,real_only,1.931750228556317,0.12778176597272076,0.0,1.0,1.0
fused,real_only,1.9438229715101227,0.12419239052404882,0.0,1.0,1.0
fused,real_only,1.957319825518449,0.12060301507537688,0.0,1.0,1.0
fused,real_only,1.9705476178721355,0.11701363962670495,0.0,1.0,1.0
fused,real_only,1.9837560765655153,0.11342426417803302,0.0,1.0,1.0
fused,real_only,1.9993535578854909,0.10983488872936109,0.0,1.0,1.0
fused,real_only,2.009686404569429,0.10624551328068917,0.0,1.0,1.0
fused,real_only,2.027138923693623,0.10265613783201723,0.0,1.0,1.0
fused,real_only,2.044796063824797,0.0990667623833453,0.0,1.0,1.0
fused,real_only,2.057725120615781,0.09547738693467336,0.0,1.0,1.0
fused,real_only,2.0675297356685793,0.09188801148600144,0.0,1.0,1.0
fused,real_only,2.0778269996217027,0.0882986360373295,0.0,1.0,1.0
fused,real_only,2.092495575112976,0.08399138549892318,0.0,1.0,1.0
fused,real_only,2.1026002541776307,0.08040201005025126,0.0,1.0,1.0
fused,real_only,2.1195281142122853,0.07681263460157932,0.0,1.0,1.0
fused,real_only,2.1386692302400245,0.0732232591529074,0.0,1.0,1.0
fused,real_only,2.1629404928280804,0.06963388370423547,0.0,1.0,1.0
fused,real_only,2.1788502126028435,0.06604450825556353,0.0,1.0,1.0
fused,real_only,2.1884094736774227,0.0624551328068916,0.0,1.0,1.0
fused,real_only,2.2051099807273737,0.05886575735821967,0.0,1.0,1.0
fused,real_only,2.2160495734623895,0.05527638190954774,0.0,1.0,1.0
fused,real_only,2.2363296476065386,0.05168700646087581,0.0,1.0,1.0
fused,real_only,2.244024149426017,0.04809763101220388,0.0,1.0,1.0
fused,real_only,2.258461824369249,0.04450825556353195,0.0,1.0,1.0
fused,real_only,2.271350592305285,0.040918880114860015,0.0,1.0,1.0
fused,real_only,2.2903874232827945,0.03732950466618808,0.0,1.0,1.0
fused,real_only,2.347788989382688,0.03374012921751615,0.0,1.0,1.0
fused,real_only,2.361763121574291,0.03015075376884422,0.0,1.0,1.0
fused,real_only,2.3913813802476627,0.02656137832017229,0.0,1.0,1.0
fused,real_only,2.408468138306377,0.02297200287150036,0.0,1.0,1.0
fused,real_only,2.464623374250502,0.019382627422828428,0.0,1.0,1.0
fused,real_only,2.49440588863893,0.015793251974156496,0.0,1.0,1.0
fused,real_only,2.5274448344498057,0.012203876525484566,0.0,1.0,1.0
fused,real_only,2.5898543285772955,0.008614501076812634,0.0,1.0,1.0
fused,real_only,2.7658086802130484,0.005025125628140704,0.0,1.0,1.0
fused,real_only,3.1169074309334044,0.0007178750897343862,0.0,1.0,1.0
fused,real_only,4.178091680974813,0.0,0.03448275862068961,0.9655172413793104,0.9655172413793104
fused,real_only,4.500124466819247,0.0,0.07758620689655171,0.9224137931034483,0.9224137931034483
fused,real_only,4.7408948576480805,0.0,0.12068965517241381,0.8793103448275862,0.8793103448275862
fused,real_only,4.942624684488003,0.0,0.1637931034482759,0.8362068965517241,0.8362068965517241
fused,real_only,5.016584331356057,0.0,0.2068965517241379,0.7931034482758621,0.7931034482758621
fused,real_only,5.074200647454633,0.0,0.25,0.75,0.75
fused,real_only,5.112769920787084,0.0,0.2931034482758621,0.7068965517241379,0.7068965517241379
fused,real_only,5.169464467106912,0.0,0.3362068965517241,0.6637931034482759,0.6637931034482759
fused,real_only,5.175281216254408,0.0,0.3793103448275862,0.6206896551724138,0.6206896551724138
fused,real_only,5.181726082306707,0.0,0.4224137931034483,0.5775862068965517,0.5775862068965517
fused,real_only,5.198889964258974,0.0,0.4655172413793104,0.5344827586206896,0.5344827586206896
fused,real_only,5.204755806133942,0.0,0.5086206896551724,0.49137931034482757,0.49137931034482757
fused,real_only,5.211034008520855,0.0,0.5517241379310345,0.4482758620689655,0.4482758620689655
fused,real_only,5.217992888468826,0.0,0.5948275862068966,0.4051724137931034,0.4051724137931034
fused,real_only,5.231956660532594,0.0,0.6379310344827587,0.3620689655172414,0.3620689655172414
fused,real_only,5.2453702042952,0.0,0.6810344827586207,0.31896551724137934,0.31896551724137934
fused,real_only,5.254959379359239,0.0,0.7241379310344828,0.27586206896551724,0.27586206896551724
fused,real_only,5.268205262615476,0.0,0.7672413793103449,0.23275862068965517,0.23275862068965517
fused,real_only,5.2894587956837675,0.0,0.8103448275862069,0.1896551724137931,0.1896551724137931
fused,real_only,5.2970026957966585,0.0,0.853448275862069,0.14655172413793102,0.14655172413793102
fused,real_only,5.3050513874657685,0.0,0.896551724137931,0.10344827586206896,0.10344827586206896
fused,real_only,5.329751187605096,0.0,0.9396551724137931,0.0603448275862069,0.0603448275862069
fused,real_only,5.369916271956235,0.0,0.9913793103448276,0.008620689655172414,0.008620689655172414
