system,role,probe_identity,probe_sample_id,probe_is_augmented,top1_identity,top1_score,true_score,rank_true_identity
palm,genuine_known,11k:10_L,5,False,11k:10_L,0.9514025773857312,0.9514025773857312,1
palm,genuine_known,11k:10_R,13,False,11k:10_R,0.9121185656763969,0.9121185656763969,1
palm,genuine_known,11k:1000000_L,17,False,11k:1000000_L,0.9329123716864434,0.9329123716864434,1
palm,genuine_known,11k:1000000_R,9,False,11k:1000000_R,0.8999200644512828,0.8999200644512828,1
palm,genuine_known,11k:1009_L,13,False,11k:1009_L,0.9513915966791396,0.9513915966791396,1
palm,genuine_known,11k:1009_R,11,False,11k:1009_R,0.9255151791502731,0.9255151791502731,1
palm,genuine_known,11k:1013_L,17,False,11k:1013_L,0.9520414942040438,0.9520414942040438,1
palm,genuine_known,11k:1013_R,23,False,11k:1013_R,0.9535790269742406,0.9535790269742406,1
palm,genuine_known,11k:1019_L,26,False,11k:1019_L,0.9591353638913085,0.9591353638913085,1
palm,genuine_known,11k:1019_R,29,False,11k:1019_R,0.9513580519205862,0.9513580519205862,1
palm,genuine_known,11k:1020_L,20,False,11k:1020_L,0.9535499060073205,0.9535499060073205,1
palm,genuine_known,11k:1020_R,21,False,11k:1020_R,0.9652358204020056,0.9652358204020056,1
palm,genuine_known,11k:1021_L,18,False,11k:1021_L,0.9437535579771248,0.9437535579771248,1
palm,genuine_known,11k:1021_R,7,False,11k:1021_R,0.9591440813853045,0.9591440813853045,1
palm,genuine_known,11k:1028_L,14,False,11k:1028_L,0.8701211457910193,0.8701211457910193,1
palm,genuine_known,11k:1028_R,7,False,11k:1028_R,0.94426968518317,0.94426968518317,1
palm,genuine_known,11k:1032_L,21,False,11k:1032_L,0.9496315787441179,0.9496315787441179,1
palm,genuine_known,11k:1032_R,19,False,11k:1032_R,0.942697302553962,0.942697302553962,1
palm,genuine_known,11k:1033_L,29,False,11k:1033_L,0.9627087179591787,0.9627087179591787,1
palm,genuine_known,11k:1033_R,31,False,11k:1033_R,0.9349538171920411,0.9349538171920411,1
palm,genuine_known,11k:1035_L,22,False,11k:1035_L,0.9255905940405034,0.9255905940405034,1
palm,genuine_known,11k:1035_R,17,False,11k:1035_R,0.9303903625413521,0.9303903625413521,1
palm,genuine_known,11k:1037_L,21,False,11k:1037_L,0.967053455943514,0.967053455943514,1
palm,genuine_known,11k:1037_R,24,False,11k:1037_R,0.9537786146791121,0.9537786146791121,1
palm,genuine_known,11k:1043_L,7,False,11k:1043_L,0.9328594817034885,0.9328594817034885,1
palm,genuine_known,11k:1043_R,11,False,11k:1043_R,0.9425686509877532,0.9425686509877532,1
palm,genuine_known,11k:1046_L,13,False,11k:1046_L,0.9464378002069194,0.9464378002069194,1
palm,genuine_known,11k:1046_R,11,False,11k:1046_R,0.9467629945294527,0.9467629945294527,1
palm,genuine_known,11k:1059_L,15,False,11k:1059_L,0.9591808333359773,0.9591808333359773,1
palm,genuine_known,11k:1059_R,16,False,11k:1059_R,0.9611657610865765,0.9611657610865765,1
palm,genuine_known,11k:1061_L,12,False,11k:1061_L,0.9627420526322246,0.9627420526322246,1
palm,genuine_known,11k:1061_R,11,False,11k:1061_R,0.9180191904683164,0.9180191904683164,1
palm,genuine_known,11k:1074_L,5,False,11k:1074_L,0.8676680628290474,0.8676680628290474,1
palm,genuine_known,11k:1074_R,5,False,11k:1074_R,0.7906511975839459,0.7906511975839459,1
palm,genuine_known,11k:1075_L,17,False,11k:1075_L,0.9597597872615952,0.9597597872615952,1
palm,genuine_known,11k:1075_R,19,False,11k:1075_R,0.976438610837356,0.976438610837356,1
palm,genuine_known,11k:1080_L,21,False,11k:1080_L,0.9663404180211539,0.9663404180211539,1
palm,genuine_known,11k:1080_R,22,False,11k:1080_R,0.9739754957576945,0.9739754957576945,1
palm,genuine_known,11k:1090_L,22,False,11k:1090_L,0.94648804938015,0.94648804938015,1
palm,genuine_known,11k:1090_R,22,False,11k:1090_R,0.9658325095300149,0.9658325095300149,1
palm,genuine_known,11k:11_L,8,False,11k:11_L,0.9588925435206088,0.9588925435206088,1
palm,genuine_known,11k:11_R,5,False,11k:11_R,0.9676449217971925,0.9676449217971925,1
palm,genuine_known,11k:1503_L,5,False,11k:1503_L,0.9169243629266715,0.9169243629266715,1
palm,genuine_known,11k:1503_R,5,False,11k:1503_R,0.9726301255235468,0.9726301255235468,1
palm,genuine_known,11k:1505_L,8,False,11k:1505_L,0.9491226152073686,0.9491226152073686,1
palm,genuine_known,11k:1505_R,11,False,11k:1505_R,0.9718198237047795,0.9718198237047795,1
palm,genuine_known,11k:1510_L,12,False,11k:1510_L,0.7585939076656805,0.7585939076656805,1
palm,genuine_known,11k:1510_R,11,False,11k:1510_R,0.7471981967639494,0.7471981967639494,1
palm,genuine_known,11k:1516_L,16,False,11k:1516_L,0.8996190453055548,0.8996190453055548,1
palm,genuine_known,11k:1516_R,20,False,11k:1516_R,0.92219232687343,0.92219232687343,1
palm,genuine_known,11k:1517_L,5,False,11k:1517_L,0.8669086977959881,0.8669086977959881,1
palm,genuine_known,11k:1517_R,7,False,11k:1517_R,0.9728328891755227,0.9728328891755227,1
palm,genuine_known,11k:1520_L,7,False,11k:1520_L,0.9738589994868387,0.9738589994868387,1
palm,genuine_known,11k:1520_R,6,False,11k:1520_R,0.9559715166865144,0.9559715166865144,1
palm,genuine_known,11k:1525_L,9,False,11k:1525_L,0.9605119648962058,0.9605119648962058,1
palm,genuine_known,11k:1525_R,10,False,11k:1525_R,0.9571371671498384,0.9571371671498384,1
palm,genuine_known,11k:1532_L,9,False,11k:1532_L,0.9506302943867586,0.9506302943867586,1
palm,genuine_known,11k:1532_R,15,False,11k:1532_R,0.9026646385384676,0.9026646385384676,1
palm,genuine_known,11k:1533_L,18,False,11k:1533_L,0.9610926047078368,0.9610926047078368,1
palm,genuine_known,11k:1533_R,27,False,11k:1533_R,0.9417861670315988,0.9417861670315988,1
palm,genuine_known,11k:1545_L,20,False,11k:1545_L,0.929122749459385,0.929122749459385,1
palm,genuine_known,11k:1545_R,12,False,11k:1545_R,0.9648649051735148,0.9648649051735148,1
palm,genuine_known,11k:1556_L,23,False,11k:1556_L,0.9598242692935886,0.9598242692935886,1
palm,genuine_known,11k:1556_R,14,False,11k:1556_R,0.9707526767038672,0.9707526767038672,1
palm,genuine_known,11k:1558_L,18,False,11k:1558_L,0.9689241289051357,0.9689241289051357,1
palm,genuine_known,11k:1558_R,25,False,11k:1558_R,0.9669967128892318,0.9669967128892318,1
palm,genuine_known,11k:1562_L,10,False,11k:1562_L,0.9550271817916096,0.9550271817916096,1
palm,genuine_known,11k:1562_R,14,False,11k:1562_R,0.9683737329315876,0.9683737329315876,1
palm,genuine_known,11k:1571_L,16,False,11k:1571_L,0.7456676670932139,0.7456676670932139,1
palm,genuine_known,11k:1571_R,10,False,11k:1571_R,0.8459636366154841,0.8459636366154841,1
palm,genuine_known,11k:1579_L,7,False,11k:1579_L,0.9490151114553727,0.9490151114553727,1
palm,genuine_known,11k:1579_R,10,False,11k:1579_R,0.9539885808945747,0.9539885808945747,1
palm,genuine_known,11k:1585_L,4,False,11k:1585_L,0.9288613486988386,0.9288613486988386,1
palm,genuine_known,11k:1585_R,4,False,11k:1585_R,0.9069175202284221,0.9069175202284221,1
palm,genuine_known,11k:1588_L,10,False,11k:1588_L,0.9573146049939234,0.9573146049939234,1
palm,genuine_known,11k:1588_R,12,False,11k:1588_R,0.9608643767100471,0.9608643767100471,1
palm,genuine_known,11k:1593_L,6,False,11k:1593_L,0.9660751294986627,0.9660751294986627,1
palm,genuine_known,11k:1593_R,6,False,11k:1593_R,0.9474268290843924,0.9474268290843924,1
palm,genuine_known,11k:1594_L,6,False,11k:1594_L,0.9595582362884021,0.9595582362884021,1
palm,genuine_known,11k:1594_R,7,False,11k:1594_R,0.94906706548881,0.94906706548881,1
palm,genuine_known,11k:54_L,4,False,11k:54_L,0.6867926191742135,0.6867926191742135,1
palm,genuine_known,11k:54_R,4,False,11k:54_R,0.7559768310903328,0.7559768310903328,1
palm,genuine_known,11k:541_L,11,False,11k:541_L,0.943138897221649,0.943138897221649,1
palm,genuine_known,11k:541_R,13,False,11k:541_R,0.9606625380593634,0.9606625380593634,1
palm,genuine_known,11k:543_L,8,False,11k:543_L,0.7454594359472068,0.7454594359472068,1
palm,genuine_known,11k:543_R,6,False,11k:543_R,0.7235769987395135,0.7235769987395135,1
palm,genuine_known,11k:55_L,24,False,11k:55_L,0.9348534418941832,0.9348534418941832,1
palm,genuine_known,11k:55_R,19,False,11k:55_R,0.9577599824935519,0.9577599824935519,1
palm,genuine_known,11k:57_L,7,False,11k:57_L,0.9260332323185825,0.9260332323185825,1
palm,genuine_known,11k:57_R,15,False,11k:57_R,0.9497984878851088,0.9497984878851088,1
palm,genuine_known,11k:570_L,3,False,11k:570_L,0.9377554933325003,0.9377554933325003,1
palm,genuine_known,11k:570_R,5,False,11k:570_R,0.8679123166930587,0.8679123166930587,1
palm,genuine_known,11k:572_L,5,False,11k:572_L,0.8834875273651313,0.8834875273651313,1
palm,genuine_known,11k:572_R,5,False,11k:572_R,0.9600687641250465,0.9600687641250465,1
palm,genuine_known,11k:573_L,10,False,11k:573_L,0.94600513137133,0.94600513137133,1
palm,genuine_known,11k:573_R,11,False,11k:573_R,0.9439471698300063,0.9439471698300063,1
palm,genuine_known,11k:586_L,12,False,11k:586_L,0.9732325477818776,0.9732325477818776,1
palm,genuine_known,11k:586_R,20,False,11k:586_R,0.9615580098022252,0.9615580098022252,1
palm,genuine_known,11k:587_L,15,False,11k:587_L,0.9482052781153383,0.9482052781153383,1
palm,genuine_known,11k:587_R,14,False,11k:587_R,0.9295950996772078,0.9295950996772078,1
palm,genuine_known,11k:596_L,13,False,11k:596_L,0.942757029651025,0.942757029651025,1
palm,genuine_known,11k:596_R,24,False,11k:596_R,0.9446985739930536,0.9446985739930536,1
palm,genuine_known,11k:62_L,7,False,11k:62_L,0.9712365583986624,0.9712365583986624,1
palm,genuine_known,11k:62_R,6,False,11k:62_R,0.9600511230370455,0.9600511230370455,1
palm,genuine_known,11k:65_L,2,False,11k:65_L,0.8243470521557841,0.8243470521557841,1
palm,genuine_known,11k:65_R,4,False,11k:65_R,0.9146485760334785,0.9146485760334785,1
palm,genuine_known,11k:66_L,11,False,11k:66_L,0.9598682939908925,0.9598682939908925,1
palm,genuine_known,11k:66_R,10,False,11k:66_R,0.9522007231579694,0.9522007231579694,1
palm,genuine_known,11k:8_L,5,False,11k:8_L,0.8966126341851195,0.8966126341851195,1
palm,genuine_known,11k:8_R,4,False,11k:8_R,0.9398160582688055,0.9398160582688055,1
palm,genuine_known,11k:81_L,7,False,11k:81_L,0.9446417615834486,0.9446417615834486,1
palm,genuine_known,11k:81_R,5,False,11k:81_R,0.9055736970412498,0.9055736970412498,1
palm,genuine_known,11k:86_L,8,False,11k:86_L,0.7821041687829046,0.7821041687829046,1
palm,genuine_known,11k:86_R,8,False,11k:86_R,0.8655650142269729,0.8655650142269729,1
palm,genuine_known,11k:92_L,16,False,11k:92_L,0.66053243256741,0.66053243256741,1
palm,genuine_known,11k:92_R,18,False,11k:92_R,0.6985588648683211,0.6985588648683211,1
palm,unknown_cal,11k:1008_L,1,False,11k:66_L,0.2330509166026345,,
palm,unknown_cal,11k:1008_L,2,False,11k:11_L,0.3471368265845862,,
palm,unknown_cal,11k:1008_L,3,False,11k:11_L,0.3069939563476298,,
palm,unknown_cal,11k:1008_L,4,False,11k:1533_L,0.2862692304173075,,
palm,unknown_cal,11k:1008_L,5,False,11k:1533_L,0.2874151118123553,,
palm,unknown_cal,11k:1008_L,6,False,11k:11_L,0.3294803116318892,,
palm,unknown_cal,11k:1008_R,1,False,11k:57_R,0.2816937986670881,,
palm,unknown_cal,11k:1008_R,2,False,11k:66_R,0.277249698008011,,
palm,unknown_cal,11k:1008_R,3,False,11k:1594_R,0.2207601006711367,,
palm,unknown_cal,11k:1008_R,4,False,11k:66_R,0.26021285502413977,,
palm,unknown_cal,11k:1008_R,5,False,11k:57_R,0.2603037483755368,,
palm,unknown_cal,11k:1011_L,1,False,11k:92_L,0.3245299213503707,,
palm,unknown_cal,11k:1011_L,2,False,11k:92_L,0.38811371343397416,,
palm,unknown_cal,11k:1011_L,3,False,11k:92_L,0.25674361898226405,,
palm,unknown_cal,11k:1011_L,4,False,11k:92_L,0.3856653373470711,,
palm,unknown_cal,11k:1011_L,5,False,11k:92_L,0.33046822959862865,,
palm,unknown_cal,11k:1011_L,6,False,11k:92_L,0.38559144726810396,,
palm,unknown_cal,11k:1011_L,7,False,11k:92_L,0.4293105208624407,,
palm,unknown_cal,11k:1011_L,8,False,11k:92_L,0.35595376989754857,,
palm,unknown_cal,11k:1011_L,9,False,11k:92_L,0.4152094295920993,,
palm,unknown_cal,11k:1011_L,10,False,11k:92_L,0.33905294092789573,,
palm,unknown_cal,11k:1011_L,11,False,11k:92_L,0.34882725122347125,,
palm,unknown_cal,11k:1011_L,12,False,11k:92_L,0.35947122031552814,,
palm,unknown_cal,11k:1011_L,13,False,11k:92_L,0.4043382157789613,,
palm,unknown_cal,11k:1011_L,14,False,11k:92_L,0.4032185208534952,,
palm,unknown_cal,11k:1011_R,1,False,11k:1028_R,0.4173869338602769,,
palm,unknown_cal,11k:1011_R,2,False,11k:1028_R,0.38046379614001247,,
palm,unknown_cal,11k:1011_R,3,False,11k:1028_R,0.3651762809573763,,
palm,unknown_cal,11k:1011_R,4,False,11k:1028_R,0.387693933435425,,
palm,unknown_cal,11k:1011_R,5,False,11k:1028_R,0.3514257320038195,,
palm,unknown_cal,11k:1011_R,6,False,11k:1028_R,0.38474612854937124,,
palm,unknown_cal,11k:1011_R,7,False,11k:1028_R,0.38626338098541957,,
palm,unknown_cal,11k:1011_R,8,False,11k:1028_R,0.3769887222319833,,
palm,unknown_cal,11k:1011_R,9,False,11k:1028_R,0.36520296639199396,,
palm,unknown_cal,11k:1011_R,10,False,11k:92_R,0.38206230950962417,,
palm,unknown_cal,11k:1011_R,11,False,11k:1028_R,0.38813476286474735,,
palm,unknown_cal,11k:1011_R,12,False,11k:1028_R,0.4917742511505093,,
palm,unknown_cal,11k:1011_R,13,False,11k:1028_R,0.38251773734421146,,
palm,unknown_cal,11k:1011_R,14,False,11k:1028_R,0.4154318537776741,,
palm,unknown_cal,11k:1011_R,15,False,11k:1028_R,0.38130446597475975,,
palm,unknown_cal,11k:1011_R,16,False,11k:1028_R,0.34089501153263524,,
palm,unknown_cal,11k:1023_L,1,False,11k:596_L,0.34800707605170045,,
palm,unknown_cal,11k:1023_L,2,False,11k:54_L,0.48176560967494225,,
palm,unknown_cal,11k:1023_L,3,False,11k:8_L,0.4158916718207329,,
palm,unknown_cal,11k:1023_L,4,False,11k:8_L,0.44704684150998497,,
palm,unknown_cal,11k:1023_L,5,False,11k:11_L,0.3837210669283278,,
palm,unknown_cal,11k:1023_L,6,False,11k:1080_L,0.5598845534000227,,
palm,unknown_cal,11k:1023_L,7,False,11k:54_L,0.3544996332101553,,
palm,unknown_cal,11k:1023_R,1,False,11k:11_R,0.290731240126747,,
palm,unknown_cal,11k:1023_R,2,False,11k:586_R,0.2976180201257701,,
palm,unknown_cal,11k:1023_R,3,False,11k:86_R,0.3041279311313443,,
palm,unknown_cal,11k:1023_R,4,False,11k:86_R,0.325100937213896,,
palm,unknown_cal,11k:1023_R,5,False,11k:11_R,0.3152349347417191,,
palm,unknown_cal,11k:1023_R,6,False,11k:11_R,0.37499398953300045,,
palm,unknown_cal,11k:1023_R,7,False,11k:11_R,0.3990888907640088,,
palm,unknown_cal,11k:1023_R,8,False,11k:11_R,0.3555158566653567,,
palm,unknown_cal,11k:1024_L,1,False,11k:1074_L,0.4016319375101264,,
palm,unknown_cal,11k:1024_L,2,False,11k:1074_L,0.3759006285240195,,
palm,unknown_cal,11k:1024_L,3,False,11k:1074_L,0.38740767374962454,,
palm,unknown_cal,11k:1024_L,4,False,11k:1074_L,0.31614697616826304,,
palm,unknown_cal,11k:1024_L,5,False,11k:1074_L,0.29251579081253665,,
palm,unknown_cal,11k:1024_L,6,False,11k:1074_L,0.3164290382160876,,
palm,unknown_cal,11k:1024_L,7,False,11k:1074_L,0.3121022998723213,,
palm,unknown_cal,11k:1024_L,8,False,11k:1074_L,0.3028954142734148,,
palm,unknown_cal,11k:1024_L,9,False,11k:1074_L,0.321651275051849,,
palm,unknown_cal,11k:1024_L,10,False,11k:1074_L,0.28458385665318225,,
palm,unknown_cal,11k:1024_L,11,False,11k:1074_L,0.2708220531842904,,
palm,unknown_cal,11k:1024_L,12,False,11k:1074_L,0.32446866078472414,,
palm,unknown_cal,11k:1024_L,13,False,11k:1074_L,0.3209696117778719,,
palm,unknown_cal,11k:1024_L,14,False,11k:1074_L,0.35120688635459685,,
palm,unknown_cal,11k:1024_L,15,False,11k:1074_L,0.3501862303423503,,
palm,unknown_cal,11k:1024_L,16,False,11k:1074_L,0.3464619915266567,,
palm,unknown_cal,11k:1024_L,17,False,11k:1074_L,0.3352910076024196,,
palm,unknown_cal,11k:1024_L,18,False,11k:1074_L,0.3077166580837144,,
palm,unknown_cal,11k:1024_L,19,False,11k:1074_L,0.29941048670001963,,
palm,unknown_cal,11k:1024_L,20,False,11k:1074_L,0.3309300609481553,,
palm,unknown_cal,11k:1024_L,21,False,11k:1074_L,0.35090290372858757,,
palm,unknown_cal,11k:1024_L,22,False,11k:1074_L,0.3068667491969881,,
palm,unknown_cal,11k:1024_L,23,False,11k:1074_L,0.34638740708164545,,
palm,unknown_cal,11k:1024_L,24,False,11k:1074_L,0.30592420723894465,,
palm,unknown_cal,11k:1024_L,25,False,11k:1043_L,0.2602904517658836,,
palm,unknown_cal,11k:1024_L,26,False,11k:1074_L,0.31200207989914164,,
palm,unknown_cal,11k:1024_L,27,False,11k:1074_L,0.299534708708896,,
palm,unknown_cal,11k:1024_L,28,False,11k:1074_L,0.34339555471437966,,
palm,unknown_cal,11k:1024_L,29,False,11k:1074_L,0.274494061774708,,
palm,unknown_cal,11k:1024_L,30,False,11k:1043_L,0.27047898538983717,,
palm,unknown_cal,11k:1024_L,31,False,11k:1074_L,0.29059347246953415,,
palm,unknown_cal,11k:1024_L,32,False,11k:1074_L,0.31391202958858827,,
palm,unknown_cal,11k:1024_L,33,False,11k:1074_L,0.33375998531261536,,
palm,unknown_cal,11k:1024_L,34,False,11k:1074_L,0.36367403362638273,,
palm,unknown_cal,11k:1024_L,35,False,11k:1074_L,0.3873175366231064,,
palm,unknown_cal,11k:1024_L,36,False,11k:1074_L,0.379321813900693,,
palm,unknown_cal,11k:1024_L,37,False,11k:1074_L,0.3503489684463707,,
palm,unknown_cal,11k:1024_L,38,False,11k:1074_L,0.3794312317484006,,
palm,unknown_cal,11k:1024_L,39,False,11k:1074_L,0.2982697323280463,,
palm,unknown_cal,11k:1024_L,40,False,11k:1074_L,0.3133110324960076,,
palm,unknown_cal,11k:1024_L,41,False,11k:1074_L,0.30774880474313304,,
palm,unknown_cal,11k:1024_L,42,False,11k:1074_L,0.3541101882313944,,
palm,unknown_cal,11k:1024_R,1,False,11k:1516_R,0.18903088636667817,,
palm,unknown_cal,11k:1024_R,2,False,11k:1516_R,0.2511653729786917,,
palm,unknown_cal,11k:1024_R,3,False,11k:1516_R,0.22040737074095604,,
palm,unknown_cal,11k:1024_R,4,False,11k:1516_R,0.2105056545582435,,
palm,unknown_cal,11k:1024_R,5,False,11k:1516_R,0.19217299262247334,,
palm,unknown_cal,11k:1024_R,6,False,11k:1533_R,0.20931863016932353,,
palm,unknown_cal,11k:1024_R,7,False,11k:1516_R,0.24357625605879993,,
palm,unknown_cal,11k:1024_R,8,False,11k:1516_R,0.21474748218049988,,
palm,unknown_cal,11k:1024_R,9,False,11k:1020_R,0.22647575953371274,,
palm,unknown_cal,11k:1024_R,10,False,11k:1020_R,0.2240231467894222,,
palm,unknown_cal,11k:1024_R,11,False,11k:1516_R,0.20765137315003346,,
palm,unknown_cal,11k:1024_R,12,False,11k:1516_R,0.2225656941904699,,
palm,unknown_cal,11k:1024_R,13,False,11k:1043_R,0.2122624065766921,,
palm,unknown_cal,11k:1024_R,14,False,11k:1516_R,0.204616351643915,,
palm,unknown_cal,11k:1024_R,15,False,11k:1516_R,0.3343861319942878,,
palm,unknown_cal,11k:1024_R,16,False,11k:1516_R,0.253083414290335,,
palm,unknown_cal,11k:1024_R,17,False,11k:1043_R,0.23477406226580472,,
palm,unknown_cal,11k:1024_R,18,False,11k:1043_R,0.20209746199330475,,
palm,unknown_cal,11k:1024_R,19,False,11k:1516_R,0.2744380915691435,,
palm,unknown_cal,11k:1024_R,20,False,11k:1588_R,0.25409225602445945,,
palm,unknown_cal,11k:1024_R,21,False,11k:1516_R,0.19821820025262343,,
palm,unknown_cal,11k:1024_R,22,False,11k:1516_R,0.2483912439641271,,
palm,unknown_cal,11k:1024_R,23,False,11k:1516_R,0.2727629086865373,,
palm,unknown_cal,11k:1024_R,24,False,11k:1516_R,0.25487177192130966,,
palm,unknown_cal,11k:1024_R,25,False,11k:1516_R,0.2513139445874244,,
palm,unknown_cal,11k:1024_R,26,False,11k:1516_R,0.24141765487907968,,
palm,unknown_cal,11k:1024_R,27,False,11k:1516_R,0.22147114778092458,,
palm,unknown_cal,11k:1024_R,28,False,11k:1516_R,0.2626832066210885,,
palm,unknown_cal,11k:1024_R,29,False,11k:1516_R,0.3002378625876886,,
palm,unknown_cal,11k:1024_R,30,False,11k:1516_R,0.22652055249359612,,
palm,unknown_cal,11k:1024_R,31,False,11k:1516_R,0.22870397322099767,,
palm,unknown_cal,11k:1024_R,32,False,11k:1516_R,0.17182577687110445,,
palm,unknown_cal,11k:1024_R,33,False,11k:1043_R,0.2690967595618688,,
palm,unknown_cal,11k:1024_R,34,False,11k:1020_R,0.2124646890397636,,
palm,unknown_cal,11k:1024_R,35,False,11k:1516_R,0.3655291277654069,,
palm,unknown_cal,11k:1024_R,36,False,11k:1516_R,0.246808286814393,,
palm,unknown_cal,11k:1024_R,37,False,11k:1516_R,0.30226115214309945,,
palm,unknown_cal,11k:1024_R,38,False,11k:1516_R,0.23226282924812766,,
palm,unknown_cal,11k:1024_R,39,False,11k:1516_R,0.34003600158166825,,
palm,unknown_cal,11k:1024_R,40,False,11k:1516_R,0.28970836193207694,,
palm,unknown_cal,11k:1029_L,1,False,11k:1020_L,0.2550552575412257,,
palm,unknown_cal,11k:1029_L,2,False,11k:1020_L,0.26398243062617865,,
palm,unknown_cal,11k:1029_L,3,False,11k:1009_L,0.27989132643478964,,
palm,unknown_cal,11k:1029_L,4,False,11k:1516_L,0.333474128134931,,
palm,unknown_cal,11k:1029_L,5,False,11k:1516_L,0.30808823926468243,,
palm,unknown_cal,11k:1029_L,6,False,11k:1516_L,0.30278892992472306,,
palm,unknown_cal,11k:1029_L,7,False,11k:1516_L,0.2882193587478755,,
palm,unknown_cal,11k:1029_L,8,False,11k:1043_L,0.27278808355566087,,
palm,unknown_cal,11k:1029_L,9,False,11k:1043_L,0.27006698821522934,,
palm,unknown_cal,11k:1029_L,10,False,11k:1043_L,0.35657709252986913,,
palm,unknown_cal,11k:1029_L,11,False,11k:1009_L,0.30322382061948766,,
palm,unknown_cal,11k:1029_L,12,False,11k:1043_L,0.24919279907140196,,
palm,unknown_cal,11k:1029_L,13,False,11k:1009_L,0.2720791697873939,,
palm,unknown_cal,11k:1029_L,14,False,11k:1043_L,0.3102544899135886,,
palm,unknown_cal,11k:1029_L,15,False,11k:1043_L,0.30329587115611206,,
palm,unknown_cal,11k:1029_L,16,False,11k:1009_L,0.3056825544773666,,
palm,unknown_cal,11k:1029_L,17,False,11k:1009_L,0.3088253711311899,,
palm,unknown_cal,11k:1029_L,18,False,11k:1009_L,0.2785369387214867,,
palm,unknown_cal,11k:1029_L,19,False,11k:1516_L,0.31542372598020607,,
palm,unknown_cal,11k:1029_R,1,False,11k:1516_R,0.3832961661015387,,
palm,unknown_cal,11k:1029_R,2,False,11k:1516_R,0.398698230844872,,
palm,unknown_cal,11k:1029_R,3,False,11k:1516_R,0.424323741492718,,
palm,unknown_cal,11k:1029_R,4,False,11k:1516_R,0.40288003639725667,,
palm,unknown_cal,11k:1029_R,5,False,11k:1516_R,0.4572843406858944,,
palm,unknown_cal,11k:1029_R,6,False,11k:1516_R,0.4678901323150923,,
palm,unknown_cal,11k:1029_R,7,False,11k:1516_R,0.4833641404901873,,
palm,unknown_cal,11k:1029_R,8,False,11k:1516_R,0.47638385782322445,,
palm,unknown_cal,11k:1029_R,9,False,11k:1516_R,0.44272364995065683,,
palm,unknown_cal,11k:1029_R,10,False,11k:1516_R,0.4849787354592128,,
palm,unknown_cal,11k:1029_R,11,False,11k:1516_R,0.4741540750436627,,
palm,unknown_cal,11k:1029_R,12,False,11k:1516_R,0.42008326203938084,,
palm,unknown_cal,11k:1029_R,13,False,11k:1516_R,0.4118263323978119,,
palm,unknown_cal,11k:1029_R,14,False,11k:1516_R,0.3593020643279382,,
palm,unknown_cal,11k:1029_R,15,False,11k:1516_R,0.35059050426082716,,
palm,unknown_cal,11k:1029_R,16,False,11k:1516_R,0.41419345452248535,,
palm,unknown_cal,11k:1041_L,1,False,11k:1571_L,0.29598685341172193,,
palm,unknown_cal,11k:1041_L,2,False,11k:1571_L,0.32096777199212945,,
palm,unknown_cal,11k:1041_L,3,False,11k:1571_L,0.32196255782362465,,
palm,unknown_cal,11k:1041_L,4,False,11k:596_L,0.3253241882966196,,
palm,unknown_cal,11k:1041_L,5,False,11k:1571_L,0.34187361290460516,,
palm,unknown_cal,11k:1041_L,6,False,11k:1571_L,0.31884630208796894,,
palm,unknown_cal,11k:1041_L,7,False,11k:1516_L,0.29927780807998106,,
palm,unknown_cal,11k:1041_L,8,False,11k:1571_L,0.3126906168922124,,
palm,unknown_cal,11k:1041_R,1,False,11k:86_R,0.295820556393012,,
palm,unknown_cal,11k:1041_R,2,False,11k:86_R,0.27117317142202185,,
palm,unknown_cal,11k:1041_R,3,False,11k:86_R,0.32985703041781267,,
palm,unknown_cal,11k:1041_R,4,False,11k:86_R,0.32087773775034856,,
palm,unknown_cal,11k:1041_R,5,False,11k:86_R,0.3243619410242195,,
palm,unknown_cal,11k:1041_R,6,False,11k:86_R,0.3495243532497645,,
palm,unknown_cal,11k:1041_R,7,False,11k:86_R,0.3040012991082012,,
palm,unknown_cal,11k:1041_R,8,False,11k:86_R,0.33147905881514583,,
palm,unknown_cal,11k:1041_R,9,False,11k:86_R,0.3306375908387176,,
palm,unknown_cal,11k:1041_R,10,False,11k:86_R,0.27330942816681036,,
palm,unknown_cal,11k:1041_R,11,False,11k:86_R,0.3438248248675553,,
palm,unknown_cal,11k:1041_R,12,False,11k:86_R,0.3472737392861932,,
palm,unknown_cal,11k:1041_R,13,False,11k:55_R,0.3134945561899518,,
palm,unknown_cal,11k:1041_R,14,False,11k:55_R,0.24990466198587857,,
palm,unknown_cal,11k:1050_L,1,False,11k:8_L,0.2557633034092367,,
palm,unknown_cal,11k:1050_L,2,False,11k:1593_L,0.2849886897900044,,
palm,unknown_cal,11k:1050_L,3,False,11k:1593_L,0.2258604654383008,,
palm,unknown_cal,11k:1050_L,4,False,11k:1593_L,0.21660480064933163,,
palm,unknown_cal,11k:1050_L,5,False,11k:1080_L,0.2504865830205976,,
palm,unknown_cal,11k:1050_L,6,False,11k:1593_L,0.2364257187227359,,
palm,unknown_cal,11k:1050_L,7,False,11k:1059_L,0.2250155389091609,,
palm,unknown_cal,11k:1050_L,8,False,11k:1593_L,0.27344319754489743,,
palm,unknown_cal,11k:1050_L,9,False,11k:1593_L,0.21753148852842202,,
palm,unknown_cal,11k:1050_L,10,False,11k:1593_L,0.24927068048890416,,
palm,unknown_cal,11k:1050_L,11,False,11k:1080_L,0.2729414089505282,,
palm,unknown_cal,11k:1050_L,12,False,11k:1593_L,0.2215269887882296,,
palm,unknown_cal,11k:1050_L,13,False,11k:55_L,0.21234789547167432,,
palm,unknown_cal,11k:1050_L,14,False,11k:1593_L,0.2458377643977822,,
palm,unknown_cal,11k:1050_L,15,False,11k:1593_L,0.24522598117894917,,
palm,unknown_cal,11k:1050_L,16,False,11k:1593_L,0.20667799887059568,,
palm,unknown_cal,11k:1050_L,17,False,11k:1059_L,0.2580833252645396,,
palm,unknown_cal,11k:1050_L,18,False,11k:1593_L,0.26867053759306847,,
palm,unknown_cal,11k:1050_L,19,False,11k:1593_L,0.2334814945175474,,
palm,unknown_cal,11k:1050_L,20,False,11k:1593_L,0.26044230979023025,,
palm,unknown_cal,11k:1050_L,21,False,11k:1593_L,0.24184010969704403,,
palm,unknown_cal,11k:1050_L,22,False,11k:1593_L,0.2639195191612702,,
palm,unknown_cal,11k:1050_L,23,False,11k:1593_L,0.250853591123707,,
palm,unknown_cal,11k:1050_L,24,False,11k:1090_L,0.20702887726019975,,
palm,unknown_cal,11k:1050_L,25,False,11k:1593_L,0.2262294711496114,,
palm,unknown_cal,11k:1050_L,26,False,11k:1593_L,0.26771518448889225,,
palm,unknown_cal,11k:1050_L,27,False,11k:1593_L,0.27072311441365626,,
palm,unknown_cal,11k:1050_L,28,False,11k:1593_L,0.22921534366131835,,
palm,unknown_cal,11k:1050_R,1,False,11k:596_R,0.24047394596121335,,
palm,unknown_cal,11k:1050_R,2,False,11k:1080_R,0.27679424338685155,,
palm,unknown_cal,11k:1050_R,3,False,11k:596_R,0.2680915967394174,,
palm,unknown_cal,11k:1050_R,4,False,11k:1080_R,0.24891436754271343,,
palm,unknown_cal,11k:1050_R,5,False,11k:1080_R,0.2571908715057669,,
palm,unknown_cal,11k:1050_R,6,False,11k:1080_R,0.3029535926046978,,
palm,unknown_cal,11k:1050_R,7,False,11k:1080_R,0.22958344333288186,,
palm,unknown_cal,11k:1050_R,8,False,11k:1080_R,0.24102538640713309,,
palm,unknown_cal,11k:1050_R,9,False,11k:1059_R,0.22878972449611212,,
palm,unknown_cal,11k:1050_R,10,False,11k:1080_R,0.2510444108699783,,
palm,unknown_cal,11k:1050_R,11,False,11k:1080_R,0.2930162029840868,,
palm,unknown_cal,11k:1050_R,12,False,11k:1080_R,0.2826627730429345,,
palm,unknown_cal,11k:1050_R,13,False,11k:1593_R,0.21394346407778747,,
palm,unknown_cal,11k:1050_R,14,False,11k:1059_R,0.22028370654017715,,
palm,unknown_cal,11k:1050_R,15,False,11k:1080_R,0.23352088306616475,,
palm,unknown_cal,11k:1050_R,16,False,11k:1080_R,0.23021040632443004,,
palm,unknown_cal,11k:1050_R,17,False,11k:1080_R,0.2959889385867479,,
palm,unknown_cal,11k:1050_R,18,False,11k:1080_R,0.23414105164700266,,
palm,unknown_cal,11k:1050_R,19,False,11k:1593_R,0.23688218394522895,,
palm,unknown_cal,11k:1050_R,20,False,11k:1080_R,0.281776723586165,,
palm,unknown_cal,11k:1050_R,21,False,11k:1593_R,0.279968474169507,,
palm,unknown_cal,11k:1050_R,22,False,11k:1080_R,0.255155051101611,,
palm,unknown_cal,11k:1050_R,23,False,11k:1080_R,0.25453657632314364,,
palm,unknown_cal,11k:1050_R,24,False,11k:1080_R,0.25518821760688937,,
palm,unknown_cal,11k:1050_R,25,False,11k:1080_R,0.26081323036154247,,
palm,unknown_cal,11k:1050_R,26,False,11k:1080_R,0.26306628379066826,,
palm,unknown_cal,11k:1050_R,27,False,11k:1080_R,0.255521675293328,,
palm,unknown_cal,11k:1050_R,28,False,11k:1080_R,0.24340646498761825,,
palm,unknown_cal,11k:1050_R,29,False,11k:1080_R,0.2560064636394431,,
palm,unknown_cal,11k:1050_R,30,False,11k:1080_R,0.264654603056234,,
palm,unknown_cal,11k:1050_R,31,False,11k:1059_R,0.24994911180116008,,
palm,unknown_cal,11k:1050_R,32,False,11k:1059_R,0.23114292943253717,,
palm,unknown_cal,11k:1050_R,33,False,11k:1080_R,0.2331841143421014,,
palm,unknown_cal,11k:1050_R,34,False,11k:1080_R,0.22270310175433813,,
palm,unknown_cal,11k:1050_R,35,False,11k:1080_R,0.3130400412358755,,
palm,unknown_cal,11k:1050_R,36,False,11k:596_R,0.25930692700785235,,
palm,unknown_cal,11k:1050_R,37,False,11k:1080_R,0.2707187823595103,,
palm,unknown_cal,11k:1050_R,38,False,11k:1080_R,0.32401160506311955,,
palm,unknown_cal,11k:1050_R,39,False,11k:1059_R,0.2269000740254518,,
palm,unknown_cal,11k:1050_R,40,False,11k:1593_R,0.22726166882241328,,
palm,unknown_cal,11k:1050_R,41,False,11k:1080_R,0.24621576566877873,,
palm,unknown_cal,11k:1051_L,1,False,11k:8_L,0.29026837237377534,,
palm,unknown_cal,11k:1051_L,2,False,11k:8_L,0.26003574541251895,,
palm,unknown_cal,11k:1051_L,3,False,11k:587_L,0.25617127706769083,,
palm,unknown_cal,11k:1051_L,4,False,11k:596_L,0.24569993393348666,,
palm,unknown_cal,11k:1051_L,5,False,11k:587_L,0.24611132761932142,,
palm,unknown_cal,11k:1051_L,6,False,11k:596_L,0.25432950262465914,,
palm,unknown_cal,11k:1051_L,7,False,11k:596_L,0.23677431549759648,,
palm,unknown_cal,11k:1051_L,8,False,11k:596_L,0.23320716166260863,,
palm,unknown_cal,11k:1051_L,9,False,11k:8_L,0.2657453072124569,,
palm,unknown_cal,11k:1051_L,10,False,11k:8_L,0.27701390450904395,,
palm,unknown_cal,11k:1051_L,11,False,11k:596_L,0.21543493361063332,,
palm,unknown_cal,11k:1051_L,12,False,11k:8_L,0.22814391109828325,,
palm,unknown_cal,11k:1051_L,13,False,11k:8_L,0.24919342597710054,,
palm,unknown_cal,11k:1051_L,14,False,11k:8_L,0.2423663184706697,,
palm,unknown_cal,11k:1051_L,15,False,11k:8_L,0.24583213874926252,,
palm,unknown_cal,11k:1051_L,16,False,11k:8_L,0.2767149887772675,,
palm,unknown_cal,11k:1051_L,17,False,11k:8_L,0.26575969021682144,,
palm,unknown_cal,11k:1051_L,18,False,11k:587_L,0.22502122816183273,,
palm,unknown_cal,11k:1051_L,19,False,11k:8_L,0.2526369444964883,,
palm,unknown_cal,11k:1051_R,1,False,11k:8_R,0.2993061326666354,,
palm,unknown_cal,11k:1051_R,2,False,11k:8_R,0.3094825402500547,,
palm,unknown_cal,11k:1051_R,3,False,11k:8_R,0.23979547434285553,,
palm,unknown_cal,11k:1051_R,4,False,11k:8_R,0.269718923826757,,
palm,unknown_cal,11k:1051_R,5,False,11k:1588_R,0.2566789690584156,,
palm,unknown_cal,11k:1051_R,6,False,11k:8_R,0.28357794733308367,,
palm,unknown_cal,11k:1051_R,7,False,11k:8_R,0.26906227762813484,,
palm,unknown_cal,11k:1051_R,8,False,11k:8_R,0.2567652862533106,,
palm,unknown_cal,11k:1051_R,9,False,11k:8_R,0.2951344922139364,,
palm,unknown_cal,11k:1051_R,10,False,11k:8_R,0.2920991843995766,,
palm,unknown_cal,11k:1051_R,11,False,11k:8_R,0.34827553821076496,,
palm,unknown_cal,11k:1051_R,12,False,11k:8_R,0.31444320861408637,,
palm,unknown_cal,11k:1051_R,13,False,11k:8_R,0.32178087617614065,,
palm,unknown_cal,11k:1051_R,14,False,11k:8_R,0.31586691208331047,,
palm,unknown_cal,11k:1051_R,15,False,11k:8_R,0.26397599435168506,,
palm,unknown_cal,11k:1051_R,16,False,11k:8_R,0.2766558559967532,,
palm,unknown_cal,11k:1051_R,17,False,11k:8_R,0.27020097949355415,,
palm,unknown_cal,11k:1051_R,18,False,11k:8_R,0.29907816697433454,,
palm,unknown_cal,11k:1052_L,1,False,11k:92_L,0.24060673406483982,,
palm,unknown_cal,11k:1052_L,2,False,11k:92_L,0.28640158407394983,,
palm,unknown_cal,11k:1052_L,3,False,11k:92_L,0.29178545223173136,,
palm,unknown_cal,11k:1052_L,4,False,11k:92_L,0.33543961623249713,,
palm,unknown_cal,11k:1052_L,5,False,11k:92_L,0.3042256440439631,,
palm,unknown_cal,11k:1052_L,6,False,11k:1075_L,0.25091652341163045,,
palm,unknown_cal,11k:1052_L,7,False,11k:92_L,0.22019828271975184,,
palm,unknown_cal,11k:1052_L,8,False,11k:92_L,0.3292624044074364,,
palm,unknown_cal,11k:1052_L,9,False,11k:92_L,0.240427977452441,,
palm,unknown_cal,11k:1052_L,10,False,11k:92_L,0.2092049556315816,,
palm,unknown_cal,11k:1052_L,11,False,11k:92_L,0.2847911589864334,,
palm,unknown_cal,11k:1052_L,12,False,11k:92_L,0.26765871316932444,,
palm,unknown_cal,11k:1052_L,13,False,11k:1075_L,0.26356866707478876,,
palm,unknown_cal,11k:1052_L,14,False,11k:92_L,0.24298841882821814,,
palm,unknown_cal,11k:1052_L,15,False,11k:1075_L,0.2680152050360226,,
palm,unknown_cal,11k:1052_L,16,False,11k:1075_L,0.26609235151368704,,
palm,unknown_cal,11k:1052_R,1,False,11k:1020_R,0.266604468042995,,
palm,unknown_cal,11k:1052_R,2,False,11k:1020_R,0.24532044885198778,,
palm,unknown_cal,11k:1052_R,3,False,11k:1020_R,0.23022557879576833,,
palm,unknown_cal,11k:1052_R,4,False,11k:1505_R,0.27164391321799086,,
palm,unknown_cal,11k:1052_R,5,False,11k:1020_R,0.2779946017289896,,
palm,unknown_cal,11k:1052_R,6,False,11k:1020_R,0.2757675592272084,,
palm,unknown_cal,11k:1052_R,7,False,11k:1020_R,0.28495131481176944,,
palm,unknown_cal,11k:1052_R,8,False,11k:1020_R,0.2853684528919371,,
palm,unknown_cal,11k:1060_L,1,False,11k:1033_L,0.3216637900559539,,
palm,unknown_cal,11k:1060_L,2,False,11k:1033_L,0.28840673947949297,,
palm,unknown_cal,11k:1060_L,3,False,11k:543_L,0.3354811197615576,,
palm,unknown_cal,11k:1060_L,4,False,11k:543_L,0.2423723095156307,,
palm,unknown_cal,11k:1060_L,5,False,11k:1074_L,0.32234638590112863,,
palm,unknown_cal,11k:1060_L,6,False,11k:1033_L,0.28263739640949426,,
palm,unknown_cal,11k:1060_L,7,False,11k:543_L,0.27553228645699435,,
palm,unknown_cal,11k:1060_L,8,False,11k:543_L,0.3132060146485782,,
palm,unknown_cal,11k:1060_L,9,False,11k:543_L,0.30442280494096596,,
palm,unknown_cal,11k:1060_L,10,False,11k:1033_L,0.27067935012174127,,
palm,unknown_cal,11k:1060_L,11,False,11k:1033_L,0.2662827321852025,,
palm,unknown_cal,11k:1060_L,12,False,11k:543_L,0.2699815523054519,,
palm,unknown_cal,11k:1060_L,13,False,11k:1033_L,0.25631315924370435,,
palm,unknown_cal,11k:1060_L,14,False,11k:543_L,0.24001489919979896,,
palm,unknown_cal,11k:1060_L,15,False,11k:1033_L,0.27153314525342476,,
palm,unknown_cal,11k:1060_R,1,False,11k:10_R,0.2518171493078573,,
palm,unknown_cal,11k:1060_R,2,False,11k:1090_R,0.26727301368722567,,
palm,unknown_cal,11k:1060_R,3,False,11k:1033_R,0.23504426838542494,,
palm,unknown_cal,11k:1060_R,4,False,11k:1033_R,0.30633285725894754,,
palm,unknown_cal,11k:1060_R,5,False,11k:1033_R,0.30311099265502994,,
palm,unknown_cal,11k:1060_R,6,False,11k:1033_R,0.2666203352955293,,
palm,unknown_cal,11k:1060_R,7,False,11k:10_R,0.261728833216009,,
palm,unknown_cal,11k:1060_R,8,False,11k:1033_R,0.23267664698640367,,
palm,unknown_cal,11k:1060_R,9,False,11k:1074_R,0.24635461121231933,,
palm,unknown_cal,11k:1060_R,10,False,11k:1074_R,0.27503422818531126,,
palm,unknown_cal,11k:1060_R,11,False,11k:10_R,0.260761032626459,,
palm,unknown_cal,11k:1060_R,12,False,11k:1033_R,0.2647893815976584,,
palm,unknown_cal,11k:1060_R,13,False,11k:1033_R,0.2880272254421502,,
palm,unknown_cal,11k:1060_R,14,False,11k:1033_R,0.2649037700670527,,
palm,unknown_cal,11k:1060_R,15,False,11k:1033_R,0.26710976106992435,,
palm,unknown_cal,11k:1060_R,16,False,11k:1033_R,0.2620393831923137,,
palm,unknown_cal,11k:1060_R,17,False,11k:1033_R,0.29559996701876395,,
palm,unknown_cal,11k:13_L,1,False,11k:10_L,0.32987636011223387,,
palm,unknown_cal,11k:13_L,2,False,11k:10_L,0.40353137668967587,,
palm,unknown_cal,11k:13_L,3,False,11k:54_L,0.46181779080919305,,
palm,unknown_cal,11k:13_L,4,False,11k:10_L,0.3784853760414132,,
palm,unknown_cal,11k:13_L,5,False,11k:10_L,0.48735037391550673,,
palm,unknown_cal,11k:13_L,6,False,11k:1074_L,0.4733122340508694,,
palm,unknown_cal,11k:13_R,1,False,11k:10_R,0.4450793689740594,,
palm,unknown_cal,11k:13_R,2,False,11k:10_R,0.5943516221251426,,
palm,unknown_cal,11k:13_R,3,False,11k:54_R,0.5270663362146836,,
palm,unknown_cal,11k:13_R,4,False,11k:1074_R,0.3570702916921436,,
palm,unknown_cal,11k:13_R,5,False,11k:54_R,0.49538646621428306,,
palm,unknown_cal,11k:1509_L,1,False,11k:1556_L,0.3003229198247388,,
palm,unknown_cal,11k:1509_L,2,False,11k:66_L,0.35780921632626794,,
palm,unknown_cal,11k:1509_L,3,False,11k:1545_L,0.3022139797845552,,
palm,unknown_cal,11k:1509_L,4,False,11k:1556_L,0.32635754636817504,,
palm,unknown_cal,11k:1509_R,1,False,11k:1074_R,0.35605353591544137,,
palm,unknown_cal,11k:1509_R,2,False,11k:1037_R,0.3320484270903368,,
palm,unknown_cal,11k:1509_R,3,False,11k:1037_R,0.3586486824531367,,
palm,unknown_cal,11k:1509_R,4,False,11k:1037_R,0.32255904875525643,,
palm,unknown_cal,11k:1509_R,5,False,11k:1037_R,0.3346870778675857,,
palm,unknown_cal,11k:1513_L,1,False,11k:1510_L,0.3739838178971405,,
palm,unknown_cal,11k:1513_L,2,False,11k:1510_L,0.3737321518401831,,
palm,unknown_cal,11k:1513_L,3,False,11k:1516_L,0.37883851158380255,,
palm,unknown_cal,11k:1513_L,4,False,11k:541_L,0.38717867615209733,,
palm,unknown_cal,11k:1513_L,5,False,11k:1510_L,0.44565347030549585,,
palm,unknown_cal,11k:1513_L,6,False,11k:541_L,0.461219220565877,,
palm,unknown_cal,11k:1513_L,7,False,11k:541_L,0.42027490823821434,,
palm,unknown_cal,11k:1513_L,8,False,11k:541_L,0.4840977939682113,,
palm,unknown_cal,11k:1513_L,9,False,11k:541_L,0.36381678641062776,,
palm,unknown_cal,11k:1513_L,10,False,11k:1588_L,0.3965347612713105,,
palm,unknown_cal,11k:1513_L,11,False,11k:541_L,0.4173006430673608,,
palm,unknown_cal,11k:1513_L,12,False,11k:1516_L,0.5354225144023304,,
palm,unknown_cal,11k:1513_L,13,False,11k:1510_L,0.36895701572976825,,
palm,unknown_cal,11k:1513_R,1,False,11k:62_R,0.3229497350207321,,
palm,unknown_cal,11k:1513_R,2,False,11k:66_R,0.3504843545256075,,
palm,unknown_cal,11k:1513_R,3,False,11k:1562_R,0.29571681499363967,,
palm,unknown_cal,11k:1513_R,4,False,11k:1558_R,0.36250686174485974,,
palm,unknown_cal,11k:1513_R,5,False,11k:570_R,0.37659339777809386,,
palm,unknown_cal,11k:1513_R,6,False,11k:1061_R,0.44960940613660394,,
palm,unknown_cal,11k:1513_R,7,False,11k:1558_R,0.32155698364772,,
palm,unknown_cal,11k:1513_R,8,False,11k:1061_R,0.458882038451938,,
palm,unknown_cal,11k:1513_R,9,False,11k:1046_R,0.3639740221683019,,
palm,unknown_cal,11k:1513_R,10,False,11k:1588_R,0.3275384122589712,,
palm,unknown_cal,11k:1513_R,11,False,11k:1013_R,0.30192149864069723,,
palm,unknown_cal,11k:1513_R,12,False,11k:1061_R,0.3281606661368171,,
palm,unknown_cal,11k:1513_R,13,False,11k:1588_R,0.3115250898631891,,
palm,unknown_cal,11k:1513_R,14,False,11k:1588_R,0.3275388110371956,,
palm,unknown_cal,11k:1513_R,15,False,11k:66_R,0.3829751645815648,,
palm,unknown_cal,11k:1513_R,16,False,11k:1588_R,0.34220634321090015,,
palm,unknown_cal,11k:1513_R,17,False,11k:570_R,0.29039668783632155,,
palm,unknown_cal,11k:1518_L,1,False,11k:1516_L,0.3203477285703239,,
palm,unknown_cal,11k:1518_L,2,False,11k:1516_L,0.2757431056571049,,
palm,unknown_cal,11k:1518_L,3,False,11k:1080_L,0.2839239727633296,,
palm,unknown_cal,11k:1518_L,4,False,11k:1516_L,0.30104284517827834,,
palm,unknown_cal,11k:1518_L,5,False,11k:1516_L,0.2697383717516778,,
palm,unknown_cal,11k:1518_L,6,False,11k:1043_L,0.26535430522883446,,
palm,unknown_cal,11k:1518_L,7,False,11k:1516_L,0.32934311365870406,,
palm,unknown_cal,11k:1518_L,8,False,11k:1516_L,0.2645096957259294,,
palm,unknown_cal,11k:1518_L,9,False,11k:1516_L,0.2650706502288818,,
palm,unknown_cal,11k:1518_L,10,False,11k:1516_L,0.2721147978315981,,
palm,unknown_cal,11k:1518_R,1,False,11k:54_R,0.24617252087304575,,
palm,unknown_cal,11k:1518_R,2,False,11k:1061_R,0.23018753231447586,,
palm,unknown_cal,11k:1518_R,3,False,11k:62_R,0.25062828044314,,
palm,unknown_cal,11k:1518_R,4,False,11k:62_R,0.20077132966221878,,
palm,unknown_cal,11k:1518_R,5,False,11k:57_R,0.18672420218549432,,
palm,unknown_cal,11k:1518_R,6,False,11k:86_R,0.2210597363066979,,
palm,unknown_cal,11k:1518_R,7,False,11k:86_R,0.2661237264024302,,
palm,unknown_cal,11k:1518_R,8,False,11k:54_R,0.2418991631985803,,
palm,unknown_cal,11k:1518_R,9,False,11k:586_R,0.24306667110919855,,
palm,unknown_cal,11k:1518_R,10,False,11k:86_R,0.2611546215048952,,
palm,unknown_cal,11k:1518_R,11,False,11k:57_R,0.2507804517969084,,
palm,unknown_cal,11k:1531_L,1,False,11k:1090_L,0.24629822486098774,,
palm,unknown_cal,11k:1531_L,2,False,11k:1090_L,0.2788355485314206,,
palm,unknown_cal,11k:1531_L,3,False,11k:55_L,0.22418125419862672,,
palm,unknown_cal,11k:1531_L,4,False,11k:1588_L,0.24008977991097208,,
palm,unknown_cal,11k:1531_L,5,False,11k:55_L,0.23152177275770366,,
palm,unknown_cal,11k:1531_L,6,False,11k:55_L,0.22652010707157416,,
palm,unknown_cal,11k:1531_L,7,False,11k:55_L,0.2270029496661528,,
palm,unknown_cal,11k:1531_L,8,False,11k:66_L,0.23780169363209488,,
palm,unknown_cal,11k:1531_L,9,False,11k:1588_L,0.2427626794906751,,
palm,unknown_cal,11k:1531_L,10,False,11k:1588_L,0.2332136643073801,,
palm,unknown_cal,11k:1531_R,1,False,11k:1585_R,0.28869049682375914,,
palm,unknown_cal,11k:1531_R,2,False,11k:1021_R,0.2877074012044988,,
palm,unknown_cal,11k:1531_R,3,False,11k:1090_R,0.2586708565552576,,
palm,unknown_cal,11k:1531_R,4,False,11k:1585_R,0.25980956620264833,,
palm,unknown_cal,11k:1531_R,5,False,11k:1585_R,0.28819685800745015,,
palm,unknown_cal,11k:1531_R,6,False,11k:1588_R,0.256523923178047,,
palm,unknown_cal,11k:1531_R,7,False,11k:1585_R,0.242919075487461,,
palm,unknown_cal,11k:1531_R,8,False,11k:1585_R,0.24595004991344954,,
palm,unknown_cal,11k:1531_R,9,False,11k:1585_R,0.281765615292117,,
palm,unknown_cal,11k:1531_R,10,False,11k:1585_R,0.29724698726261645,,
palm,unknown_cal,11k:1531_R,11,False,11k:1585_R,0.2619925569422831,,
palm,unknown_cal,11k:1539_L,1,False,11k:1562_L,0.2910742615657529,,
palm,unknown_cal,11k:1539_L,2,False,11k:1525_L,0.3550109007095781,,
palm,unknown_cal,11k:1539_L,3,False,11k:1525_L,0.2889030700784764,,
palm,unknown_cal,11k:1539_L,4,False,11k:1525_L,0.2798403918943295,,
palm,unknown_cal,11k:1539_L,5,False,11k:1525_L,0.28171987362673534,,
palm,unknown_cal,11k:1539_L,6,False,11k:1525_L,0.28270813734628786,,
palm,unknown_cal,11k:1539_L,7,False,11k:1043_L,0.2753216567282821,,
palm,unknown_cal,11k:1539_L,8,False,11k:1510_L,0.2564484610799198,,
palm,unknown_cal,11k:1539_L,9,False,11k:1510_L,0.24253771263481252,,
palm,unknown_cal,11k:1539_L,10,False,11k:1525_L,0.3020347392592171,,
palm,unknown_cal,11k:1539_L,11,False,11k:1562_L,0.2592794942170788,,
palm,unknown_cal,11k:1539_R,1,False,11k:1525_R,0.29643957731107085,,
palm,unknown_cal,11k:1539_R,2,False,11k:1525_R,0.30628243584697246,,
palm,unknown_cal,11k:1539_R,3,False,11k:1525_R,0.2695602882693485,,
palm,unknown_cal,11k:1539_R,4,False,11k:1525_R,0.2745353127058192,,
palm,unknown_cal,11k:1539_R,5,False,11k:596_R,0.2679562929873914,,
palm,unknown_cal,11k:1539_R,6,False,11k:1043_R,0.2943701562649391,,
palm,unknown_cal,11k:1539_R,7,False,11k:596_R,0.26018415825724106,,
palm,unknown_cal,11k:1539_R,8,False,11k:1525_R,0.27907155148990603,,
palm,unknown_cal,11k:1539_R,9,False,11k:1043_R,0.3078273359546249,,
palm,unknown_cal,11k:1539_R,10,False,11k:1532_R,0.2721141741135233,,
palm,unknown_cal,11k:1539_R,11,False,11k:1532_R,0.262367558071714,,
palm,unknown_cal,11k:1539_R,12,False,11k:1525_R,0.27427435832425906,,
palm,unknown_cal,11k:1543_L,1,False,11k:1028_L,0.3443376463343065,,
palm,unknown_cal,11k:1543_L,2,False,11k:1028_L,0.33969469820603615,,
palm,unknown_cal,11k:1543_L,3,False,11k:1028_L,0.35350534962717306,,
palm,unknown_cal,11k:1543_L,4,False,11k:1028_L,0.3903734299063204,,
palm,unknown_cal,11k:1543_L,5,False,11k:1028_L,0.37824624870335416,,
palm,unknown_cal,11k:1543_L,6,False,11k:1028_L,0.3619176624493258,,
palm,unknown_cal,11k:1543_L,7,False,11k:1028_L,0.4212799598302127,,
palm,unknown_cal,11k:1543_L,8,False,11k:1028_L,0.37870244820319937,,
palm,unknown_cal,11k:1543_L,9,False,11k:1028_L,0.3294200154802016,,
palm,unknown_cal,11k:1543_L,10,False,11k:1028_L,0.37596546804243525,,
palm,unknown_cal,11k:1543_L,11,False,11k:1028_L,0.35985142797902436,,
palm,unknown_cal,11k:1543_L,12,False,11k:1028_L,0.3823397107118837,,
palm,unknown_cal,11k:1543_L,13,False,11k:1028_L,0.3781260078522347,,
palm,unknown_cal,11k:1543_L,14,False,11k:1028_L,0.41315685358325177,,
palm,unknown_cal,11k:1543_L,15,False,11k:1028_L,0.42628722329343016,,
palm,unknown_cal,11k:1543_L,16,False,11k:1028_L,0.36181357208274806,,
palm,unknown_cal,11k:1543_L,17,False,11k:1028_L,0.41599486743111785,,
palm,unknown_cal,11k:1543_L,18,False,11k:1028_L,0.4394100770521053,,
palm,unknown_cal,11k:1543_L,19,False,11k:1028_L,0.385821514635761,,
palm,unknown_cal,11k:1543_L,20,False,11k:1028_L,0.39154838832483363,,
palm,unknown_cal,11k:1543_L,21,False,11k:1028_L,0.4167595435220791,,
palm,unknown_cal,11k:1543_L,22,False,11k:1028_L,0.4463966014073323,,
palm,unknown_cal,11k:1543_L,23,False,11k:1028_L,0.4151072733892388,,
palm,unknown_cal,11k:1543_L,24,False,11k:1028_L,0.4231310859113078,,
palm,unknown_cal,11k:1543_L,25,False,11k:1028_L,0.43142341535591644,,
palm,unknown_cal,11k:1543_L,26,False,11k:1028_L,0.4076811757770832,,
palm,unknown_cal,11k:1543_L,27,False,11k:1028_L,0.3826334248965587,,
palm,unknown_cal,11k:1543_L,28,False,11k:1028_L,0.3769001334454033,,
palm,unknown_cal,11k:1543_R,1,False,11k:541_R,0.3373061021530508,,
palm,unknown_cal,11k:1543_R,2,False,11k:541_R,0.33007290885165613,,
palm,unknown_cal,11k:1543_R,3,False,11k:541_R,0.2986909744224153,,
palm,unknown_cal,11k:1543_R,4,False,11k:573_R,0.27104870952255455,,
palm,unknown_cal,11k:1543_R,5,False,11k:541_R,0.26531159537357046,,
palm,unknown_cal,11k:1543_R,6,False,11k:1019_R,0.2836053381929383,,
palm,unknown_cal,11k:1543_R,7,False,11k:573_R,0.2675421797374965,,
palm,unknown_cal,11k:1543_R,8,False,11k:1019_R,0.28593009042670736,,
palm,unknown_cal,11k:1543_R,9,False,11k:1579_R,0.26247763795734613,,
palm,unknown_cal,11k:1543_R,10,False,11k:1579_R,0.27304136019584024,,
palm,unknown_cal,11k:1543_R,11,False,11k:541_R,0.29400953500985544,,
palm,unknown_cal,11k:1543_R,12,False,11k:541_R,0.29252744957054433,,
palm,unknown_cal,11k:1543_R,13,False,11k:1579_R,0.31510778328758626,,
palm,unknown_cal,11k:1543_R,14,False,11k:541_R,0.2833587332348031,,
palm,unknown_cal,11k:1543_R,15,False,11k:573_R,0.2883972879887585,,
palm,unknown_cal,11k:1543_R,16,False,11k:573_R,0.27963279285153175,,
palm,unknown_cal,11k:1543_R,17,False,11k:1579_R,0.30627451252267296,,
palm,unknown_cal,11k:1543_R,18,False,11k:573_R,0.3080002762038862,,
palm,unknown_cal,11k:1543_R,19,False,11k:541_R,0.25921054912172525,,
palm,unknown_cal,11k:1543_R,20,False,11k:573_R,0.26383780152182595,,
palm,unknown_cal,11k:1543_R,21,False,11k:1579_R,0.25288354576176975,,
palm,unknown_cal,11k:1543_R,22,False,11k:1013_R,0.23946947429766938,,
palm,unknown_cal,11k:1543_R,23,False,11k:1579_R,0.2947224296812281,,
palm,unknown_cal,11k:1543_R,24,False,11k:573_R,0.2655095310126494,,
palm,unknown_cal,11k:1543_R,25,False,11k:573_R,0.31279758600256535,,
palm,unknown_cal,11k:1543_R,26,False,11k:541_R,0.24643645650934087,,
palm,unknown_cal,11k:1543_R,27,False,11k:1013_R,0.2222244099064576,,
palm,unknown_cal,11k:1543_R,28,False,11k:1579_R,0.2550042365972543,,
palm,unknown_cal,11k:1543_R,29,False,11k:573_R,0.23991375522998815,,
palm,unknown_cal,11k:1543_R,30,False,11k:573_R,0.25473864083853137,,
palm,unknown_cal,11k:1543_R,31,False,11k:541_R,0.2871233793424559,,
palm,unknown_cal,11k:1543_R,32,False,11k:573_R,0.2457253558379312,,
palm,unknown_cal,11k:1547_L,1,False,11k:1074_L,0.5242564393002143,,
palm,unknown_cal,11k:1547_L,2,False,11k:1074_L,0.542246856080628,,
palm,unknown_cal,11k:1547_L,3,False,11k:1074_L,0.4609865642908464,,
palm,unknown_cal,11k:1547_L,4,False,11k:1074_L,0.5537956561147066,,
palm,unknown_cal,11k:1547_L,5,False,11k:1074_L,0.5074416723563822,,
palm,unknown_cal,11k:1547_L,6,False,11k:1074_L,0.512021078789417,,
palm,unknown_cal,11k:1547_L,7,False,11k:1074_L,0.5636499851327559,,
palm,unknown_cal,11k:1547_L,8,False,11k:1074_L,0.5648714775546333,,
palm,unknown_cal,11k:1547_L,9,False,11k:1074_L,0.544693893605777,,
palm,unknown_cal,11k:1547_L,10,False,11k:1074_L,0.6062977132158003,,
palm,unknown_cal,11k:1547_L,11,False,11k:1074_L,0.5874508404599337,,
palm,unknown_cal,11k:1547_L,12,False,11k:1074_L,0.5979883676157236,,
palm,unknown_cal,11k:1547_L,13,False,11k:1074_L,0.5508867415936542,,
palm,unknown_cal,11k:1547_L,14,False,11k:1074_L,0.5174645826957877,,
palm,unknown_cal,11k:1547_L,15,False,11k:1074_L,0.5080667688637073,,
palm,unknown_cal,11k:1547_L,16,False,11k:1074_L,0.4368162632935362,,
palm,unknown_cal,11k:1547_L,17,False,11k:1074_L,0.41286118737732,,
palm,unknown_cal,11k:1547_R,1,False,11k:1074_R,0.4911398190262326,,
palm,unknown_cal,11k:1547_R,2,False,11k:1074_R,0.4369179449302719,,
palm,unknown_cal,11k:1547_R,3,False,11k:1074_R,0.42740263147403146,,
palm,unknown_cal,11k:1547_R,4,False,11k:1074_R,0.4212314130666108,,
palm,unknown_cal,11k:1547_R,5,False,11k:1074_R,0.4571172617916088,,
palm,unknown_cal,11k:1547_R,6,False,11k:1074_R,0.4681956291119541,,
palm,unknown_cal,11k:1547_R,7,False,11k:1074_R,0.4938215301764133,,
palm,unknown_cal,11k:1547_R,8,False,11k:1074_R,0.42305060537491,,
palm,unknown_cal,11k:1547_R,9,False,11k:1074_R,0.4466381500066002,,
palm,unknown_cal,11k:1547_R,10,False,11k:1074_R,0.4346426310143999,,
palm,unknown_cal,11k:1547_R,11,False,11k:1074_R,0.4526662142048069,,
palm,unknown_cal,11k:1547_R,12,False,11k:1074_R,0.44178431592971645,,
palm,unknown_cal,11k:1547_R,13,False,11k:1074_R,0.4882013632192271,,
palm,unknown_cal,11k:1547_R,14,False,11k:1074_R,0.43194634296474976,,
palm,unknown_cal,11k:1547_R,15,False,11k:1074_R,0.45471152278113447,,
palm,unknown_cal,11k:1547_R,16,False,11k:1074_R,0.4420137899748026,,
palm,unknown_cal,11k:1547_R,17,False,11k:1074_R,0.44226434740605447,,
palm,unknown_cal,11k:1547_R,18,False,11k:1074_R,0.43048947593818143,,
palm,unknown_cal,11k:1547_R,19,False,11k:1074_R,0.43913007229659096,,
palm,unknown_cal,11k:1547_R,20,False,11k:1074_R,0.4345039793089611,,
palm,unknown_cal,11k:1547_R,21,False,11k:1074_R,0.4820242134224091,,
palm,unknown_cal,11k:1553_L,1,False,11k:543_L,0.3817325798644658,,
palm,unknown_cal,11k:1553_L,2,False,11k:543_L,0.325323422553068,,
palm,unknown_cal,11k:1553_L,3,False,11k:543_L,0.3165277789669212,,
palm,unknown_cal,11k:1553_L,4,False,11k:1571_L,0.28008231203572986,,
palm,unknown_cal,11k:1553_L,5,False,11k:1571_L,0.31076344554525565,,
palm,unknown_cal,11k:1553_L,6,False,11k:1571_L,0.2896244386421286,,
palm,unknown_cal,11k:1553_L,7,False,11k:1571_L,0.31342889762458837,,
palm,unknown_cal,11k:1553_L,8,False,11k:1571_L,0.31740652511752554,,
palm,unknown_cal,11k:1553_L,9,False,11k:1571_L,0.32959224711226526,,
palm,unknown_cal,11k:1553_L,10,False,11k:1571_L,0.3407404560573075,,
palm,unknown_cal,11k:1553_L,11,False,11k:586_L,0.2782548447522528,,
palm,unknown_cal,11k:1553_L,12,False,11k:1043_L,0.2606718492845476,,
palm,unknown_cal,11k:1553_R,1,False,11k:1510_R,0.30331418019057205,,
palm,unknown_cal,11k:1553_R,2,False,11k:1510_R,0.35489778672492417,,
palm,unknown_cal,11k:1553_R,3,False,11k:1510_R,0.34192281680222647,,
palm,unknown_cal,11k:1553_R,4,False,11k:1510_R,0.3921261664370802,,
palm,unknown_cal,11k:1553_R,5,False,11k:1510_R,0.3151130867187498,,
palm,unknown_cal,11k:1553_R,6,False,11k:1510_R,0.34145872372918945,,
palm,unknown_cal,11k:1553_R,7,False,11k:1510_R,0.3470665141198345,,
palm,unknown_cal,11k:1553_R,8,False,11k:1510_R,0.34286093756508595,,
palm,unknown_cal,11k:1555_L,1,False,11k:1037_L,0.25740585525520426,,
palm,unknown_cal,11k:1555_L,2,False,11k:1594_L,0.29943940506532607,,
palm,unknown_cal,11k:1555_L,3,False,11k:1037_L,0.2698389096404677,,
palm,unknown_cal,11k:1555_L,4,False,11k:1594_L,0.3054180624034559,,
palm,unknown_cal,11k:1555_L,5,False,11k:1594_L,0.28527792260337637,,
palm,unknown_cal,11k:1555_L,6,False,11k:1594_L,0.31799595455696467,,
palm,unknown_cal,11k:1555_L,7,False,11k:1037_L,0.27634212263226215,,
palm,unknown_cal,11k:1555_L,8,False,11k:1594_L,0.29345122089583336,,
palm,unknown_cal,11k:1555_L,9,False,11k:1594_L,0.33367235320903693,,
palm,unknown_cal,11k:1555_L,10,False,11k:1037_L,0.29703082493400457,,
palm,unknown_cal,11k:1555_R,1,False,11k:1594_R,0.3024850148582253,,
palm,unknown_cal,11k:1555_R,2,False,11k:1037_R,0.33380342223429715,,
palm,unknown_cal,11k:1555_R,3,False,11k:1594_R,0.35049326823847715,,
palm,unknown_cal,11k:1555_R,4,False,11k:1594_R,0.36328869972144157,,
palm,unknown_cal,11k:1555_R,5,False,11k:1037_R,0.33437584893999783,,
palm,unknown_cal,11k:1555_R,6,False,11k:1594_R,0.29911050271824896,,
palm,unknown_cal,11k:1555_R,7,False,11k:1594_R,0.31923537347047953,,
palm,unknown_cal,11k:1589_L,1,False,11k:92_L,0.31950472325429335,,
palm,unknown_cal,11k:1589_L,2,False,11k:92_L,0.30795983440939034,,
palm,unknown_cal,11k:1589_L,3,False,11k:92_L,0.3172512222929148,,
palm,unknown_cal,11k:1589_L,4,False,11k:92_L,0.3260869107833831,,
palm,unknown_cal,11k:1589_L,5,False,11k:92_L,0.3327507328504502,,
palm,unknown_cal,11k:1589_L,6,False,11k:1571_L,0.2851431881804768,,
palm,unknown_cal,11k:1589_L,7,False,11k:86_L,0.33599435794655885,,
palm,unknown_cal,11k:1589_L,8,False,11k:92_L,0.34952709307161667,,
palm,unknown_cal,11k:1589_L,9,False,11k:92_L,0.3620729233732326,,
palm,unknown_cal,11k:1589_L,10,False,11k:92_L,0.3573205713974539,,
palm,unknown_cal,11k:1589_L,11,False,11k:92_L,0.3464642928915712,,
palm,unknown_cal,11k:1589_L,12,False,11k:92_L,0.34543546477329745,,
palm,unknown_cal,11k:1589_L,13,False,11k:92_L,0.3546711636675063,,
palm,unknown_cal,11k:1589_L,14,False,11k:92_L,0.3770658870873035,,
palm,unknown_cal,11k:1589_R,1,False,11k:11_R,0.23440229198378337,,
palm,unknown_cal,11k:1589_R,2,False,11k:11_R,0.33759003745229055,,
palm,unknown_cal,11k:1589_R,3,False,11k:11_R,0.26361393869268934,,
palm,unknown_cal,11k:1589_R,4,False,11k:11_R,0.27910700091182966,,
palm,unknown_cal,11k:1589_R,5,False,11k:11_R,0.27338003371314906,,
palm,unknown_cal,11k:3000000_L,1,False,11k:92_L,0.4875875753191351,,
palm,unknown_cal,11k:3000000_L,2,False,11k:92_L,0.5221515065631102,,
palm,unknown_cal,11k:3000000_L,3,False,11k:92_L,0.4618931465596079,,
palm,unknown_cal,11k:3000000_L,4,False,11k:92_L,0.466805249025766,,
palm,unknown_cal,11k:3000000_L,5,False,11k:92_L,0.48522359028272843,,
palm,unknown_cal,11k:3000000_L,6,False,11k:92_L,0.482087503901722,,
palm,unknown_cal,11k:3000000_L,7,False,11k:92_L,0.4614819596933938,,
palm,unknown_cal,11k:3000000_L,8,False,11k:92_L,0.49013543057130643,,
palm,unknown_cal,11k:3000000_L,9,False,11k:92_L,0.449347057633779,,
palm,unknown_cal,11k:3000000_L,10,False,11k:92_L,0.4685436977485915,,
palm,unknown_cal,11k:3000000_L,11,False,11k:92_L,0.46087784179536334,,
palm,unknown_cal,11k:3000000_L,12,False,11k:92_L,0.4337952812548511,,
palm,unknown_cal,11k:3000000_L,13,False,11k:92_L,0.48801016775002876,,
palm,unknown_cal,11k:3000000_R,1,False,11k:92_R,0.47725045218675843,,
palm,unknown_cal,11k:3000000_R,2,False,11k:92_R,0.47877975999284117,,
palm,unknown_cal,11k:3000000_R,3,False,11k:92_R,0.5511234853665595,,
palm,unknown_cal,11k:3000000_R,4,False,11k:92_R,0.5264265547425546,,
palm,unknown_cal,11k:3000000_R,5,False,11k:92_R,0.4824779437717157,,
palm,unknown_cal,11k:538_L,1,False,11k:1571_L,0.24186421352794313,,
palm,unknown_cal,11k:538_L,2,False,11k:1571_L,0.2654061674476961,,
palm,unknown_cal,11k:538_L,3,False,11k:1571_L,0.26011514721439766,,
palm,unknown_cal,11k:538_L,4,False,11k:573_L,0.19624722470643774,,
palm,unknown_cal,11k:538_L,5,False,11k:1571_L,0.23926876298533925,,
palm,unknown_cal,11k:538_L,6,False,11k:596_L,0.22871461525778936,,
palm,unknown_cal,11k:538_L,7,False,11k:1571_L,0.2554995327943666,,
palm,unknown_cal,11k:538_R,1,False,11k:596_R,0.30758700397258776,,
palm,unknown_cal,11k:538_R,2,False,11k:1571_R,0.27350938313142226,,
palm,unknown_cal,11k:538_R,3,False,11k:1525_R,0.3466138179991144,,
palm,unknown_cal,11k:538_R,4,False,11k:1525_R,0.31382039380626026,,
palm,unknown_cal,11k:538_R,5,False,11k:1571_R,0.3250174517452221,,
palm,unknown_cal,11k:538_R,6,False,11k:1525_R,0.28099393122257876,,
palm,unknown_cal,11k:538_R,7,False,11k:1571_R,0.29888937528597476,,
palm,unknown_cal,11k:538_R,8,False,11k:1525_R,0.2960669536768251,,
palm,unknown_cal,11k:538_R,9,False,11k:1571_R,0.23908896076020217,,
palm,unknown_cal,11k:546_L,1,False,11k:1510_L,0.2767085670992197,,
palm,unknown_cal,11k:546_L,2,False,11k:1510_L,0.25402125400581943,,
palm,unknown_cal,11k:546_L,3,False,11k:1059_L,0.26825064574873736,,
palm,unknown_cal,11k:546_L,4,False,11k:1059_L,0.30218621761225306,,
palm,unknown_cal,11k:546_L,5,False,11k:1059_L,0.2626957765438269,,
palm,unknown_cal,11k:546_L,6,False,11k:1510_L,0.2543309883774235,,
palm,unknown_cal,11k:546_L,7,False,11k:1059_L,0.2919971980790827,,
palm,unknown_cal,11k:546_L,8,False,11k:1059_L,0.28104477279993967,,
palm,unknown_cal,11k:546_L,9,False,11k:1510_L,0.35863027868225356,,
palm,unknown_cal,11k:546_L,10,False,11k:1510_L,0.34579771258517183,,
palm,unknown_cal,11k:546_L,11,False,11k:1510_L,0.31169379464218006,,
palm,unknown_cal,11k:546_L,12,False,11k:1510_L,0.295092871876318,,
palm,unknown_cal,11k:546_L,13,False,11k:1510_L,0.28914320022594103,,
palm,unknown_cal,11k:546_R,1,False,11k:1571_R,0.41012690819777464,,
palm,unknown_cal,11k:546_R,2,False,11k:1571_R,0.29306116466023646,,
palm,unknown_cal,11k:546_R,3,False,11k:1571_R,0.3455983332435474,,
palm,unknown_cal,11k:546_R,4,False,11k:1571_R,0.33924370491942535,,
palm,unknown_cal,11k:546_R,5,False,11k:1571_R,0.28329631536249916,,
palm,unknown_cal,11k:546_R,6,False,11k:1571_R,0.28011160488600095,,
palm,unknown_cal,11k:546_R,7,False,11k:1571_R,0.2986445146581279,,
palm,unknown_cal,11k:546_R,8,False,11k:1571_R,0.3180762138513217,,
palm,unknown_cal,11k:546_R,9,False,11k:1571_R,0.3119922927117659,,
palm,unknown_cal,11k:546_R,10,False,11k:1571_R,0.3332704619544248,,
palm,unknown_cal,11k:546_R,11,False,11k:1571_R,0.32898798275169944,,
palm,unknown_cal,11k:546_R,12,False,11k:1571_R,0.37795378741093477,,
palm,unknown_cal,11k:546_R,13,False,11k:1585_R,0.32302703223163803,,
palm,unknown_cal,11k:546_R,14,False,11k:1571_R,0.2939698770080881,,
palm,unknown_cal,11k:546_R,15,False,11k:1571_R,0.3106028449781947,,
palm,unknown_cal,11k:546_R,16,False,11k:1585_R,0.3147138037980246,,
palm,unknown_cal,11k:552_L,1,False,11k:1532_L,0.23857364788762422,,
palm,unknown_cal,11k:552_L,2,False,11k:1009_L,0.23847720055657648,,
palm,unknown_cal,11k:552_L,3,False,11k:1061_L,0.2593922511861593,,
palm,unknown_cal,11k:552_L,4,False,11k:1061_L,0.30946783618095697,,
palm,unknown_cal,11k:552_L,5,False,11k:1061_L,0.24375061666574563,,
palm,unknown_cal,11k:552_L,6,False,11k:1061_L,0.2913225182153125,,
palm,unknown_cal,11k:552_L,7,False,11k:1061_L,0.3329082163870038,,
palm,unknown_cal,11k:552_L,8,False,11k:1061_L,0.26030167530305615,,
palm,unknown_cal,11k:552_L,9,False,11k:1061_L,0.2966757022942498,,
palm,unknown_cal,11k:552_L,10,False,11k:1061_L,0.25076739795469716,,
palm,unknown_cal,11k:552_L,11,False,11k:1061_L,0.2139883992900812,,
palm,unknown_cal,11k:552_L,12,False,11k:1009_L,0.25056463883592006,,
palm,unknown_cal,11k:552_L,13,False,11k:1061_L,0.25733261293679316,,
palm,unknown_cal,11k:552_L,14,False,11k:1061_L,0.295673551091392,,
palm,unknown_cal,11k:552_L,15,False,11k:1009_L,0.27671768592720225,,
palm,unknown_cal,11k:552_R,1,False,11k:1009_R,0.2958219822058114,,
palm,unknown_cal,11k:552_R,2,False,11k:1009_R,0.27675376763326065,,
palm,unknown_cal,11k:552_R,3,False,11k:1009_R,0.2471039619162779,,
palm,unknown_cal,11k:552_R,4,False,11k:1009_R,0.3045123196497921,,
palm,unknown_cal,11k:552_R,5,False,11k:1009_R,0.3356482745531994,,
palm,unknown_cal,11k:552_R,6,False,11k:1009_R,0.30030983977608317,,
palm,unknown_cal,11k:552_R,7,False,11k:1009_R,0.2825429861471978,,
palm,unknown_cal,11k:552_R,8,False,11k:1009_R,0.3011464952505141,,
palm,unknown_cal,11k:552_R,9,False,11k:1009_R,0.2836111499278823,,
palm,unknown_cal,11k:552_R,10,False,11k:1009_R,0.2575012236357427,,
palm,unknown_cal,11k:552_R,11,False,11k:1009_R,0.24148749139380365,,
palm,unknown_cal,11k:552_R,12,False,11k:1013_R,0.222041341846352,,
palm,unknown_cal,11k:552_R,13,False,11k:1009_R,0.22171081452767188,,
palm,unknown_cal,11k:552_R,14,False,11k:1009_R,0.31094631071008966,,
palm,unknown_cal,11k:552_R,15,False,11k:1009_R,0.3013475198188338,,
palm,unknown_cal,11k:552_R,16,False,11k:1009_R,0.23208206524065744,,
palm,unknown_cal,11k:552_R,17,False,11k:1009_R,0.3427314060251524,,
palm,unknown_cal,11k:552_R,18,False,11k:1009_R,0.3089433644162553,,
palm,unknown_cal,11k:552_R,19,False,11k:1009_R,0.32803508224534034,,
palm,unknown_cal,11k:559_L,1,False,11k:54_L,0.36107717859259847,,
palm,unknown_cal,11k:559_L,2,False,11k:10_L,0.4760557402191745,,
palm,unknown_cal,11k:559_L,3,False,11k:1074_L,0.4871427406900325,,
palm,unknown_cal,11k:559_L,4,False,11k:1074_L,0.48704144047045433,,
palm,unknown_cal,11k:559_L,5,False,11k:10_L,0.47655750751543074,,
palm,unknown_cal,11k:559_L,6,False,11k:10_L,0.4525601795558274,,
palm,unknown_cal,11k:559_L,7,False,11k:81_L,0.527388256019714,,
palm,unknown_cal,11k:559_R,1,False,11k:1585_R,0.3575449822477983,,
palm,unknown_cal,11k:559_R,2,False,11k:54_R,0.4455711839672398,,
palm,unknown_cal,11k:559_R,3,False,11k:1593_R,0.4402357145389332,,
palm,unknown_cal,11k:559_R,4,False,11k:8_R,0.4022619317407322,,
palm,unknown_cal,11k:559_R,5,False,11k:65_R,0.5171304590438016,,
palm,unknown_cal,11k:588_L,1,False,11k:1510_L,0.3275283333669998,,
palm,unknown_cal,11k:588_L,2,False,11k:1510_L,0.32340137882402975,,
palm,unknown_cal,11k:588_L,3,False,11k:1510_L,0.34930563517717783,,
palm,unknown_cal,11k:588_L,4,False,11k:1510_L,0.35734224224933336,,
palm,unknown_cal,11k:588_L,5,False,11k:1510_L,0.3615645958361691,,
palm,unknown_cal,11k:588_L,6,False,11k:1510_L,0.32586391108066715,,
palm,unknown_cal,11k:588_L,7,False,11k:1510_L,0.40539088080994035,,
palm,unknown_cal,11k:588_L,8,False,11k:1510_L,0.36772067723290325,,
palm,unknown_cal,11k:588_L,9,False,11k:1510_L,0.3457888741526369,,
palm,unknown_cal,11k:588_L,10,False,11k:1510_L,0.35046893035462023,,
palm,unknown_cal,11k:588_L,11,False,11k:1510_L,0.3137061727293975,,
palm,unknown_cal,11k:588_L,12,False,11k:1510_L,0.37205812148742956,,
palm,unknown_cal,11k:588_R,1,False,11k:1525_R,0.26223581606378676,,
palm,unknown_cal,11k:588_R,2,False,11k:1525_R,0.27338947012670434,,
palm,unknown_cal,11k:588_R,3,False,11k:570_R,0.2926870876370323,,
palm,unknown_cal,11k:588_R,4,False,11k:1510_R,0.281027102948465,,
palm,unknown_cal,11k:588_R,5,False,11k:1505_R,0.25720545274263157,,
palm,unknown_cal,11k:9000000_L,1,False,11k:1075_L,0.22263038905452115,,
palm,unknown_cal,11k:9000000_L,2,False,11k:1075_L,0.2786596359553455,,
palm,unknown_cal,11k:9000000_L,3,False,11k:1075_L,0.25251733126074455,,
palm,unknown_cal,11k:9000000_L,4,False,11k:1075_L,0.26635741566620125,,
palm,unknown_cal,11k:9000000_L,5,False,11k:1075_L,0.25382301457992135,,
palm,unknown_cal,11k:9000000_L,6,False,11k:1075_L,0.25311003652373676,,
palm,unknown_cal,11k:9000000_L,7,False,11k:1075_L,0.25774484926893937,,
palm,unknown_cal,11k:9000000_R,1,False,11k:1033_R,0.2369128955639817,,
palm,unknown_cal,11k:9000000_R,2,False,11k:1075_R,0.21686504261825731,,
palm,unknown_cal,11k:9000000_R,3,False,11k:570_R,0.194810936741534,,
palm,unknown_cal,11k:9000000_R,4,False,11k:1075_R,0.2790611193251157,,
palm,unknown_cal,11k:9000000_R,5,False,11k:1075_R,0.26036300124299705,,
palm,unknown_cal,11k:9000000_R,6,False,11k:1075_R,0.2176694836214612,,
palm,unknown_cal,11k:9000000_R,7,False,11k:1033_R,0.23036114369022181,,
palm,unknown_cal,11k:9000000_R,8,False,11k:1075_R,0.20785696790904004,,
palm,unknown_cal,11k:9000000_R,9,False,11k:1558_R,0.24933812126562493,,
palm,unknown_cal,11k:9000000_R,10,False,11k:1075_R,0.1775119002107659,,
palm,unknown_cal,11k:9000000_R,11,False,11k:1558_R,0.1722620871988298,,
palm,unknown_cal,11k:9000000_R,12,False,11k:1558_R,0.24188610657505022,,
palm,unknown_cal,11k:9000000_R,13,False,11k:1558_R,0.23072194680789482,,
palm,unknown_cal,11k:9000000_R,14,False,11k:1558_R,0.21429954362121867,,
palm,unknown_cal,11k:9000000_R,15,False,11k:1533_R,0.2013039702443551,,
palm,unknown_test,11k:1005_L,1,False,11k:66_L,0.27036202989943625,,
palm,unknown_test,11k:1005_L,2,False,11k:66_L,0.26319349811602744,,
palm,unknown_test,11k:1005_L,3,False,11k:66_L,0.3115795972363412,,
palm,unknown_test,11k:1005_L,4,False,11k:66_L,0.4142091951465219,,
palm,unknown_test,11k:1005_L,5,False,11k:66_L,0.3010119236744163,,
palm,unknown_test,11k:1005_L,6,False,11k:1594_L,0.2763526704792108,,
palm,unknown_test,11k:1005_L,7,False,11k:66_L,0.3482560102867477,,
palm,unknown_test,11k:1005_L,8,False,11k:66_L,0.38207272063395453,,
palm,unknown_test,11k:1005_L,9,False,11k:1075_L,0.35836403133574873,,
palm,unknown_test,11k:1005_L,10,False,11k:1075_L,0.32590528818419984,,
palm,unknown_test,11k:1005_L,11,False,11k:1075_L,0.26567234389599587,,
palm,unknown_test,11k:1005_R,1,False,11k:1000000_R,0.3251088291122799,,
palm,unknown_test,11k:1005_R,2,False,11k:1000000_R,0.2774353107923362,,
palm,unknown_test,11k:1005_R,3,False,11k:1000000_R,0.2652424208878077,,
palm,unknown_test,11k:1005_R,4,False,11k:1061_R,0.2439164861782862,,
palm,unknown_test,11k:1005_R,5,False,11k:1000000_R,0.36568610233778226,,
palm,unknown_test,11k:1005_R,6,False,11k:66_R,0.3464250477975066,,
palm,unknown_test,11k:1005_R,7,False,11k:1000000_R,0.416296981269906,,
palm,unknown_test,11k:1005_R,8,False,11k:1075_R,0.49637640002082417,,
palm,unknown_test,11k:1005_R,9,False,11k:1000000_R,0.40278260877109406,,
palm,unknown_test,11k:1005_R,10,False,11k:1000000_R,0.33632034645600284,,
palm,unknown_test,11k:1005_R,11,False,11k:1000000_R,0.5401548886794318,,
palm,unknown_test,11k:1005_R,12,False,11k:1000000_R,0.3510382441651307,,
palm,unknown_test,11k:1014_L,1,False,11k:541_L,0.27845645565349203,,
palm,unknown_test,11k:1014_L,2,False,11k:586_L,0.31255014774857415,,
palm,unknown_test,11k:1014_L,3,False,11k:1000000_L,0.2986743141724962,,
palm,unknown_test,11k:1014_R,1,False,11k:1028_R,0.39231207642567756,,
palm,unknown_test,11k:1014_R,2,False,11k:1028_R,0.2584501460470939,,
palm,unknown_test,11k:1014_R,3,False,11k:1028_R,0.3377827974667176,,
palm,unknown_test,11k:1014_R,4,False,11k:1028_R,0.3061113174348069,,
palm,unknown_test,11k:1014_R,5,False,11k:1028_R,0.3407755663393546,,
palm,unknown_test,11k:1014_R,6,False,11k:1028_R,0.33741122761971104,,
palm,unknown_test,11k:1014_R,7,False,11k:1028_R,0.3427531678391075,,
palm,unknown_test,11k:1014_R,8,False,11k:1028_R,0.32933993591134425,,
palm,unknown_test,11k:1014_R,9,False,11k:1028_R,0.3006666001552433,,
palm,unknown_test,11k:1018_L,1,False,11k:1516_L,0.386347580942199,,
palm,unknown_test,11k:1018_L,2,False,11k:1516_L,0.3298941735305798,,
palm,unknown_test,11k:1018_L,3,False,11k:1516_L,0.3593607973341487,,
palm,unknown_test,11k:1018_L,4,False,11k:1516_L,0.34668591229713036,,
palm,unknown_test,11k:1018_L,5,False,11k:541_L,0.34356077123539047,,
palm,unknown_test,11k:1018_L,6,False,11k:541_L,0.32838826317312175,,
palm,unknown_test,11k:1018_L,7,False,11k:541_L,0.308237169117175,,
palm,unknown_test,11k:1018_L,8,False,11k:541_L,0.30571207133347933,,
palm,unknown_test,11k:1018_L,9,False,11k:1532_L,0.28068343406252083,,
palm,unknown_test,11k:1018_L,10,False,11k:1516_L,0.3722554559945062,,
palm,unknown_test,11k:1018_L,11,False,11k:1516_L,0.4233969320417901,,
palm,unknown_test,11k:1018_L,12,False,11k:1516_L,0.3425133657537094,,
palm,unknown_test,11k:1018_L,13,False,11k:1516_L,0.3611475749400127,,
palm,unknown_test,11k:1018_L,14,False,11k:1516_L,0.3368907721631865,,
palm,unknown_test,11k:1018_L,15,False,11k:1516_L,0.3622489604390502,,
palm,unknown_test,11k:1018_L,16,False,11k:1516_L,0.2888131642836387,,
palm,unknown_test,11k:1018_L,17,False,11k:1516_L,0.39083580971339693,,
palm,unknown_test,11k:1018_L,18,False,11k:1516_L,0.41280457049704616,,
palm,unknown_test,11k:1018_L,19,False,11k:541_L,0.354717906398666,,
palm,unknown_test,11k:1018_R,1,False,11k:541_R,0.3695931894425164,,
palm,unknown_test,11k:1018_R,2,False,11k:541_R,0.36191131200489085,,
palm,unknown_test,11k:1018_R,3,False,11k:1009_R,0.30036329671253725,,
palm,unknown_test,11k:1018_R,4,False,11k:541_R,0.30678974249228974,,
palm,unknown_test,11k:1018_R,5,False,11k:541_R,0.31151660714103646,,
palm,unknown_test,11k:1018_R,6,False,11k:541_R,0.3529884349189003,,
palm,unknown_test,11k:1018_R,7,False,11k:1009_R,0.3240615757433327,,
palm,unknown_test,11k:1018_R,8,False,11k:541_R,0.2807084191599232,,
palm,unknown_test,11k:1018_R,9,False,11k:1009_R,0.2883870074255556,,
palm,unknown_test,11k:1018_R,10,False,11k:541_R,0.20588210838180937,,
palm,unknown_test,11k:1018_R,11,False,11k:541_R,0.28981440635114386,,
palm,unknown_test,11k:1018_R,12,False,11k:1579_R,0.22173611830553497,,
palm,unknown_test,11k:1018_R,13,False,11k:1579_R,0.25401227998268716,,
palm,unknown_test,11k:1034_L,1,False,11k:86_L,0.21379864911678959,,
palm,unknown_test,11k:1034_L,2,False,11k:1009_L,0.2490417880744374,,
palm,unknown_test,11k:1034_L,3,False,11k:1009_L,0.23344768635972074,,
palm,unknown_test,11k:1034_L,4,False,11k:1009_L,0.21157028367867606,,
palm,unknown_test,11k:1034_L,5,False,11k:1009_L,0.23326330094412212,,
palm,unknown_test,11k:1034_L,6,False,11k:1009_L,0.22013128228799,,
palm,unknown_test,11k:1034_L,7,False,11k:86_L,0.22851766438547616,,
palm,unknown_test,11k:1034_L,8,False,11k:1009_L,0.23893165882284229,,
palm,unknown_test,11k:1034_L,9,False,11k:1520_L,0.24061013527640118,,
palm,unknown_test,11k:1034_L,10,False,11k:1593_L,0.20756693531602133,,
palm,unknown_test,11k:1034_L,11,False,11k:1520_L,0.25552929346867725,,
palm,unknown_test,11k:1034_L,12,False,11k:57_L,0.2000898874717812,,
palm,unknown_test,11k:1034_L,13,False,11k:1520_L,0.2275107031051148,,
palm,unknown_test,11k:1034_L,14,False,11k:1520_L,0.22534773889580656,,
palm,unknown_test,11k:1034_L,15,False,11k:1520_L,0.2179045206942828,,
palm,unknown_test,11k:1034_L,16,False,11k:11_L,0.22095125992877762,,
palm,unknown_test,11k:1034_L,17,False,11k:11_L,0.21296786014847346,,
palm,unknown_test,11k:1034_L,18,False,11k:1009_L,0.2108069543575561,,
palm,unknown_test,11k:1034_L,19,False,11k:11_L,0.2382987706197609,,
palm,unknown_test,11k:1034_L,20,False,11k:86_L,0.20358266455841928,,
palm,unknown_test,11k:1034_L,21,False,11k:1520_L,0.22986221496873388,,
palm,unknown_test,11k:1034_L,22,False,11k:1520_L,0.2354581070713312,,
palm,unknown_test,11k:1034_L,23,False,11k:86_L,0.23281319014744273,,
palm,unknown_test,11k:1034_R,1,False,11k:62_R,0.23459516718147802,,
palm,unknown_test,11k:1034_R,2,False,11k:1579_R,0.23174962325482712,,
palm,unknown_test,11k:1034_R,3,False,11k:11_R,0.2267729838956305,,
palm,unknown_test,11k:1034_R,4,False,11k:62_R,0.32589918618173147,,
palm,unknown_test,11k:1034_R,5,False,11k:1520_R,0.28999481641216446,,
palm,unknown_test,11k:1034_R,6,False,11k:62_R,0.2508796772413398,,
palm,unknown_test,11k:1034_R,7,False,11k:1520_R,0.269882704634013,,
palm,unknown_test,11k:1034_R,8,False,11k:62_R,0.2636196805213844,,
palm,unknown_test,11k:1034_R,9,False,11k:11_R,0.2724921891993137,,
palm,unknown_test,11k:1034_R,10,False,11k:62_R,0.2761792372745303,,
palm,unknown_test,11k:1034_R,11,False,11k:11_R,0.25481898101331907,,
palm,unknown_test,11k:1034_R,12,False,11k:1080_R,0.2592329334433126,,
palm,unknown_test,11k:1034_R,13,False,11k:1593_R,0.2494671818133055,,
palm,unknown_test,11k:1034_R,14,False,11k:11_R,0.2873915022097956,,
palm,unknown_test,11k:1034_R,15,False,11k:62_R,0.27655787773890805,,
palm,unknown_test,11k:1034_R,16,False,11k:11_R,0.2934601619154108,,
palm,unknown_test,11k:1034_R,17,False,11k:11_R,0.27226176577235406,,
palm,unknown_test,11k:1034_R,18,False,11k:11_R,0.2537904034033589,,
palm,unknown_test,11k:1034_R,19,False,11k:11_R,0.26765420060771095,,
palm,unknown_test,11k:1034_R,20,False,11k:11_R,0.2977619522552631,,
palm,unknown_test,11k:1034_R,21,False,11k:11_R,0.2732211127984607,,
palm,unknown_test,11k:1039_L,1,False,11k:54_L,0.2651099929974806,,
palm,unknown_test,11k:1039_L,2,False,11k:541_L,0.2600140776188369,,
palm,unknown_test,11k:1039_L,3,False,11k:54_L,0.3160343838134938,,
palm,unknown_test,11k:1039_L,4,False,11k:54_L,0.30330227400788645,,
palm,unknown_test,11k:1039_L,5,False,11k:54_L,0.2635291022540873,,
palm,unknown_test,11k:1039_L,6,False,11k:541_L,0.23605165805734413,,
palm,unknown_test,11k:1039_L,7,False,11k:54_L,0.2842220510193188,,
palm,unknown_test,11k:1039_L,8,False,11k:65_L,0.27821851600139996,,
palm,unknown_test,11k:1039_L,9,False,11k:54_L,0.3051537130762019,,
palm,unknown_test,11k:1039_L,10,False,11k:541_L,0.26927357386720957,,
palm,unknown_test,11k:1039_L,11,False,11k:54_L,0.31928152501602847,,
palm,unknown_test,11k:1039_L,12,False,11k:54_L,0.30613456636239134,,
palm,unknown_test,11k:1039_L,13,False,11k:54_L,0.27877871260371256,,
palm,unknown_test,11k:1039_L,14,False,11k:54_L,0.282604566666035,,
palm,unknown_test,11k:1039_L,15,False,11k:65_L,0.23115284775610428,,
palm,unknown_test,11k:1039_L,16,False,11k:54_L,0.25028309461146314,,
palm,unknown_test,11k:1039_L,17,False,11k:54_L,0.2911752959291759,,
palm,unknown_test,11k:1039_L,18,False,11k:54_L,0.3193926918804857,,
palm,unknown_test,11k:1039_L,19,False,11k:54_L,0.3163246212433719,,
palm,unknown_test,11k:1039_L,20,False,11k:54_L,0.29884307684211314,,
palm,unknown_test,11k:1039_L,21,False,11k:54_L,0.2997473366607976,,
palm,unknown_test,11k:1039_L,22,False,11k:54_L,0.29841641494012455,,
palm,unknown_test,11k:1039_R,1,False,11k:1517_R,0.2345884330585595,,
palm,unknown_test,11k:1039_R,2,False,11k:1080_R,0.2897869293267992,,
palm,unknown_test,11k:1039_R,3,False,11k:1080_R,0.29745069361943494,,
palm,unknown_test,11k:1039_R,4,False,11k:1080_R,0.27479815101101485,,
palm,unknown_test,11k:1039_R,5,False,11k:570_R,0.25878290319987496,,
palm,unknown_test,11k:1039_R,6,False,11k:86_R,0.28872323423814916,,
palm,unknown_test,11k:1039_R,7,False,11k:86_R,0.2073189171359699,,
palm,unknown_test,11k:1039_R,8,False,11k:65_R,0.23931792943662009,,
palm,unknown_test,11k:1039_R,9,False,11k:65_R,0.2194429688399639,,
palm,unknown_test,11k:1039_R,10,False,11k:1009_R,0.20442656699454248,,
palm,unknown_test,11k:1039_R,11,False,11k:86_R,0.26171758247308247,,
palm,unknown_test,11k:1039_R,12,False,11k:596_R,0.255692863554491,,
palm,unknown_test,11k:1039_R,13,False,11k:596_R,0.2785210714418489,,
palm,unknown_test,11k:1039_R,14,False,11k:596_R,0.2663430055729403,,
palm,unknown_test,11k:1039_R,15,False,11k:86_R,0.2749819077204385,,
palm,unknown_test,11k:1039_R,16,False,11k:86_R,0.21027320817598943,,
palm,unknown_test,11k:1039_R,17,False,11k:596_R,0.24273785532963665,,
palm,unknown_test,11k:1039_R,18,False,11k:1080_R,0.2506795204319491,,
palm,unknown_test,11k:1039_R,19,False,11k:586_R,0.21547441307119247,,
palm,unknown_test,11k:1039_R,20,False,11k:1080_R,0.29857856669893745,,
palm,unknown_test,11k:1039_R,21,False,11k:596_R,0.25504611911694813,,
palm,unknown_test,11k:1039_R,22,False,11k:1080_R,0.22231070236066822,,
palm,unknown_test,11k:1067_L,1,False,11k:1556_L,0.20188494088778366,,
palm,unknown_test,11k:1067_L,2,False,11k:1533_L,0.2231047249563036,,
palm,unknown_test,11k:1067_L,3,False,11k:1556_L,0.2326790935614546,,
palm,unknown_test,11k:1067_L,4,False,11k:1505_L,0.2399226576624508,,
palm,unknown_test,11k:1067_L,5,False,11k:1545_L,0.24809520323058265,,
palm,unknown_test,11k:1067_L,6,False,11k:1556_L,0.2365600632348718,,
palm,unknown_test,11k:1067_L,7,False,11k:1556_L,0.30673005642029616,,
palm,unknown_test,11k:1067_L,8,False,11k:1080_L,0.2514123709677466,,
palm,unknown_test,11k:1067_L,9,False,11k:1556_L,0.22427167333543158,,
palm,unknown_test,11k:1067_L,10,False,11k:1556_L,0.22688957689759348,,
palm,unknown_test,11k:1067_L,11,False,11k:1080_L,0.21731763766041995,,
palm,unknown_test,11k:1067_L,12,False,11k:1533_L,0.22322159160113242,,
palm,unknown_test,11k:1067_L,13,False,11k:1545_L,0.2155886714213616,,
palm,unknown_test,11k:1067_L,14,False,11k:1545_L,0.2313928359491353,,
palm,unknown_test,11k:1067_L,15,False,11k:1556_L,0.23302170726645693,,
palm,unknown_test,11k:1067_L,16,False,11k:1545_L,0.23428848801637597,,
palm,unknown_test,11k:1067_L,17,False,11k:1556_L,0.2812112668551283,,
palm,unknown_test,11k:1067_R,1,False,11k:1556_R,0.25098213806872127,,
palm,unknown_test,11k:1067_R,2,False,11k:1556_R,0.29428417426576553,,
palm,unknown_test,11k:1067_R,3,False,11k:1533_R,0.2511989095911292,,
palm,unknown_test,11k:1067_R,4,False,11k:1533_R,0.23787146037875137,,
palm,unknown_test,11k:1067_R,5,False,11k:1533_R,0.2841231780935932,,
palm,unknown_test,11k:1067_R,6,False,11k:1533_R,0.2856932247994102,,
palm,unknown_test,11k:1067_R,7,False,11k:1556_R,0.281571280186416,,
palm,unknown_test,11k:1067_R,8,False,11k:1556_R,0.37153154182260617,,
palm,unknown_test,11k:1067_R,9,False,11k:1533_R,0.2927873201190643,,
palm,unknown_test,11k:1067_R,10,False,11k:1556_R,0.24065446609843258,,
palm,unknown_test,11k:1067_R,11,False,11k:1558_R,0.2526492583870077,,
palm,unknown_test,11k:1067_R,12,False,11k:1533_R,0.2753535730262764,,
palm,unknown_test,11k:1067_R,13,False,11k:1556_R,0.24323693117079773,,
palm,unknown_test,11k:1070_L,1,False,11k:1520_L,0.3080755815058923,,
palm,unknown_test,11k:1070_L,2,False,11k:1520_L,0.3340213028399056,,
palm,unknown_test,11k:1070_L,3,False,11k:8_L,0.2383503147899098,,
palm,unknown_test,11k:1070_L,4,False,11k:1059_L,0.2889310053907937,,
palm,unknown_test,11k:1070_L,5,False,11k:1059_L,0.29004129221423547,,
palm,unknown_test,11k:1070_R,1,False,11k:1571_R,0.3193271150518444,,
palm,unknown_test,11k:1070_R,2,False,11k:1571_R,0.3208918950780899,,
palm,unknown_test,11k:1070_R,3,False,11k:1571_R,0.240575972113943,,
palm,unknown_test,11k:1070_R,4,False,11k:1571_R,0.2704348878836809,,
palm,unknown_test,11k:1070_R,5,False,11k:1571_R,0.3645908501990136,,
palm,unknown_test,11k:1070_R,6,False,11k:1571_R,0.3498349864207937,,
palm,unknown_test,11k:1070_R,7,False,11k:65_R,0.30770673290198214,,
palm,unknown_test,11k:1070_R,8,False,11k:1571_R,0.2863866192481815,,
palm,unknown_test,11k:1070_R,9,False,11k:65_R,0.28185488647164336,,
palm,unknown_test,11k:1070_R,10,False,11k:1571_R,0.3084207622821896,,
palm,unknown_test,11k:1070_R,11,False,11k:65_R,0.29871502086248547,,
palm,unknown_test,11k:1070_R,12,False,11k:1571_R,0.27611112555002937,,
palm,unknown_test,11k:1079_L,1,False,11k:1009_L,0.3322279415124946,,
palm,unknown_test,11k:1079_L,2,False,11k:1009_L,0.2800210025273083,,
palm,unknown_test,11k:1079_L,3,False,11k:1009_L,0.3678268452793625,,
palm,unknown_test,11k:1079_L,4,False,11k:1516_L,0.28879236231176436,,
palm,unknown_test,11k:1079_L,5,False,11k:65_L,0.29491184052145575,,
palm,unknown_test,11k:1079_L,6,False,11k:1009_L,0.35293298095475056,,
palm,unknown_test,11k:1079_L,7,False,11k:1009_L,0.2801204733494903,,
palm,unknown_test,11k:1079_L,8,False,11k:1061_L,0.32848144646728,,
palm,unknown_test,11k:1079_L,9,False,11k:1009_L,0.30836747402746584,,
palm,unknown_test,11k:1079_L,10,False,11k:1009_L,0.27430415141993136,,
palm,unknown_test,11k:1079_L,11,False,11k:1059_L,0.2948666281040324,,
palm,unknown_test,11k:1079_L,12,False,11k:1061_L,0.267512247805983,,
palm,unknown_test,11k:1079_R,1,False,11k:1009_R,0.28331886006003015,,
palm,unknown_test,11k:1079_R,2,False,11k:1009_R,0.29038759766040545,,
palm,unknown_test,11k:1079_R,3,False,11k:587_R,0.2477690446159344,,
palm,unknown_test,11k:1079_R,4,False,11k:65_R,0.2610030535567377,,
palm,unknown_test,11k:1079_R,5,False,11k:65_R,0.23326670512417197,,
palm,unknown_test,11k:1079_R,6,False,11k:65_R,0.23965848798947353,,
palm,unknown_test,11k:1079_R,7,False,11k:1009_R,0.3289774653923127,,
palm,unknown_test,11k:1079_R,8,False,11k:1009_R,0.26520309439023393,,
palm,unknown_test,11k:1079_R,9,False,11k:1009_R,0.32048047605674,,
palm,unknown_test,11k:1079_R,10,False,11k:1009_R,0.3234895553224343,,
palm,unknown_test,11k:1079_R,11,False,11k:1009_R,0.32808943029411985,,
palm,unknown_test,11k:1079_R,12,False,11k:1588_R,0.21652435562903044,,
palm,unknown_test,11k:1079_R,13,False,11k:1009_R,0.20624105775867496,,
palm,unknown_test,11k:1081_L,1,False,11k:11_L,0.318992989408309,,
palm,unknown_test,11k:1081_L,2,False,11k:11_L,0.2935820405484676,,
palm,unknown_test,11k:1081_L,3,False,11k:11_L,0.32625212454801555,,
palm,unknown_test,11k:1081_L,4,False,11k:11_L,0.27654308313531684,,
palm,unknown_test,11k:1081_L,5,False,11k:1517_L,0.2659728406103201,,
palm,unknown_test,11k:1081_L,6,False,11k:1594_L,0.24929569613325403,,
palm,unknown_test,11k:1081_L,7,False,11k:10_L,0.2721127184964376,,
palm,unknown_test,11k:1081_L,8,False,11k:1520_L,0.3101851243180963,,
palm,unknown_test,11k:1081_R,1,False,11k:11_R,0.3524097744032207,,
palm,unknown_test,11k:1081_R,2,False,11k:1520_R,0.29972714774286974,,
palm,unknown_test,11k:1081_R,3,False,11k:1520_R,0.2713628232004531,,
palm,unknown_test,11k:1081_R,4,False,11k:1520_R,0.24936802516664427,,
palm,unknown_test,11k:1081_R,5,False,11k:1517_R,0.20797012961764522,,
palm,unknown_test,11k:1081_R,6,False,11k:1520_R,0.23344462307381716,,
palm,unknown_test,11k:1081_R,7,False,11k:1520_R,0.22304367884024406,,
palm,unknown_test,11k:1088_L,1,False,11k:57_L,0.3315998130805502,,
palm,unknown_test,11k:1088_L,2,False,11k:57_L,0.30547192191240613,,
palm,unknown_test,11k:1088_L,3,False,11k:1028_L,0.3151538453488895,,
palm,unknown_test,11k:1088_L,4,False,11k:57_L,0.28460465765532683,,
palm,unknown_test,11k:1088_L,5,False,11k:57_L,0.32083661546085507,,
palm,unknown_test,11k:1088_L,6,False,11k:57_L,0.29074364387715185,,
palm,unknown_test,11k:1088_L,7,False,11k:57_L,0.33857311014971314,,
palm,unknown_test,11k:1088_L,8,False,11k:57_L,0.32236429683744977,,
palm,unknown_test,11k:1088_L,9,False,11k:1028_L,0.32395295296535864,,
palm,unknown_test,11k:1088_L,10,False,11k:1028_L,0.29873895004317197,,
palm,unknown_test,11k:1088_R,1,False,11k:1028_R,0.38266901888636734,,
palm,unknown_test,11k:1088_R,2,False,11k:1028_R,0.33465406550026433,,
palm,unknown_test,11k:1088_R,3,False,11k:1028_R,0.41583951973294797,,
palm,unknown_test,11k:1088_R,4,False,11k:1028_R,0.4109817111866552,,
palm,unknown_test,11k:1088_R,5,False,11k:1028_R,0.34291275831565016,,
palm,unknown_test,11k:1088_R,6,False,11k:1028_R,0.3053804764351442,,
palm,unknown_test,11k:1088_R,7,False,11k:1556_R,0.24594173621556978,,
palm,unknown_test,11k:1088_R,8,False,11k:1028_R,0.3017902100835945,,
palm,unknown_test,11k:1088_R,9,False,11k:1028_R,0.3233731471813193,,
palm,unknown_test,11k:1093_L,1,False,11k:543_L,0.5784424753167121,,
palm,unknown_test,11k:1093_L,2,False,11k:543_L,0.5121182348420183,,
palm,unknown_test,11k:1093_L,3,False,11k:1525_L,0.5125489935873668,,
palm,unknown_test,11k:1093_L,4,False,11k:1525_L,0.584692901227022,,
palm,unknown_test,11k:1093_L,5,False,11k:543_L,0.624695106894168,,
palm,unknown_test,11k:1093_L,6,False,11k:543_L,0.6605544767732312,,
palm,unknown_test,11k:1093_L,7,False,11k:543_L,0.6601079175832084,,
palm,unknown_test,11k:1093_L,8,False,11k:543_L,0.725937638337348,,
palm,unknown_test,11k:1093_L,9,False,11k:543_L,0.6522721370737146,,
palm,unknown_test,11k:1093_L,10,False,11k:543_L,0.5277465323188695,,
palm,unknown_test,11k:1093_R,1,False,11k:572_R,0.5248254979336918,,
palm,unknown_test,11k:1093_R,2,False,11k:543_R,0.6042959451649067,,
palm,unknown_test,11k:1093_R,3,False,11k:543_R,0.611285299580922,,
palm,unknown_test,11k:1093_R,4,False,11k:1571_R,0.5639634778361773,,
palm,unknown_test,11k:1093_R,5,False,11k:1571_R,0.6137494535906676,,
palm,unknown_test,11k:1093_R,6,False,11k:1571_R,0.5309752584039611,,
palm,unknown_test,11k:1093_R,7,False,11k:1571_R,0.46834430056023135,,
palm,unknown_test,11k:1093_R,8,False,11k:1571_R,0.4807975910892159,,
palm,unknown_test,11k:1093_R,9,False,11k:1571_R,0.5448024609343136,,
palm,unknown_test,11k:1093_R,10,False,11k:543_R,0.6120466383338276,,
palm,unknown_test,11k:1093_R,11,False,11k:543_R,0.5681519141432736,,
palm,unknown_test,11k:1093_R,12,False,11k:543_R,0.4990464571264832,,
palm,unknown_test,11k:12_R,1,False,11k:1545_R,0.2869769149305788,,
palm,unknown_test,11k:12_R,2,False,11k:1037_R,0.2524032060277167,,
palm,unknown_test,11k:12_R,3,False,11k:1074_R,0.24285482307968762,,
palm,unknown_test,11k:12_R,4,False,11k:570_R,0.2974081412204416,,
palm,unknown_test,11k:12_R,5,False,11k:10_R,0.31772612147813517,,
palm,unknown_test,11k:12_R,6,False,11k:1028_R,0.22311480058031613,,
palm,unknown_test,11k:12_R,7,False,11k:1545_R,0.25333244783505626,,
palm,unknown_test,11k:12_R,8,False,11k:570_R,0.32055379340727,,
palm,unknown_test,11k:12_R,9,False,11k:1037_R,0.32606043244724914,,
palm,unknown_test,11k:12_R,10,False,11k:1028_R,0.2746161938743077,,
palm,unknown_test,11k:1504_L,1,False,11k:1009_L,0.32515836995215097,,
palm,unknown_test,11k:1504_L,2,False,11k:1032_L,0.2909270239562938,,
palm,unknown_test,11k:1504_L,3,False,11k:1000000_L,0.3295546349313694,,
palm,unknown_test,11k:1504_L,4,False,11k:1000000_L,0.3463515516867761,,
palm,unknown_test,11k:1504_L,5,False,11k:1000000_L,0.2931270510226235,,
palm,unknown_test,11k:1504_L,6,False,11k:1000000_L,0.28704212301521015,,
palm,unknown_test,11k:1504_L,7,False,11k:1000000_L,0.30031087596399103,,
palm,unknown_test,11k:1504_L,8,False,11k:1000000_L,0.26081955785335853,,
palm,unknown_test,11k:1504_L,9,False,11k:1525_L,0.261448030516366,,
palm,unknown_test,11k:1504_L,10,False,11k:1000000_L,0.32860122250088614,,
palm,unknown_test,11k:1504_L,11,False,11k:1000000_L,0.34256301611545537,,
palm,unknown_test,11k:1504_L,12,False,11k:1000000_L,0.3040367992654609,,
palm,unknown_test,11k:1504_L,13,False,11k:1000000_L,0.2973706630564352,,
palm,unknown_test,11k:1504_R,1,False,11k:1028_R,0.3151270810007571,,
palm,unknown_test,11k:1504_R,2,False,11k:1028_R,0.28508507954733764,,
palm,unknown_test,11k:1504_R,3,False,11k:1028_R,0.3241387335805368,,
palm,unknown_test,11k:1504_R,4,False,11k:1028_R,0.35583626952590147,,
palm,unknown_test,11k:1504_R,5,False,11k:1028_R,0.3950776013785394,,
palm,unknown_test,11k:1504_R,6,False,11k:1028_R,0.3521604314774184,,
palm,unknown_test,11k:1504_R,7,False,11k:1028_R,0.42323253060411814,,
palm,unknown_test,11k:1504_R,8,False,11k:1028_R,0.33526449592708385,,
palm,unknown_test,11k:1504_R,9,False,11k:1028_R,0.3312898415441189,,
palm,unknown_test,11k:1504_R,10,False,11k:1028_R,0.31514914477115785,,
palm,unknown_test,11k:1504_R,11,False,11k:1028_R,0.31714341394396794,,
palm,unknown_test,11k:1504_R,12,False,11k:1028_R,0.2984802109876136,,
palm,unknown_test,11k:1504_R,13,False,11k:1028_R,0.3439303248383058,,
palm,unknown_test,11k:1515_L,1,False,11k:54_L,0.47701390207801486,,
palm,unknown_test,11k:1515_L,2,False,11k:54_L,0.5196535462665697,,
palm,unknown_test,11k:1515_L,3,False,11k:54_L,0.48352690539472665,,
palm,unknown_test,11k:1515_L,4,False,11k:54_L,0.407784230949601,,
palm,unknown_test,11k:1515_L,5,False,11k:54_L,0.43097760347764164,,
palm,unknown_test,11k:1515_R,1,False,11k:54_R,0.44289268203102206,,
palm,unknown_test,11k:1515_R,2,False,11k:54_R,0.39621111113546553,,
palm,unknown_test,11k:1515_R,3,False,11k:54_R,0.44551586701610135,,
palm,unknown_test,11k:1515_R,4,False,11k:54_R,0.3999701572742368,,
palm,unknown_test,11k:1515_R,5,False,11k:54_R,0.4655011958942679,,
palm,unknown_test,11k:1515_R,6,False,11k:54_R,0.4698453944083324,,
palm,unknown_test,11k:1515_R,7,False,11k:54_R,0.400036034779226,,
palm,unknown_test,11k:1519_L,1,False,11k:86_L,0.42467346050766674,,
palm,unknown_test,11k:1519_L,2,False,11k:86_L,0.4943538050183196,,
palm,unknown_test,11k:1519_L,3,False,11k:86_L,0.49035455973560466,,
palm,unknown_test,11k:1519_L,4,False,11k:54_L,0.42682441846887065,,
palm,unknown_test,11k:1519_L,5,False,11k:86_L,0.418864070228274,,
palm,unknown_test,11k:1519_L,6,False,11k:86_L,0.40497538086773843,,
palm,unknown_test,11k:1519_L,7,False,11k:86_L,0.41653513078255533,,
palm,unknown_test,11k:1519_R,1,False,11k:596_R,0.2868921419258762,,
palm,unknown_test,11k:1519_R,2,False,11k:596_R,0.2608469047563985,,
palm,unknown_test,11k:1519_R,3,False,11k:596_R,0.2971814878146157,,
palm,unknown_test,11k:1519_R,4,False,11k:596_R,0.2812768787282861,,
palm,unknown_test,11k:1519_R,5,False,11k:596_R,0.3015431978234103,,
palm,unknown_test,11k:1519_R,6,False,11k:1020_R,0.2726262071741836,,
palm,unknown_test,11k:1519_R,7,False,11k:596_R,0.22402390170921913,,
palm,unknown_test,11k:1519_R,8,False,11k:596_R,0.23510526556159406,,
palm,unknown_test,11k:1519_R,9,False,11k:54_R,0.26924154427003494,,
palm,unknown_test,11k:1519_R,10,False,11k:8_R,0.2676675636004319,,
palm,unknown_test,11k:1535_L,1,False,11k:10_L,0.22490985779469058,,
palm,unknown_test,11k:1535_L,2,False,11k:1594_L,0.3052200562843224,,
palm,unknown_test,11k:1535_L,3,False,11k:86_L,0.2935651345760444,,
palm,unknown_test,11k:1535_L,4,False,11k:1594_L,0.3330014576892409,,
palm,unknown_test,11k:1535_R,1,False,11k:1593_R,0.255056244947371,,
palm,unknown_test,11k:1535_R,2,False,11k:1593_R,0.2390915307530556,,
palm,unknown_test,11k:1535_R,3,False,11k:1593_R,0.3005579810162509,,
palm,unknown_test,11k:1535_R,4,False,11k:1593_R,0.2794568085962923,,
palm,unknown_test,11k:1535_R,5,False,11k:1545_R,0.23861393233326406,,
palm,unknown_test,11k:1535_R,6,False,11k:11_R,0.2469405044335257,,
palm,unknown_test,11k:1536_L,1,False,11k:1593_L,0.2940982880764079,,
palm,unknown_test,11k:1536_L,2,False,11k:1593_L,0.26859522778025285,,
palm,unknown_test,11k:1536_L,3,False,11k:1593_L,0.278500573784277,,
palm,unknown_test,11k:1536_L,4,False,11k:1593_L,0.27477991079390873,,
palm,unknown_test,11k:1536_L,5,False,11k:1593_L,0.30821717102980817,,
palm,unknown_test,11k:1536_L,6,False,11k:92_L,0.22647776021125832,,
palm,unknown_test,11k:1536_L,7,False,11k:92_L,0.26244205310598634,,
palm,unknown_test,11k:1536_L,8,False,11k:1593_L,0.28714705281011954,,
palm,unknown_test,11k:1536_L,9,False,11k:1593_L,0.3465888205206635,,
palm,unknown_test,11k:1536_L,10,False,11k:92_L,0.26233215337694316,,
palm,unknown_test,11k:1536_L,11,False,11k:92_L,0.27929955469177803,,
palm,unknown_test,11k:1536_R,1,False,11k:587_R,0.29120877315593857,,
palm,unknown_test,11k:1536_R,2,False,11k:587_R,0.29428743418022907,,
palm,unknown_test,11k:1536_R,3,False,11k:57_R,0.25318234211511426,,
palm,unknown_test,11k:1536_R,4,False,11k:92_R,0.33714413596071435,,
palm,unknown_test,11k:1536_R,5,False,11k:587_R,0.2951212452431767,,
palm,unknown_test,11k:1536_R,6,False,11k:92_R,0.32811683514288115,,
palm,unknown_test,11k:1536_R,7,False,11k:57_R,0.26500158996291445,,
palm,unknown_test,11k:1536_R,8,False,11k:587_R,0.27418270618709706,,
palm,unknown_test,11k:1536_R,9,False,11k:587_R,0.29613201674911066,,
palm,unknown_test,11k:1537_L,1,False,11k:1516_L,0.2598877102738985,,
palm,unknown_test,11k:1537_L,2,False,11k:572_L,0.25295366083984144,,
palm,unknown_test,11k:1537_L,3,False,11k:572_L,0.24371337680332064,,
palm,unknown_test,11k:1537_L,4,False,11k:1517_L,0.2240197959928459,,
palm,unknown_test,11k:1537_L,5,False,11k:1517_L,0.19873055654762783,,
palm,unknown_test,11k:1537_L,6,False,11k:572_L,0.2519869916606162,,
palm,unknown_test,11k:1537_L,7,False,11k:587_L,0.23720766185988262,,
palm,unknown_test,11k:1537_L,8,False,11k:572_L,0.2623315956930286,,
palm,unknown_test,11k:1537_L,9,False,11k:587_L,0.2692414739430477,,
palm,unknown_test,11k:1537_L,10,False,11k:1516_L,0.24337924285702328,,
palm,unknown_test,11k:1537_L,11,False,11k:1516_L,0.26356206463115994,,
palm,unknown_test,11k:1537_L,12,False,11k:572_L,0.2711649274199919,,
palm,unknown_test,11k:1537_L,13,False,11k:572_L,0.25913297495834237,,
palm,unknown_test,11k:1537_L,14,False,11k:572_L,0.30275899579148735,,
palm,unknown_test,11k:1537_L,15,False,11k:587_L,0.2368611671694018,,
palm,unknown_test,11k:1537_R,1,False,11k:1516_R,0.40608998441287536,,
palm,unknown_test,11k:1537_R,2,False,11k:1516_R,0.29870413274157603,,
palm,unknown_test,11k:1537_R,3,False,11k:1516_R,0.2618875413078939,,
palm,unknown_test,11k:1537_R,4,False,11k:1516_R,0.38501077428757113,,
palm,unknown_test,11k:1537_R,5,False,11k:1516_R,0.4309250423286675,,
palm,unknown_test,11k:1537_R,6,False,11k:1516_R,0.3780587212364197,,
palm,unknown_test,11k:1537_R,7,False,11k:1516_R,0.3403374335603856,,
palm,unknown_test,11k:1537_R,8,False,11k:1516_R,0.29236118862509763,,
palm,unknown_test,11k:1541_L,1,False,11k:1571_L,0.4017751627883521,,
palm,unknown_test,11k:1541_L,2,False,11k:1571_L,0.4234163107747016,,
palm,unknown_test,11k:1541_L,3,False,11k:1571_L,0.41761964856182143,,
palm,unknown_test,11k:1541_L,4,False,11k:1571_L,0.4035389243143672,,
palm,unknown_test,11k:1541_L,5,False,11k:1571_L,0.42462427470708036,,
palm,unknown_test,11k:1541_L,6,False,11k:1571_L,0.38165775661129514,,
palm,unknown_test,11k:1541_L,7,False,11k:1571_L,0.3891201789728943,,
palm,unknown_test,11k:1541_L,8,False,11k:1571_L,0.4134523774492699,,
palm,unknown_test,11k:1541_L,9,False,11k:1571_L,0.41585932677539156,,
palm,unknown_test,11k:1541_L,10,False,11k:1571_L,0.4392840168255061,,
palm,unknown_test,11k:1541_L,11,False,11k:1571_L,0.41027429343731636,,
palm,unknown_test,11k:1541_L,12,False,11k:1571_L,0.4063334491763869,,
palm,unknown_test,11k:1541_L,13,False,11k:1505_L,0.3282893834551044,,
palm,unknown_test,11k:1541_L,14,False,11k:1571_L,0.4264273952160202,,
palm,unknown_test,11k:1541_L,15,False,11k:1571_L,0.4162195541308125,,
palm,unknown_test,11k:1541_L,16,False,11k:1571_L,0.40170614571167323,,
palm,unknown_test,11k:1541_L,17,False,11k:1571_L,0.3959791008642492,,
palm,unknown_test,11k:1541_L,18,False,11k:1571_L,0.41391691754539817,,
palm,unknown_test,11k:1541_L,19,False,11k:1571_L,0.4389925258661189,,
palm,unknown_test,11k:1541_L,20,False,11k:1571_L,0.412264307468319,,
palm,unknown_test,11k:1541_L,21,False,11k:1571_L,0.4652578660541029,,
palm,unknown_test,11k:1541_L,22,False,11k:1571_L,0.378010400133474,,
palm,unknown_test,11k:1541_L,23,False,11k:1571_L,0.4155701265680901,,
palm,unknown_test,11k:1541_L,24,False,11k:1571_L,0.40458669073871506,,
palm,unknown_test,11k:1541_L,25,False,11k:1571_L,0.35394363132950446,,
palm,unknown_test,11k:1541_L,26,False,11k:1571_L,0.4264466825827356,,
palm,unknown_test,11k:1541_L,27,False,11k:1571_L,0.39033449722713953,,
palm,unknown_test,11k:1541_L,28,False,11k:1571_L,0.46000167506600487,,
palm,unknown_test,11k:1541_L,29,False,11k:1571_L,0.45319910648051925,,
palm,unknown_test,11k:1541_L,30,False,11k:1571_L,0.5174611720131548,,
palm,unknown_test,11k:1541_R,1,False,11k:1571_R,0.3417448700780034,,
palm,unknown_test,11k:1541_R,2,False,11k:1571_R,0.3702288721787782,,
palm,unknown_test,11k:1541_R,3,False,11k:1571_R,0.3658316060968315,,
palm,unknown_test,11k:1541_R,4,False,11k:1571_R,0.31462638982921437,,
palm,unknown_test,11k:1541_R,5,False,11k:1571_R,0.2988234240673489,,
palm,unknown_test,11k:1541_R,6,False,11k:1571_R,0.2468719033515384,,
palm,unknown_test,11k:1541_R,7,False,11k:1571_R,0.3702598820623959,,
palm,unknown_test,11k:1541_R,8,False,11k:1571_R,0.346937444971992,,
palm,unknown_test,11k:1541_R,9,False,11k:1571_R,0.3472495981971106,,
palm,unknown_test,11k:1541_R,10,False,11k:1571_R,0.23952423491422697,,
palm,unknown_test,11k:1541_R,11,False,11k:1571_R,0.23370342984890566,,
palm,unknown_test,11k:1541_R,12,False,11k:1571_R,0.2966959318555112,,
palm,unknown_test,11k:1541_R,13,False,11k:1571_R,0.30971165285561425,,
palm,unknown_test,11k:1541_R,14,False,11k:1571_R,0.26744435566556196,,
palm,unknown_test,11k:1541_R,15,False,11k:1571_R,0.32234476224502084,,
palm,unknown_test,11k:1541_R,16,False,11k:1571_R,0.30733879160705924,,
palm,unknown_test,11k:1541_R,17,False,11k:1571_R,0.3437542909215587,,
palm,unknown_test,11k:1541_R,18,False,11k:1571_R,0.33829260915498005,,
palm,unknown_test,11k:1541_R,19,False,11k:1571_R,0.31798826318962836,,
palm,unknown_test,11k:1541_R,20,False,11k:1571_R,0.29871922795096706,,
palm,unknown_test,11k:1541_R,21,False,11k:1571_R,0.22260197162067358,,
palm,unknown_test,11k:1541_R,22,False,11k:1579_R,0.28760748360805,,
palm,unknown_test,11k:1541_R,23,False,11k:1571_R,0.2844937693939141,,
palm,unknown_test,11k:1541_R,24,False,11k:1571_R,0.3050501265799888,,
palm,unknown_test,11k:1541_R,25,False,11k:1571_R,0.29737570607085784,,
palm,unknown_test,11k:1541_R,26,False,11k:1571_R,0.3006394765154139,,
palm,unknown_test,11k:1544_L,1,False,11k:1028_L,0.22502680361679353,,
palm,unknown_test,11k:1544_L,2,False,11k:1505_L,0.25625344912905235,,
palm,unknown_test,11k:1544_L,3,False,11k:1021_L,0.3219461183246457,,
palm,unknown_test,11k:1544_L,4,False,11k:86_L,0.2563392021813057,,
palm,unknown_test,11k:1544_L,5,False,11k:1021_L,0.25275355245910314,,
palm,unknown_test,11k:1544_L,6,False,11k:1021_L,0.2751174826703765,,
palm,unknown_test,11k:1544_L,7,False,11k:86_L,0.23844462651155973,,
palm,unknown_test,11k:1544_L,8,False,11k:1021_L,0.3096650553637573,,
palm,unknown_test,11k:1544_L,9,False,11k:1021_L,0.3400297629015616,,
palm,unknown_test,11k:1544_L,10,False,11k:86_L,0.2438019978186725,,
palm,unknown_test,11k:1544_L,11,False,11k:86_L,0.28693339153559816,,
palm,unknown_test,11k:1544_R,1,False,11k:86_R,0.2689061926205409,,
palm,unknown_test,11k:1544_R,2,False,11k:86_R,0.25775839813363743,,
palm,unknown_test,11k:1544_R,3,False,11k:541_R,0.21698291368755956,,
palm,unknown_test,11k:1544_R,4,False,11k:596_R,0.2511664059537335,,
palm,unknown_test,11k:1544_R,5,False,11k:596_R,0.2890359873067344,,
palm,unknown_test,11k:1544_R,6,False,11k:541_R,0.23969786126788736,,
palm,unknown_test,11k:1544_R,7,False,11k:86_R,0.3411921728008459,,
palm,unknown_test,11k:1567_L,1,False,11k:1562_L,0.3361384172159462,,
palm,unknown_test,11k:1567_L,2,False,11k:1562_L,0.3234282122066492,,
palm,unknown_test,11k:1567_L,3,False,11k:1562_L,0.27223739533836855,,
palm,unknown_test,11k:1567_L,4,False,11k:1562_L,0.320049031584294,,
palm,unknown_test,11k:1567_L,5,False,11k:1562_L,0.29658707448371296,,
palm,unknown_test,11k:1567_L,6,False,11k:1562_L,0.281605505078969,,
palm,unknown_test,11k:1567_L,7,False,11k:1562_L,0.27732621027675386,,
palm,unknown_test,11k:1567_R,1,False,11k:65_R,0.3385728877672236,,
palm,unknown_test,11k:1567_R,2,False,11k:65_R,0.3256349675700829,,
palm,unknown_test,11k:1567_R,3,False,11k:65_R,0.30966658955439685,,
palm,unknown_test,11k:1567_R,4,False,11k:65_R,0.2915408306669398,,
palm,unknown_test,11k:1567_R,5,False,11k:65_R,0.3386366781405619,,
palm,unknown_test,11k:1567_R,6,False,11k:65_R,0.3135665141092044,,
palm,unknown_test,11k:1567_R,7,False,11k:65_R,0.3228460793463971,,
palm,unknown_test,11k:1567_R,8,False,11k:1043_R,0.2637192500714072,,
palm,unknown_test,11k:1567_R,9,False,11k:65_R,0.2792905902394218,,
palm,unknown_test,11k:1567_R,10,False,11k:65_R,0.31109924696612823,,
palm,unknown_test,11k:1567_R,11,False,11k:65_R,0.2395713299341247,,
palm,unknown_test,11k:1592_L,1,False,11k:55_L,0.5750031997181764,,
palm,unknown_test,11k:1592_L,2,False,11k:1074_L,0.4775950540856553,,
palm,unknown_test,11k:1592_L,3,False,11k:10_L,0.503002496059443,,
palm,unknown_test,11k:1592_L,4,False,11k:10_L,0.5278262144130017,,
palm,unknown_test,11k:1592_L,5,False,11k:1074_L,0.4451205166289236,,
palm,unknown_test,11k:1592_R,1,False,11k:1571_R,0.44657474566601213,,
palm,unknown_test,11k:1592_R,2,False,11k:572_R,0.4301406455421627,,
palm,unknown_test,11k:1592_R,3,False,11k:543_R,0.48477675425007305,,
palm,unknown_test,11k:1592_R,4,False,11k:81_R,0.3799858567938037,,
palm,unknown_test,11k:1592_R,5,False,11k:543_R,0.40838018523959907,,
palm,unknown_test,11k:1592_R,6,False,11k:81_R,0.7287655423925637,,
palm,unknown_test,11k:571_L,1,False,11k:1032_L,0.334536408917681,,
palm,unknown_test,11k:571_L,2,False,11k:543_L,0.3021061808496286,,
palm,unknown_test,11k:571_L,3,False,11k:1593_L,0.35190492030974113,,
palm,unknown_test,11k:571_L,4,False,11k:1593_L,0.2931516660700614,,
palm,unknown_test,11k:571_L,5,False,11k:1059_L,0.3150858055606549,,
palm,unknown_test,11k:571_L,6,False,11k:596_L,0.24192218681493266,,
palm,unknown_test,11k:571_L,7,False,11k:543_L,0.32562844674402236,,
palm,unknown_test,11k:571_L,8,False,11k:1588_L,0.3707692123753574,,
palm,unknown_test,11k:571_R,1,False,11k:1593_R,0.4044209566643372,,
palm,unknown_test,11k:571_R,2,False,11k:1593_R,0.4488072823346133,,
palm,unknown_test,11k:571_R,3,False,11k:1593_R,0.35242617246512453,,
palm,unknown_test,11k:571_R,4,False,11k:1593_R,0.3747153548537051,,
palm,unknown_test,11k:571_R,5,False,11k:587_R,0.3291004710040554,,
palm,unknown_test,11k:571_R,6,False,11k:55_R,0.35897836181595444,,
palm,unknown_test,11k:571_R,7,False,11k:1028_R,0.3300011023759785,,
palm,unknown_test,11k:571_R,8,False,11k:587_R,0.3461098904801563,,
palm,unknown_test,11k:571_R,9,False,11k:55_R,0.37003443821919524,,
palm,unknown_test,11k:571_R,10,False,11k:55_R,0.41127592197395113,,
palm,unknown_test,11k:571_R,11,False,11k:55_R,0.36914471159316264,,
palm,unknown_test,11k:581_L,1,False,11k:1035_L,0.2489793707138669,,
palm,unknown_test,11k:581_L,2,False,11k:1545_L,0.23110418166526625,,
palm,unknown_test,11k:581_L,3,False,11k:586_L,0.21121041218499703,,
palm,unknown_test,11k:581_L,4,False,11k:1545_L,0.3142901127779043,,
palm,unknown_test,11k:581_L,5,False,11k:65_L,0.23831187999437822,,
palm,unknown_test,11k:581_L,6,False,11k:1545_L,0.24098603499898613,,
palm,unknown_test,11k:581_L,7,False,11k:1545_L,0.26679410451532265,,
palm,unknown_test,11k:581_L,8,False,11k:65_L,0.26066286154147456,,
palm,unknown_test,11k:581_L,9,False,11k:1075_L,0.23672148625091016,,
palm,unknown_test,11k:581_L,10,False,11k:1075_L,0.26570871165861343,,
palm,unknown_test,11k:581_R,1,False,11k:86_R,0.30795023827719786,,
palm,unknown_test,11k:581_R,2,False,11k:1545_R,0.25798316860044435,,
palm,unknown_test,11k:581_R,3,False,11k:1545_R,0.21850679145116744,,
palm,unknown_test,11k:581_R,4,False,11k:1545_R,0.22807762651987668,,
palm,unknown_test,11k:581_R,5,False,11k:1545_R,0.20453233165423973,,
palm,unknown_test,11k:581_R,6,False,11k:1545_R,0.20293197659222625,,
palm,unknown_test,11k:581_R,7,False,11k:1545_R,0.21933222056936788,,
palm,unknown_test,11k:581_R,8,False,11k:65_R,0.2217517981434135,,
palm,unknown_test,11k:594_L,1,False,11k:54_L,0.46245219959019535,,
palm,unknown_test,11k:594_L,2,False,11k:54_L,0.5555681472689578,,
palm,unknown_test,11k:594_L,3,False,11k:54_L,0.5994227591562111,,
palm,unknown_test,11k:594_L,4,False,11k:54_L,0.47066541517320504,,
palm,unknown_test,11k:594_L,5,False,11k:54_L,0.40661689429559833,,
palm,unknown_test,11k:594_R,1,False,11k:54_R,0.5111881912486882,,
palm,unknown_test,11k:594_R,2,False,11k:54_R,0.41452008941113627,,
palm,unknown_test,11k:594_R,3,False,11k:572_R,0.3909822330833952,,
palm,unknown_test,11k:594_R,4,False,11k:54_R,0.4336646853080839,,
palm,unknown_test,11k:595_L,1,False,11k:92_L,0.3384102376606312,,
palm,unknown_test,11k:595_L,2,False,11k:92_L,0.2963939757591072,,
palm,unknown_test,11k:595_L,3,False,11k:92_L,0.28629766030419257,,
palm,unknown_test,11k:595_L,4,False,11k:92_L,0.30765131576002613,,
palm,unknown_test,11k:595_L,5,False,11k:92_L,0.2869468982966304,,
palm,unknown_test,11k:595_L,6,False,11k:92_L,0.32455592122952415,,
palm,unknown_test,11k:595_L,7,False,11k:92_L,0.3066562179727288,,
palm,unknown_test,11k:595_L,8,False,11k:92_L,0.3131494700224623,,
palm,unknown_test,11k:595_L,9,False,11k:92_L,0.26923178253157903,,
palm,unknown_test,11k:595_L,10,False,11k:92_L,0.2869961441703386,,
palm,unknown_test,11k:595_R,1,False,11k:92_R,0.39924519554221916,,
palm,unknown_test,11k:595_R,2,False,11k:92_R,0.4099767464001232,,
palm,unknown_test,11k:595_R,3,False,11k:92_R,0.4050369625267739,,
palm,unknown_test,11k:595_R,4,False,11k:92_R,0.41206537705890667,,
palm,unknown_test,11k:595_R,5,False,11k:92_R,0.39907157722404596,,
palm,unknown_test,11k:595_R,6,False,11k:92_R,0.3931265994999319,,
palm,unknown_test,11k:6000000_L,1,False,11k:1571_L,0.26308042750234395,,
palm,unknown_test,11k:6000000_L,2,False,11k:92_L,0.25628095985918586,,
palm,unknown_test,11k:6000000_L,3,False,11k:1571_L,0.24276442879733817,,
palm,unknown_test,11k:6000000_L,4,False,11k:1571_L,0.22794211583797008,,
palm,unknown_test,11k:6000000_L,5,False,11k:1571_L,0.2685414812352758,,
palm,unknown_test,11k:6000000_L,6,False,11k:1571_L,0.32545152957203216,,
palm,unknown_test,11k:6000000_L,7,False,11k:1505_L,0.2898024512054686,,
palm,unknown_test,11k:6000000_L,8,False,11k:1503_L,0.2578980113294993,,
palm,unknown_test,11k:6000000_R,1,False,11k:92_R,0.38381852571147523,,
palm,unknown_test,11k:6000000_R,2,False,11k:92_R,0.34293097658857963,,
palm,unknown_test,11k:6000000_R,3,False,11k:92_R,0.36150089371988703,,
palm,unknown_test,11k:6000000_R,4,False,11k:92_R,0.3933351916973658,,
palm,unknown_test,11k:6000000_R,5,False,11k:92_R,0.4530254404781129,,
palm,unknown_test,11k:6000000_R,6,False,11k:92_R,0.35095265084601057,,
palm,unknown_test,11k:6000000_R,7,False,11k:92_R,0.3792811600421138,,
palm,unknown_test,11k:6000000_R,8,False,11k:92_R,0.38613363415567004,,
palm,unknown_test,11k:6000000_R,9,False,11k:92_R,0.39350790201197194,,
palm,unknown_test,11k:6000000_R,10,False,11k:92_R,0.4573239903038533,,
palm,unknown_test,11k:7000000_L,1,False,11k:543_L,0.44370631553276685,,
palm,unknown_test,11k:7000000_L,2,False,11k:543_L,0.4165879896816604,,
palm,unknown_test,11k:7000000_L,3,False,11k:543_L,0.4792337319215837,,
palm,unknown_test,11k:7000000_L,4,False,11k:543_L,0.4009250601490063,,
palm,unknown_test,11k:7000000_L,5,False,11k:543_L,0.3731444235296966,,
palm,unknown_test,11k:7000000_L,6,False,11k:543_L,0.4186455809027562,,
palm,unknown_test,11k:7000000_L,7,False,11k:543_L,0.3801308135615526,,
palm,unknown_test,11k:7000000_L,8,False,11k:543_L,0.38170815604431185,,
palm,unknown_test,11k:7000000_L,9,False,11k:543_L,0.3381790253228786,,
palm,unknown_test,11k:7000000_R,1,False,11k:543_R,0.3452451930688722,,
palm,unknown_test,11k:7000000_R,2,False,11k:543_R,0.3347822314274743,,
palm,unknown_test,11k:7000000_R,3,False,11k:543_R,0.3595669644339984,,
palm,unknown_test,11k:7000000_R,4,False,11k:543_R,0.29451475101413427,,
palm,unknown_test,11k:7000000_R,5,False,11k:543_R,0.3244789439372312,,
palm,unknown_test,11k:7000000_R,6,False,11k:543_R,0.35527373922421424,,
palm,unknown_test,11k:7000000_R,7,False,11k:543_R,0.3369405248182914,,
palm,unknown_test,11k:7000000_R,8,False,11k:543_R,0.35111986030818115,,
palm,unknown_test,11k:7000000_R,9,False,11k:543_R,0.36635854238691906,,
palm,unknown_test,11k:7000000_R,10,False,11k:543_R,0.4164586410072919,,
palm,unknown_test,11k:88_L,1,False,11k:570_L,0.28176041438926125,,
palm,unknown_test,11k:88_L,2,False,11k:92_L,0.2760115350235819,,
palm,unknown_test,11k:88_L,3,False,11k:92_L,0.29241964854398306,,
palm,unknown_test,11k:88_L,4,False,11k:570_L,0.31713666592300493,,
palm,unknown_test,11k:88_L,5,False,11k:570_L,0.3092147194283537,,
palm,unknown_test,11k:88_L,6,False,11k:92_L,0.34250893684767547,,
palm,unknown_test,11k:88_L,7,False,11k:572_L,0.3002178680400984,,
palm,unknown_test,11k:88_L,8,False,11k:570_L,0.36349895977282837,,
palm,unknown_test,11k:88_L,9,False,11k:572_L,0.34272602905613786,,
palm,unknown_test,11k:88_R,1,False,11k:1028_R,0.367698349464721,,
palm,unknown_test,11k:88_R,2,False,11k:1028_R,0.4524992672707049,,
palm,unknown_test,11k:88_R,3,False,11k:1028_R,0.40527318200037465,,
palm,unknown_test,11k:88_R,4,False,11k:1028_R,0.3832347043392234,,
palm,unknown_test,11k:88_R,5,False,11k:1028_R,0.3852938612895364,,
palm,unknown_test,11k:88_R,6,False,11k:1028_R,0.41995973306313683,,
palm,unknown_test,11k:88_R,7,False,11k:1028_R,0.39864069217985876,,
dorsal,genuine_known,11k:10_L,5,False,11k:10_L,0.9197762103968152,0.9197762103968152,1
dorsal,genuine_known,11k:10_R,13,False,11k:10_R,0.9109964360549426,0.9109964360549426,1
dorsal,genuine_known,11k:1000000_L,17,False,11k:1000000_L,0.9375310777946595,0.9375310777946595,1
dorsal,genuine_known,11k:1000000_R,9,False,11k:1000000_R,0.9595930648615818,0.9595930648615818,1
dorsal,genuine_known,11k:1009_L,13,False,11k:1009_L,0.9465393188660587,0.9465393188660587,1
dorsal,genuine_known,11k:1009_R,11,False,11k:1009_R,0.9587518530908121,0.9587518530908121,1
dorsal,genuine_known,11k:1013_L,17,False,11k:1013_L,0.9671707638691469,0.9671707638691469,1
dorsal,genuine_known,11k:1013_R,23,False,11k:1013_R,0.9389372294137464,0.9389372294137464,1
dorsal,genuine_known,11k:1019_L,26,False,11k:1019_L,0.9092162583397716,0.9092162583397716,1
dorsal,genuine_known,11k:1019_R,29,False,11k:1019_R,0.9574308317952852,0.9574308317952852,1
dorsal,genuine_known,11k:1020_L,20,False,11k:1020_L,0.9273889388950145,0.9273889388950145,1
dorsal,genuine_known,11k:1020_R,21,False,11k:1020_R,0.9206976738444469,0.9206976738444469,1
dorsal,genuine_known,11k:1021_L,18,False,11k:1021_L,0.9528275095650136,0.9528275095650136,1
dorsal,genuine_known,11k:1021_R,7,False,11k:1021_R,0.931994072888136,0.931994072888136,1
dorsal,genuine_known,11k:1028_L,14,False,11k:1028_L,0.8616714778188248,0.8616714778188248,1
dorsal,genuine_known,11k:1028_R,7,False,11k:1028_R,0.9297409960010907,0.9297409960010907,1
dorsal,genuine_known,11k:1032_L,21,False,11k:1032_L,0.9708150668114737,0.9708150668114737,1
dorsal,genuine_known,11k:1032_R,19,False,11k:1032_R,0.960461756557889,0.960461756557889,1
dorsal,genuine_known,11k:1033_L,29,False,11k:1033_L,0.8569055591126316,0.8569055591126316,1
dorsal,genuine_known,11k:1033_R,31,False,11k:1033_R,0.9397001137571992,0.9397001137571992,1
dorsal,genuine_known,11k:1035_L,22,False,11k:1035_L,0.924419137548918,0.924419137548918,1
dorsal,genuine_known,11k:1035_R,17,False,11k:1035_R,0.9676004776132825,0.9676004776132825,1
dorsal,genuine_known,11k:1037_L,21,False,11k:1037_L,0.9375826030791659,0.9375826030791659,1
dorsal,genuine_known,11k:1037_R,24,False,11k:1037_R,0.9486636596256239,0.9486636596256239,1
dorsal,genuine_known,11k:1043_L,7,False,11k:1043_L,0.9430946939224802,0.9430946939224802,1
dorsal,genuine_known,11k:1043_R,11,False,11k:1043_R,0.9387461227807081,0.9387461227807081,1
dorsal,genuine_known,11k:1046_L,13,False,11k:1046_L,0.9259005424178229,0.9259005424178229,1
dorsal,genuine_known,11k:1046_R,11,False,11k:1046_R,0.9688053204164693,0.9688053204164693,1
dorsal,genuine_known,11k:1059_L,15,False,11k:1059_L,0.9785165262375077,0.9785165262375077,1
dorsal,genuine_known,11k:1059_R,16,False,11k:1059_R,0.966775824558551,0.966775824558551,1
dorsal,genuine_known,11k:1061_L,12,False,11k:1061_L,0.892066832438083,0.892066832438083,1
dorsal,genuine_known,11k:1061_R,11,False,11k:1061_R,0.957430541517816,0.957430541517816,1
dorsal,genuine_known,11k:1074_L,5,False,11k:1074_L,0.759013516566325,0.759013516566325,1
dorsal,genuine_known,11k:1074_R,5,False,11k:1074_R,0.8864661530240396,0.8864661530240396,1
dorsal,genuine_known,11k:1075_L,17,False,11k:1075_L,0.9541438411851388,0.9541438411851388,1
dorsal,genuine_known,11k:1075_R,19,False,11k:1075_R,0.9515329287223229,0.9515329287223229,1
dorsal,genuine_known,11k:1080_L,21,False,11k:1080_L,0.9730929944900106,0.9730929944900106,1
dorsal,genuine_known,11k:1080_R,22,False,11k:1080_R,0.9655811012897103,0.9655811012897103,1
dorsal,genuine_known,11k:1090_L,22,False,11k:1090_L,0.9254908435961389,0.9254908435961389,1
dorsal,genuine_known,11k:1090_R,22,False,11k:1090_R,0.9370800492264263,0.9370800492264263,1
dorsal,genuine_known,11k:11_L,8,False,11k:11_L,0.9104413658773632,0.9104413658773632,1
dorsal,genuine_known,11k:11_R,5,False,11k:11_R,0.9019114490180988,0.9019114490180988,1
dorsal,genuine_known,11k:1503_L,5,False,11k:1503_L,0.9311396317952179,0.9311396317952179,1
dorsal,genuine_known,11k:1503_R,5,False,11k:1503_R,0.9316024185036155,0.9316024185036155,1
dorsal,genuine_known,11k:1505_L,8,False,11k:1505_L,0.9690235618423109,0.9690235618423109,1
dorsal,genuine_known,11k:1505_R,11,False,11k:1505_R,0.9535518988287756,0.9535518988287756,1
dorsal,genuine_known,11k:1510_L,12,False,11k:1510_L,0.869848641233674,0.869848641233674,1
dorsal,genuine_known,11k:1510_R,11,False,11k:1510_R,0.823824670927679,0.823824670927679,1
dorsal,genuine_known,11k:1516_L,16,False,11k:1516_L,0.8799004413434945,0.8799004413434945,1
dorsal,genuine_known,11k:1516_R,20,False,11k:1516_R,0.8820625295844997,0.8820625295844997,1
dorsal,genuine_known,11k:1517_L,5,False,11k:1517_L,0.9535787826109651,0.9535787826109651,1
dorsal,genuine_known,11k:1517_R,7,False,11k:1517_R,0.9272792338959515,0.9272792338959515,1
dorsal,genuine_known,11k:1520_L,7,False,11k:1520_L,0.9380076095715313,0.9380076095715313,1
dorsal,genuine_known,11k:1520_R,6,False,11k:1520_R,0.9301320226727442,0.9301320226727442,1
dorsal,genuine_known,11k:1525_L,9,False,11k:1525_L,0.955711819428932,0.955711819428932,1
dorsal,genuine_known,11k:1525_R,10,False,11k:1525_R,0.9281978819471076,0.9281978819471076,1
dorsal,genuine_known,11k:1532_L,9,False,11k:1532_L,0.9506752834012037,0.9506752834012037,1
dorsal,genuine_known,11k:1532_R,15,False,11k:1532_R,0.8731643708346121,0.8731643708346121,1
dorsal,genuine_known,11k:1533_L,18,False,11k:1533_L,0.9198260140607589,0.9198260140607589,1
dorsal,genuine_known,11k:1533_R,27,False,11k:1533_R,0.9418264684320025,0.9418264684320025,1
dorsal,genuine_known,11k:1545_L,20,False,11k:1545_L,0.900733048554257,0.900733048554257,1
dorsal,genuine_known,11k:1545_R,12,False,11k:1545_R,0.9201894920799844,0.9201894920799844,1
dorsal,genuine_known,11k:1556_L,23,False,11k:1556_L,0.9548966206989158,0.9548966206989158,1
dorsal,genuine_known,11k:1556_R,14,False,11k:1556_R,0.9446378265238875,0.9446378265238875,1
dorsal,genuine_known,11k:1558_L,18,False,11k:1558_L,0.9586764762993484,0.9586764762993484,1
dorsal,genuine_known,11k:1558_R,25,False,11k:1558_R,0.9290465296386254,0.9290465296386254,1
dorsal,genuine_known,11k:1562_L,10,False,11k:1562_L,0.9459869585113984,0.9459869585113984,1
dorsal,genuine_known,11k:1562_R,14,False,11k:1562_R,0.9499879094473394,0.9499879094473394,1
dorsal,genuine_known,11k:1571_L,16,False,11k:1571_L,0.853997657525872,0.853997657525872,1
dorsal,genuine_known,11k:1571_R,10,False,11k:1571_R,0.8947333262011896,0.8947333262011896,1
dorsal,genuine_known,11k:1579_L,7,False,11k:1579_L,0.9166233448928275,0.9166233448928275,1
dorsal,genuine_known,11k:1579_R,10,False,11k:1579_R,0.9458183011966917,0.9458183011966917,1
dorsal,genuine_known,11k:1585_L,4,False,11k:1585_L,0.9020210209783965,0.9020210209783965,1
dorsal,genuine_known,11k:1585_R,4,False,11k:1585_R,0.8949717656314646,0.8949717656314646,1
dorsal,genuine_known,11k:1588_L,10,False,11k:1588_L,0.9722616413149958,0.9722616413149958,1
dorsal,genuine_known,11k:1588_R,12,False,11k:1588_R,0.9827772831244381,0.9827772831244381,1
dorsal,genuine_known,11k:1593_L,6,False,11k:1593_L,0.929688369821523,0.929688369821523,1
dorsal,genuine_known,11k:1593_R,6,False,11k:1593_R,0.9420949500888871,0.9420949500888871,1
dorsal,genuine_known,11k:1594_L,6,False,11k:1594_L,0.9612739549253714,0.9612739549253714,1
dorsal,genuine_known,11k:1594_R,7,False,11k:1594_R,0.96371035728839,0.96371035728839,1
dorsal,genuine_known,11k:54_L,4,False,11k:54_L,0.6853317363582856,0.6853317363582856,1
dorsal,genuine_known,11k:54_R,4,False,11k:54_R,0.6640446893831381,0.6640446893831381,1
dorsal,genuine_known,11k:541_L,11,False,11k:541_L,0.942684317683596,0.942684317683596,1
dorsal,genuine_known,11k:541_R,13,False,11k:541_R,0.9242233051585729,0.9242233051585729,1
dorsal,genuine_known,11k:543_L,8,False,11k:543_L,0.9214266541091015,0.9214266541091015,1
dorsal,genuine_known,11k:543_R,6,False,11k:543_R,0.9132589182672313,0.9132589182672313,1
dorsal,genuine_known,11k:55_L,24,False,11k:55_L,0.9109493748085837,0.9109493748085837,1
dorsal,genuine_known,11k:55_R,19,False,11k:55_R,0.9256765675524454,0.9256765675524454,1
dorsal,genuine_known,11k:57_L,7,False,11k:57_L,0.9661976604117448,0.9661976604117448,1
dorsal,genuine_known,11k:57_R,15,False,11k:57_R,0.930312763516323,0.930312763516323,1
dorsal,genuine_known,11k:570_L,3,False,11k:570_L,0.9617152869447878,0.9617152869447878,1
dorsal,genuine_known,11k:570_R,5,False,11k:570_R,0.8494112129328463,0.8494112129328463,1
dorsal,genuine_known,11k:572_L,5,False,11k:572_L,0.9358861730048813,0.9358861730048813,1
dorsal,genuine_known,11k:572_R,5,False,11k:572_R,0.9489663757659933,0.9489663757659933,1
dorsal,genuine_known,11k:573_L,10,False,11k:573_L,0.9331870920487522,0.9331870920487522,1
dorsal,genuine_known,11k:573_R,11,False,11k:573_R,0.9506881716656852,0.9506881716656852,1
dorsal,genuine_known,11k:586_L,12,False,11k:586_L,0.9449791600798089,0.9449791600798089,1
dorsal,genuine_known,11k:586_R,20,False,11k:586_R,0.9201235590878936,0.9201235590878936,1
dorsal,genuine_known,11k:587_L,15,False,11k:587_L,0.9414836341017643,0.9414836341017643,1
dorsal,genuine_known,11k:587_R,14,False,11k:587_R,0.9428161973195766,0.9428161973195766,1
dorsal,genuine_known,11k:596_L,13,False,11k:596_L,0.9348975403608971,0.9348975403608971,1
dorsal,genuine_known,11k:596_R,24,False,11k:596_R,0.9705982195461582,0.9705982195461582,1
dorsal,genuine_known,11k:62_L,7,False,11k:62_L,0.909517851119123,0.909517851119123,1
dorsal,genuine_known,11k:62_R,6,False,11k:62_R,0.9215798459002823,0.9215798459002823,1
dorsal,genuine_known,11k:65_L,2,False,11k:65_L,0.8195724731994186,0.8195724731994186,1
dorsal,genuine_known,11k:65_R,4,False,11k:65_R,0.8733332513755434,0.8733332513755434,1
dorsal,genuine_known,11k:66_L,11,False,11k:66_L,0.8870499413340356,0.8870499413340356,1
dorsal,genuine_known,11k:66_R,10,False,11k:66_R,0.925658172847516,0.925658172847516,1
dorsal,genuine_known,11k:8_L,5,False,11k:8_L,0.9131636826007641,0.9131636826007641,1
dorsal,genuine_known,11k:8_R,4,False,11k:8_R,0.9062050203071031,0.9062050203071031,1
dorsal,genuine_known,11k:81_L,7,False,11k:81_L,0.9369406804777973,0.9369406804777973,1
dorsal,genuine_known,11k:81_R,5,False,11k:81_R,0.932988162572099,0.932988162572099,1
dorsal,genuine_known,11k:86_L,8,False,11k:86_L,0.8715480940601483,0.8715480940601483,1
dorsal,genuine_known,11k:86_R,8,False,11k:86_R,0.6378548351804447,0.6378548351804447,1
dorsal,genuine_known,11k:92_L,16,False,11k:92_L,0.7697224401152184,0.7697224401152184,1
dorsal,genuine_known,11k:92_R,18,False,11k:92_R,0.8260626354256575,0.8260626354256575,1
dorsal,unknown_cal,11k:1008_L,1,False,11k:1013_L,0.32678012013234303,,
dorsal,unknown_cal,11k:1008_L,2,False,11k:1009_L,0.316673665226582,,
dorsal,unknown_cal,11k:1008_L,3,False,11k:11_L,0.3164719673262102,,
dorsal,unknown_cal,11k:1008_L,4,False,11k:1009_L,0.3184683026786,,
dorsal,unknown_cal,11k:1008_L,5,False,11k:1009_L,0.31706225568552393,,
dorsal,unknown_cal,11k:1008_L,6,False,11k:1028_L,0.3071476629017618,,
dorsal,unknown_cal,11k:1008_R,1,False,11k:1009_R,0.35141725431893855,,
dorsal,unknown_cal,11k:1008_R,2,False,11k:586_R,0.30867393521620246,,
dorsal,unknown_cal,11k:1008_R,3,False,11k:86_R,0.32999819875494885,,
dorsal,unknown_cal,11k:1008_R,4,False,11k:86_R,0.31955491541611203,,
dorsal,unknown_cal,11k:1008_R,5,False,11k:1517_R,0.3425755639286766,,
dorsal,unknown_cal,11k:1011_L,1,False,11k:572_L,0.21172483347660015,,
dorsal,unknown_cal,11k:1011_L,2,False,11k:1028_L,0.28248563389711,,
dorsal,unknown_cal,11k:1011_L,3,False,11k:1028_L,0.2750275065355723,,
dorsal,unknown_cal,11k:1011_L,4,False,11k:1505_L,0.2853970226637079,,
dorsal,unknown_cal,11k:1011_L,5,False,11k:1505_L,0.258071181837251,,
dorsal,unknown_cal,11k:1011_L,6,False,11k:1028_L,0.2899169099073857,,
dorsal,unknown_cal,11k:1011_L,7,False,11k:1571_L,0.2772814066984711,,
dorsal,unknown_cal,11k:1011_L,8,False,11k:1505_L,0.21556039549744996,,
dorsal,unknown_cal,11k:1011_L,9,False,11k:1028_L,0.27944302578627056,,
dorsal,unknown_cal,11k:1011_L,10,False,11k:1505_L,0.31798521778993455,,
dorsal,unknown_cal,11k:1011_L,11,False,11k:1505_L,0.2923934689571094,,
dorsal,unknown_cal,11k:1011_L,12,False,11k:1505_L,0.3012541004767295,,
dorsal,unknown_cal,11k:1011_L,13,False,11k:1505_L,0.26042277147118764,,
dorsal,unknown_cal,11k:1011_L,14,False,11k:1505_L,0.24311916850763088,,
dorsal,unknown_cal,11k:1011_R,1,False,11k:543_R,0.2077836656930654,,
dorsal,unknown_cal,11k:1011_R,2,False,11k:543_R,0.28005388071589665,,
dorsal,unknown_cal,11k:1011_R,3,False,11k:55_R,0.24114308948656274,,
dorsal,unknown_cal,11k:1011_R,4,False,11k:543_R,0.25239256485122563,,
dorsal,unknown_cal,11k:1011_R,5,False,11k:543_R,0.33669650865086026,,
dorsal,unknown_cal,11k:1011_R,6,False,11k:543_R,0.31346024205779643,,
dorsal,unknown_cal,11k:1011_R,7,False,11k:543_R,0.2985412942909111,,
dorsal,unknown_cal,11k:1011_R,8,False,11k:543_R,0.25136799933076004,,
dorsal,unknown_cal,11k:1011_R,9,False,11k:543_R,0.39757387660567145,,
dorsal,unknown_cal,11k:1011_R,10,False,11k:543_R,0.278290916306403,,
dorsal,unknown_cal,11k:1011_R,11,False,11k:543_R,0.28284488271758657,,
dorsal,unknown_cal,11k:1011_R,12,False,11k:543_R,0.35194152602714346,,
dorsal,unknown_cal,11k:1011_R,13,False,11k:543_R,0.3287006091524326,,
dorsal,unknown_cal,11k:1011_R,14,False,11k:543_R,0.42290772098622376,,
dorsal,unknown_cal,11k:1011_R,15,False,11k:543_R,0.4361830783976237,,
dorsal,unknown_cal,11k:1011_R,16,False,11k:543_R,0.34914826784434483,,
dorsal,unknown_cal,11k:1023_L,1,False,11k:8_L,0.6667058247701874,,
dorsal,unknown_cal,11k:1023_L,2,False,11k:8_L,0.5989381328621315,,
dorsal,unknown_cal,11k:1023_L,3,False,11k:1037_L,0.4614404185849903,,
dorsal,unknown_cal,11k:1023_L,4,False,11k:8_L,0.4638939467136983,,
dorsal,unknown_cal,11k:1023_L,5,False,11k:1037_L,0.43833453877937073,,
dorsal,unknown_cal,11k:1023_L,6,False,11k:1037_L,0.3972222786024583,,
dorsal,unknown_cal,11k:1023_L,7,False,11k:570_L,0.3907349319829543,,
dorsal,unknown_cal,11k:1023_R,1,False,11k:62_R,0.5653897859705034,,
dorsal,unknown_cal,11k:1023_R,2,False,11k:586_R,0.5170430976744999,,
dorsal,unknown_cal,11k:1023_R,3,False,11k:586_R,0.5521311195933007,,
dorsal,unknown_cal,11k:1023_R,4,False,11k:62_R,0.3836295205940097,,
dorsal,unknown_cal,11k:1023_R,5,False,11k:11_R,0.3924784249723674,,
dorsal,unknown_cal,11k:1023_R,6,False,11k:55_R,0.36289746263081124,,
dorsal,unknown_cal,11k:1023_R,7,False,11k:586_R,0.3798133834369779,,
dorsal,unknown_cal,11k:1023_R,8,False,11k:586_R,0.4182391293654639,,
dorsal,unknown_cal,11k:1024_L,1,False,11k:1579_L,0.27508875260991483,,
dorsal,unknown_cal,11k:1024_L,2,False,11k:1594_L,0.3311964617923613,,
dorsal,unknown_cal,11k:1024_L,3,False,11k:1594_L,0.3358932341386752,,
dorsal,unknown_cal,11k:1024_L,4,False,11k:1594_L,0.2710585724207474,,
dorsal,unknown_cal,11k:1024_L,5,False,11k:1594_L,0.3019994534514169,,
dorsal,unknown_cal,11k:1024_L,6,False,11k:1594_L,0.2955428683421617,,
dorsal,unknown_cal,11k:1024_L,7,False,11k:1594_L,0.32914865509633284,,
dorsal,unknown_cal,11k:1024_L,8,False,11k:8_L,0.2867722028385906,,
dorsal,unknown_cal,11k:1024_L,9,False,11k:596_L,0.3123044453849629,,
dorsal,unknown_cal,11k:1024_L,10,False,11k:1594_L,0.30346413610008005,,
dorsal,unknown_cal,11k:1024_L,11,False,11k:1594_L,0.31927359813319023,,
dorsal,unknown_cal,11k:1024_L,12,False,11k:1579_L,0.31872594401914933,,
dorsal,unknown_cal,11k:1024_L,13,False,11k:1594_L,0.30174408657319024,,
dorsal,unknown_cal,11k:1024_L,14,False,11k:1594_L,0.30290599829812126,,
dorsal,unknown_cal,11k:1024_L,15,False,11k:1594_L,0.3588303436790413,,
dorsal,unknown_cal,11k:1024_L,16,False,11k:1075_L,0.27188051142861513,,
dorsal,unknown_cal,11k:1024_L,17,False,11k:1594_L,0.33185355898834656,,
dorsal,unknown_cal,11k:1024_L,18,False,11k:1594_L,0.309965853398259,,
dorsal,unknown_cal,11k:1024_L,19,False,11k:1594_L,0.32021161876893983,,
dorsal,unknown_cal,11k:1024_L,20,False,11k:596_L,0.3075333916535624,,
dorsal,unknown_cal,11k:1024_L,21,False,11k:1594_L,0.3222475559140956,,
dorsal,unknown_cal,11k:1024_L,22,False,11k:1594_L,0.2873076008118941,,
dorsal,unknown_cal,11k:1024_L,23,False,11k:1594_L,0.33914575085764687,,
dorsal,unknown_cal,11k:1024_L,24,False,11k:1594_L,0.3147516860236893,,
dorsal,unknown_cal,11k:1024_L,25,False,11k:1594_L,0.34065344001980136,,
dorsal,unknown_cal,11k:1024_L,26,False,11k:1594_L,0.36705813337321136,,
dorsal,unknown_cal,11k:1024_L,27,False,11k:1594_L,0.3604612127484485,,
dorsal,unknown_cal,11k:1024_L,28,False,11k:1594_L,0.2740766607341455,,
dorsal,unknown_cal,11k:1024_L,29,False,11k:1594_L,0.35975961309521903,,
dorsal,unknown_cal,11k:1024_L,30,False,11k:1594_L,0.35369337363056363,,
dorsal,unknown_cal,11k:1024_L,31,False,11k:1517_L,0.2961106038119391,,
dorsal,unknown_cal,11k:1024_L,32,False,11k:8_L,0.25829045303843595,,
dorsal,unknown_cal,11k:1024_L,33,False,11k:1594_L,0.34383703077398636,,
dorsal,unknown_cal,11k:1024_L,34,False,11k:1594_L,0.41055883681413374,,
dorsal,unknown_cal,11k:1024_L,35,False,11k:1594_L,0.3656085026131932,,
dorsal,unknown_cal,11k:1024_L,36,False,11k:1090_L,0.30402355536442804,,
dorsal,unknown_cal,11k:1024_L,37,False,11k:1594_L,0.3114877277396402,,
dorsal,unknown_cal,11k:1024_L,38,False,11k:1594_L,0.3363322056100654,,
dorsal,unknown_cal,11k:1024_L,39,False,11k:1594_L,0.3324624062940763,,
dorsal,unknown_cal,11k:1024_L,40,False,11k:1594_L,0.3126908417354506,,
dorsal,unknown_cal,11k:1024_L,41,False,11k:1594_L,0.30264575432246565,,
dorsal,unknown_cal,11k:1024_L,42,False,11k:1594_L,0.2522996661311422,,
dorsal,unknown_cal,11k:1024_R,1,False,11k:1021_R,0.2779869185591011,,
dorsal,unknown_cal,11k:1024_R,2,False,11k:1009_R,0.2574494137363032,,
dorsal,unknown_cal,11k:1024_R,3,False,11k:1009_R,0.2942455367963956,,
dorsal,unknown_cal,11k:1024_R,4,False,11k:1059_R,0.3315219662005816,,
dorsal,unknown_cal,11k:1024_R,5,False,11k:1009_R,0.2893759104421807,,
dorsal,unknown_cal,11k:1024_R,6,False,11k:1009_R,0.24942976988201765,,
dorsal,unknown_cal,11k:1024_R,7,False,11k:1579_R,0.32362378528412217,,
dorsal,unknown_cal,11k:1024_R,8,False,11k:1009_R,0.30361115652268905,,
dorsal,unknown_cal,11k:1024_R,9,False,11k:1009_R,0.2581910210736075,,
dorsal,unknown_cal,11k:1024_R,10,False,11k:8_R,0.3071120006698943,,
dorsal,unknown_cal,11k:1024_R,11,False,11k:8_R,0.2844911182660341,,
dorsal,unknown_cal,11k:1024_R,12,False,11k:8_R,0.32699410659840533,,
dorsal,unknown_cal,11k:1024_R,13,False,11k:8_R,0.309073387080752,,
dorsal,unknown_cal,11k:1024_R,14,False,11k:1009_R,0.32134060737296305,,
dorsal,unknown_cal,11k:1024_R,15,False,11k:8_R,0.3110552677543269,,
dorsal,unknown_cal,11k:1024_R,16,False,11k:1009_R,0.25550146143298413,,
dorsal,unknown_cal,11k:1024_R,17,False,11k:1009_R,0.29929261195815043,,
dorsal,unknown_cal,11k:1024_R,18,False,11k:1009_R,0.25203707019472843,,
dorsal,unknown_cal,11k:1024_R,19,False,11k:1009_R,0.3420484175563011,,
dorsal,unknown_cal,11k:1024_R,20,False,11k:1009_R,0.31530802560373683,,
dorsal,unknown_cal,11k:1024_R,21,False,11k:1594_R,0.35822605991443446,,
dorsal,unknown_cal,11k:1024_R,22,False,11k:1594_R,0.2425663101654431,,
dorsal,unknown_cal,11k:1024_R,23,False,11k:1021_R,0.2662325891671539,,
dorsal,unknown_cal,11k:1024_R,24,False,11k:1594_R,0.2891997543187228,,
dorsal,unknown_cal,11k:1024_R,25,False,11k:541_R,0.3645242356747512,,
dorsal,unknown_cal,11k:1024_R,26,False,11k:1594_R,0.35052540609150207,,
dorsal,unknown_cal,11k:1024_R,27,False,11k:8_R,0.321982898289647,,
dorsal,unknown_cal,11k:1024_R,28,False,11k:1594_R,0.30747797099315366,,
dorsal,unknown_cal,11k:1024_R,29,False,11k:1594_R,0.2839341263688753,,
dorsal,unknown_cal,11k:1024_R,30,False,11k:1594_R,0.2558212511062065,,
dorsal,unknown_cal,11k:1024_R,31,False,11k:1594_R,0.29605886817174504,,
dorsal,unknown_cal,11k:1024_R,32,False,11k:8_R,0.3030773618256049,,
dorsal,unknown_cal,11k:1024_R,33,False,11k:541_R,0.2661494238363114,,
dorsal,unknown_cal,11k:1024_R,34,False,11k:541_R,0.29823846685109023,,
dorsal,unknown_cal,11k:1024_R,35,False,11k:1059_R,0.2991331432922329,,
dorsal,unknown_cal,11k:1024_R,36,False,11k:1594_R,0.32698161718302965,,
dorsal,unknown_cal,11k:1024_R,37,False,11k:1594_R,0.2795583797388569,,
dorsal,unknown_cal,11k:1024_R,38,False,11k:1594_R,0.2958674908084961,,
dorsal,unknown_cal,11k:1024_R,39,False,11k:1594_R,0.4367503302720267,,
dorsal,unknown_cal,11k:1024_R,40,False,11k:1594_R,0.3817760883587269,,
dorsal,unknown_cal,11k:1029_L,1,False,11k:1525_L,0.3746998829196746,,
dorsal,unknown_cal,11k:1029_L,2,False,11k:1532_L,0.3461727293359543,,
dorsal,unknown_cal,11k:1029_L,3,False,11k:1579_L,0.33326191388026005,,
dorsal,unknown_cal,11k:1029_L,4,False,11k:1579_L,0.35002092940449986,,
dorsal,unknown_cal,11k:1029_L,5,False,11k:1579_L,0.38915084702713587,,
dorsal,unknown_cal,11k:1029_L,6,False,11k:1579_L,0.3053585800782569,,
dorsal,unknown_cal,11k:1029_L,7,False,11k:1579_L,0.3440559997240288,,
dorsal,unknown_cal,11k:1029_L,8,False,11k:66_L,0.3531046977577353,,
dorsal,unknown_cal,11k:1029_L,9,False,11k:66_L,0.3032927393196633,,
dorsal,unknown_cal,11k:1029_L,10,False,11k:1579_L,0.27000682548023924,,
dorsal,unknown_cal,11k:1029_L,11,False,11k:1579_L,0.32451926742463755,,
dorsal,unknown_cal,11k:1029_L,12,False,11k:1579_L,0.32516686860905347,,
dorsal,unknown_cal,11k:1029_L,13,False,11k:66_L,0.27405234420496694,,
dorsal,unknown_cal,11k:1029_L,14,False,11k:1532_L,0.28577167577410895,,
dorsal,unknown_cal,11k:1029_L,15,False,11k:66_L,0.35780926311549455,,
dorsal,unknown_cal,11k:1029_L,16,False,11k:1579_L,0.28849578259857844,,
dorsal,unknown_cal,11k:1029_L,17,False,11k:66_L,0.3767598528766726,,
dorsal,unknown_cal,11k:1029_L,18,False,11k:66_L,0.37615252491049594,,
dorsal,unknown_cal,11k:1029_L,19,False,11k:66_L,0.33808894550023105,,
dorsal,unknown_cal,11k:1029_R,1,False,11k:1510_R,0.2800384902530147,,
dorsal,unknown_cal,11k:1029_R,2,False,11k:1562_R,0.25466441286869235,,
dorsal,unknown_cal,11k:1029_R,3,False,11k:1579_R,0.34376322818670146,,
dorsal,unknown_cal,11k:1029_R,4,False,11k:1579_R,0.2810058320448159,,
dorsal,unknown_cal,11k:1029_R,5,False,11k:1510_R,0.2940511189717271,,
dorsal,unknown_cal,11k:1029_R,6,False,11k:1579_R,0.3163427131087863,,
dorsal,unknown_cal,11k:1029_R,7,False,11k:1579_R,0.25531951877798276,,
dorsal,unknown_cal,11k:1029_R,8,False,11k:1588_R,0.28644425498234566,,
dorsal,unknown_cal,11k:1029_R,9,False,11k:1556_R,0.28580912288028915,,
dorsal,unknown_cal,11k:1029_R,10,False,11k:1579_R,0.2622992960016891,,
dorsal,unknown_cal,11k:1029_R,11,False,11k:1579_R,0.29542971536616824,,
dorsal,unknown_cal,11k:1029_R,12,False,11k:1579_R,0.319331537532795,,
dorsal,unknown_cal,11k:1029_R,13,False,11k:1562_R,0.30794299838719247,,
dorsal,unknown_cal,11k:1029_R,14,False,11k:1525_R,0.30371377245882814,,
dorsal,unknown_cal,11k:1029_R,15,False,11k:1562_R,0.312575379067348,,
dorsal,unknown_cal,11k:1029_R,16,False,11k:1510_R,0.29031026300752943,,
dorsal,unknown_cal,11k:1041_L,1,False,11k:1035_L,0.28851784727476754,,
dorsal,unknown_cal,11k:1041_L,2,False,11k:1046_L,0.27339132056654136,,
dorsal,unknown_cal,11k:1041_L,3,False,11k:1013_L,0.30568914474229714,,
dorsal,unknown_cal,11k:1041_L,4,False,11k:54_L,0.31061133808535923,,
dorsal,unknown_cal,11k:1041_L,5,False,11k:1013_L,0.29712614188435205,,
dorsal,unknown_cal,11k:1041_L,6,False,11k:1505_L,0.3091326478750318,,
dorsal,unknown_cal,11k:1041_L,7,False,11k:1046_L,0.3515337915709008,,
dorsal,unknown_cal,11k:1041_L,8,False,11k:1505_L,0.29167976549360247,,
dorsal,unknown_cal,11k:1041_R,1,False,11k:62_R,0.31951367615410114,,
dorsal,unknown_cal,11k:1041_R,2,False,11k:1505_R,0.29638062793455633,,
dorsal,unknown_cal,11k:1041_R,3,False,11k:1505_R,0.27664326033789083,,
dorsal,unknown_cal,11k:1041_R,4,False,11k:1505_R,0.3101498090058308,,
dorsal,unknown_cal,11k:1041_R,5,False,11k:1505_R,0.2836128746785208,,
dorsal,unknown_cal,11k:1041_R,6,False,11k:1505_R,0.26736141663223134,,
dorsal,unknown_cal,11k:1041_R,7,False,11k:1505_R,0.30209314989837543,,
dorsal,unknown_cal,11k:1041_R,8,False,11k:1046_R,0.2637756802574434,,
dorsal,unknown_cal,11k:1041_R,9,False,11k:1505_R,0.3104268924700505,,
dorsal,unknown_cal,11k:1041_R,10,False,11k:1593_R,0.27981626859704034,,
dorsal,unknown_cal,11k:1041_R,11,False,11k:1505_R,0.2710024373730325,,
dorsal,unknown_cal,11k:1041_R,12,False,11k:1505_R,0.32903452374458864,,
dorsal,unknown_cal,11k:1041_R,13,False,11k:1505_R,0.38469021639897644,,
dorsal,unknown_cal,11k:1041_R,14,False,11k:1505_R,0.35151720680321713,,
dorsal,unknown_cal,11k:1050_L,1,False,11k:62_L,0.5251777492715448,,
dorsal,unknown_cal,11k:1050_L,2,False,11k:62_L,0.5580488142817284,,
dorsal,unknown_cal,11k:1050_L,3,False,11k:62_L,0.4195750881264445,,
dorsal,unknown_cal,11k:1050_L,4,False,11k:62_L,0.4988457094666198,,
dorsal,unknown_cal,11k:1050_L,5,False,11k:62_L,0.5523006242213666,,
dorsal,unknown_cal,11k:1050_L,6,False,11k:62_L,0.52143768355205,,
dorsal,unknown_cal,11k:1050_L,7,False,11k:62_L,0.5417620286807975,,
dorsal,unknown_cal,11k:1050_L,8,False,11k:62_L,0.52517382380854,,
dorsal,unknown_cal,11k:1050_L,9,False,11k:1074_L,0.3862627182498245,,
dorsal,unknown_cal,11k:1050_L,10,False,11k:62_L,0.4890305245984987,,
dorsal,unknown_cal,11k:1050_L,11,False,11k:62_L,0.4576729095852834,,
dorsal,unknown_cal,11k:1050_L,12,False,11k:62_L,0.4017605791400142,,
dorsal,unknown_cal,11k:1050_L,13,False,11k:1074_L,0.420151320841039,,
dorsal,unknown_cal,11k:1050_L,14,False,11k:62_L,0.4366113987132826,,
dorsal,unknown_cal,11k:1050_L,15,False,11k:62_L,0.5138898299072201,,
dorsal,unknown_cal,11k:1050_L,16,False,11k:62_L,0.5192825211839003,,
dorsal,unknown_cal,11k:1050_L,17,False,11k:62_L,0.5119691597894235,,
dorsal,unknown_cal,11k:1050_L,18,False,11k:62_L,0.4422839418534318,,
dorsal,unknown_cal,11k:1050_L,19,False,11k:62_L,0.4498484045854211,,
dorsal,unknown_cal,11k:1050_L,20,False,11k:62_L,0.4359200888788506,,
dorsal,unknown_cal,11k:1050_L,21,False,11k:62_L,0.45787627687272264,,
dorsal,unknown_cal,11k:1050_L,22,False,11k:62_L,0.5004808025403001,,
dorsal,unknown_cal,11k:1050_L,23,False,11k:62_L,0.5395845888013207,,
dorsal,unknown_cal,11k:1050_L,24,False,11k:62_L,0.504384651770393,,
dorsal,unknown_cal,11k:1050_L,25,False,11k:1074_L,0.41643315106542433,,
dorsal,unknown_cal,11k:1050_L,26,False,11k:1074_L,0.4158514699089963,,
dorsal,unknown_cal,11k:1050_L,27,False,11k:62_L,0.4366740612800152,,
dorsal,unknown_cal,11k:1050_L,28,False,11k:62_L,0.4396075390392832,,
dorsal,unknown_cal,11k:1050_R,1,False,11k:54_R,0.4192477553621922,,
dorsal,unknown_cal,11k:1050_R,2,False,11k:62_R,0.42332264727024616,,
dorsal,unknown_cal,11k:1050_R,3,False,11k:54_R,0.4030320779095937,,
dorsal,unknown_cal,11k:1050_R,4,False,11k:54_R,0.3948461676128264,,
dorsal,unknown_cal,11k:1050_R,5,False,11k:54_R,0.3501822426672755,,
dorsal,unknown_cal,11k:1050_R,6,False,11k:62_R,0.449411372182677,,
dorsal,unknown_cal,11k:1050_R,7,False,11k:54_R,0.3986720388388561,,
dorsal,unknown_cal,11k:1050_R,8,False,11k:54_R,0.3996172120566368,,
dorsal,unknown_cal,11k:1050_R,9,False,11k:54_R,0.397353807279715,,
dorsal,unknown_cal,11k:1050_R,10,False,11k:54_R,0.36915071915749664,,
dorsal,unknown_cal,11k:1050_R,11,False,11k:54_R,0.36922992235673313,,
dorsal,unknown_cal,11k:1050_R,12,False,11k:62_R,0.3755926375049523,,
dorsal,unknown_cal,11k:1050_R,13,False,11k:62_R,0.3585505364075463,,
dorsal,unknown_cal,11k:1050_R,14,False,11k:54_R,0.3951216894915741,,
dorsal,unknown_cal,11k:1050_R,15,False,11k:62_R,0.39578908200007146,,
dorsal,unknown_cal,11k:1050_R,16,False,11k:62_R,0.33663966130804013,,
dorsal,unknown_cal,11k:1050_R,17,False,11k:62_R,0.39615225483801964,,
dorsal,unknown_cal,11k:1050_R,18,False,11k:54_R,0.3695677888786039,,
dorsal,unknown_cal,11k:1050_R,19,False,11k:54_R,0.3738460069969165,,
dorsal,unknown_cal,11k:1050_R,20,False,11k:54_R,0.3400319046777107,,
dorsal,unknown_cal,11k:1050_R,21,False,11k:62_R,0.3144661255112534,,
dorsal,unknown_cal,11k:1050_R,22,False,11k:62_R,0.4556172092669704,,
dorsal,unknown_cal,11k:1050_R,23,False,11k:62_R,0.4427446110253258,,
dorsal,unknown_cal,11k:1050_R,24,False,11k:62_R,0.44582530538206633,,
dorsal,unknown_cal,11k:1050_R,25,False,11k:62_R,0.4477495769349095,,
dorsal,unknown_cal,11k:1050_R,26,False,11k:62_R,0.4508633295462821,,
dorsal,unknown_cal,11k:1050_R,27,False,11k:62_R,0.3799284339952702,,
dorsal,unknown_cal,11k:1050_R,28,False,11k:54_R,0.31497261453561975,,
dorsal,unknown_cal,11k:1050_R,29,False,11k:62_R,0.479748484820955,,
dorsal,unknown_cal,11k:1050_R,30,False,11k:62_R,0.3882601901648367,,
dorsal,unknown_cal,11k:1050_R,31,False,11k:54_R,0.39730192514668883,,
dorsal,unknown_cal,11k:1050_R,32,False,11k:62_R,0.3907411988714368,,
dorsal,unknown_cal,11k:1050_R,33,False,11k:62_R,0.48146019108648797,,
dorsal,unknown_cal,11k:1050_R,34,False,11k:62_R,0.34827625354057423,,
dorsal,unknown_cal,11k:1050_R,35,False,11k:62_R,0.41142306597380773,,
dorsal,unknown_cal,11k:1050_R,36,False,11k:62_R,0.3550157175244788,,
dorsal,unknown_cal,11k:1050_R,37,False,11k:62_R,0.39669410883168293,,
dorsal,unknown_cal,11k:1050_R,38,False,11k:62_R,0.4367717665455513,,
dorsal,unknown_cal,11k:1050_R,39,False,11k:62_R,0.41888664070213383,,
dorsal,unknown_cal,11k:1050_R,40,False,11k:62_R,0.47685047877075737,,
dorsal,unknown_cal,11k:1050_R,41,False,11k:62_R,0.42757662913592415,,
dorsal,unknown_cal,11k:1051_L,1,False,11k:543_L,0.4787257495803722,,
dorsal,unknown_cal,11k:1051_L,2,False,11k:543_L,0.5436215238818285,,
dorsal,unknown_cal,11k:1051_L,3,False,11k:543_L,0.49871051167070257,,
dorsal,unknown_cal,11k:1051_L,4,False,11k:543_L,0.47395159109784407,,
dorsal,unknown_cal,11k:1051_L,5,False,11k:543_L,0.4956717661555776,,
dorsal,unknown_cal,11k:1051_L,6,False,11k:543_L,0.5047367414747936,,
dorsal,unknown_cal,11k:1051_L,7,False,11k:543_L,0.5210874279808351,,
dorsal,unknown_cal,11k:1051_L,8,False,11k:543_L,0.5852259525763586,,
dorsal,unknown_cal,11k:1051_L,9,False,11k:543_L,0.5600402785143322,,
dorsal,unknown_cal,11k:1051_L,10,False,11k:543_L,0.515482231799471,,
dorsal,unknown_cal,11k:1051_L,11,False,11k:543_L,0.46002400103246893,,
dorsal,unknown_cal,11k:1051_L,12,False,11k:543_L,0.4045230400009172,,
dorsal,unknown_cal,11k:1051_L,13,False,11k:543_L,0.5284103888744118,,
dorsal,unknown_cal,11k:1051_L,14,False,11k:543_L,0.5083378630036688,,
dorsal,unknown_cal,11k:1051_L,15,False,11k:543_L,0.49907493401892045,,
dorsal,unknown_cal,11k:1051_L,16,False,11k:543_L,0.469167676407597,,
dorsal,unknown_cal,11k:1051_L,17,False,11k:543_L,0.46313902547350233,,
dorsal,unknown_cal,11k:1051_L,18,False,11k:543_L,0.47204509091522945,,
dorsal,unknown_cal,11k:1051_L,19,False,11k:543_L,0.4997807428485428,,
dorsal,unknown_cal,11k:1051_R,1,False,11k:543_R,0.33483542151210555,,
dorsal,unknown_cal,11k:1051_R,2,False,11k:62_R,0.35593795334234546,,
dorsal,unknown_cal,11k:1051_R,3,False,11k:543_R,0.40421831119344287,,
dorsal,unknown_cal,11k:1051_R,4,False,11k:62_R,0.3626211450966017,,
dorsal,unknown_cal,11k:1051_R,5,False,11k:543_R,0.3981585910133476,,
dorsal,unknown_cal,11k:1051_R,6,False,11k:62_R,0.34526465361219216,,
dorsal,unknown_cal,11k:1051_R,7,False,11k:543_R,0.3331532290208798,,
dorsal,unknown_cal,11k:1051_R,8,False,11k:543_R,0.3426238327149352,,
dorsal,unknown_cal,11k:1051_R,9,False,11k:543_R,0.3623808539210384,,
dorsal,unknown_cal,11k:1051_R,10,False,11k:543_R,0.33528194981728676,,
dorsal,unknown_cal,11k:1051_R,11,False,11k:1009_R,0.3549743388777397,,
dorsal,unknown_cal,11k:1051_R,12,False,11k:1009_R,0.4185157866464324,,
dorsal,unknown_cal,11k:1051_R,13,False,11k:1009_R,0.3321942084011524,,
dorsal,unknown_cal,11k:1051_R,14,False,11k:543_R,0.36963371891025876,,
dorsal,unknown_cal,11k:1051_R,15,False,11k:543_R,0.4049437887138987,,
dorsal,unknown_cal,11k:1051_R,16,False,11k:543_R,0.3640567666511185,,
dorsal,unknown_cal,11k:1051_R,17,False,11k:543_R,0.35575505028288557,,
dorsal,unknown_cal,11k:1051_R,18,False,11k:1009_R,0.3329662678834404,,
dorsal,unknown_cal,11k:1052_L,1,False,11k:1510_L,0.4479833325971813,,
dorsal,unknown_cal,11k:1052_L,2,False,11k:1510_L,0.3399995137840931,,
dorsal,unknown_cal,11k:1052_L,3,False,11k:1517_L,0.2856208324809106,,
dorsal,unknown_cal,11k:1052_L,4,False,11k:1510_L,0.3730352981955233,,
dorsal,unknown_cal,11k:1052_L,5,False,11k:1510_L,0.3408732992598279,,
dorsal,unknown_cal,11k:1052_L,6,False,11k:1510_L,0.34676382638561437,,
dorsal,unknown_cal,11k:1052_L,7,False,11k:1510_L,0.36092632325341456,,
dorsal,unknown_cal,11k:1052_L,8,False,11k:1532_L,0.3321186201278956,,
dorsal,unknown_cal,11k:1052_L,9,False,11k:1510_L,0.32393556437199433,,
dorsal,unknown_cal,11k:1052_L,10,False,11k:1510_L,0.3288423647297726,,
dorsal,unknown_cal,11k:1052_L,11,False,11k:1510_L,0.30808601182982026,,
dorsal,unknown_cal,11k:1052_L,12,False,11k:1510_L,0.37782155020940184,,
dorsal,unknown_cal,11k:1052_L,13,False,11k:1510_L,0.38164394831682436,,
dorsal,unknown_cal,11k:1052_L,14,False,11k:1532_L,0.4147701348532729,,
dorsal,unknown_cal,11k:1052_L,15,False,11k:1510_L,0.3779036828980821,,
dorsal,unknown_cal,11k:1052_L,16,False,11k:1510_L,0.37184019314718975,,
dorsal,unknown_cal,11k:1052_R,1,False,11k:1532_R,0.25630308679350733,,
dorsal,unknown_cal,11k:1052_R,2,False,11k:1517_R,0.2742140438999297,,
dorsal,unknown_cal,11k:1052_R,3,False,11k:1517_R,0.28296924807334206,,
dorsal,unknown_cal,11k:1052_R,4,False,11k:1510_R,0.2790500984126222,,
dorsal,unknown_cal,11k:1052_R,5,False,11k:1510_R,0.3220264909847318,,
dorsal,unknown_cal,11k:1052_R,6,False,11k:1510_R,0.289284120185341,,
dorsal,unknown_cal,11k:1052_R,7,False,11k:1510_R,0.3406536354155089,,
dorsal,unknown_cal,11k:1052_R,8,False,11k:1510_R,0.31078713259735474,,
dorsal,unknown_cal,11k:1060_L,1,False,11k:55_L,0.2898271309865236,,
dorsal,unknown_cal,11k:1060_L,2,False,11k:1000000_L,0.23484656875785231,,
dorsal,unknown_cal,11k:1060_L,3,False,11k:55_L,0.27505614155136626,,
dorsal,unknown_cal,11k:1060_L,4,False,11k:1545_L,0.2310484171035854,,
dorsal,unknown_cal,11k:1060_L,5,False,11k:55_L,0.3135155347167615,,
dorsal,unknown_cal,11k:1060_L,6,False,11k:1000000_L,0.30217958484929475,,
dorsal,unknown_cal,11k:1060_L,7,False,11k:55_L,0.2632956689568489,,
dorsal,unknown_cal,11k:1060_L,8,False,11k:1028_L,0.2906061856537081,,
dorsal,unknown_cal,11k:1060_L,9,False,11k:1545_L,0.3275273167352811,,
dorsal,unknown_cal,11k:1060_L,10,False,11k:1545_L,0.28220813090467955,,
dorsal,unknown_cal,11k:1060_L,11,False,11k:1545_L,0.30470588599587867,,
dorsal,unknown_cal,11k:1060_L,12,False,11k:55_L,0.2567762883519746,,
dorsal,unknown_cal,11k:1060_L,13,False,11k:8_L,0.3208429240886117,,
dorsal,unknown_cal,11k:1060_L,14,False,11k:1037_L,0.25743420921019644,,
dorsal,unknown_cal,11k:1060_L,15,False,11k:1000000_L,0.25860017045741934,,
dorsal,unknown_cal,11k:1060_R,1,False,11k:65_R,0.3329931260036351,,
dorsal,unknown_cal,11k:1060_R,2,False,11k:1000000_R,0.24144730389821878,,
dorsal,unknown_cal,11k:1060_R,3,False,11k:1545_R,0.3496109047404553,,
dorsal,unknown_cal,11k:1060_R,4,False,11k:65_R,0.295362033667965,,
dorsal,unknown_cal,11k:1060_R,5,False,11k:1545_R,0.2563505724408912,,
dorsal,unknown_cal,11k:1060_R,6,False,11k:1545_R,0.31529181536056394,,
dorsal,unknown_cal,11k:1060_R,7,False,11k:1545_R,0.30048799591868125,,
dorsal,unknown_cal,11k:1060_R,8,False,11k:1000000_R,0.27747490548407727,,
dorsal,unknown_cal,11k:1060_R,9,False,11k:1558_R,0.2947763492968728,,
dorsal,unknown_cal,11k:1060_R,10,False,11k:65_R,0.28925555315326773,,
dorsal,unknown_cal,11k:1060_R,11,False,11k:65_R,0.3416453232851459,,
dorsal,unknown_cal,11k:1060_R,12,False,11k:65_R,0.2744913259849579,,
dorsal,unknown_cal,11k:1060_R,13,False,11k:65_R,0.3063257088115301,,
dorsal,unknown_cal,11k:1060_R,14,False,11k:1545_R,0.3199865342067666,,
dorsal,unknown_cal,11k:1060_R,15,False,11k:1545_R,0.3240946296642385,,
dorsal,unknown_cal,11k:1060_R,16,False,11k:1545_R,0.3240382788840039,,
dorsal,unknown_cal,11k:1060_R,17,False,11k:1545_R,0.2946449369609578,,
dorsal,unknown_cal,11k:13_L,1,False,11k:10_L,0.3642116219484862,,
dorsal,unknown_cal,11k:13_L,2,False,11k:55_L,0.5339344965647055,,
dorsal,unknown_cal,11k:13_L,3,False,11k:11_L,0.5438865976536224,,
dorsal,unknown_cal,11k:13_L,4,False,11k:11_L,0.3940611708502469,,
dorsal,unknown_cal,11k:13_L,5,False,11k:55_L,0.5945687863058895,,
dorsal,unknown_cal,11k:13_L,6,False,11k:65_L,0.4162481449440045,,
dorsal,unknown_cal,11k:13_R,1,False,11k:65_R,0.39360284144354374,,
dorsal,unknown_cal,11k:13_R,2,False,11k:8_R,0.4806014247449171,,
dorsal,unknown_cal,11k:13_R,3,False,11k:8_R,0.5269581933708567,,
dorsal,unknown_cal,11k:13_R,4,False,11k:8_R,0.4667679994827937,,
dorsal,unknown_cal,11k:13_R,5,False,11k:62_R,0.42052469558182926,,
dorsal,unknown_cal,11k:1509_L,1,False,11k:1074_L,0.29949391029302275,,
dorsal,unknown_cal,11k:1509_L,2,False,11k:10_L,0.40336533456280743,,
dorsal,unknown_cal,11k:1509_L,3,False,11k:10_L,0.30547064108022426,,
dorsal,unknown_cal,11k:1509_L,4,False,11k:10_L,0.3461264703236812,,
dorsal,unknown_cal,11k:1509_R,1,False,11k:10_R,0.3244815480693511,,
dorsal,unknown_cal,11k:1509_R,2,False,11k:86_R,0.3348748508178154,,
dorsal,unknown_cal,11k:1509_R,3,False,11k:10_R,0.32370067772111705,,
dorsal,unknown_cal,11k:1509_R,4,False,11k:10_R,0.3670172844037039,,
dorsal,unknown_cal,11k:1509_R,5,False,11k:10_R,0.3494029545029817,,
dorsal,unknown_cal,11k:1513_L,1,False,11k:1032_L,0.37941377555802847,,
dorsal,unknown_cal,11k:1513_L,2,False,11k:1028_L,0.3549870219354439,,
dorsal,unknown_cal,11k:1513_L,3,False,11k:1588_L,0.3851741306884462,,
dorsal,unknown_cal,11k:1513_L,4,False,11k:1588_L,0.4219400492685912,,
dorsal,unknown_cal,11k:1513_L,5,False,11k:1009_L,0.4026512552793299,,
dorsal,unknown_cal,11k:1513_L,6,False,11k:1009_L,0.3815555899337339,,
dorsal,unknown_cal,11k:1513_L,7,False,11k:1009_L,0.34302526147328194,,
dorsal,unknown_cal,11k:1513_L,8,False,11k:1009_L,0.3782253421525976,,
dorsal,unknown_cal,11k:1513_L,9,False,11k:1588_L,0.3104876595996872,,
dorsal,unknown_cal,11k:1513_L,10,False,11k:1009_L,0.5276704249236676,,
dorsal,unknown_cal,11k:1513_L,11,False,11k:1588_L,0.38952501840093284,,
dorsal,unknown_cal,11k:1513_L,12,False,11k:1009_L,0.4187329084966085,,
dorsal,unknown_cal,11k:1513_L,13,False,11k:1588_L,0.4497729244898765,,
dorsal,unknown_cal,11k:1513_R,1,False,11k:572_R,0.33947119137664133,,
dorsal,unknown_cal,11k:1513_R,2,False,11k:1516_R,0.29928154615106684,,
dorsal,unknown_cal,11k:1513_R,3,False,11k:1009_R,0.2901920980218939,,
dorsal,unknown_cal,11k:1513_R,4,False,11k:1516_R,0.32148991621994405,,
dorsal,unknown_cal,11k:1513_R,5,False,11k:1516_R,0.2976364442373323,,
dorsal,unknown_cal,11k:1513_R,6,False,11k:1021_R,0.3337470225640171,,
dorsal,unknown_cal,11k:1513_R,7,False,11k:1009_R,0.27329244557207366,,
dorsal,unknown_cal,11k:1513_R,8,False,11k:1516_R,0.38630218989531484,,
dorsal,unknown_cal,11k:1513_R,9,False,11k:1516_R,0.3401073531057291,,
dorsal,unknown_cal,11k:1513_R,10,False,11k:1516_R,0.33038343496966516,,
dorsal,unknown_cal,11k:1513_R,11,False,11k:1588_R,0.3239200352827276,,
dorsal,unknown_cal,11k:1513_R,12,False,11k:596_R,0.33360849098523515,,
dorsal,unknown_cal,11k:1513_R,13,False,11k:1516_R,0.39369538634393386,,
dorsal,unknown_cal,11k:1513_R,14,False,11k:1009_R,0.43112460988016305,,
dorsal,unknown_cal,11k:1513_R,15,False,11k:1009_R,0.4054697093818529,,
dorsal,unknown_cal,11k:1513_R,16,False,11k:1009_R,0.376531870681312,,
dorsal,unknown_cal,11k:1513_R,17,False,11k:1009_R,0.37008078198139394,,
dorsal,unknown_cal,11k:1518_L,1,False,11k:1043_L,0.3566599566870542,,
dorsal,unknown_cal,11k:1518_L,2,False,11k:1510_L,0.2853005601292181,,
dorsal,unknown_cal,11k:1518_L,3,False,11k:1510_L,0.391862483871012,,
dorsal,unknown_cal,11k:1518_L,4,False,11k:1510_L,0.32405685439477794,,
dorsal,unknown_cal,11k:1518_L,5,False,11k:1510_L,0.26590820929593095,,
dorsal,unknown_cal,11k:1518_L,6,False,11k:1510_L,0.29577117605315945,,
dorsal,unknown_cal,11k:1518_L,7,False,11k:1510_L,0.3110346679293169,,
dorsal,unknown_cal,11k:1518_L,8,False,11k:1510_L,0.2751741295317736,,
dorsal,unknown_cal,11k:1518_L,9,False,11k:1510_L,0.4112441216050576,,
dorsal,unknown_cal,11k:1518_L,10,False,11k:1510_L,0.40072160233895293,,
dorsal,unknown_cal,11k:1518_R,1,False,11k:1585_R,0.3068419377973092,,
dorsal,unknown_cal,11k:1518_R,2,False,11k:1043_R,0.32291669822552826,,
dorsal,unknown_cal,11k:1518_R,3,False,11k:1585_R,0.33905883070294784,,
dorsal,unknown_cal,11k:1518_R,4,False,11k:1585_R,0.3648470463495619,,
dorsal,unknown_cal,11k:1518_R,5,False,11k:1585_R,0.34439982770571576,,
dorsal,unknown_cal,11k:1518_R,6,False,11k:1043_R,0.3631019605139918,,
dorsal,unknown_cal,11k:1518_R,7,False,11k:1043_R,0.31400145256428313,,
dorsal,unknown_cal,11k:1518_R,8,False,11k:1043_R,0.3095547914350507,,
dorsal,unknown_cal,11k:1518_R,9,False,11k:1043_R,0.2946506397381583,,
dorsal,unknown_cal,11k:1518_R,10,False,11k:66_R,0.2922585018571954,,
dorsal,unknown_cal,11k:1518_R,11,False,11k:1510_R,0.30936307341280056,,
dorsal,unknown_cal,11k:1531_L,1,False,11k:8_L,0.3532430374112592,,
dorsal,unknown_cal,11k:1531_L,2,False,11k:8_L,0.3322797933530389,,
dorsal,unknown_cal,11k:1531_L,3,False,11k:8_L,0.303484546065634,,
dorsal,unknown_cal,11k:1531_L,4,False,11k:1021_L,0.3544681553945099,,
dorsal,unknown_cal,11k:1531_L,5,False,11k:8_L,0.30857042923162536,,
dorsal,unknown_cal,11k:1531_L,6,False,11k:8_L,0.3292614625275015,,
dorsal,unknown_cal,11k:1531_L,7,False,11k:8_L,0.28422794343286145,,
dorsal,unknown_cal,11k:1531_L,8,False,11k:8_L,0.30406335473513246,,
dorsal,unknown_cal,11k:1531_L,9,False,11k:1021_L,0.3261082848782808,,
dorsal,unknown_cal,11k:1531_L,10,False,11k:1021_L,0.33901038406331635,,
dorsal,unknown_cal,11k:1531_R,1,False,11k:1021_R,0.2455699577872953,,
dorsal,unknown_cal,11k:1531_R,2,False,11k:1021_R,0.29487506926430046,,
dorsal,unknown_cal,11k:1531_R,3,False,11k:1021_R,0.29874966308617174,,
dorsal,unknown_cal,11k:1531_R,4,False,11k:1021_R,0.2813348616005694,,
dorsal,unknown_cal,11k:1531_R,5,False,11k:1021_R,0.3296459797691785,,
dorsal,unknown_cal,11k:1531_R,6,False,11k:1021_R,0.32360760506022385,,
dorsal,unknown_cal,11k:1531_R,7,False,11k:1021_R,0.3604539347141602,,
dorsal,unknown_cal,11k:1531_R,8,False,11k:1021_R,0.3920025923631608,,
dorsal,unknown_cal,11k:1531_R,9,False,11k:8_R,0.27982900909331276,,
dorsal,unknown_cal,11k:1531_R,10,False,11k:8_R,0.3050236626155251,,
dorsal,unknown_cal,11k:1531_R,11,False,11k:8_R,0.2858035835295697,,
dorsal,unknown_cal,11k:1539_L,1,False,11k:1516_L,0.445208381587063,,
dorsal,unknown_cal,11k:1539_L,2,False,11k:1516_L,0.38968843606846704,,
dorsal,unknown_cal,11k:1539_L,3,False,11k:543_L,0.3348330055907866,,
dorsal,unknown_cal,11k:1539_L,4,False,11k:1510_L,0.36954055736411023,,
dorsal,unknown_cal,11k:1539_L,5,False,11k:1516_L,0.3994607451377443,,
dorsal,unknown_cal,11k:1539_L,6,False,11k:1516_L,0.37850177102735005,,
dorsal,unknown_cal,11k:1539_L,7,False,11k:1510_L,0.3440586638086337,,
dorsal,unknown_cal,11k:1539_L,8,False,11k:1516_L,0.34862275207944,,
dorsal,unknown_cal,11k:1539_L,9,False,11k:1516_L,0.3439135179424194,,
dorsal,unknown_cal,11k:1539_L,10,False,11k:1516_L,0.40051868191700934,,
dorsal,unknown_cal,11k:1539_L,11,False,11k:1594_L,0.32474513387497034,,
dorsal,unknown_cal,11k:1539_R,1,False,11k:1510_R,0.32685729158494436,,
dorsal,unknown_cal,11k:1539_R,2,False,11k:1516_R,0.3700042433730298,,
dorsal,unknown_cal,11k:1539_R,3,False,11k:1510_R,0.3790406294984002,,
dorsal,unknown_cal,11k:1539_R,4,False,11k:1510_R,0.4184395669373946,,
dorsal,unknown_cal,11k:1539_R,5,False,11k:1510_R,0.409370796374928,,
dorsal,unknown_cal,11k:1539_R,6,False,11k:1510_R,0.3955103135179392,,
dorsal,unknown_cal,11k:1539_R,7,False,11k:1510_R,0.39050956730735203,,
dorsal,unknown_cal,11k:1539_R,8,False,11k:1516_R,0.4243005832888226,,
dorsal,unknown_cal,11k:1539_R,9,False,11k:1516_R,0.3946343306922595,,
dorsal,unknown_cal,11k:1539_R,10,False,11k:1516_R,0.42482732189637806,,
dorsal,unknown_cal,11k:1539_R,11,False,11k:543_R,0.3359146972234681,,
dorsal,unknown_cal,11k:1539_R,12,False,11k:1510_R,0.36303973836789577,,
dorsal,unknown_cal,11k:1543_L,1,False,11k:1028_L,0.5515645038166432,,
dorsal,unknown_cal,11k:1543_L,2,False,11k:1028_L,0.46902083132354855,,
dorsal,unknown_cal,11k:1543_L,3,False,11k:1505_L,0.40186830467931367,,
dorsal,unknown_cal,11k:1543_L,4,False,11k:1028_L,0.4549804855853762,,
dorsal,unknown_cal,11k:1543_L,5,False,11k:1028_L,0.4550349081780878,,
dorsal,unknown_cal,11k:1543_L,6,False,11k:1028_L,0.5144973696448704,,
dorsal,unknown_cal,11k:1543_L,7,False,11k:1028_L,0.44558332022829816,,
dorsal,unknown_cal,11k:1543_L,8,False,11k:1028_L,0.4713814492735571,,
dorsal,unknown_cal,11k:1543_L,9,False,11k:1028_L,0.44792965756330566,,
dorsal,unknown_cal,11k:1543_L,10,False,11k:1028_L,0.46726044207987494,,
dorsal,unknown_cal,11k:1543_L,11,False,11k:1028_L,0.38602998025975793,,
dorsal,unknown_cal,11k:1543_L,12,False,11k:1028_L,0.4657959435898873,,
dorsal,unknown_cal,11k:1543_L,13,False,11k:1028_L,0.5100558414651581,,
dorsal,unknown_cal,11k:1543_L,14,False,11k:1028_L,0.4969139715676355,,
dorsal,unknown_cal,11k:1543_L,15,False,11k:1028_L,0.49655873452453625,,
dorsal,unknown_cal,11k:1543_L,16,False,11k:1028_L,0.4514414255783449,,
dorsal,unknown_cal,11k:1543_L,17,False,11k:1028_L,0.5045163604171847,,
dorsal,unknown_cal,11k:1543_L,18,False,11k:1028_L,0.4948327689123039,,
dorsal,unknown_cal,11k:1543_L,19,False,11k:1028_L,0.4535692999098191,,
dorsal,unknown_cal,11k:1543_L,20,False,11k:1028_L,0.49069873817203885,,
dorsal,unknown_cal,11k:1543_L,21,False,11k:1028_L,0.4768143817479443,,
dorsal,unknown_cal,11k:1543_L,22,False,11k:1028_L,0.33684578436019963,,
dorsal,unknown_cal,11k:1543_L,23,False,11k:1028_L,0.3715323428249262,,
dorsal,unknown_cal,11k:1543_L,24,False,11k:1028_L,0.34848569697384946,,
dorsal,unknown_cal,11k:1543_L,25,False,11k:1028_L,0.35350378209061717,,
dorsal,unknown_cal,11k:1543_L,26,False,11k:1028_L,0.42007928490180313,,
dorsal,unknown_cal,11k:1543_L,27,False,11k:1028_L,0.4185196987773946,,
dorsal,unknown_cal,11k:1543_L,28,False,11k:1028_L,0.45540197527174187,,
dorsal,unknown_cal,11k:1543_R,1,False,11k:1028_R,0.5312540170956614,,
dorsal,unknown_cal,11k:1543_R,2,False,11k:1028_R,0.5103686311782484,,
dorsal,unknown_cal,11k:1543_R,3,False,11k:1028_R,0.47532495609775105,,
dorsal,unknown_cal,11k:1543_R,4,False,11k:1028_R,0.5402070137366539,,
dorsal,unknown_cal,11k:1543_R,5,False,11k:1028_R,0.515076291032845,,
dorsal,unknown_cal,11k:1543_R,6,False,11k:1028_R,0.47133110069949,,
dorsal,unknown_cal,11k:1543_R,7,False,11k:1028_R,0.5231978715876574,,
dorsal,unknown_cal,11k:1543_R,8,False,11k:1028_R,0.5051240138911512,,
dorsal,unknown_cal,11k:1543_R,9,False,11k:1028_R,0.5515059124359503,,
dorsal,unknown_cal,11k:1543_R,10,False,11k:1028_R,0.5605666742629445,,
dorsal,unknown_cal,11k:1543_R,11,False,11k:1028_R,0.5138409637996503,,
dorsal,unknown_cal,11k:1543_R,12,False,11k:1028_R,0.5539898747518575,,
dorsal,unknown_cal,11k:1543_R,13,False,11k:1028_R,0.5675352682982333,,
dorsal,unknown_cal,11k:1543_R,14,False,11k:1028_R,0.5718865728385842,,
dorsal,unknown_cal,11k:1543_R,15,False,11k:1028_R,0.5813896433587988,,
dorsal,unknown_cal,11k:1543_R,16,False,11k:1028_R,0.568016968698506,,
dorsal,unknown_cal,11k:1543_R,17,False,11k:1028_R,0.5634773405701541,,
dorsal,unknown_cal,11k:1543_R,18,False,11k:1028_R,0.5188822286881437,,
dorsal,unknown_cal,11k:1543_R,19,False,11k:1028_R,0.5060186643387994,,
dorsal,unknown_cal,11k:1543_R,20,False,11k:1028_R,0.5503744732005329,,
dorsal,unknown_cal,11k:1543_R,21,False,11k:1028_R,0.5813420025562899,,
dorsal,unknown_cal,11k:1543_R,22,False,11k:1028_R,0.5993668313094624,,
dorsal,unknown_cal,11k:1543_R,23,False,11k:1028_R,0.6010520354007725,,
dorsal,unknown_cal,11k:1543_R,24,False,11k:1028_R,0.6166975260048184,,
dorsal,unknown_cal,11k:1543_R,25,False,11k:1028_R,0.5925223427214925,,
dorsal,unknown_cal,11k:1543_R,26,False,11k:1028_R,0.5127289126628152,,
dorsal,unknown_cal,11k:1543_R,27,False,11k:1028_R,0.5367426445378232,,
dorsal,unknown_cal,11k:1543_R,28,False,11k:1028_R,0.5343753982117372,,
dorsal,unknown_cal,11k:1543_R,29,False,11k:1028_R,0.5608481128984362,,
dorsal,unknown_cal,11k:1543_R,30,False,11k:1028_R,0.5363672853198593,,
dorsal,unknown_cal,11k:1543_R,31,False,11k:1028_R,0.5503461981602032,,
dorsal,unknown_cal,11k:1543_R,32,False,11k:1028_R,0.5433715022940999,,
dorsal,unknown_cal,11k:1547_L,1,False,11k:1080_L,0.26137936865089983,,
dorsal,unknown_cal,11k:1547_L,2,False,11k:1080_L,0.23316196919131593,,
dorsal,unknown_cal,11k:1547_L,3,False,11k:1080_L,0.23753950051660683,,
dorsal,unknown_cal,11k:1547_L,4,False,11k:1080_L,0.2622490306812698,,
dorsal,unknown_cal,11k:1547_L,5,False,11k:1080_L,0.27937180481427726,,
dorsal,unknown_cal,11k:1547_L,6,False,11k:1593_L,0.29358448447609464,,
dorsal,unknown_cal,11k:1547_L,7,False,11k:1080_L,0.25178278844357405,,
dorsal,unknown_cal,11k:1547_L,8,False,11k:1517_L,0.2500478954443516,,
dorsal,unknown_cal,11k:1547_L,9,False,11k:1080_L,0.2542394201524171,,
dorsal,unknown_cal,11k:1547_L,10,False,11k:1080_L,0.22942331286200893,,
dorsal,unknown_cal,11k:1547_L,11,False,11k:1517_L,0.18834383634223167,,
dorsal,unknown_cal,11k:1547_L,12,False,11k:1080_L,0.20981169055150997,,
dorsal,unknown_cal,11k:1547_L,13,False,11k:1593_L,0.2544009391922464,,
dorsal,unknown_cal,11k:1547_L,14,False,11k:1080_L,0.26021765980611655,,
dorsal,unknown_cal,11k:1547_L,15,False,11k:1080_L,0.2917839800658828,,
dorsal,unknown_cal,11k:1547_L,16,False,11k:1080_L,0.264306812454725,,
dorsal,unknown_cal,11k:1547_L,17,False,11k:1080_L,0.29952354823116445,,
dorsal,unknown_cal,11k:1547_R,1,False,11k:1510_R,0.3452742033404034,,
dorsal,unknown_cal,11k:1547_R,2,False,11k:1510_R,0.3731218228911439,,
dorsal,unknown_cal,11k:1547_R,3,False,11k:1510_R,0.4355359863962923,,
dorsal,unknown_cal,11k:1547_R,4,False,11k:1510_R,0.414191740838203,,
dorsal,unknown_cal,11k:1547_R,5,False,11k:1510_R,0.41317795054467077,,
dorsal,unknown_cal,11k:1547_R,6,False,11k:1510_R,0.41859233507554683,,
dorsal,unknown_cal,11k:1547_R,7,False,11k:1510_R,0.41487938807483066,,
dorsal,unknown_cal,11k:1547_R,8,False,11k:1510_R,0.39931852954024516,,
dorsal,unknown_cal,11k:1547_R,9,False,11k:1510_R,0.35859808377967184,,
dorsal,unknown_cal,11k:1547_R,10,False,11k:1510_R,0.34562114106354996,,
dorsal,unknown_cal,11k:1547_R,11,False,11k:1510_R,0.36808328353721625,,
dorsal,unknown_cal,11k:1547_R,12,False,11k:86_R,0.35343410366822925,,
dorsal,unknown_cal,11k:1547_R,13,False,11k:86_R,0.386492877444369,,
dorsal,unknown_cal,11k:1547_R,14,False,11k:1510_R,0.41748729395119394,,
dorsal,unknown_cal,11k:1547_R,15,False,11k:1510_R,0.3741404767435097,,
dorsal,unknown_cal,11k:1547_R,16,False,11k:1510_R,0.34755161343912566,,
dorsal,unknown_cal,11k:1547_R,17,False,11k:1510_R,0.3459374681718295,,
dorsal,unknown_cal,11k:1547_R,18,False,11k:1510_R,0.41259129139377015,,
dorsal,unknown_cal,11k:1547_R,19,False,11k:1510_R,0.4106156550810399,,
dorsal,unknown_cal,11k:1547_R,20,False,11k:1510_R,0.3577069962548145,,
dorsal,unknown_cal,11k:1547_R,21,False,11k:1510_R,0.3553303241313878,,
dorsal,unknown_cal,11k:1553_L,1,False,11k:1032_L,0.48137916073733755,,
dorsal,unknown_cal,11k:1553_L,2,False,11k:1032_L,0.4435375419849348,,
dorsal,unknown_cal,11k:1553_L,3,False,11k:1019_L,0.3675027915144051,,
dorsal,unknown_cal,11k:1553_L,4,False,11k:1019_L,0.35793289915533993,,
dorsal,unknown_cal,11k:1553_L,5,False,11k:1019_L,0.3260858323652886,,
dorsal,unknown_cal,11k:1553_L,6,False,11k:1032_L,0.35320122664000775,,
dorsal,unknown_cal,11k:1553_L,7,False,11k:1019_L,0.38702657994276646,,
dorsal,unknown_cal,11k:1553_L,8,False,11k:1032_L,0.37398506045772606,,
dorsal,unknown_cal,11k:1553_L,9,False,11k:1032_L,0.3644579348553699,,
dorsal,unknown_cal,11k:1553_L,10,False,11k:1032_L,0.34321595056793963,,
dorsal,unknown_cal,11k:1553_L,11,False,11k:543_L,0.40115731678588146,,
dorsal,unknown_cal,11k:1553_L,12,False,11k:1032_L,0.39732648127987047,,
dorsal,unknown_cal,11k:1553_R,1,False,11k:1571_R,0.3555308327934875,,
dorsal,unknown_cal,11k:1553_R,2,False,11k:1571_R,0.3255993003631849,,
dorsal,unknown_cal,11k:1553_R,3,False,11k:55_R,0.3330336550793794,,
dorsal,unknown_cal,11k:1553_R,4,False,11k:1037_R,0.3165954671055873,,
dorsal,unknown_cal,11k:1553_R,5,False,11k:1037_R,0.3525425369355115,,
dorsal,unknown_cal,11k:1553_R,6,False,11k:55_R,0.33394280050106956,,
dorsal,unknown_cal,11k:1553_R,7,False,11k:1032_R,0.324137323727579,,
dorsal,unknown_cal,11k:1553_R,8,False,11k:1571_R,0.3042664221009982,,
dorsal,unknown_cal,11k:1555_L,1,False,11k:1013_L,0.25896332483252404,,
dorsal,unknown_cal,11k:1555_L,2,False,11k:62_L,0.2718447392147645,,
dorsal,unknown_cal,11k:1555_L,3,False,11k:8_L,0.3111747573696726,,
dorsal,unknown_cal,11k:1555_L,4,False,11k:586_L,0.29863446511164765,,
dorsal,unknown_cal,11k:1555_L,5,False,11k:8_L,0.34364171061429327,,
dorsal,unknown_cal,11k:1555_L,6,False,11k:8_L,0.2713352131096567,,
dorsal,unknown_cal,11k:1555_L,7,False,11k:8_L,0.2944097713237541,,
dorsal,unknown_cal,11k:1555_L,8,False,11k:8_L,0.27663084516372155,,
dorsal,unknown_cal,11k:1555_L,9,False,11k:586_L,0.34710527263021573,,
dorsal,unknown_cal,11k:1555_L,10,False,11k:586_L,0.29377728064730113,,
dorsal,unknown_cal,11k:1555_R,1,False,11k:586_R,0.28980085969065544,,
dorsal,unknown_cal,11k:1555_R,2,False,11k:1517_R,0.3982621311560052,,
dorsal,unknown_cal,11k:1555_R,3,False,11k:1517_R,0.3022782954897728,,
dorsal,unknown_cal,11k:1555_R,4,False,11k:586_R,0.3566554690562778,,
dorsal,unknown_cal,11k:1555_R,5,False,11k:62_R,0.34256902330555544,,
dorsal,unknown_cal,11k:1555_R,6,False,11k:62_R,0.30232084244794466,,
dorsal,unknown_cal,11k:1555_R,7,False,11k:62_R,0.31711858257816905,,
dorsal,unknown_cal,11k:1589_L,1,False,11k:92_L,0.45339325572007394,,
dorsal,unknown_cal,11k:1589_L,2,False,11k:92_L,0.5304459067303782,,
dorsal,unknown_cal,11k:1589_L,3,False,11k:92_L,0.4978109412662012,,
dorsal,unknown_cal,11k:1589_L,4,False,11k:92_L,0.5125147853280534,,
dorsal,unknown_cal,11k:1589_L,5,False,11k:92_L,0.41253707364443093,,
dorsal,unknown_cal,11k:1589_L,6,False,11k:92_L,0.48770391957293846,,
dorsal,unknown_cal,11k:1589_L,7,False,11k:92_L,0.5032311136618981,,
dorsal,unknown_cal,11k:1589_L,8,False,11k:92_L,0.45587708318516973,,
dorsal,unknown_cal,11k:1589_L,9,False,11k:92_L,0.42531592435107557,,
dorsal,unknown_cal,11k:1589_L,10,False,11k:92_L,0.5215046933642289,,
dorsal,unknown_cal,11k:1589_L,11,False,11k:92_L,0.4939189131316711,,
dorsal,unknown_cal,11k:1589_L,12,False,11k:92_L,0.47002468780106943,,
dorsal,unknown_cal,11k:1589_L,13,False,11k:92_L,0.5370460911016866,,
dorsal,unknown_cal,11k:1589_L,14,False,11k:92_L,0.5125247489861021,,
dorsal,unknown_cal,11k:1589_R,1,False,11k:86_R,0.4812781990667051,,
dorsal,unknown_cal,11k:1589_R,2,False,11k:86_R,0.5417703067480406,,
dorsal,unknown_cal,11k:1589_R,3,False,11k:86_R,0.594277008667673,,
dorsal,unknown_cal,11k:1589_R,4,False,11k:86_R,0.5373316192109513,,
dorsal,unknown_cal,11k:1589_R,5,False,11k:86_R,0.4901854050647806,,
dorsal,unknown_cal,11k:3000000_L,1,False,11k:86_L,0.3406709012711211,,
dorsal,unknown_cal,11k:3000000_L,2,False,11k:86_L,0.36642044739360385,,
dorsal,unknown_cal,11k:3000000_L,3,False,11k:86_L,0.33843211117242106,,
dorsal,unknown_cal,11k:3000000_L,4,False,11k:86_L,0.40353673418389735,,
dorsal,unknown_cal,11k:3000000_L,5,False,11k:86_L,0.3942461423419541,,
dorsal,unknown_cal,11k:3000000_L,6,False,11k:86_L,0.3248512413679289,,
dorsal,unknown_cal,11k:3000000_L,7,False,11k:86_L,0.4305071063758157,,
dorsal,unknown_cal,11k:3000000_L,8,False,11k:86_L,0.3410136152757315,,
dorsal,unknown_cal,11k:3000000_L,9,False,11k:86_L,0.33403385809795816,,
dorsal,unknown_cal,11k:3000000_L,10,False,11k:86_L,0.41200062372449053,,
dorsal,unknown_cal,11k:3000000_L,11,False,11k:92_L,0.2962533426338766,,
dorsal,unknown_cal,11k:3000000_L,12,False,11k:92_L,0.29455810769720814,,
dorsal,unknown_cal,11k:3000000_L,13,False,11k:86_L,0.319322804535494,,
dorsal,unknown_cal,11k:3000000_R,1,False,11k:1510_R,0.2640551896417499,,
dorsal,unknown_cal,11k:3000000_R,2,False,11k:1075_R,0.2971018745605656,,
dorsal,unknown_cal,11k:3000000_R,3,False,11k:1562_R,0.294670617516703,,
dorsal,unknown_cal,11k:3000000_R,4,False,11k:1562_R,0.3014809890527208,,
dorsal,unknown_cal,11k:3000000_R,5,False,11k:1510_R,0.30962318371414477,,
dorsal,unknown_cal,11k:538_L,1,False,11k:1571_L,0.4467078096741438,,
dorsal,unknown_cal,11k:538_L,2,False,11k:1571_L,0.3928243561913013,,
dorsal,unknown_cal,11k:538_L,3,False,11k:587_L,0.4133878916106877,,
dorsal,unknown_cal,11k:538_L,4,False,11k:1571_L,0.3593871217712228,,
dorsal,unknown_cal,11k:538_L,5,False,11k:1571_L,0.3791456504279115,,
dorsal,unknown_cal,11k:538_L,6,False,11k:587_L,0.3752036117114884,,
dorsal,unknown_cal,11k:538_L,7,False,11k:1571_L,0.427028716624981,,
dorsal,unknown_cal,11k:538_R,1,False,11k:1510_R,0.6221335525894534,,
dorsal,unknown_cal,11k:538_R,2,False,11k:1510_R,0.5829280360773347,,
dorsal,unknown_cal,11k:538_R,3,False,11k:1510_R,0.3773837176218229,,
dorsal,unknown_cal,11k:538_R,4,False,11k:1510_R,0.5064356344035695,,
dorsal,unknown_cal,11k:538_R,5,False,11k:1510_R,0.5309399376985507,,
dorsal,unknown_cal,11k:538_R,6,False,11k:1510_R,0.5690438627452148,,
dorsal,unknown_cal,11k:538_R,7,False,11k:1510_R,0.5706536104078878,,
dorsal,unknown_cal,11k:538_R,8,False,11k:1510_R,0.5558207370685249,,
dorsal,unknown_cal,11k:538_R,9,False,11k:1510_R,0.5432982888000096,,
dorsal,unknown_cal,11k:546_L,1,False,11k:1525_L,0.35949663069448834,,
dorsal,unknown_cal,11k:546_L,2,False,11k:1588_L,0.31492822638129514,,
dorsal,unknown_cal,11k:546_L,3,False,11k:1037_L,0.2993964428446128,,
dorsal,unknown_cal,11k:546_L,4,False,11k:1532_L,0.30669431283047144,,
dorsal,unknown_cal,11k:546_L,5,False,11k:1503_L,0.2744691559578818,,
dorsal,unknown_cal,11k:546_L,6,False,11k:81_L,0.29204957240675394,,
dorsal,unknown_cal,11k:546_L,7,False,11k:1588_L,0.283258514010047,,
dorsal,unknown_cal,11k:546_L,8,False,11k:1503_L,0.3172919209172216,,
dorsal,unknown_cal,11k:546_L,9,False,11k:1532_L,0.3749743681217856,,
dorsal,unknown_cal,11k:546_L,10,False,11k:1080_L,0.26105210412115276,,
dorsal,unknown_cal,11k:546_L,11,False,11k:1516_L,0.32291394314107325,,
dorsal,unknown_cal,11k:546_L,12,False,11k:1516_L,0.29012779591502674,,
dorsal,unknown_cal,11k:546_L,13,False,11k:1516_L,0.30280242362945375,,
dorsal,unknown_cal,11k:546_R,1,False,11k:1503_R,0.35820671307778407,,
dorsal,unknown_cal,11k:546_R,2,False,11k:1516_R,0.39233690424762374,,
dorsal,unknown_cal,11k:546_R,3,False,11k:1516_R,0.3762806671843742,,
dorsal,unknown_cal,11k:546_R,4,False,11k:1516_R,0.36373231570891434,,
dorsal,unknown_cal,11k:546_R,5,False,11k:1516_R,0.36216642623240425,,
dorsal,unknown_cal,11k:546_R,6,False,11k:1516_R,0.3679458880175708,,
dorsal,unknown_cal,11k:546_R,7,False,11k:1571_R,0.36415761457435325,,
dorsal,unknown_cal,11k:546_R,8,False,11k:1516_R,0.36074209703405735,,
dorsal,unknown_cal,11k:546_R,9,False,11k:1516_R,0.3476609252605125,,
dorsal,unknown_cal,11k:546_R,10,False,11k:1516_R,0.35019508077411154,,
dorsal,unknown_cal,11k:546_R,11,False,11k:1571_R,0.3137114707451823,,
dorsal,unknown_cal,11k:546_R,12,False,11k:1516_R,0.384904123949727,,
dorsal,unknown_cal,11k:546_R,13,False,11k:1516_R,0.3241651093167222,,
dorsal,unknown_cal,11k:546_R,14,False,11k:1516_R,0.33001900561743647,,
dorsal,unknown_cal,11k:546_R,15,False,11k:1021_R,0.38741060380226583,,
dorsal,unknown_cal,11k:546_R,16,False,11k:1021_R,0.32958067419268244,,
dorsal,unknown_cal,11k:552_L,1,False,11k:1059_L,0.33999573300378994,,
dorsal,unknown_cal,11k:552_L,2,False,11k:1059_L,0.43159692143281714,,
dorsal,unknown_cal,11k:552_L,3,False,11k:1059_L,0.40574483323235533,,
dorsal,unknown_cal,11k:552_L,4,False,11k:1059_L,0.34909829391693614,,
dorsal,unknown_cal,11k:552_L,5,False,11k:1059_L,0.31187357093657614,,
dorsal,unknown_cal,11k:552_L,6,False,11k:1059_L,0.3440499873501774,,
dorsal,unknown_cal,11k:552_L,7,False,11k:1046_L,0.22181212052275862,,
dorsal,unknown_cal,11k:552_L,8,False,11k:1059_L,0.2648230156703738,,
dorsal,unknown_cal,11k:552_L,9,False,11k:1046_L,0.24260970177767888,,
dorsal,unknown_cal,11k:552_L,10,False,11k:1059_L,0.3363274096011516,,
dorsal,unknown_cal,11k:552_L,11,False,11k:1059_L,0.38179680888359785,,
dorsal,unknown_cal,11k:552_L,12,False,11k:1059_L,0.29507528046417025,,
dorsal,unknown_cal,11k:552_L,13,False,11k:1059_L,0.281282185080888,,
dorsal,unknown_cal,11k:552_L,14,False,11k:1059_L,0.48858566772530965,,
dorsal,unknown_cal,11k:552_L,15,False,11k:1059_L,0.4750275396689137,,
dorsal,unknown_cal,11k:552_R,1,False,11k:1046_R,0.38566125260940054,,
dorsal,unknown_cal,11k:552_R,2,False,11k:1046_R,0.329012886600892,,
dorsal,unknown_cal,11k:552_R,3,False,11k:1046_R,0.3274289564505968,,
dorsal,unknown_cal,11k:552_R,4,False,11k:1033_R,0.3413712558184192,,
dorsal,unknown_cal,11k:552_R,5,False,11k:1505_R,0.2826397348269885,,
dorsal,unknown_cal,11k:552_R,6,False,11k:1046_R,0.3453000635903637,,
dorsal,unknown_cal,11k:552_R,7,False,11k:1533_R,0.34010969358660986,,
dorsal,unknown_cal,11k:552_R,8,False,11k:1046_R,0.353266510600157,,
dorsal,unknown_cal,11k:552_R,9,False,11k:1046_R,0.3704144556629696,,
dorsal,unknown_cal,11k:552_R,10,False,11k:57_R,0.3629981109583025,,
dorsal,unknown_cal,11k:552_R,11,False,11k:1046_R,0.31433747224738107,,
dorsal,unknown_cal,11k:552_R,12,False,11k:1033_R,0.2867522525793687,,
dorsal,unknown_cal,11k:552_R,13,False,11k:1046_R,0.3170451260868248,,
dorsal,unknown_cal,11k:552_R,14,False,11k:1533_R,0.32053801172198754,,
dorsal,unknown_cal,11k:552_R,15,False,11k:1033_R,0.3475196895927493,,
dorsal,unknown_cal,11k:552_R,16,False,11k:1033_R,0.3182542644800051,,
dorsal,unknown_cal,11k:552_R,17,False,11k:1046_R,0.35239274392908015,,
dorsal,unknown_cal,11k:552_R,18,False,11k:570_R,0.3086579372461643,,
dorsal,unknown_cal,11k:552_R,19,False,11k:1046_R,0.32293952850296587,,
dorsal,unknown_cal,11k:559_L,1,False,11k:65_L,0.4251937145504754,,
dorsal,unknown_cal,11k:559_L,2,False,11k:11_L,0.4352802826572314,,
dorsal,unknown_cal,11k:559_L,3,False,11k:8_L,0.6286807821317288,,
dorsal,unknown_cal,11k:559_L,4,False,11k:8_L,0.4641507749164714,,
dorsal,unknown_cal,11k:559_L,5,False,11k:8_L,0.5634682799433784,,
dorsal,unknown_cal,11k:559_L,6,False,11k:8_L,0.5406134467378185,,
dorsal,unknown_cal,11k:559_L,7,False,11k:55_L,0.5322340493529489,,
dorsal,unknown_cal,11k:559_R,1,False,11k:11_R,0.5389173671374353,,
dorsal,unknown_cal,11k:559_R,2,False,11k:570_R,0.484620433712453,,
dorsal,unknown_cal,11k:559_R,3,False,11k:1074_R,0.5018568177530388,,
dorsal,unknown_cal,11k:559_R,4,False,11k:11_R,0.5050295795915888,,
dorsal,unknown_cal,11k:559_R,5,False,11k:11_R,0.48091987678271586,,
dorsal,unknown_cal,11k:588_L,1,False,11k:543_L,0.3435543583714341,,
dorsal,unknown_cal,11k:588_L,2,False,11k:1525_L,0.3142874876812645,,
dorsal,unknown_cal,11k:588_L,3,False,11k:1585_L,0.32247549197828146,,
dorsal,unknown_cal,11k:588_L,4,False,11k:1525_L,0.3604593372831313,,
dorsal,unknown_cal,11k:588_L,5,False,11k:1525_L,0.3221372107934921,,
dorsal,unknown_cal,11k:588_L,6,False,11k:1525_L,0.3290587109552357,,
dorsal,unknown_cal,11k:588_L,7,False,11k:1046_L,0.3109738728121874,,
dorsal,unknown_cal,11k:588_L,8,False,11k:1525_L,0.3146343959189126,,
dorsal,unknown_cal,11k:588_L,9,False,11k:543_L,0.27882092723700125,,
dorsal,unknown_cal,11k:588_L,10,False,11k:572_L,0.35246664128816735,,
dorsal,unknown_cal,11k:588_L,11,False,11k:1525_L,0.3197337842326987,,
dorsal,unknown_cal,11k:588_L,12,False,11k:543_L,0.36338946186024024,,
dorsal,unknown_cal,11k:588_R,1,False,11k:543_R,0.40800545914201003,,
dorsal,unknown_cal,11k:588_R,2,False,11k:543_R,0.3969177715359835,,
dorsal,unknown_cal,11k:588_R,3,False,11k:543_R,0.4231598463499555,,
dorsal,unknown_cal,11k:588_R,4,False,11k:543_R,0.4628570432763046,,
dorsal,unknown_cal,11k:588_R,5,False,11k:543_R,0.4455720414819468,,
dorsal,unknown_cal,11k:9000000_L,1,False,11k:92_L,0.43742725537244964,,
dorsal,unknown_cal,11k:9000000_L,2,False,11k:92_L,0.4508825426436184,,
dorsal,unknown_cal,11k:9000000_L,3,False,11k:92_L,0.4485360099199372,,
dorsal,unknown_cal,11k:9000000_L,4,False,11k:92_L,0.4928489526207743,,
dorsal,unknown_cal,11k:9000000_L,5,False,11k:92_L,0.4790515868670731,,
dorsal,unknown_cal,11k:9000000_L,6,False,11k:92_L,0.4033187552309063,,
dorsal,unknown_cal,11k:9000000_L,7,False,11k:92_L,0.434959091202887,,
dorsal,unknown_cal,11k:9000000_R,1,False,11k:92_R,0.45701511660478167,,
dorsal,unknown_cal,11k:9000000_R,2,False,11k:92_R,0.5723674096887373,,
dorsal,unknown_cal,11k:9000000_R,3,False,11k:92_R,0.5458496354210658,,
dorsal,unknown_cal,11k:9000000_R,4,False,11k:92_R,0.46599628167030127,,
dorsal,unknown_cal,11k:9000000_R,5,False,11k:92_R,0.4979366592628198,,
dorsal,unknown_cal,11k:9000000_R,6,False,11k:92_R,0.4688677290827926,,
dorsal,unknown_cal,11k:9000000_R,7,False,11k:92_R,0.5246502238098777,,
dorsal,unknown_cal,11k:9000000_R,8,False,11k:92_R,0.5905341169693505,,
dorsal,unknown_cal,11k:9000000_R,9,False,11k:92_R,0.5476820518452765,,
dorsal,unknown_cal,11k:9000000_R,10,False,11k:92_R,0.4774943209530639,,
dorsal,unknown_cal,11k:9000000_R,11,False,11k:92_R,0.4340621328685432,,
dorsal,unknown_cal,11k:9000000_R,12,False,11k:92_R,0.4229825699598695,,
dorsal,unknown_cal,11k:9000000_R,13,False,11k:92_R,0.4562456859796816,,
dorsal,unknown_cal,11k:9000000_R,14,False,11k:92_R,0.5004824168753517,,
dorsal,unknown_cal,11k:9000000_R,15,False,11k:92_R,0.48537968729869,,
dorsal,unknown_test,11k:1005_L,1,False,11k:1028_L,0.4659401221343672,,
dorsal,unknown_test,11k:1005_L,2,False,11k:1028_L,0.5684774356457717,,
dorsal,unknown_test,11k:1005_L,3,False,11k:1028_L,0.54067866314478,,
dorsal,unknown_test,11k:1005_L,4,False,11k:1028_L,0.5505335635424266,,
dorsal,unknown_test,11k:1005_L,5,False,11k:1028_L,0.5063965199462814,,
dorsal,unknown_test,11k:1005_L,6,False,11k:1028_L,0.47134861278526985,,
dorsal,unknown_test,11k:1005_L,7,False,11k:1593_L,0.3773676744737665,,
dorsal,unknown_test,11k:1005_L,8,False,11k:1593_L,0.4032787356050994,,
dorsal,unknown_test,11k:1005_L,9,False,11k:1074_L,0.37255373850091084,,
dorsal,unknown_test,11k:1005_L,10,False,11k:1593_L,0.44598074940635235,,
dorsal,unknown_test,11k:1005_L,11,False,11k:1593_L,0.3724453075398959,,
dorsal,unknown_test,11k:1005_R,1,False,11k:1000000_R,0.39714472882360047,,
dorsal,unknown_test,11k:1005_R,2,False,11k:1000000_R,0.3758517637329761,,
dorsal,unknown_test,11k:1005_R,3,False,11k:1000000_R,0.4726998346685176,,
dorsal,unknown_test,11k:1005_R,4,False,11k:1000000_R,0.4028844692446082,,
dorsal,unknown_test,11k:1005_R,5,False,11k:1000000_R,0.41538747662956443,,
dorsal,unknown_test,11k:1005_R,6,False,11k:1075_R,0.44635895966430683,,
dorsal,unknown_test,11k:1005_R,7,False,11k:1000000_R,0.3325878736505017,,
dorsal,unknown_test,11k:1005_R,8,False,11k:1593_R,0.43325657381087945,,
dorsal,unknown_test,11k:1005_R,9,False,11k:1000000_R,0.40651226503590854,,
dorsal,unknown_test,11k:1005_R,10,False,11k:66_R,0.3386071436757286,,
dorsal,unknown_test,11k:1005_R,11,False,11k:1000000_R,0.4625801544186076,,
dorsal,unknown_test,11k:1005_R,12,False,11k:1000000_R,0.4462445560715045,,
dorsal,unknown_test,11k:1014_L,1,False,11k:92_L,0.4919240344149396,,
dorsal,unknown_test,11k:1014_L,2,False,11k:92_L,0.5344921967469234,,
dorsal,unknown_test,11k:1014_L,3,False,11k:92_L,0.4050027119499805,,
dorsal,unknown_test,11k:1014_R,1,False,11k:92_R,0.4639908488701283,,
dorsal,unknown_test,11k:1014_R,2,False,11k:1074_R,0.40088037234051266,,
dorsal,unknown_test,11k:1014_R,3,False,11k:92_R,0.5028860645275561,,
dorsal,unknown_test,11k:1014_R,4,False,11k:92_R,0.4442770030705476,,
dorsal,unknown_test,11k:1014_R,5,False,11k:92_R,0.44943521858394336,,
dorsal,unknown_test,11k:1014_R,6,False,11k:92_R,0.5514852351954573,,
dorsal,unknown_test,11k:1014_R,7,False,11k:92_R,0.4810974106576847,,
dorsal,unknown_test,11k:1014_R,8,False,11k:92_R,0.543688053570013,,
dorsal,unknown_test,11k:1014_R,9,False,11k:92_R,0.4705897452216033,,
dorsal,unknown_test,11k:1018_L,1,False,11k:1562_L,0.3141018593751066,,
dorsal,unknown_test,11k:1018_L,2,False,11k:92_L,0.33799225247481585,,
dorsal,unknown_test,11k:1018_L,3,False,11k:1510_L,0.2671959115909307,,
dorsal,unknown_test,11k:1018_L,4,False,11k:81_L,0.22524927308330267,,
dorsal,unknown_test,11k:1018_L,5,False,11k:1510_L,0.27901868700809074,,
dorsal,unknown_test,11k:1018_L,6,False,11k:81_L,0.26507830094242313,,
dorsal,unknown_test,11k:1018_L,7,False,11k:1510_L,0.31700959836241266,,
dorsal,unknown_test,11k:1018_L,8,False,11k:81_L,0.2454103268433884,,
dorsal,unknown_test,11k:1018_L,9,False,11k:81_L,0.2862953086297419,,
dorsal,unknown_test,11k:1018_L,10,False,11k:81_L,0.27680227669357027,,
dorsal,unknown_test,11k:1018_L,11,False,11k:1510_L,0.2955190419231605,,
dorsal,unknown_test,11k:1018_L,12,False,11k:55_L,0.26117934407953947,,
dorsal,unknown_test,11k:1018_L,13,False,11k:1510_L,0.30940207657121127,,
dorsal,unknown_test,11k:1018_L,14,False,11k:1510_L,0.2669679794474545,,
dorsal,unknown_test,11k:1018_L,15,False,11k:92_L,0.25548832308673297,,
dorsal,unknown_test,11k:1018_L,16,False,11k:1510_L,0.27423550032359634,,
dorsal,unknown_test,11k:1018_L,17,False,11k:81_L,0.2757689870615199,,
dorsal,unknown_test,11k:1018_L,18,False,11k:1510_L,0.30557285739456286,,
dorsal,unknown_test,11k:1018_L,19,False,11k:81_L,0.2712279288896172,,
dorsal,unknown_test,11k:1018_R,1,False,11k:1510_R,0.44281417268834433,,
dorsal,unknown_test,11k:1018_R,2,False,11k:1510_R,0.3285363265420608,,
dorsal,unknown_test,11k:1018_R,3,False,11k:1510_R,0.3635127564090985,,
dorsal,unknown_test,11k:1018_R,4,False,11k:1510_R,0.3852228369717971,,
dorsal,unknown_test,11k:1018_R,5,False,11k:1510_R,0.3691156602019032,,
dorsal,unknown_test,11k:1018_R,6,False,11k:1510_R,0.3505215240131775,,
dorsal,unknown_test,11k:1018_R,7,False,11k:1510_R,0.42069662532995,,
dorsal,unknown_test,11k:1018_R,8,False,11k:1510_R,0.34828444031231387,,
dorsal,unknown_test,11k:1018_R,9,False,11k:1510_R,0.36316420509225117,,
dorsal,unknown_test,11k:1018_R,10,False,11k:1510_R,0.38137065630769507,,
dorsal,unknown_test,11k:1018_R,11,False,11k:1510_R,0.38150390227979236,,
dorsal,unknown_test,11k:1018_R,12,False,11k:1510_R,0.32991729182497254,,
dorsal,unknown_test,11k:1018_R,13,False,11k:1510_R,0.2998818765882044,,
dorsal,unknown_test,11k:1034_L,1,False,11k:1571_L,0.34372865108384243,,
dorsal,unknown_test,11k:1034_L,2,False,11k:1571_L,0.37000841536286627,,
dorsal,unknown_test,11k:1034_L,3,False,11k:1571_L,0.40290824394250035,,
dorsal,unknown_test,11k:1034_L,4,False,11k:1074_L,0.29807855108275705,,
dorsal,unknown_test,11k:1034_L,5,False,11k:1571_L,0.3706206570467407,,
dorsal,unknown_test,11k:1034_L,6,False,11k:1571_L,0.40151919575132655,,
dorsal,unknown_test,11k:1034_L,7,False,11k:1571_L,0.5222049235894886,,
dorsal,unknown_test,11k:1034_L,8,False,11k:1585_L,0.35024611557657426,,
dorsal,unknown_test,11k:1034_L,9,False,11k:1571_L,0.4451846064490493,,
dorsal,unknown_test,11k:1034_L,10,False,11k:1571_L,0.3262908676570964,,
dorsal,unknown_test,11k:1034_L,11,False,11k:1571_L,0.4005461405294123,,
dorsal,unknown_test,11k:1034_L,12,False,11k:1571_L,0.3820590969457653,,
dorsal,unknown_test,11k:1034_L,13,False,11k:1571_L,0.295095460947491,,
dorsal,unknown_test,11k:1034_L,14,False,11k:1571_L,0.36355910712674433,,
dorsal,unknown_test,11k:1034_L,15,False,11k:1571_L,0.3944864043447659,,
dorsal,unknown_test,11k:1034_L,16,False,11k:1571_L,0.41990684254562816,,
dorsal,unknown_test,11k:1034_L,17,False,11k:1571_L,0.3815325949872119,,
dorsal,unknown_test,11k:1034_L,18,False,11k:1571_L,0.3880676761556347,,
dorsal,unknown_test,11k:1034_L,19,False,11k:1571_L,0.39585711083323494,,
dorsal,unknown_test,11k:1034_L,20,False,11k:1571_L,0.3901007240888374,,
dorsal,unknown_test,11k:1034_L,21,False,11k:1571_L,0.43586962640737137,,
dorsal,unknown_test,11k:1034_L,22,False,11k:1571_L,0.41061918635892813,,
dorsal,unknown_test,11k:1034_L,23,False,11k:1571_L,0.4099142676806221,,
dorsal,unknown_test,11k:1034_R,1,False,11k:1571_R,0.32122294599918166,,
dorsal,unknown_test,11k:1034_R,2,False,11k:1571_R,0.38166437820990584,,
dorsal,unknown_test,11k:1034_R,3,False,11k:1571_R,0.30507059201886966,,
dorsal,unknown_test,11k:1034_R,4,False,11k:1571_R,0.3372033605308729,,
dorsal,unknown_test,11k:1034_R,5,False,11k:1571_R,0.3438046084033076,,
dorsal,unknown_test,11k:1034_R,6,False,11k:1571_R,0.3641943925775781,,
dorsal,unknown_test,11k:1034_R,7,False,11k:1571_R,0.4159293174643802,,
dorsal,unknown_test,11k:1034_R,8,False,11k:1571_R,0.3686572618059767,,
dorsal,unknown_test,11k:1034_R,9,False,11k:1571_R,0.37335723462466186,,
dorsal,unknown_test,11k:1034_R,10,False,11k:1571_R,0.3737968912101449,,
dorsal,unknown_test,11k:1034_R,11,False,11k:1571_R,0.30331767334971704,,
dorsal,unknown_test,11k:1034_R,12,False,11k:1035_R,0.3742069978108408,,
dorsal,unknown_test,11k:1034_R,13,False,11k:1571_R,0.3498986814254654,,
dorsal,unknown_test,11k:1034_R,14,False,11k:1571_R,0.369559988446646,,
dorsal,unknown_test,11k:1034_R,15,False,11k:1571_R,0.30200870131451174,,
dorsal,unknown_test,11k:1034_R,16,False,11k:1571_R,0.3660678070890538,,
dorsal,unknown_test,11k:1034_R,17,False,11k:1571_R,0.36459363634173536,,
dorsal,unknown_test,11k:1034_R,18,False,11k:1585_R,0.3112884178964954,,
dorsal,unknown_test,11k:1034_R,19,False,11k:1585_R,0.3085997134356081,,
dorsal,unknown_test,11k:1034_R,20,False,11k:1585_R,0.29789548891592765,,
dorsal,unknown_test,11k:1034_R,21,False,11k:1080_R,0.29013989893147196,,
dorsal,unknown_test,11k:1039_L,1,False,11k:54_L,0.31683785875747267,,
dorsal,unknown_test,11k:1039_L,2,False,11k:541_L,0.3050641384214257,,
dorsal,unknown_test,11k:1039_L,3,False,11k:55_L,0.3380160622129118,,
dorsal,unknown_test,11k:1039_L,4,False,11k:1009_L,0.3393271845375238,,
dorsal,unknown_test,11k:1039_L,5,False,11k:55_L,0.3642437296892701,,
dorsal,unknown_test,11k:1039_L,6,False,11k:1009_L,0.32053471408679857,,
dorsal,unknown_test,11k:1039_L,7,False,11k:55_L,0.3712808189922219,,
dorsal,unknown_test,11k:1039_L,8,False,11k:1009_L,0.3204131362145518,,
dorsal,unknown_test,11k:1039_L,9,False,11k:55_L,0.3462837673348856,,
dorsal,unknown_test,11k:1039_L,10,False,11k:55_L,0.2830221794676073,,
dorsal,unknown_test,11k:1039_L,11,False,11k:65_L,0.3083909531567992,,
dorsal,unknown_test,11k:1039_L,12,False,11k:1520_L,0.24338175383666788,,
dorsal,unknown_test,11k:1039_L,13,False,11k:54_L,0.29064997676084264,,
dorsal,unknown_test,11k:1039_L,14,False,11k:1520_L,0.2846982830532955,,
dorsal,unknown_test,11k:1039_L,15,False,11k:65_L,0.28925704520305107,,
dorsal,unknown_test,11k:1039_L,16,False,11k:55_L,0.25451322368025914,,
dorsal,unknown_test,11k:1039_L,17,False,11k:1593_L,0.23704155702881843,,
dorsal,unknown_test,11k:1039_L,18,False,11k:1520_L,0.26814828501196203,,
dorsal,unknown_test,11k:1039_L,19,False,11k:55_L,0.33305494290297344,,
dorsal,unknown_test,11k:1039_L,20,False,11k:8_L,0.3002599189032867,,
dorsal,unknown_test,11k:1039_L,21,False,11k:1520_L,0.23455551784200218,,
dorsal,unknown_test,11k:1039_L,22,False,11k:1520_L,0.26053541505578576,,
dorsal,unknown_test,11k:1039_R,1,False,11k:8_R,0.2789248044206342,,
dorsal,unknown_test,11k:1039_R,2,False,11k:65_R,0.36467850152170683,,
dorsal,unknown_test,11k:1039_R,3,False,11k:1009_R,0.3465200472748598,,
dorsal,unknown_test,11k:1039_R,4,False,11k:1520_R,0.316162818229923,,
dorsal,unknown_test,11k:1039_R,5,False,11k:1009_R,0.36614143606019733,,
dorsal,unknown_test,11k:1039_R,6,False,11k:65_R,0.3541297770868863,,
dorsal,unknown_test,11k:1039_R,7,False,11k:1009_R,0.37426583412911774,,
dorsal,unknown_test,11k:1039_R,8,False,11k:65_R,0.34283910363866915,,
dorsal,unknown_test,11k:1039_R,9,False,11k:65_R,0.3407432740348779,,
dorsal,unknown_test,11k:1039_R,10,False,11k:65_R,0.41211231079635624,,
dorsal,unknown_test,11k:1039_R,11,False,11k:65_R,0.40789704499888874,,
dorsal,unknown_test,11k:1039_R,12,False,11k:65_R,0.4303665780007079,,
dorsal,unknown_test,11k:1039_R,13,False,11k:65_R,0.35978109433209604,,
dorsal,unknown_test,11k:1039_R,14,False,11k:65_R,0.40466665719854467,,
dorsal,unknown_test,11k:1039_R,15,False,11k:65_R,0.39216399737471996,,
dorsal,unknown_test,11k:1039_R,16,False,11k:65_R,0.3741044138776285,,
dorsal,unknown_test,11k:1039_R,17,False,11k:65_R,0.4061781489611383,,
dorsal,unknown_test,11k:1039_R,18,False,11k:65_R,0.35332108382688104,,
dorsal,unknown_test,11k:1039_R,19,False,11k:1009_R,0.3494706158943037,,
dorsal,unknown_test,11k:1039_R,20,False,11k:1009_R,0.35649276784985295,,
dorsal,unknown_test,11k:1039_R,21,False,11k:65_R,0.3307027632119113,,
dorsal,unknown_test,11k:1039_R,22,False,11k:1009_R,0.34548128304837017,,
dorsal,unknown_test,11k:1067_L,1,False,11k:81_L,0.3869830328222802,,
dorsal,unknown_test,11k:1067_L,2,False,11k:81_L,0.29481691415020383,,
dorsal,unknown_test,11k:1067_L,3,False,11k:81_L,0.3686194246440417,,
dorsal,unknown_test,11k:1067_L,4,False,11k:81_L,0.25155781232483765,,
dorsal,unknown_test,11k:1067_L,5,False,11k:1503_L,0.31745278065180105,,
dorsal,unknown_test,11k:1067_L,6,False,11k:81_L,0.2958367822913802,,
dorsal,unknown_test,11k:1067_L,7,False,11k:1503_L,0.3193728158049579,,
dorsal,unknown_test,11k:1067_L,8,False,11k:1579_L,0.2979101945080789,,
dorsal,unknown_test,11k:1067_L,9,False,11k:1579_L,0.32969510503114485,,
dorsal,unknown_test,11k:1067_L,10,False,11k:81_L,0.28773654973789253,,
dorsal,unknown_test,11k:1067_L,11,False,11k:81_L,0.3047182000631361,,
dorsal,unknown_test,11k:1067_L,12,False,11k:1579_L,0.3563408657647306,,
dorsal,unknown_test,11k:1067_L,13,False,11k:81_L,0.29717584307776834,,
dorsal,unknown_test,11k:1067_L,14,False,11k:81_L,0.32318868366818165,,
dorsal,unknown_test,11k:1067_L,15,False,11k:81_L,0.2880288749938195,,
dorsal,unknown_test,11k:1067_L,16,False,11k:81_L,0.3498914974543374,,
dorsal,unknown_test,11k:1067_L,17,False,11k:81_L,0.3082780411089824,,
dorsal,unknown_test,11k:1067_R,1,False,11k:1579_R,0.43465170255172836,,
dorsal,unknown_test,11k:1067_R,2,False,11k:1075_R,0.3770829385487273,,
dorsal,unknown_test,11k:1067_R,3,False,11k:1579_R,0.4047924974493907,,
dorsal,unknown_test,11k:1067_R,4,False,11k:1579_R,0.3341987352988249,,
dorsal,unknown_test,11k:1067_R,5,False,11k:1579_R,0.3320384772336404,,
dorsal,unknown_test,11k:1067_R,6,False,11k:1579_R,0.2920377222903273,,
dorsal,unknown_test,11k:1067_R,7,False,11k:1503_R,0.3390599782179393,,
dorsal,unknown_test,11k:1067_R,8,False,11k:1579_R,0.3461792023366326,,
dorsal,unknown_test,11k:1067_R,9,False,11k:1503_R,0.35820074180046496,,
dorsal,unknown_test,11k:1067_R,10,False,11k:1503_R,0.3063950281364116,,
dorsal,unknown_test,11k:1067_R,11,False,11k:1579_R,0.27888093681378845,,
dorsal,unknown_test,11k:1067_R,12,False,11k:1579_R,0.35729288468450016,,
dorsal,unknown_test,11k:1067_R,13,False,11k:1505_R,0.3215775086322439,,
dorsal,unknown_test,11k:1070_L,1,False,11k:1503_L,0.3626771300723189,,
dorsal,unknown_test,11k:1070_L,2,False,11k:1033_L,0.32988418860861546,,
dorsal,unknown_test,11k:1070_L,3,False,11k:1000000_L,0.29577316929476016,,
dorsal,unknown_test,11k:1070_L,4,False,11k:11_L,0.3238384378376087,,
dorsal,unknown_test,11k:1070_L,5,False,11k:92_L,0.31514841631840684,,
dorsal,unknown_test,11k:1070_R,1,False,11k:1074_R,0.5033087758896907,,
dorsal,unknown_test,11k:1070_R,2,False,11k:1074_R,0.53745488832264,,
dorsal,unknown_test,11k:1070_R,3,False,11k:1074_R,0.48136974703771174,,
dorsal,unknown_test,11k:1070_R,4,False,11k:1074_R,0.548112415162944,,
dorsal,unknown_test,11k:1070_R,5,False,11k:1074_R,0.5558519700415816,,
dorsal,unknown_test,11k:1070_R,6,False,11k:1074_R,0.4684506402133759,,
dorsal,unknown_test,11k:1070_R,7,False,11k:1074_R,0.5705004087562953,,
dorsal,unknown_test,11k:1070_R,8,False,11k:1074_R,0.4977064078411191,,
dorsal,unknown_test,11k:1070_R,9,False,11k:1074_R,0.5326944737731687,,
dorsal,unknown_test,11k:1070_R,10,False,11k:1074_R,0.5796303794261739,,
dorsal,unknown_test,11k:1070_R,11,False,11k:1074_R,0.4988264994379952,,
dorsal,unknown_test,11k:1070_R,12,False,11k:1074_R,0.5569714081922827,,
dorsal,unknown_test,11k:1079_L,1,False,11k:543_L,0.28195488798787405,,
dorsal,unknown_test,11k:1079_L,2,False,11k:541_L,0.2674041614482238,,
dorsal,unknown_test,11k:1079_L,3,False,11k:55_L,0.2263774647850062,,
dorsal,unknown_test,11k:1079_L,4,False,11k:541_L,0.2452814620701616,,
dorsal,unknown_test,11k:1079_L,5,False,11k:541_L,0.2870957601245296,,
dorsal,unknown_test,11k:1079_L,6,False,11k:541_L,0.2933169393648027,,
dorsal,unknown_test,11k:1079_L,7,False,11k:541_L,0.2396003621265162,,
dorsal,unknown_test,11k:1079_L,8,False,11k:541_L,0.21565050879809095,,
dorsal,unknown_test,11k:1079_L,9,False,11k:1061_L,0.304998512417474,,
dorsal,unknown_test,11k:1079_L,10,False,11k:541_L,0.25787652990704923,,
dorsal,unknown_test,11k:1079_L,11,False,11k:1061_L,0.254997111651879,,
dorsal,unknown_test,11k:1079_L,12,False,11k:1516_L,0.30058313155920363,,
dorsal,unknown_test,11k:1079_R,1,False,11k:1516_R,0.25945002184117577,,
dorsal,unknown_test,11k:1079_R,2,False,11k:1046_R,0.2567152913065698,,
dorsal,unknown_test,11k:1079_R,3,False,11k:1516_R,0.3313130153240691,,
dorsal,unknown_test,11k:1079_R,4,False,11k:1505_R,0.2895939638340992,,
dorsal,unknown_test,11k:1079_R,5,False,11k:1516_R,0.30597785032504315,,
dorsal,unknown_test,11k:1079_R,6,False,11k:1516_R,0.2889300124965801,,
dorsal,unknown_test,11k:1079_R,7,False,11k:1516_R,0.310275690505152,,
dorsal,unknown_test,11k:1079_R,8,False,11k:1516_R,0.28860601410513115,,
dorsal,unknown_test,11k:1079_R,9,False,11k:1505_R,0.25733835001007693,,
dorsal,unknown_test,11k:1079_R,10,False,11k:1516_R,0.2511353962912467,,
dorsal,unknown_test,11k:1079_R,11,False,11k:1593_R,0.3028855706907273,,
dorsal,unknown_test,11k:1079_R,12,False,11k:1516_R,0.3220799333734068,,
dorsal,unknown_test,11k:1079_R,13,False,11k:1516_R,0.2956681376482057,,
dorsal,unknown_test,11k:1081_L,1,False,11k:11_L,0.4316565622391777,,
dorsal,unknown_test,11k:1081_L,2,False,11k:1517_L,0.3755982124003086,,
dorsal,unknown_test,11k:1081_L,3,False,11k:1517_L,0.3390043046812642,,
dorsal,unknown_test,11k:1081_L,4,False,11k:11_L,0.26871590070181073,,
dorsal,unknown_test,11k:1081_L,5,False,11k:1556_L,0.3655786697048933,,
dorsal,unknown_test,11k:1081_L,6,False,11k:11_L,0.3840003606779717,,
dorsal,unknown_test,11k:1081_L,7,False,11k:11_L,0.40540054927807023,,
dorsal,unknown_test,11k:1081_L,8,False,11k:11_L,0.36083983510893347,,
dorsal,unknown_test,11k:1081_R,1,False,11k:1074_R,0.2884359644415817,,
dorsal,unknown_test,11k:1081_R,2,False,11k:1517_R,0.29769013454287574,,
dorsal,unknown_test,11k:1081_R,3,False,11k:11_R,0.33508696850929676,,
dorsal,unknown_test,11k:1081_R,4,False,11k:11_R,0.322138099192735,,
dorsal,unknown_test,11k:1081_R,5,False,11k:1074_R,0.27680457037087536,,
dorsal,unknown_test,11k:1081_R,6,False,11k:1517_R,0.3457563005762153,,
dorsal,unknown_test,11k:1081_R,7,False,11k:1517_R,0.27168550651685713,,
dorsal,unknown_test,11k:1088_L,1,False,11k:572_L,0.2815173861216145,,
dorsal,unknown_test,11k:1088_L,2,False,11k:1009_L,0.20142016041863614,,
dorsal,unknown_test,11k:1088_L,3,False,11k:572_L,0.257835286706906,,
dorsal,unknown_test,11k:1088_L,4,False,11k:572_L,0.21422229607899215,,
dorsal,unknown_test,11k:1088_L,5,False,11k:1558_L,0.2568180763416274,,
dorsal,unknown_test,11k:1088_L,6,False,11k:572_L,0.21227222227035597,,
dorsal,unknown_test,11k:1088_L,7,False,11k:572_L,0.24975294335995024,,
dorsal,unknown_test,11k:1088_L,8,False,11k:1558_L,0.24840768713169958,,
dorsal,unknown_test,11k:1088_L,9,False,11k:1558_L,0.25601115327886714,,
dorsal,unknown_test,11k:1088_L,10,False,11k:1510_L,0.23988224300453675,,
dorsal,unknown_test,11k:1088_R,1,False,11k:1558_R,0.29479791083343176,,
dorsal,unknown_test,11k:1088_R,2,False,11k:1558_R,0.2623181462938188,,
dorsal,unknown_test,11k:1088_R,3,False,11k:1558_R,0.38475567548470957,,
dorsal,unknown_test,11k:1088_R,4,False,11k:1558_R,0.2138108440305251,,
dorsal,unknown_test,11k:1088_R,5,False,11k:1558_R,0.22684794342219233,,
dorsal,unknown_test,11k:1088_R,6,False,11k:1558_R,0.29126952896786035,,
dorsal,unknown_test,11k:1088_R,7,False,11k:1558_R,0.2684161025494719,,
dorsal,unknown_test,11k:1088_R,8,False,11k:572_R,0.23597008997481422,,
dorsal,unknown_test,11k:1088_R,9,False,11k:1037_R,0.25537553889861137,,
dorsal,unknown_test,11k:1093_L,1,False,11k:1019_L,0.5743029157215469,,
dorsal,unknown_test,11k:1093_L,2,False,11k:1019_L,0.5392611952994242,,
dorsal,unknown_test,11k:1093_L,3,False,11k:1019_L,0.6127940877300481,,
dorsal,unknown_test,11k:1093_L,4,False,11k:1019_L,0.5344267292725448,,
dorsal,unknown_test,11k:1093_L,5,False,11k:1562_L,0.4978630190034981,,
dorsal,unknown_test,11k:1093_L,6,False,11k:1019_L,0.4564174302396836,,
dorsal,unknown_test,11k:1093_L,7,False,11k:1019_L,0.5440636299812025,,
dorsal,unknown_test,11k:1093_L,8,False,11k:1562_L,0.5244583593174783,,
dorsal,unknown_test,11k:1093_L,9,False,11k:1562_L,0.5128946581675423,,
dorsal,unknown_test,11k:1093_L,10,False,11k:1019_L,0.5615910194642648,,
dorsal,unknown_test,11k:1093_R,1,False,11k:1019_R,0.5921491497047846,,
dorsal,unknown_test,11k:1093_R,2,False,11k:1019_R,0.5049390027429996,,
dorsal,unknown_test,11k:1093_R,3,False,11k:1510_R,0.5184742876997233,,
dorsal,unknown_test,11k:1093_R,4,False,11k:1571_R,0.49135019714746603,,
dorsal,unknown_test,11k:1093_R,5,False,11k:1571_R,0.520884304820372,,
dorsal,unknown_test,11k:1093_R,6,False,11k:1571_R,0.4940259223724843,,
dorsal,unknown_test,11k:1093_R,7,False,11k:10_R,0.48269617180547064,,
dorsal,unknown_test,11k:1093_R,8,False,11k:1510_R,0.46906454846451817,,
dorsal,unknown_test,11k:1093_R,9,False,11k:1571_R,0.5388619258616651,,
dorsal,unknown_test,11k:1093_R,10,False,11k:1571_R,0.48934965675171627,,
dorsal,unknown_test,11k:1093_R,11,False,11k:1571_R,0.4842399384501766,,
dorsal,unknown_test,11k:1093_R,12,False,11k:1571_R,0.43831992231875083,,
dorsal,unknown_test,11k:12_R,1,False,11k:1074_R,0.47403545075372255,,
dorsal,unknown_test,11k:12_R,2,False,11k:1074_R,0.4840173496432708,,
dorsal,unknown_test,11k:12_R,3,False,11k:1074_R,0.48760578884845057,,
dorsal,unknown_test,11k:12_R,4,False,11k:1074_R,0.4410892338834316,,
dorsal,unknown_test,11k:12_R,5,False,11k:1074_R,0.4701035945748404,,
dorsal,unknown_test,11k:12_R,6,False,11k:1074_R,0.44612921210392653,,
dorsal,unknown_test,11k:12_R,7,False,11k:1074_R,0.4970837141734004,,
dorsal,unknown_test,11k:12_R,8,False,11k:1074_R,0.4375741679513464,,
dorsal,unknown_test,11k:12_R,9,False,11k:1074_R,0.3606727735930223,,
dorsal,unknown_test,11k:12_R,10,False,11k:1074_R,0.43588416579610534,,
dorsal,unknown_test,11k:1504_L,1,False,11k:587_L,0.3053503997333932,,
dorsal,unknown_test,11k:1504_L,2,False,11k:1556_L,0.26075759385109337,,
dorsal,unknown_test,11k:1504_L,3,False,11k:1075_L,0.3146750813132898,,
dorsal,unknown_test,11k:1504_L,4,False,11k:1075_L,0.29069128643473485,,
dorsal,unknown_test,11k:1504_L,5,False,11k:541_L,0.27367037314303977,,
dorsal,unknown_test,11k:1504_L,6,False,11k:573_L,0.27590115136152726,,
dorsal,unknown_test,11k:1504_L,7,False,11k:573_L,0.2874274146190163,,
dorsal,unknown_test,11k:1504_L,8,False,11k:573_L,0.292577707142625,,
dorsal,unknown_test,11k:1504_L,9,False,11k:573_L,0.36136661055768265,,
dorsal,unknown_test,11k:1504_L,10,False,11k:573_L,0.3047071823271369,,
dorsal,unknown_test,11k:1504_L,11,False,11k:573_L,0.3676660997724791,,
dorsal,unknown_test,11k:1504_L,12,False,11k:573_L,0.4236593225567449,,
dorsal,unknown_test,11k:1504_L,13,False,11k:573_L,0.3849565333195629,,
dorsal,unknown_test,11k:1504_R,1,False,11k:573_R,0.26843928830336633,,
dorsal,unknown_test,11k:1504_R,2,False,11k:573_R,0.3279169858603127,,
dorsal,unknown_test,11k:1504_R,3,False,11k:541_R,0.3914894787065471,,
dorsal,unknown_test,11k:1504_R,4,False,11k:541_R,0.4060790600067668,,
dorsal,unknown_test,11k:1504_R,5,False,11k:541_R,0.35022389841840595,,
dorsal,unknown_test,11k:1504_R,6,False,11k:541_R,0.3139389443492313,,
dorsal,unknown_test,11k:1504_R,7,False,11k:541_R,0.3229754955110341,,
dorsal,unknown_test,11k:1504_R,8,False,11k:541_R,0.32068383448770843,,
dorsal,unknown_test,11k:1504_R,9,False,11k:541_R,0.30698106809406567,,
dorsal,unknown_test,11k:1504_R,10,False,11k:573_R,0.29963669098122875,,
dorsal,unknown_test,11k:1504_R,11,False,11k:541_R,0.2746208100781093,,
dorsal,unknown_test,11k:1504_R,12,False,11k:1556_R,0.2722464500466,,
dorsal,unknown_test,11k:1504_R,13,False,11k:573_R,0.3812936133613523,,
dorsal,unknown_test,11k:1515_L,1,False,11k:8_L,0.37984048680909654,,
dorsal,unknown_test,11k:1515_L,2,False,11k:8_L,0.27914879191843894,,
dorsal,unknown_test,11k:1515_L,3,False,11k:8_L,0.32909248364014865,,
dorsal,unknown_test,11k:1515_L,4,False,11k:8_L,0.34382753312480396,,
dorsal,unknown_test,11k:1515_L,5,False,11k:8_L,0.37071441183893084,,
dorsal,unknown_test,11k:1515_R,1,False,11k:8_R,0.3423564069539352,,
dorsal,unknown_test,11k:1515_R,2,False,11k:8_R,0.4567146857300115,,
dorsal,unknown_test,11k:1515_R,3,False,11k:8_R,0.4319649986582459,,
dorsal,unknown_test,11k:1515_R,4,False,11k:8_R,0.4751310012981317,,
dorsal,unknown_test,11k:1515_R,5,False,11k:8_R,0.46800326509730705,,
dorsal,unknown_test,11k:1515_R,6,False,11k:8_R,0.4097732860493054,,
dorsal,unknown_test,11k:1515_R,7,False,11k:8_R,0.44328078022390294,,
dorsal,unknown_test,11k:1519_L,1,False,11k:92_L,0.5062523927168097,,
dorsal,unknown_test,11k:1519_L,2,False,11k:92_L,0.3798737737783763,,
dorsal,unknown_test,11k:1519_L,3,False,11k:92_L,0.48155129236607874,,
dorsal,unknown_test,11k:1519_L,4,False,11k:92_L,0.4777565507538171,,
dorsal,unknown_test,11k:1519_L,5,False,11k:92_L,0.5383362599426447,,
dorsal,unknown_test,11k:1519_L,6,False,11k:92_L,0.5338344465545763,,
dorsal,unknown_test,11k:1519_L,7,False,11k:92_L,0.532858018607452,,
dorsal,unknown_test,11k:1519_R,1,False,11k:92_R,0.4508666941199046,,
dorsal,unknown_test,11k:1519_R,2,False,11k:92_R,0.436797273028628,,
dorsal,unknown_test,11k:1519_R,3,False,11k:92_R,0.4507192310254964,,
dorsal,unknown_test,11k:1519_R,4,False,11k:92_R,0.47377476275288877,,
dorsal,unknown_test,11k:1519_R,5,False,11k:92_R,0.48450132203159013,,
dorsal,unknown_test,11k:1519_R,6,False,11k:92_R,0.42555494955343975,,
dorsal,unknown_test,11k:1519_R,7,False,11k:92_R,0.4718766119547149,,
dorsal,unknown_test,11k:1519_R,8,False,11k:92_R,0.4825313004470715,,
dorsal,unknown_test,11k:1519_R,9,False,11k:86_R,0.42668075693467256,,
dorsal,unknown_test,11k:1519_R,10,False,11k:92_R,0.4246076386395723,,
dorsal,unknown_test,11k:1535_L,1,False,11k:1033_L,0.37227135831645575,,
dorsal,unknown_test,11k:1535_L,2,False,11k:86_L,0.3586895060851465,,
dorsal,unknown_test,11k:1535_L,3,False,11k:1517_L,0.3770665538537912,,
dorsal,unknown_test,11k:1535_L,4,False,11k:1517_L,0.3079846038701375,,
dorsal,unknown_test,11k:1535_R,1,False,11k:587_R,0.31517070458533775,,
dorsal,unknown_test,11k:1535_R,2,False,11k:65_R,0.2651034426563256,,
dorsal,unknown_test,11k:1535_R,3,False,11k:1075_R,0.3101578175991838,,
dorsal,unknown_test,11k:1535_R,4,False,11k:1075_R,0.30801031833531234,,
dorsal,unknown_test,11k:1535_R,5,False,11k:586_R,0.30300733489643367,,
dorsal,unknown_test,11k:1535_R,6,False,11k:1075_R,0.2998575077897563,,
dorsal,unknown_test,11k:1536_L,1,False,11k:1558_L,0.31414733057085864,,
dorsal,unknown_test,11k:1536_L,2,False,11k:1545_L,0.2875963841882092,,
dorsal,unknown_test,11k:1536_L,3,False,11k:1594_L,0.3008027021819862,,
dorsal,unknown_test,11k:1536_L,4,False,11k:1533_L,0.3432306740972941,,
dorsal,unknown_test,11k:1536_L,5,False,11k:1558_L,0.2948644165740485,,
dorsal,unknown_test,11k:1536_L,6,False,11k:1558_L,0.2500691310210522,,
dorsal,unknown_test,11k:1536_L,7,False,11k:573_L,0.22869032471691703,,
dorsal,unknown_test,11k:1536_L,8,False,11k:66_L,0.27456459382237763,,
dorsal,unknown_test,11k:1536_L,9,False,11k:66_L,0.2552458367038953,,
dorsal,unknown_test,11k:1536_L,10,False,11k:1533_L,0.24986435133623375,,
dorsal,unknown_test,11k:1536_L,11,False,11k:1533_L,0.2651449727340103,,
dorsal,unknown_test,11k:1536_R,1,False,11k:1075_R,0.2980379103686719,,
dorsal,unknown_test,11k:1536_R,2,False,11k:1075_R,0.32479542697964675,,
dorsal,unknown_test,11k:1536_R,3,False,11k:1558_R,0.2822202184535643,,
dorsal,unknown_test,11k:1536_R,4,False,11k:1533_R,0.3365208633341702,,
dorsal,unknown_test,11k:1536_R,5,False,11k:573_R,0.30273814375372887,,
dorsal,unknown_test,11k:1536_R,6,False,11k:1533_R,0.3337499234341471,,
dorsal,unknown_test,11k:1536_R,7,False,11k:1533_R,0.32999721203363835,,
dorsal,unknown_test,11k:1536_R,8,False,11k:1533_R,0.4362286064591161,,
dorsal,unknown_test,11k:1536_R,9,False,11k:1533_R,0.4026285274952064,,
dorsal,unknown_test,11k:1537_L,1,False,11k:1571_L,0.2984672542785249,,
dorsal,unknown_test,11k:1537_L,2,False,11k:1571_L,0.30086131530596905,,
dorsal,unknown_test,11k:1537_L,3,False,11k:573_L,0.3035121974452335,,
dorsal,unknown_test,11k:1537_L,4,False,11k:1074_L,0.2842427331005163,,
dorsal,unknown_test,11k:1537_L,5,False,11k:573_L,0.31489304141724894,,
dorsal,unknown_test,11k:1537_L,6,False,11k:1074_L,0.2783604791880772,,
dorsal,unknown_test,11k:1537_L,7,False,11k:1074_L,0.3016291518399934,,
dorsal,unknown_test,11k:1537_L,8,False,11k:573_L,0.34675604809066723,,
dorsal,unknown_test,11k:1537_L,9,False,11k:573_L,0.3820420402724276,,
dorsal,unknown_test,11k:1537_L,10,False,11k:573_L,0.31776835163289013,,
dorsal,unknown_test,11k:1537_L,11,False,11k:573_L,0.3098803170119267,,
dorsal,unknown_test,11k:1537_L,12,False,11k:573_L,0.28610091909296387,,
dorsal,unknown_test,11k:1537_L,13,False,11k:1571_L,0.2814192833771536,,
dorsal,unknown_test,11k:1537_L,14,False,11k:573_L,0.2582850694493857,,
dorsal,unknown_test,11k:1537_L,15,False,11k:573_L,0.24665219838071165,,
dorsal,unknown_test,11k:1537_R,1,False,11k:1074_R,0.38939168786661926,,
dorsal,unknown_test,11k:1537_R,2,False,11k:1074_R,0.4075888056676892,,
dorsal,unknown_test,11k:1537_R,3,False,11k:1074_R,0.3667558576015713,,
dorsal,unknown_test,11k:1537_R,4,False,11k:1074_R,0.4341385984768614,,
dorsal,unknown_test,11k:1537_R,5,False,11k:1074_R,0.44898849008058794,,
dorsal,unknown_test,11k:1537_R,6,False,11k:1074_R,0.48587332879652445,,
dorsal,unknown_test,11k:1537_R,7,False,11k:1074_R,0.4292790184645617,,
dorsal,unknown_test,11k:1537_R,8,False,11k:1074_R,0.348641220404269,,
dorsal,unknown_test,11k:1541_L,1,False,11k:81_L,0.23773623767306948,,
dorsal,unknown_test,11k:1541_L,2,False,11k:81_L,0.39316217872812115,,
dorsal,unknown_test,11k:1541_L,3,False,11k:1074_L,0.30544802424423945,,
dorsal,unknown_test,11k:1541_L,4,False,11k:81_L,0.2818699648623425,,
dorsal,unknown_test,11k:1541_L,5,False,11k:1074_L,0.28169720383587665,,
dorsal,unknown_test,11k:1541_L,6,False,11k:1059_L,0.30147024962817204,,
dorsal,unknown_test,11k:1541_L,7,False,11k:1059_L,0.3308812503216989,,
dorsal,unknown_test,11k:1541_L,8,False,11k:81_L,0.3031603262913946,,
dorsal,unknown_test,11k:1541_L,9,False,11k:81_L,0.29163217528317464,,
dorsal,unknown_test,11k:1541_L,10,False,11k:81_L,0.30801580277081675,,
dorsal,unknown_test,11k:1541_L,11,False,11k:81_L,0.3735642508214093,,
dorsal,unknown_test,11k:1541_L,12,False,11k:81_L,0.32800435456903987,,
dorsal,unknown_test,11k:1541_L,13,False,11k:81_L,0.339426191040009,,
dorsal,unknown_test,11k:1541_L,14,False,11k:81_L,0.31838293171497567,,
dorsal,unknown_test,11k:1541_L,15,False,11k:81_L,0.318801699197081,,
dorsal,unknown_test,11k:1541_L,16,False,11k:81_L,0.33027807815469856,,
dorsal,unknown_test,11k:1541_L,17,False,11k:81_L,0.3180943069071496,,
dorsal,unknown_test,11k:1541_L,18,False,11k:81_L,0.349482291878613,,
dorsal,unknown_test,11k:1541_L,19,False,11k:81_L,0.300944298959448,,
dorsal,unknown_test,11k:1541_L,20,False,11k:81_L,0.34033680613829,,
dorsal,unknown_test,11k:1541_L,21,False,11k:81_L,0.29798708129676776,,
dorsal,unknown_test,11k:1541_L,22,False,11k:1594_L,0.2803348473521349,,
dorsal,unknown_test,11k:1541_L,23,False,11k:1558_L,0.29142827676156247,,
dorsal,unknown_test,11k:1541_L,24,False,11k:1558_L,0.2834349976313478,,
dorsal,unknown_test,11k:1541_L,25,False,11k:1558_L,0.23067605371718042,,
dorsal,unknown_test,11k:1541_L,26,False,11k:1594_L,0.24928991193764827,,
dorsal,unknown_test,11k:1541_L,27,False,11k:81_L,0.275357127762544,,
dorsal,unknown_test,11k:1541_L,28,False,11k:1558_L,0.24000434060554615,,
dorsal,unknown_test,11k:1541_L,29,False,11k:572_L,0.2735322063284894,,
dorsal,unknown_test,11k:1541_L,30,False,11k:1558_L,0.23813170627741315,,
dorsal,unknown_test,11k:1541_R,1,False,11k:81_R,0.2659098516983117,,
dorsal,unknown_test,11k:1541_R,2,False,11k:81_R,0.253517315746,,
dorsal,unknown_test,11k:1541_R,3,False,11k:81_R,0.2791357329004419,,
dorsal,unknown_test,11k:1541_R,4,False,11k:81_R,0.2624853929988974,,
dorsal,unknown_test,11k:1541_R,5,False,11k:81_R,0.2807169205465585,,
dorsal,unknown_test,11k:1541_R,6,False,11k:81_R,0.3182984931777516,,
dorsal,unknown_test,11k:1541_R,7,False,11k:81_R,0.3679049990120862,,
dorsal,unknown_test,11k:1541_R,8,False,11k:81_R,0.2759566667398172,,
dorsal,unknown_test,11k:1541_R,9,False,11k:81_R,0.23298524508715762,,
dorsal,unknown_test,11k:1541_R,10,False,11k:1571_R,0.2853254007319994,,
dorsal,unknown_test,11k:1541_R,11,False,11k:1059_R,0.24710817908128394,,
dorsal,unknown_test,11k:1541_R,12,False,11k:81_R,0.27171141528216236,,
dorsal,unknown_test,11k:1541_R,13,False,11k:1571_R,0.23328473083985735,,
dorsal,unknown_test,11k:1541_R,14,False,11k:1037_R,0.23579325458332895,,
dorsal,unknown_test,11k:1541_R,15,False,11k:81_R,0.27659207406402425,,
dorsal,unknown_test,11k:1541_R,16,False,11k:81_R,0.2578501261115176,,
dorsal,unknown_test,11k:1541_R,17,False,11k:1037_R,0.2280288924649661,,
dorsal,unknown_test,11k:1541_R,18,False,11k:1037_R,0.24816521056726062,,
dorsal,unknown_test,11k:1541_R,19,False,11k:1037_R,0.23772211244449742,,
dorsal,unknown_test,11k:1541_R,20,False,11k:1571_R,0.23744626339625893,,
dorsal,unknown_test,11k:1541_R,21,False,11k:81_R,0.30294933810708563,,
dorsal,unknown_test,11k:1541_R,22,False,11k:81_R,0.37958691555475144,,
dorsal,unknown_test,11k:1541_R,23,False,11k:81_R,0.32731225089132965,,
dorsal,unknown_test,11k:1541_R,24,False,11k:81_R,0.4319455062859468,,
dorsal,unknown_test,11k:1541_R,25,False,11k:81_R,0.3778578284144194,,
dorsal,unknown_test,11k:1541_R,26,False,11k:81_R,0.3848131745220234,,
dorsal,unknown_test,11k:1544_L,1,False,11k:586_L,0.29436154309609575,,
dorsal,unknown_test,11k:1544_L,2,False,11k:1019_L,0.32774342964496617,,
dorsal,unknown_test,11k:1544_L,3,False,11k:586_L,0.3160339630830291,,
dorsal,unknown_test,11k:1544_L,4,False,11k:586_L,0.32181397218271224,,
dorsal,unknown_test,11k:1544_L,5,False,11k:586_L,0.367104043584198,,
dorsal,unknown_test,11k:1544_L,6,False,11k:1019_L,0.31978062073339864,,
dorsal,unknown_test,11k:1544_L,7,False,11k:586_L,0.3152170619146938,,
dorsal,unknown_test,11k:1544_L,8,False,11k:543_L,0.28521204657588467,,
dorsal,unknown_test,11k:1544_L,9,False,11k:1533_L,0.2964775171369982,,
dorsal,unknown_test,11k:1544_L,10,False,11k:1019_L,0.3258120854175489,,
dorsal,unknown_test,11k:1544_L,11,False,11k:573_L,0.30795634090346247,,
dorsal,unknown_test,11k:1544_R,1,False,11k:1505_R,0.29357109113771007,,
dorsal,unknown_test,11k:1544_R,2,False,11k:586_R,0.3481597841090395,,
dorsal,unknown_test,11k:1544_R,3,False,11k:586_R,0.32637862422295255,,
dorsal,unknown_test,11k:1544_R,4,False,11k:1505_R,0.35791328328223454,,
dorsal,unknown_test,11k:1544_R,5,False,11k:586_R,0.418877364170836,,
dorsal,unknown_test,11k:1544_R,6,False,11k:1019_R,0.312728338003258,,
dorsal,unknown_test,11k:1544_R,7,False,11k:586_R,0.29739289556792414,,
dorsal,unknown_test,11k:1567_L,1,False,11k:543_L,0.4892152930568988,,
dorsal,unknown_test,11k:1567_L,2,False,11k:573_L,0.45518144117281806,,
dorsal,unknown_test,11k:1567_L,3,False,11k:573_L,0.3912033268258159,,
dorsal,unknown_test,11k:1567_L,4,False,11k:1516_L,0.47678685207274385,,
dorsal,unknown_test,11k:1567_L,5,False,11k:543_L,0.45384438960788637,,
dorsal,unknown_test,11k:1567_L,6,False,11k:1516_L,0.5103950810348857,,
dorsal,unknown_test,11k:1567_L,7,False,11k:543_L,0.4796360533871427,,
dorsal,unknown_test,11k:1567_R,1,False,11k:86_R,0.29976460180502473,,
dorsal,unknown_test,11k:1567_R,2,False,11k:1585_R,0.3517334105504702,,
dorsal,unknown_test,11k:1567_R,3,False,11k:1516_R,0.35367860707754784,,
dorsal,unknown_test,11k:1567_R,4,False,11k:1516_R,0.24947107428007556,,
dorsal,unknown_test,11k:1567_R,5,False,11k:1516_R,0.36564203027556985,,
dorsal,unknown_test,11k:1567_R,6,False,11k:54_R,0.37341650419989225,,
dorsal,unknown_test,11k:1567_R,7,False,11k:541_R,0.3265782491048007,,
dorsal,unknown_test,11k:1567_R,8,False,11k:86_R,0.37048461946212174,,
dorsal,unknown_test,11k:1567_R,9,False,11k:573_R,0.3394487338941403,,
dorsal,unknown_test,11k:1567_R,10,False,11k:1021_R,0.31082396093316134,,
dorsal,unknown_test,11k:1567_R,11,False,11k:1021_R,0.32668445787330325,,
dorsal,unknown_test,11k:1592_L,1,False,11k:65_L,0.39887827108275187,,
dorsal,unknown_test,11k:1592_L,2,False,11k:1558_L,0.4939125248271863,,
dorsal,unknown_test,11k:1592_L,3,False,11k:1074_L,0.4653784986849439,,
dorsal,unknown_test,11k:1592_L,4,False,11k:572_L,0.4435763762326566,,
dorsal,unknown_test,11k:1592_L,5,False,11k:572_L,0.41900475939446336,,
dorsal,unknown_test,11k:1592_R,1,False,11k:1593_R,0.4771147475315687,,
dorsal,unknown_test,11k:1592_R,2,False,11k:543_R,0.4382998909292676,,
dorsal,unknown_test,11k:1592_R,3,False,11k:55_R,0.3562218144784595,,
dorsal,unknown_test,11k:1592_R,4,False,11k:81_R,0.5144192642317872,,
dorsal,unknown_test,11k:1592_R,5,False,11k:1571_R,0.47315822128300256,,
dorsal,unknown_test,11k:1592_R,6,False,11k:543_R,0.4004314632564587,,
dorsal,unknown_test,11k:571_L,1,False,11k:1090_L,0.4780736180457483,,
dorsal,unknown_test,11k:571_L,2,False,11k:1090_L,0.426517779597907,,
dorsal,unknown_test,11k:571_L,3,False,11k:1090_L,0.45038003302448215,,
dorsal,unknown_test,11k:571_L,4,False,11k:1090_L,0.4460534047994002,,
dorsal,unknown_test,11k:571_L,5,False,11k:1594_L,0.35581932573708464,,
dorsal,unknown_test,11k:571_L,6,False,11k:1075_L,0.3093683893454517,,
dorsal,unknown_test,11k:571_L,7,False,11k:1594_L,0.41299346668711845,,
dorsal,unknown_test,11k:571_L,8,False,11k:543_L,0.33757183276413855,,
dorsal,unknown_test,11k:571_R,1,False,11k:1516_R,0.3824915541553504,,
dorsal,unknown_test,11k:571_R,2,False,11k:66_R,0.36574951979232506,,
dorsal,unknown_test,11k:571_R,3,False,11k:1000000_R,0.3653905029963953,,
dorsal,unknown_test,11k:571_R,4,False,11k:1090_R,0.33956010836005335,,
dorsal,unknown_test,11k:571_R,5,False,11k:1075_R,0.3782783766638402,,
dorsal,unknown_test,11k:571_R,6,False,11k:1000000_R,0.4248591742139425,,
dorsal,unknown_test,11k:571_R,7,False,11k:1090_R,0.3504752283913451,,
dorsal,unknown_test,11k:571_R,8,False,11k:65_R,0.3873785247118116,,
dorsal,unknown_test,11k:571_R,9,False,11k:1090_R,0.40672499622391334,,
dorsal,unknown_test,11k:571_R,10,False,11k:66_R,0.3727906740406143,,
dorsal,unknown_test,11k:571_R,11,False,11k:1000000_R,0.4223406566097573,,
dorsal,unknown_test,11k:581_L,1,False,11k:86_L,0.3463773618721359,,
dorsal,unknown_test,11k:581_L,2,False,11k:86_L,0.4232826742057356,,
dorsal,unknown_test,11k:581_L,3,False,11k:86_L,0.4451599928861584,,
dorsal,unknown_test,11k:581_L,4,False,11k:86_L,0.3744717506018824,,
dorsal,unknown_test,11k:581_L,5,False,11k:86_L,0.31120055756689535,,
dorsal,unknown_test,11k:581_L,6,False,11k:1061_L,0.34175494942601803,,
dorsal,unknown_test,11k:581_L,7,False,11k:1061_L,0.3972293661206938,,
dorsal,unknown_test,11k:581_L,8,False,11k:86_L,0.38690125863232605,,
dorsal,unknown_test,11k:581_L,9,False,11k:86_L,0.3574488075230931,,
dorsal,unknown_test,11k:581_L,10,False,11k:1061_L,0.3769424102406409,,
dorsal,unknown_test,11k:581_R,1,False,11k:1517_R,0.3648531579073591,,
dorsal,unknown_test,11k:581_R,2,False,11k:1061_R,0.32936901624151965,,
dorsal,unknown_test,11k:581_R,3,False,11k:1517_R,0.2976832518080877,,
dorsal,unknown_test,11k:581_R,4,False,11k:1517_R,0.2733598935336079,,
dorsal,unknown_test,11k:581_R,5,False,11k:541_R,0.293591889216015,,
dorsal,unknown_test,11k:581_R,6,False,11k:541_R,0.305229288109923,,
dorsal,unknown_test,11k:581_R,7,False,11k:1046_R,0.32253470772646914,,
dorsal,unknown_test,11k:581_R,8,False,11k:541_R,0.34668954275063646,,
dorsal,unknown_test,11k:594_L,1,False,11k:54_L,0.40685025174323486,,
dorsal,unknown_test,11k:594_L,2,False,11k:54_L,0.4660750183745933,,
dorsal,unknown_test,11k:594_L,3,False,11k:54_L,0.30372850243654353,,
dorsal,unknown_test,11k:594_L,4,False,11k:54_L,0.4345851412526911,,
dorsal,unknown_test,11k:594_L,5,False,11k:54_L,0.3724181847840746,,
dorsal,unknown_test,11k:594_R,1,False,11k:8_R,0.3321678632032997,,
dorsal,unknown_test,11k:594_R,2,False,11k:8_R,0.40164663297475883,,
dorsal,unknown_test,11k:594_R,3,False,11k:8_R,0.3713690737107526,,
dorsal,unknown_test,11k:594_R,4,False,11k:8_R,0.34281762332676646,,
dorsal,unknown_test,11k:595_L,1,False,11k:1090_L,0.3572844096853347,,
dorsal,unknown_test,11k:595_L,2,False,11k:81_L,0.3282625635889068,,
dorsal,unknown_test,11k:595_L,3,False,11k:1090_L,0.3086267416385366,,
dorsal,unknown_test,11k:595_L,4,False,11k:1532_L,0.2600296277256755,,
dorsal,unknown_test,11k:595_L,5,False,11k:1090_L,0.3286625650679558,,
dorsal,unknown_test,11k:595_L,6,False,11k:1090_L,0.3046215137986351,,
dorsal,unknown_test,11k:595_L,7,False,11k:1090_L,0.3079825216798856,,
dorsal,unknown_test,11k:595_L,8,False,11k:1090_L,0.3230408943190734,,
dorsal,unknown_test,11k:595_L,9,False,11k:81_L,0.29643516127474284,,
dorsal,unknown_test,11k:595_L,10,False,11k:1075_L,0.3356403066488699,,
dorsal,unknown_test,11k:595_R,1,False,11k:596_R,0.2755382413554984,,
dorsal,unknown_test,11k:595_R,2,False,11k:596_R,0.2678060149950555,,
dorsal,unknown_test,11k:595_R,3,False,11k:1021_R,0.2998323514602158,,
dorsal,unknown_test,11k:595_R,4,False,11k:596_R,0.2849656618148142,,
dorsal,unknown_test,11k:595_R,5,False,11k:1080_R,0.2735174710080924,,
dorsal,unknown_test,11k:595_R,6,False,11k:81_R,0.27636533752226755,,
dorsal,unknown_test,11k:6000000_L,1,False,11k:1510_L,0.42650274895546714,,
dorsal,unknown_test,11k:6000000_L,2,False,11k:1510_L,0.5005151181725638,,
dorsal,unknown_test,11k:6000000_L,3,False,11k:1510_L,0.4585413386434487,,
dorsal,unknown_test,11k:6000000_L,4,False,11k:1510_L,0.5071801974870622,,
dorsal,unknown_test,11k:6000000_L,5,False,11k:1510_L,0.4444668723129457,,
dorsal,unknown_test,11k:6000000_L,6,False,11k:1510_L,0.4825211601533836,,
dorsal,unknown_test,11k:6000000_L,7,False,11k:1510_L,0.4843223092134261,,
dorsal,unknown_test,11k:6000000_L,8,False,11k:92_L,0.5141642055622183,,
dorsal,unknown_test,11k:6000000_R,1,False,11k:1571_R,0.3581916123706888,,
dorsal,unknown_test,11k:6000000_R,2,False,11k:1510_R,0.4409773722801713,,
dorsal,unknown_test,11k:6000000_R,3,False,11k:92_R,0.41679211309408115,,
dorsal,unknown_test,11k:6000000_R,4,False,11k:1571_R,0.4295849997673231,,
dorsal,unknown_test,11k:6000000_R,5,False,11k:1510_R,0.4435361724086764,,
dorsal,unknown_test,11k:6000000_R,6,False,11k:92_R,0.38423584631236485,,
dorsal,unknown_test,11k:6000000_R,7,False,11k:1571_R,0.3929175421900352,,
dorsal,unknown_test,11k:6000000_R,8,False,11k:92_R,0.45188758998831924,,
dorsal,unknown_test,11k:6000000_R,9,False,11k:92_R,0.4097449213388069,,
dorsal,unknown_test,11k:6000000_R,10,False,11k:92_R,0.4612682313475116,,
dorsal,unknown_test,11k:7000000_L,1,False,11k:543_L,0.3744347370832807,,
dorsal,unknown_test,11k:7000000_L,2,False,11k:543_L,0.37205766556179243,,
dorsal,unknown_test,11k:7000000_L,3,False,11k:543_L,0.4232930611814725,,
dorsal,unknown_test,11k:7000000_L,4,False,11k:543_L,0.37043478711633204,,
dorsal,unknown_test,11k:7000000_L,5,False,11k:1028_L,0.37036327309696687,,
dorsal,unknown_test,11k:7000000_L,6,False,11k:543_L,0.38457740864129797,,
dorsal,unknown_test,11k:7000000_L,7,False,11k:543_L,0.3749696801296715,,
dorsal,unknown_test,11k:7000000_L,8,False,11k:543_L,0.4365184349292927,,
dorsal,unknown_test,11k:7000000_L,9,False,11k:543_L,0.4120410453711129,,
dorsal,unknown_test,11k:7000000_R,1,False,11k:543_R,0.46894538994107726,,
dorsal,unknown_test,11k:7000000_R,2,False,11k:543_R,0.3843190686937214,,
dorsal,unknown_test,11k:7000000_R,3,False,11k:543_R,0.4737876845571647,,
dorsal,unknown_test,11k:7000000_R,4,False,11k:543_R,0.43187844765347705,,
dorsal,unknown_test,11k:7000000_R,5,False,11k:543_R,0.4939231221015096,,
dorsal,unknown_test,11k:7000000_R,6,False,11k:543_R,0.4705910922927304,,
dorsal,unknown_test,11k:7000000_R,7,False,11k:543_R,0.43198118979536404,,
dorsal,unknown_test,11k:7000000_R,8,False,11k:543_R,0.4240445847974397,,
dorsal,unknown_test,11k:7000000_R,9,False,11k:543_R,0.44804729688147915,,
dorsal,unknown_test,11k:7000000_R,10,False,11k:543_R,0.4089788248445288,,
dorsal,unknown_test,11k:88_L,1,False,11k:1028_L,0.29080428485484844,,
dorsal,unknown_test,11k:88_L,2,False,11k:1028_L,0.42534066418048,,
dorsal,unknown_test,11k:88_L,3,False,11k:1028_L,0.4075903901884048,,
dorsal,unknown_test,11k:88_L,4,False,11k:1028_L,0.4325275861640392,,
dorsal,unknown_test,11k:88_L,5,False,11k:1028_L,0.40182844465983714,,
dorsal,unknown_test,11k:88_L,6,False,11k:1028_L,0.38787239517614314,,
dorsal,unknown_test,11k:88_L,7,False,11k:1028_L,0.39131444658342385,,
dorsal,unknown_test,11k:88_L,8,False,11k:1028_L,0.38508477307318323,,
dorsal,unknown_test,11k:88_L,9,False,11k:1028_L,0.29715971396399354,,
dorsal,unknown_test,11k:88_R,1,False,11k:1059_R,0.3546619009457907,,
dorsal,unknown_test,11k:88_R,2,False,11k:1000000_R,0.42194680557928754,,
dorsal,unknown_test,11k:88_R,3,False,11k:1059_R,0.3690714169833179,,
dorsal,unknown_test,11k:88_R,4,False,11k:1000000_R,0.3263105754334613,,
dorsal,unknown_test,11k:88_R,5,False,11k:1000000_R,0.31985641118112307,,
dorsal,unknown_test,11k:88_R,6,False,11k:1000000_R,0.3561044485593232,,
dorsal,unknown_test,11k:88_R,7,False,11k:1059_R,0.3505414982012624,,
fused,genuine_known,11k:10_L,5,False,11k:10_L,5.174639141888623,5.174639141888623,1
fused,genuine_known,11k:10_R,13,False,11k:10_R,5.0351564340506725,5.0351564340506725,1
fused,genuine_known,11k:1000000_L,17,False,11k:1000000_L,5.167108486435822,5.167108486435822,1
fused,genuine_known,11k:1000000_R,9,False,11k:1000000_R,5.128130506217964,5.128130506217964,1
fused,genuine_known,11k:1009_L,13,False,11k:1009_L,5.2456752213125615,5.2456752213125615,1
fused,genuine_known,11k:1009_R,11,False,11k:1009_R,5.201585023560952,5.201585023560952,1
fused,genuine_known,11k:1013_L,17,False,11k:1013_L,5.302383180044253,5.302383180044253,1
fused,genuine_known,11k:1013_R,23,False,11k:1013_R,5.231956660532594,5.231956660532594,1
fused,genuine_known,11k:1019_L,26,False,11k:1019_L,5.169464467106912,5.169464467106912,1
fused,genuine_known,11k:1019_R,29,False,11k:1019_R,5.2744980777584525,5.2744980777584525,1
fused,genuine_known,11k:1020_L,20,False,11k:1020_L,5.201204441583695,5.201204441583695,1
fused,genuine_known,11k:1020_R,21,False,11k:1020_R,5.217992888468826,5.217992888468826,1
fused,genuine_known,11k:1021_L,18,False,11k:1021_L,5.239786557330612,5.239786557330612,1
fused,genuine_known,11k:1021_R,7,False,11k:1021_R,5.229975980434988,5.229975980434988,1
fused,genuine_known,11k:1028_L,14,False,11k:1028_L,4.779983402268387,4.779983402268387,1
fused,genuine_known,11k:1028_R,7,False,11k:1028_R,5.180007343009089,5.180007343009089,1
fused,genuine_known,11k:1032_L,21,False,11k:1032_L,5.304934049727722,5.304934049727722,1
fused,genuine_known,11k:1032_R,19,False,11k:1032_R,5.256935553414234,5.256935553414234,1
fused,genuine_known,11k:1033_L,29,False,11k:1033_L,5.041122039288679,5.041122039288679,1
fused,genuine_known,11k:1033_R,31,False,11k:1033_R,5.1789051291800465,5.1789051291800465,1
fused,genuine_known,11k:1035_L,22,False,11k:1035_L,5.110638643356726,5.110638643356726,1
fused,genuine_known,11k:1035_R,17,False,11k:1035_R,5.239498851724502,5.239498851724502,1
fused,genuine_known,11k:1037_L,21,False,11k:1037_L,5.268205262615476,5.268205262615476,1
fused,genuine_known,11k:1037_R,24,False,11k:1037_R,5.258375083531243,5.258375083531243,1
fused,genuine_known,11k:1043_L,7,False,11k:1043_L,5.181726082306707,5.181726082306707,1
fused,genuine_known,11k:1043_R,11,False,11k:1043_R,5.198889964258974,5.198889964258974,1
fused,genuine_known,11k:1046_L,13,False,11k:1046_L,5.176220564128035,5.176220564128035,1
fused,genuine_known,11k:1046_R,11,False,11k:1046_R,5.29111443053365,5.29111443053365,1
fused,genuine_known,11k:1059_L,15,False,11k:1059_L,5.35362349992797,5.35362349992797,1
fused,genuine_known,11k:1059_R,16,False,11k:1059_R,5.328316162729225,5.328316162729225,1
fused,genuine_known,11k:1061_L,12,False,11k:1061_L,5.134590214971592,5.134590214971592,1
fused,genuine_known,11k:1061_R,11,False,11k:1061_R,5.175909639278206,5.175909639278206,1
fused,genuine_known,11k:1074_L,5,False,11k:1074_L,4.500124466819247,4.500124466819247,1
fused,genuine_known,11k:1074_R,5,False,11k:1074_R,4.6108211122117435,4.6108211122117435,1
fused,genuine_known,11k:1075_L,17,False,11k:1075_L,5.290614687065056,5.290614687065056,1
fused,genuine_known,11k:1075_R,19,False,11k:1075_R,5.333003105020833,5.333003105020833,1
fused,genuine_known,11k:1080_L,21,False,11k:1080_L,5.360393381883798,5.360393381883798,1
fused,genuine_known,11k:1080_R,22,False,11k:1080_R,5.363023788287956,5.363023788287956,1
fused,genuine_known,11k:1090_L,22,False,11k:1090_L,5.175281216254408,5.175281216254408,1
fused,genuine_known,11k:1090_R,22,False,11k:1090_R,5.263260238454702,5.263260238454702,1
fused,genuine_known,11k:11_L,8,False,11k:11_L,5.171999645988164,5.171999645988164,1
fused,genuine_known,11k:11_R,5,False,11k:11_R,5.175230737857945,5.175230737857945,1
fused,genuine_known,11k:1503_L,5,False,11k:1503_L,5.1028574386666845,5.1028574386666845,1
fused,genuine_known,11k:1503_R,5,False,11k:1503_R,5.268816070413148,5.268816070413148,1
fused,genuine_known,11k:1505_L,8,False,11k:1505_L,5.298671691198856,5.298671691198856,1
fused,genuine_known,11k:1505_R,11,False,11k:1505_R,5.324706015111701,5.324706015111701,1
fused,genuine_known,11k:1510_L,12,False,11k:1510_L,4.471895976595059,4.471895976595059,1
fused,genuine_known,11k:1510_R,11,False,11k:1510_R,4.315982134955181,4.315982134955181,1
fused,genuine_known,11k:1516_L,16,False,11k:1516_L,4.915619220027397,4.915619220027397,1
fused,genuine_known,11k:1516_R,20,False,11k:1516_R,4.988112918953885,4.988112918953885,1
fused,genuine_known,11k:1517_L,5,False,11k:1517_L,5.014540558451418,5.014540558451418,1
fused,genuine_known,11k:1517_R,7,False,11k:1517_R,5.25793559685162,5.25793559685162,1
fused,genuine_known,11k:1520_L,7,False,11k:1520_L,5.2894587956837675,5.2894587956837675,1
fused,genuine_known,11k:1520_R,6,False,11k:1520_R,5.215649650840005,5.215649650840005,1
fused,genuine_known,11k:1525_L,9,False,11k:1525_L,5.2970026957966585,5.2970026957966585,1
fused,genuine_known,11k:1525_R,10,False,11k:1525_R,5.213960595155523,5.213960595155523,1
fused,genuine_known,11k:1532_L,9,False,11k:1532_L,5.254406861417265,5.254406861417265,1
fused,genuine_known,11k:1532_R,15,False,11k:1532_R,4.9067380515712795,4.9067380515712795,1
fused,genuine_known,11k:1533_L,18,False,11k:1533_L,5.203426157462491,5.203426157462491,1
fused,genuine_known,11k:1533_R,27,False,11k:1533_R,5.204755806133942,5.204755806133942,1
fused,genuine_known,11k:1545_L,20,False,11k:1545_L,5.058186092759455,5.058186092759455,1
fused,genuine_known,11k:1545_R,12,False,11k:1545_R,5.215546580458794,5.215546580458794,1
fused,genuine_known,11k:1556_L,23,False,11k:1556_L,5.292804350580234,5.292804350580234,1
fused,genuine_known,11k:1556_R,14,False,11k:1556_R,5.297879287757678,5.297879287757678,1
fused,genuine_known,11k:1558_L,18,False,11k:1558_L,5.329751187605096,5.329751187605096,1
fused,genuine_known,11k:1558_R,25,False,11k:1558_R,5.2453702042952,5.2453702042952,1
fused,genuine_known,11k:1562_L,10,False,11k:1562_L,5.254959379359239,5.254959379359239,1
fused,genuine_known,11k:1562_R,14,False,11k:1562_R,5.3050513874657685,5.3050513874657685,1
fused,genuine_known,11k:1571_L,16,False,11k:1571_L,4.391579514740199,4.391579514740199,1
fused,genuine_known,11k:1571_R,10,False,11k:1571_R,4.796340921856171,4.796340921856171,1
fused,genuine_known,11k:1579_L,7,False,11k:1579_L,5.159206741577097,5.159206741577097,1
fused,genuine_known,11k:1579_R,10,False,11k:1579_R,5.251440227579919,5.251440227579919,1
fused,genuine_known,11k:1585_L,4,False,11k:1585_L,5.060833262464603,5.060833262464603,1
fused,genuine_known,11k:1585_R,4,False,11k:1585_R,4.977223233332572,4.977223233332572,1
fused,genuine_known,11k:1588_L,10,False,11k:1588_L,5.331495161786602,5.331495161786602,1
fused,genuine_known,11k:1588_R,12,False,11k:1588_R,5.369916271956235,5.369916271956235,1
fused,genuine_known,11k:1593_L,6,False,11k:1593_L,5.244349338963788,5.244349338963788,1
fused,genuine_known,11k:1593_R,6,False,11k:1593_R,5.222148975476279,5.222148975476279,1
fused,genuine_known,11k:1594_L,6,False,11k:1594_L,5.308952454322599,5.308952454322599,1
fused,genuine_known,11k:1594_R,7,False,11k:1594_R,5.284398383658326,5.284398383658326,1
fused,genuine_known,11k:54_L,4,False,11k:54_L,3.7695909938239818,3.7695909938239818,1
fused,genuine_known,11k:54_R,4,False,11k:54_R,3.9176513166599567,3.9176513166599567,1
fused,genuine_known,11k:541_L,11,False,11k:541_L,5.211034008520855,5.211034008520855,1
fused,genuine_known,11k:541_R,13,False,11k:541_R,5.213831251668081,5.213831251668081,1
fused,genuine_known,11k:543_L,8,False,11k:543_L,4.5700192203040375,4.5700192203040375,1
fused,genuine_known,11k:543_R,6,False,11k:543_R,4.4836206456809435,4.4836206456809435,1
fused,genuine_known,11k:55_L,24,False,11k:55_L,5.102261667392197,5.102261667392197,1
fused,genuine_known,11k:55_R,19,False,11k:55_R,5.209107079947218,5.209107079947218,1
fused,genuine_known,11k:57_L,7,False,11k:57_L,5.222889074607144,5.222889074607144,1
fused,genuine_known,11k:57_R,15,False,11k:57_R,5.1978750942178795,5.1978750942178795,1
fused,genuine_known,11k:570_L,3,False,11k:570_L,5.245650642189212,5.245650642189212,1
fused,genuine_known,11k:570_R,5,False,11k:570_R,4.7408948576480805,4.7408948576480805,1
fused,genuine_known,11k:572_L,5,False,11k:572_L,5.016584331356057,5.016584331356057,1
fused,genuine_known,11k:572_R,5,False,11k:572_R,5.2777797863087645,5.2777797863087645,1
fused,genuine_known,11k:573_L,10,False,11k:573_L,5.194290293943487,5.194290293943487,1
fused,genuine_known,11k:573_R,11,False,11k:573_R,5.234678153451733,5.234678153451733,1
fused,genuine_known,11k:586_L,12,False,11k:586_L,5.3061190127310915,5.3061190127310915,1
fused,genuine_known,11k:586_R,20,False,11k:586_R,5.2055925462960335,5.2055925462960335,1
fused,genuine_known,11k:587_L,15,False,11k:587_L,5.22282762851777,5.22282762851777,1
fused,genuine_known,11k:587_R,14,False,11k:587_R,5.171333310389974,5.171333310389974,1
fused,genuine_known,11k:596_L,13,False,11k:596_L,5.189227242717571,5.189227242717571,1
fused,genuine_known,11k:596_R,24,False,11k:596_R,5.289770635242629,5.289770635242629,1
fused,genuine_known,11k:62_L,7,False,11k:62_L,5.206050258346434,5.206050258346434,1
fused,genuine_known,11k:62_R,6,False,11k:62_R,5.205003593307504,5.205003593307504,1
fused,genuine_known,11k:65_L,2,False,11k:65_L,4.5328305002079805,4.5328305002079805,1
fused,genuine_known,11k:65_R,4,False,11k:65_R,4.942624684488003,4.942624684488003,1
fused,genuine_known,11k:66_L,11,False,11k:66_L,5.112769920787084,5.112769920787084,1
fused,genuine_known,11k:66_R,10,False,11k:66_R,5.192618727447908,5.192618727447908,1
fused,genuine_known,11k:8_L,5,False,11k:8_L,4.995058281538718,4.995058281538718,1
fused,genuine_known,11k:8_R,4,False,11k:8_R,5.104338340093715,5.104338340093715,1
fused,genuine_known,11k:81_L,7,False,11k:81_L,5.200226149286174,5.200226149286174,1
fused,genuine_known,11k:81_R,5,False,11k:81_R,5.074200647454633,5.074200647454633,1
fused,genuine_known,11k:86_L,8,False,11k:86_L,4.545931941789503,4.545931941789503,1
fused,genuine_known,11k:86_R,8,False,11k:86_R,4.172172580361089,4.172172580361089,1
fused,genuine_known,11k:92_L,16,False,11k:92_L,3.9160326834283086,3.9160326834283086,1
fused,genuine_known,11k:92_R,18,False,11k:92_R,4.178091680974813,4.178091680974813,1
fused,unknown_cal,11k:1008_L,1,False,11k:1061_L,0.9492995024876857,,
fused,unknown_cal,11k:1008_L,2,False,11k:11_L,1.72468440059565,,
fused,unknown_cal,11k:1008_L,3,False,11k:11_L,1.666978387160467,,
fused,unknown_cal,11k:1008_L,4,False,11k:11_L,1.3540085112739046,,
fused,unknown_cal,11k:1008_L,5,False,11k:11_L,1.3577824805835697,,
fused,unknown_cal,11k:1008_L,6,False,11k:11_L,1.6581036113364356,,
fused,unknown_cal,11k:1008_R,1,False,11k:586_R,1.4947220955820204,,
fused,unknown_cal,11k:1008_R,2,False,11k:586_R,1.3481443152039954,,
fused,unknown_cal,11k:1008_R,3,False,11k:11_R,1.2874470320647196,,
fused,unknown_cal,11k:1008_R,4,False,11k:11_R,1.2665590234916935,,
fused,unknown_cal,11k:1008_R,5,False,11k:1517_R,1.30540632835977,,
fused,unknown_cal,11k:1011_L,1,False,11k:92_L,1.1199861576447687,,
fused,unknown_cal,11k:1011_L,2,False,11k:92_L,1.2555128284287784,,
fused,unknown_cal,11k:1011_L,3,False,11k:1505_L,1.1817795918731655,,
fused,unknown_cal,11k:1011_L,4,False,11k:92_L,1.2986829895028167,,
fused,unknown_cal,11k:1011_L,5,False,11k:1505_L,1.2092291657165761,,
fused,unknown_cal,11k:1011_L,6,False,11k:1505_L,1.1953032250811078,,
fused,unknown_cal,11k:1011_L,7,False,11k:92_L,1.2179436034477746,,
fused,unknown_cal,11k:1011_L,8,False,11k:92_L,1.1324052157428584,,
fused,unknown_cal,11k:1011_L,9,False,11k:92_L,1.4117817041213727,,
fused,unknown_cal,11k:1011_L,10,False,11k:1505_L,1.6386114904692117,,
fused,unknown_cal,11k:1011_L,11,False,11k:1505_L,1.3069797509031906,,
fused,unknown_cal,11k:1011_L,12,False,11k:1505_L,1.3672194271985392,,
fused,unknown_cal,11k:1011_L,13,False,11k:92_L,1.4663912075234555,,
fused,unknown_cal,11k:1011_L,14,False,11k:92_L,1.2261345593775328,,
fused,unknown_cal,11k:1011_R,1,False,11k:1028_R,1.254884743396082,,
fused,unknown_cal,11k:1011_R,2,False,11k:1028_R,1.3971806361681265,,
fused,unknown_cal,11k:1011_R,3,False,11k:1028_R,1.3017366697307002,,
fused,unknown_cal,11k:1011_R,4,False,11k:1028_R,1.4613605095789035,,
fused,unknown_cal,11k:1011_R,5,False,11k:1028_R,1.3079608629494819,,
fused,unknown_cal,11k:1011_R,6,False,11k:1028_R,1.3529752327857931,,
fused,unknown_cal,11k:1011_R,7,False,11k:1028_R,1.5091826160729491,,
fused,unknown_cal,11k:1011_R,8,False,11k:1028_R,1.4062815417975505,,
fused,unknown_cal,11k:1011_R,9,False,11k:543_R,1.458968561246526,,
fused,unknown_cal,11k:1011_R,10,False,11k:1028_R,1.3921894136192536,,
fused,unknown_cal,11k:1011_R,11,False,11k:1028_R,1.4843570696985735,,
fused,unknown_cal,11k:1011_R,12,False,11k:1028_R,1.6119727172087264,,
fused,unknown_cal,11k:1011_R,13,False,11k:1028_R,1.5172301183412569,,
fused,unknown_cal,11k:1011_R,14,False,11k:1028_R,1.5724364092909153,,
fused,unknown_cal,11k:1011_R,15,False,11k:1028_R,1.5724855277451275,,
fused,unknown_cal,11k:1011_R,16,False,11k:1028_R,1.4487254198217907,,
fused,unknown_cal,11k:1023_L,1,False,11k:8_L,2.689730287735011,,
fused,unknown_cal,11k:1023_L,2,False,11k:8_L,2.7814748745173357,,
fused,unknown_cal,11k:1023_L,3,False,11k:8_L,2.349340090296062,,
fused,unknown_cal,11k:1023_L,4,False,11k:8_L,2.472608519823478,,
fused,unknown_cal,11k:1023_L,5,False,11k:11_L,1.533967120283442,,
fused,unknown_cal,11k:1023_L,6,False,11k:1080_L,1.8881658227517926,,
fused,unknown_cal,11k:1023_L,7,False,11k:586_L,1.4136881692859171,,
fused,unknown_cal,11k:1023_R,1,False,11k:62_R,1.8417954812117976,,
fused,unknown_cal,11k:1023_R,2,False,11k:586_R,2.171862449215923,,
fused,unknown_cal,11k:1023_R,3,False,11k:586_R,1.7293165405793942,,
fused,unknown_cal,11k:1023_R,4,False,11k:586_R,1.598661922428887,,
fused,unknown_cal,11k:1023_R,5,False,11k:11_R,1.8931807495562767,,
fused,unknown_cal,11k:1023_R,6,False,11k:11_R,1.8971450947736002,,
fused,unknown_cal,11k:1023_R,7,False,11k:11_R,1.8877581353270032,,
fused,unknown_cal,11k:1023_R,8,False,11k:11_R,1.79600484115787,,
fused,unknown_cal,11k:1024_L,1,False,11k:1074_L,0.9691252801739594,,
fused,unknown_cal,11k:1024_L,2,False,11k:1594_L,0.8729520746256463,,
fused,unknown_cal,11k:1024_L,3,False,11k:1594_L,0.847992095605008,,
fused,unknown_cal,11k:1024_L,4,False,11k:1533_L,0.9363279854434687,,
fused,unknown_cal,11k:1024_L,5,False,11k:1533_L,0.8731868345537391,,
fused,unknown_cal,11k:1024_L,6,False,11k:1075_L,0.8623140555203306,,
fused,unknown_cal,11k:1024_L,7,False,11k:1594_L,0.8981587771003786,,
fused,unknown_cal,11k:1024_L,8,False,11k:596_L,0.9885768827011729,,
fused,unknown_cal,11k:1024_L,9,False,11k:1075_L,0.9834532855110059,,
fused,unknown_cal,11k:1024_L,10,False,11k:62_L,0.896775911625217,,
fused,unknown_cal,11k:1024_L,11,False,11k:596_L,0.859150970281742,,
fused,unknown_cal,11k:1024_L,12,False,11k:1075_L,0.910827868384708,,
fused,unknown_cal,11k:1024_L,13,False,11k:596_L,0.8134831034899496,,
fused,unknown_cal,11k:1024_L,14,False,11k:1533_L,0.9752690193191466,,
fused,unknown_cal,11k:1024_L,15,False,11k:1594_L,0.9496531561990436,,
fused,unknown_cal,11k:1024_L,16,False,11k:1074_L,0.8610689252064453,,
fused,unknown_cal,11k:1024_L,17,False,11k:62_L,1.0301874799203863,,
fused,unknown_cal,11k:1024_L,18,False,11k:62_L,0.8482527435390006,,
fused,unknown_cal,11k:1024_L,19,False,11k:1594_L,0.8916347582550966,,
fused,unknown_cal,11k:1024_L,20,False,11k:596_L,0.8710505757532232,,
fused,unknown_cal,11k:1024_L,21,False,11k:62_L,0.9629483638326944,,
fused,unknown_cal,11k:1024_L,22,False,11k:62_L,1.0561452258784878,,
fused,unknown_cal,11k:1024_L,23,False,11k:62_L,1.3829127009904845,,
fused,unknown_cal,11k:1024_L,24,False,11k:62_L,1.075283876693386,,
fused,unknown_cal,11k:1024_L,25,False,11k:1043_L,0.9232468050408352,,
fused,unknown_cal,11k:1024_L,26,False,11k:1594_L,0.9356332509998131,,
fused,unknown_cal,11k:1024_L,27,False,11k:1594_L,0.9003682709355493,,
fused,unknown_cal,11k:1024_L,28,False,11k:1043_L,0.8485275763220805,,
fused,unknown_cal,11k:1024_L,29,False,11k:1533_L,0.9111132968494091,,
fused,unknown_cal,11k:1024_L,30,False,11k:1043_L,1.0542472198555963,,
fused,unknown_cal,11k:1024_L,31,False,11k:1545_L,0.8657666965371169,,
fused,unknown_cal,11k:1024_L,32,False,11k:62_L,1.1230319474839714,,
fused,unknown_cal,11k:1024_L,33,False,11k:62_L,0.9927607846669051,,
fused,unknown_cal,11k:1024_L,34,False,11k:1533_L,0.9210180308488114,,
fused,unknown_cal,11k:1024_L,35,False,11k:1594_L,0.8051035304405224,,
fused,unknown_cal,11k:1024_L,36,False,11k:1090_L,0.8411156312181964,,
fused,unknown_cal,11k:1024_L,37,False,11k:62_L,1.0405271309939659,,
fused,unknown_cal,11k:1024_L,38,False,11k:62_L,0.9793920051990599,,
fused,unknown_cal,11k:1024_L,39,False,11k:1594_L,1.0571368059673445,,
fused,unknown_cal,11k:1024_L,40,False,11k:1594_L,1.0784425401169968,,
fused,unknown_cal,11k:1024_L,41,False,11k:1594_L,0.9706997833409241,,
fused,unknown_cal,11k:1024_L,42,False,11k:1594_L,0.7027212751025335,,
fused,unknown_cal,11k:1024_R,1,False,11k:1533_R,0.8759754872272251,,
fused,unknown_cal,11k:1024_R,2,False,11k:1516_R,1.116099444255202,,
fused,unknown_cal,11k:1024_R,3,False,11k:1533_R,1.0077169568502307,,
fused,unknown_cal,11k:1024_R,4,False,11k:1533_R,1.1672950370419017,,
fused,unknown_cal,11k:1024_R,5,False,11k:1533_R,0.932972652829843,,
fused,unknown_cal,11k:1024_R,6,False,11k:1533_R,1.1743561078554088,,
fused,unknown_cal,11k:1024_R,7,False,11k:1533_R,0.9998328957353558,,
fused,unknown_cal,11k:1024_R,8,False,11k:1533_R,1.0951625083290892,,
fused,unknown_cal,11k:1024_R,9,False,11k:1533_R,0.8280842725580699,,
fused,unknown_cal,11k:1024_R,10,False,11k:1533_R,0.9501971408570604,,
fused,unknown_cal,11k:1024_R,11,False,11k:1533_R,0.8263069291709093,,
fused,unknown_cal,11k:1024_R,12,False,11k:596_R,0.8397006667744488,,
fused,unknown_cal,11k:1024_R,13,False,11k:1043_R,0.7891662674929913,,
fused,unknown_cal,11k:1024_R,14,False,11k:1533_R,0.8493692478248251,,
fused,unknown_cal,11k:1024_R,15,False,11k:1516_R,1.1392139893965778,,
fused,unknown_cal,11k:1024_R,16,False,11k:1516_R,1.0464143664833203,,
fused,unknown_cal,11k:1024_R,17,False,11k:1533_R,1.0317114808392942,,
fused,unknown_cal,11k:1024_R,18,False,11k:1533_R,1.0588433489939506,,
fused,unknown_cal,11k:1024_R,19,False,11k:1516_R,0.9315719484611464,,
fused,unknown_cal,11k:1024_R,20,False,11k:1516_R,1.102399189171326,,
fused,unknown_cal,11k:1024_R,21,False,11k:1594_R,0.9723764955744885,,
fused,unknown_cal,11k:1024_R,22,False,11k:596_R,1.0228579417585988,,
fused,unknown_cal,11k:1024_R,23,False,11k:1516_R,1.1222233080918296,,
fused,unknown_cal,11k:1024_R,24,False,11k:596_R,1.2030001373208354,,
fused,unknown_cal,11k:1024_R,25,False,11k:1516_R,1.2095780860218894,,
fused,unknown_cal,11k:1024_R,26,False,11k:1516_R,0.9615648950584381,,
fused,unknown_cal,11k:1024_R,27,False,11k:1516_R,1.050196823317955,,
fused,unknown_cal,11k:1024_R,28,False,11k:1516_R,0.94591390224042,,
fused,unknown_cal,11k:1024_R,29,False,11k:1516_R,0.9899796829797102,,
fused,unknown_cal,11k:1024_R,30,False,11k:1533_R,0.8473845043093128,,
fused,unknown_cal,11k:1024_R,31,False,11k:1516_R,0.9171675687776606,,
fused,unknown_cal,11k:1024_R,32,False,11k:596_R,0.9591022631612884,,
fused,unknown_cal,11k:1024_R,33,False,11k:541_R,1.0212934762692385,,
fused,unknown_cal,11k:1024_R,34,False,11k:541_R,1.0365117406226383,,
fused,unknown_cal,11k:1024_R,35,False,11k:1516_R,1.294451177175974,,
fused,unknown_cal,11k:1024_R,36,False,11k:1516_R,0.9891154909059867,,
fused,unknown_cal,11k:1024_R,37,False,11k:1516_R,1.1586217317769187,,
fused,unknown_cal,11k:1024_R,38,False,11k:1516_R,1.0442415623486154,,
fused,unknown_cal,11k:1024_R,39,False,11k:1516_R,1.4523788681154595,,
fused,unknown_cal,11k:1024_R,40,False,11k:1516_R,1.170205759970838,,
fused,unknown_cal,11k:1029_L,1,False,11k:1009_L,0.8375661718597724,,
fused,unknown_cal,11k:1029_L,2,False,11k:1579_L,1.1256721101282938,,
fused,unknown_cal,11k:1029_L,3,False,11k:1009_L,1.1998281148701841,,
fused,unknown_cal,11k:1029_L,4,False,11k:1009_L,1.415341671819748,,
fused,unknown_cal,11k:1029_L,5,False,11k:1579_L,1.3196760716823297,,
fused,unknown_cal,11k:1029_L,6,False,11k:1009_L,1.1150686855131042,,
fused,unknown_cal,11k:1029_L,7,False,11k:1562_L,1.0849816274412234,,
fused,unknown_cal,11k:1029_L,8,False,11k:1562_L,1.2847670802955757,,
fused,unknown_cal,11k:1029_L,9,False,11k:1562_L,1.2213263730804114,,
fused,unknown_cal,11k:1029_L,10,False,11k:1043_L,1.3654619160601587,,
fused,unknown_cal,11k:1029_L,11,False,11k:1009_L,1.3112080325235143,,
fused,unknown_cal,11k:1029_L,12,False,11k:1009_L,1.1315077057858243,,
fused,unknown_cal,11k:1029_L,13,False,11k:1009_L,1.0877198908415195,,
fused,unknown_cal,11k:1029_L,14,False,11k:1009_L,1.0676360782514531,,
fused,unknown_cal,11k:1029_L,15,False,11k:1009_L,1.2098262200888685,,
fused,unknown_cal,11k:1029_L,16,False,11k:1009_L,1.2403921525700883,,
fused,unknown_cal,11k:1029_L,17,False,11k:1562_L,1.2287424245295557,,
fused,unknown_cal,11k:1029_L,18,False,11k:1009_L,1.2861440014300316,,
fused,unknown_cal,11k:1029_L,19,False,11k:1020_L,1.0527144784034215,,
fused,unknown_cal,11k:1029_R,1,False,11k:1562_R,1.1508804386200424,,
fused,unknown_cal,11k:1029_R,2,False,11k:1562_R,1.062981988550574,,
fused,unknown_cal,11k:1029_R,3,False,11k:1009_R,1.0216505760089973,,
fused,unknown_cal,11k:1029_R,4,False,11k:1562_R,1.2918637935946478,,
fused,unknown_cal,11k:1029_R,5,False,11k:1562_R,1.3522216472908168,,
fused,unknown_cal,11k:1029_R,6,False,11k:1516_R,1.336588653851365,,
fused,unknown_cal,11k:1029_R,7,False,11k:1516_R,1.53120182141176,,
fused,unknown_cal,11k:1029_R,8,False,11k:1588_R,1.5708256131197986,,
fused,unknown_cal,11k:1029_R,9,False,11k:1009_R,1.3225653288639112,,
fused,unknown_cal,11k:1029_R,10,False,11k:1588_R,1.359923265677541,,
fused,unknown_cal,11k:1029_R,11,False,11k:1562_R,1.2590873296867855,,
fused,unknown_cal,11k:1029_R,12,False,11k:1009_R,1.3094010202166486,,
fused,unknown_cal,11k:1029_R,13,False,11k:1562_R,1.6006418450503768,,
fused,unknown_cal,11k:1029_R,14,False,11k:1516_R,1.1488706164468898,,
fused,unknown_cal,11k:1029_R,15,False,11k:1009_R,1.2858247297489471,,
fused,unknown_cal,11k:1029_R,16,False,11k:1562_R,1.1079356971383623,,
fused,unknown_cal,11k:1041_L,1,False,11k:1571_L,1.06226085582963,,
fused,unknown_cal,11k:1041_L,2,False,11k:1571_L,1.0990867902668802,,
fused,unknown_cal,11k:1041_L,3,False,11k:1571_L,0.9941650723172593,,
fused,unknown_cal,11k:1041_L,4,False,11k:1571_L,1.0482196469632579,,
fused,unknown_cal,11k:1041_L,5,False,11k:1013_L,1.1388005570471602,,
fused,unknown_cal,11k:1041_L,6,False,11k:1013_L,1.155218898368204,,
fused,unknown_cal,11k:1041_L,7,False,11k:1571_L,0.8328249193279464,,
fused,unknown_cal,11k:1041_L,8,False,11k:1571_L,1.165220684814686,,
fused,unknown_cal,11k:1041_R,1,False,11k:62_R,0.9912684324298044,,
fused,unknown_cal,11k:1041_R,2,False,11k:1505_R,1.1739035245608112,,
fused,unknown_cal,11k:1041_R,3,False,11k:1505_R,0.9458077035225243,,
fused,unknown_cal,11k:1041_R,4,False,11k:1046_R,1.0118431680162203,,
fused,unknown_cal,11k:1041_R,5,False,11k:55_R,1.0213921334606746,,
fused,unknown_cal,11k:1041_R,6,False,11k:586_R,1.1023061346425527,,
fused,unknown_cal,11k:1041_R,7,False,11k:55_R,1.0453528162576302,,
fused,unknown_cal,11k:1041_R,8,False,11k:1013_R,1.1762338965949444,,
fused,unknown_cal,11k:1041_R,9,False,11k:55_R,1.1078669208172363,,
fused,unknown_cal,11k:1041_R,10,False,11k:55_R,1.0005451627383093,,
fused,unknown_cal,11k:1041_R,11,False,11k:1505_R,0.8640047626008809,,
fused,unknown_cal,11k:1041_R,12,False,11k:1061_R,1.2305634947607214,,
fused,unknown_cal,11k:1041_R,13,False,11k:1046_R,1.2126653607907991,,
fused,unknown_cal,11k:1041_R,14,False,11k:1046_R,0.93445792240393,,
fused,unknown_cal,11k:1050_L,1,False,11k:62_L,1.2653482087992443,,
fused,unknown_cal,11k:1050_L,2,False,11k:62_L,1.3673590035479375,,
fused,unknown_cal,11k:1050_L,3,False,11k:1074_L,1.3507991721356392,,
fused,unknown_cal,11k:1050_L,4,False,11k:1074_L,1.305643824905606,,
fused,unknown_cal,11k:1050_L,5,False,11k:62_L,1.2045340735841095,,
fused,unknown_cal,11k:1050_L,6,False,11k:62_L,1.1763714877046345,,
fused,unknown_cal,11k:1050_L,7,False,11k:1074_L,1.1813761357023864,,
fused,unknown_cal,11k:1050_L,8,False,11k:62_L,1.1336249473425912,,
fused,unknown_cal,11k:1050_L,9,False,11k:1074_L,1.4007358150484222,,
fused,unknown_cal,11k:1050_L,10,False,11k:62_L,1.224860886537065,,
fused,unknown_cal,11k:1050_L,11,False,11k:1074_L,1.185616552686902,,
fused,unknown_cal,11k:1050_L,12,False,11k:1074_L,1.3817668170282336,,
fused,unknown_cal,11k:1050_L,13,False,11k:1074_L,1.6457589009006277,,
fused,unknown_cal,11k:1050_L,14,False,11k:1074_L,1.436566125049482,,
fused,unknown_cal,11k:1050_L,15,False,11k:62_L,1.3616944920676235,,
fused,unknown_cal,11k:1050_L,16,False,11k:62_L,1.2054621499284177,,
fused,unknown_cal,11k:1050_L,17,False,11k:62_L,1.1857280273256021,,
fused,unknown_cal,11k:1050_L,18,False,11k:1080_L,1.1311143628381162,,
fused,unknown_cal,11k:1050_L,19,False,11k:1074_L,1.1289935060082945,,
fused,unknown_cal,11k:1050_L,20,False,11k:62_L,1.1216986622011196,,
fused,unknown_cal,11k:1050_L,21,False,11k:1074_L,1.2204998901230304,,
fused,unknown_cal,11k:1050_L,22,False,11k:1074_L,1.1868239924312605,,
fused,unknown_cal,11k:1050_L,23,False,11k:62_L,1.324195434546477,,
fused,unknown_cal,11k:1050_L,24,False,11k:1074_L,1.3178366172850942,,
fused,unknown_cal,11k:1050_L,25,False,11k:1074_L,1.2061456122296004,,
fused,unknown_cal,11k:1050_L,26,False,11k:1074_L,1.367671034218984,,
fused,unknown_cal,11k:1050_L,27,False,11k:1074_L,1.3181372545140433,,
fused,unknown_cal,11k:1050_L,28,False,11k:1074_L,1.3524465169187945,,
fused,unknown_cal,11k:1050_R,1,False,11k:54_R,1.0991876594239534,,
fused,unknown_cal,11k:1050_R,2,False,11k:1080_R,1.1209107468792234,,
fused,unknown_cal,11k:1050_R,3,False,11k:1080_R,1.487818742268876,,
fused,unknown_cal,11k:1050_R,4,False,11k:1080_R,1.4466985000281756,,
fused,unknown_cal,11k:1050_R,5,False,11k:1080_R,1.411765919098177,,
fused,unknown_cal,11k:1050_R,6,False,11k:1080_R,1.2908457290497566,,
fused,unknown_cal,11k:1050_R,7,False,11k:1080_R,1.202792008686335,,
fused,unknown_cal,11k:1050_R,8,False,11k:1080_R,1.4013478690164185,,
fused,unknown_cal,11k:1050_R,9,False,11k:1080_R,1.218212407036075,,
fused,unknown_cal,11k:1050_R,10,False,11k:1080_R,1.2744730516384248,,
fused,unknown_cal,11k:1050_R,11,False,11k:1080_R,1.3452118754391904,,
fused,unknown_cal,11k:1050_R,12,False,11k:1080_R,1.3227465918173629,,
fused,unknown_cal,11k:1050_R,13,False,11k:1080_R,0.8793070665125302,,
fused,unknown_cal,11k:1050_R,14,False,11k:54_R,1.030274444945989,,
fused,unknown_cal,11k:1050_R,15,False,11k:1080_R,1.0638758863902598,,
fused,unknown_cal,11k:1050_R,16,False,11k:1080_R,1.031890646424919,,
fused,unknown_cal,11k:1050_R,17,False,11k:1080_R,1.192728212925777,,
fused,unknown_cal,11k:1050_R,18,False,11k:1080_R,1.2271069225083948,,
fused,unknown_cal,11k:1050_R,19,False,11k:1080_R,1.060405099843658,,
fused,unknown_cal,11k:1050_R,20,False,11k:1080_R,1.3529772808645677,,
fused,unknown_cal,11k:1050_R,21,False,11k:1080_R,1.1674340484988242,,
fused,unknown_cal,11k:1050_R,22,False,11k:1080_R,0.9135760486897193,,
fused,unknown_cal,11k:1050_R,23,False,11k:1080_R,1.1494008285437867,,
fused,unknown_cal,11k:1050_R,24,False,11k:1080_R,1.213868912631189,,
fused,unknown_cal,11k:1050_R,25,False,11k:1080_R,1.0020935843858028,,
fused,unknown_cal,11k:1050_R,26,False,11k:1080_R,1.0328407849016312,,
fused,unknown_cal,11k:1050_R,27,False,11k:1080_R,1.1185195294457315,,
fused,unknown_cal,11k:1050_R,28,False,11k:1080_R,1.3578703814751085,,
fused,unknown_cal,11k:1050_R,29,False,11k:1080_R,1.0195002383453458,,
fused,unknown_cal,11k:1050_R,30,False,11k:1080_R,1.0073654816134974,,
fused,unknown_cal,11k:1050_R,31,False,11k:54_R,1.057281469381174,,
fused,unknown_cal,11k:1050_R,32,False,11k:1074_R,0.9417566992678872,,
fused,unknown_cal,11k:1050_R,33,False,11k:1080_R,1.022424880844858,,
fused,unknown_cal,11k:1050_R,34,False,11k:8_R,0.8500534705992803,,
fused,unknown_cal,11k:1050_R,35,False,11k:1080_R,1.1310425748044381,,
fused,unknown_cal,11k:1050_R,36,False,11k:596_R,1.209159480281535,,
fused,unknown_cal,11k:1050_R,37,False,11k:1080_R,0.9731622208808963,,
fused,unknown_cal,11k:1050_R,38,False,11k:1080_R,1.1268866069061536,,
fused,unknown_cal,11k:1050_R,39,False,11k:1080_R,0.9772319374464884,,
fused,unknown_cal,11k:1050_R,40,False,11k:8_R,0.9910327628827627,,
fused,unknown_cal,11k:1050_R,41,False,11k:1080_R,1.0799596832178842,,
fused,unknown_cal,11k:1051_L,1,False,11k:62_L,1.5472548107369355,,
fused,unknown_cal,11k:1051_L,2,False,11k:62_L,1.461264105100178,,
fused,unknown_cal,11k:1051_L,3,False,11k:62_L,1.1531579772447933,,
fused,unknown_cal,11k:1051_L,4,False,11k:65_L,1.3971663308059505,,
fused,unknown_cal,11k:1051_L,5,False,11k:596_L,1.4221327207176864,,
fused,unknown_cal,11k:1051_L,6,False,11k:62_L,1.4858980655275849,,
fused,unknown_cal,11k:1051_L,7,False,11k:596_L,1.3262805253658807,,
fused,unknown_cal,11k:1051_L,8,False,11k:62_L,1.449742789825463,,
fused,unknown_cal,11k:1051_L,9,False,11k:596_L,1.3235944634952364,,
fused,unknown_cal,11k:1051_L,10,False,11k:596_L,1.4220189463592092,,
fused,unknown_cal,11k:1051_L,11,False,11k:596_L,1.4760849645993201,,
fused,unknown_cal,11k:1051_L,12,False,11k:596_L,1.524027280870723,,
fused,unknown_cal,11k:1051_L,13,False,11k:596_L,1.3811427211037441,,
fused,unknown_cal,11k:1051_L,14,False,11k:62_L,1.3808781927494458,,
fused,unknown_cal,11k:1051_L,15,False,11k:596_L,1.4933307863732945,,
fused,unknown_cal,11k:1051_L,16,False,11k:62_L,1.308623682542372,,
fused,unknown_cal,11k:1051_L,17,False,11k:596_L,1.4898156952039405,,
fused,unknown_cal,11k:1051_L,18,False,11k:596_L,1.5298789056658948,,
fused,unknown_cal,11k:1051_L,19,False,11k:596_L,1.2751430684081457,,
fused,unknown_cal,11k:1051_R,1,False,11k:1032_R,1.4953487429366805,,
fused,unknown_cal,11k:1051_R,2,False,11k:62_R,1.4070680813460212,,
fused,unknown_cal,11k:1051_R,3,False,11k:62_R,1.4687580210349651,,
fused,unknown_cal,11k:1051_R,4,False,11k:62_R,1.4837506238484912,,
fused,unknown_cal,11k:1051_R,5,False,11k:62_R,1.390704330307189,,
fused,unknown_cal,11k:1051_R,6,False,11k:62_R,1.4316891920877828,,
fused,unknown_cal,11k:1051_R,7,False,11k:62_R,1.275013669179483,,
fused,unknown_cal,11k:1051_R,8,False,11k:62_R,1.359806926652704,,
fused,unknown_cal,11k:1051_R,9,False,11k:1588_R,1.2303120355868595,,
fused,unknown_cal,11k:1051_R,10,False,11k:62_R,1.4774483923943404,,
fused,unknown_cal,11k:1051_R,11,False,11k:1588_R,1.5075541865283575,,
fused,unknown_cal,11k:1051_R,12,False,11k:1588_R,1.4653541637275138,,
fused,unknown_cal,11k:1051_R,13,False,11k:1588_R,1.4932617888321045,,
fused,unknown_cal,11k:1051_R,14,False,11k:62_R,1.3588613223224426,,
fused,unknown_cal,11k:1051_R,15,False,11k:1588_R,1.3481955464195228,,
fused,unknown_cal,11k:1051_R,16,False,11k:1588_R,1.2857959982868907,,
fused,unknown_cal,11k:1051_R,17,False,11k:62_R,1.4290662115393125,,
fused,unknown_cal,11k:1051_R,18,False,11k:62_R,1.330162944845665,,
fused,unknown_cal,11k:1052_L,1,False,11k:92_L,1.2887035236418543,,
fused,unknown_cal,11k:1052_L,2,False,11k:92_L,1.4491109261897428,,
fused,unknown_cal,11k:1052_L,3,False,11k:92_L,1.2682989296005434,,
fused,unknown_cal,11k:1052_L,4,False,11k:92_L,1.5997807924002636,,
fused,unknown_cal,11k:1052_L,5,False,11k:92_L,1.4571022550117911,,
fused,unknown_cal,11k:1052_L,6,False,11k:92_L,1.2885265505406918,,
fused,unknown_cal,11k:1052_L,7,False,11k:92_L,1.4633670528772267,,
fused,unknown_cal,11k:1052_L,8,False,11k:92_L,1.5842863295460665,,
fused,unknown_cal,11k:1052_L,9,False,11k:92_L,1.416577522653068,,
fused,unknown_cal,11k:1052_L,10,False,11k:92_L,1.3712451236384013,,
fused,unknown_cal,11k:1052_L,11,False,11k:92_L,1.565237784994384,,
fused,unknown_cal,11k:1052_L,12,False,11k:92_L,1.4267441729980477,,
fused,unknown_cal,11k:1052_L,13,False,11k:92_L,1.2796941705482578,,
fused,unknown_cal,11k:1052_L,14,False,11k:1556_L,1.168523706502706,,
fused,unknown_cal,11k:1052_L,15,False,11k:92_L,1.3551490896578775,,
fused,unknown_cal,11k:1052_L,16,False,11k:92_L,1.3136632384881066,,
fused,unknown_cal,11k:1052_R,1,False,11k:1020_R,1.2051074467425504,,
fused,unknown_cal,11k:1052_R,2,False,11k:1517_R,0.8593755615513881,,
fused,unknown_cal,11k:1052_R,3,False,11k:1556_R,0.8686465469707896,,
fused,unknown_cal,11k:1052_R,4,False,11k:1505_R,1.2545147414080229,,
fused,unknown_cal,11k:1052_R,5,False,11k:1556_R,1.2183350698752962,,
fused,unknown_cal,11k:1052_R,6,False,11k:1556_R,1.082357931028466,,
fused,unknown_cal,11k:1052_R,7,False,11k:1556_R,1.0276051422050334,,
fused,unknown_cal,11k:1052_R,8,False,11k:1510_R,0.9243686410173684,,
fused,unknown_cal,11k:1060_L,1,False,11k:1037_L,0.9063923901890001,,
fused,unknown_cal,11k:1060_L,2,False,11k:1000000_L,1.120370367660409,,
fused,unknown_cal,11k:1060_L,3,False,11k:1000000_L,0.9968349653489719,,
fused,unknown_cal,11k:1060_L,4,False,11k:1074_L,1.0357702064370735,,
fused,unknown_cal,11k:1060_L,5,False,11k:1074_L,1.3773241287605849,,
fused,unknown_cal,11k:1060_L,6,False,11k:1000000_L,1.1580463677841646,,
fused,unknown_cal,11k:1060_L,7,False,11k:1074_L,0.9626521453838095,,
fused,unknown_cal,11k:1060_L,8,False,11k:1000000_L,1.0763294618921102,,
fused,unknown_cal,11k:1060_L,9,False,11k:1000000_L,0.8313463784593494,,
fused,unknown_cal,11k:1060_L,10,False,11k:1000000_L,1.0556048535867761,,
fused,unknown_cal,11k:1060_L,11,False,11k:1000000_L,1.0505981523294015,,
fused,unknown_cal,11k:1060_L,12,False,11k:1000000_L,1.0451500102740487,,
fused,unknown_cal,11k:1060_L,13,False,11k:1000000_L,1.095246144667516,,
fused,unknown_cal,11k:1060_L,14,False,11k:1000000_L,1.1562393744902142,,
fused,unknown_cal,11k:1060_L,15,False,11k:1000000_L,1.1280313927087915,,
fused,unknown_cal,11k:1060_R,1,False,11k:10_R,1.0987115366826612,,
fused,unknown_cal,11k:1060_R,2,False,11k:1000000_R,0.979620903677419,,
fused,unknown_cal,11k:1060_R,3,False,11k:10_R,0.875359682878073,,
fused,unknown_cal,11k:1060_R,4,False,11k:1000000_R,0.7758779152061414,,
fused,unknown_cal,11k:1060_R,5,False,11k:1000000_R,0.9129923721367093,,
fused,unknown_cal,11k:1060_R,6,False,11k:1000000_R,1.2416793618986306,,
fused,unknown_cal,11k:1060_R,7,False,11k:10_R,1.1192138514240848,,
fused,unknown_cal,11k:1060_R,8,False,11k:1000000_R,1.0448535764471565,,
fused,unknown_cal,11k:1060_R,9,False,11k:10_R,0.8546444482451229,,
fused,unknown_cal,11k:1060_R,10,False,11k:10_R,0.955615927983213,,
fused,unknown_cal,11k:1060_R,11,False,11k:10_R,1.1461158509936107,,
fused,unknown_cal,11k:1060_R,12,False,11k:1000000_R,0.9785675490656847,,
fused,unknown_cal,11k:1060_R,13,False,11k:1000000_R,0.9287515042654764,,
fused,unknown_cal,11k:1060_R,14,False,11k:1000000_R,1.1910770101675343,,
fused,unknown_cal,11k:1060_R,15,False,11k:1000000_R,1.0818270983525284,,
fused,unknown_cal,11k:1060_R,16,False,11k:1000000_R,1.2309551646463985,,
fused,unknown_cal,11k:1060_R,17,False,11k:1000000_R,1.0929836063194274,,
fused,unknown_cal,11k:13_L,1,False,11k:10_L,1.8614159262757661,,
fused,unknown_cal,11k:13_L,2,False,11k:55_L,2.1026002541776307,,
fused,unknown_cal,11k:13_L,3,False,11k:8_L,1.7727397249137686,,
fused,unknown_cal,11k:13_L,4,False,11k:1074_L,1.7822259167454864,,
fused,unknown_cal,11k:13_L,5,False,11k:55_L,2.5274448344498057,,
fused,unknown_cal,11k:13_L,6,False,11k:1074_L,1.7632163378384607,,
fused,unknown_cal,11k:13_R,1,False,11k:54_R,2.0458624240416783,,
fused,unknown_cal,11k:13_R,2,False,11k:81_R,2.504518026268148,,
fused,unknown_cal,11k:13_R,3,False,11k:54_R,2.324022070184532,,
fused,unknown_cal,11k:13_R,4,False,11k:11_R,1.7258938719221653,,
fused,unknown_cal,11k:13_R,5,False,11k:81_R,2.2895752960146805,,
fused,unknown_cal,11k:1509_L,1,False,11k:1532_L,1.3636229572217482,,
fused,unknown_cal,11k:1509_L,2,False,11k:10_L,1.5934925341620965,,
fused,unknown_cal,11k:1509_L,3,False,11k:62_L,1.4803974363173802,,
fused,unknown_cal,11k:1509_L,4,False,11k:10_L,1.5818063631639476,,
fused,unknown_cal,11k:1509_R,1,False,11k:1074_R,1.5886154841818427,,
fused,unknown_cal,11k:1509_R,2,False,11k:55_R,1.4490102173978157,,
fused,unknown_cal,11k:1509_R,3,False,11k:1037_R,1.4275233144568116,,
fused,unknown_cal,11k:1509_R,4,False,11k:10_R,1.6161543743823434,,
fused,unknown_cal,11k:1509_R,5,False,11k:1037_R,1.420450979463653,,
fused,unknown_cal,11k:1513_L,1,False,11k:1510_L,1.2404988180902479,,
fused,unknown_cal,11k:1513_L,2,False,11k:1588_L,1.1633939074263615,,
fused,unknown_cal,11k:1513_L,3,False,11k:1588_L,1.2335304266649143,,
fused,unknown_cal,11k:1513_L,4,False,11k:541_L,1.835894447327711,,
fused,unknown_cal,11k:1513_L,5,False,11k:1516_L,1.3289456167322942,,
fused,unknown_cal,11k:1513_L,6,False,11k:541_L,1.8015625772541433,,
fused,unknown_cal,11k:1513_L,7,False,11k:541_L,1.6525936926729492,,
fused,unknown_cal,11k:1513_L,8,False,11k:541_L,1.644070465927975,,
fused,unknown_cal,11k:1513_L,9,False,11k:1516_L,1.3992215393698904,,
fused,unknown_cal,11k:1513_L,10,False,11k:1588_L,1.8933527928230336,,
fused,unknown_cal,11k:1513_L,11,False,11k:543_L,1.8415368721178809,,
fused,unknown_cal,11k:1513_L,12,False,11k:1516_L,2.285871108117373,,
fused,unknown_cal,11k:1513_L,13,False,11k:1516_L,1.5073333748112567,,
fused,unknown_cal,11k:1513_R,1,False,11k:1061_R,1.5677669725598364,,
fused,unknown_cal,11k:1513_R,2,False,11k:1588_R,1.1195047875041264,,
fused,unknown_cal,11k:1513_R,3,False,11k:1588_R,0.858723630274187,,
fused,unknown_cal,11k:1513_R,4,False,11k:1588_R,1.2981745479475324,,
fused,unknown_cal,11k:1513_R,5,False,11k:1558_R,1.4861568731821357,,
fused,unknown_cal,11k:1513_R,6,False,11k:1061_R,1.9959485338801772,,
fused,unknown_cal,11k:1513_R,7,False,11k:1061_R,1.4832794854057814,,
fused,unknown_cal,11k:1513_R,8,False,11k:1061_R,1.8247002065168896,,
fused,unknown_cal,11k:1513_R,9,False,11k:1516_R,1.5795046693175276,,
fused,unknown_cal,11k:1513_R,10,False,11k:1516_R,1.6112858132170087,,
fused,unknown_cal,11k:1513_R,11,False,11k:1588_R,1.5467950024006625,,
fused,unknown_cal,11k:1513_R,12,False,11k:1061_R,1.6840604579090117,,
fused,unknown_cal,11k:1513_R,13,False,11k:1588_R,1.8141054449708323,,
fused,unknown_cal,11k:1513_R,14,False,11k:1588_R,1.9505453680799445,,
fused,unknown_cal,11k:1513_R,15,False,11k:1588_R,1.485776967445804,,
fused,unknown_cal,11k:1513_R,16,False,11k:1588_R,1.811945218810663,,
fused,unknown_cal,11k:1513_R,17,False,11k:1588_R,1.616074332996506,,
fused,unknown_cal,11k:1518_L,1,False,11k:1043_L,1.570356800458734,,
fused,unknown_cal,11k:1518_L,2,False,11k:1043_L,1.2596939162797176,,
fused,unknown_cal,11k:1518_L,3,False,11k:1080_L,1.1324580633624715,,
fused,unknown_cal,11k:1518_L,4,False,11k:1043_L,1.4678894392284039,,
fused,unknown_cal,11k:1518_L,5,False,11k:1043_L,1.1952585967257312,,
fused,unknown_cal,11k:1518_L,6,False,11k:1043_L,1.4173234976810034,,
fused,unknown_cal,11k:1518_L,7,False,11k:1043_L,1.5346248666219617,,
fused,unknown_cal,11k:1518_L,8,False,11k:1043_L,1.3204486829031477,,
fused,unknown_cal,11k:1518_L,9,False,11k:1043_L,1.205674596871889,,
fused,unknown_cal,11k:1518_L,10,False,11k:1043_L,1.2767768202389398,,
fused,unknown_cal,11k:1518_R,1,False,11k:1043_R,1.2963833905648703,,
fused,unknown_cal,11k:1518_R,2,False,11k:1043_R,1.1923334701226769,,
fused,unknown_cal,11k:1518_R,3,False,11k:1043_R,1.1658537883773126,,
fused,unknown_cal,11k:1518_R,4,False,11k:1585_R,1.264844541950525,,
fused,unknown_cal,11k:1518_R,5,False,11k:1043_R,1.238302520046403,,
fused,unknown_cal,11k:1518_R,6,False,11k:1043_R,1.3615568390506023,,
fused,unknown_cal,11k:1518_R,7,False,11k:1043_R,1.1303685960629513,,
fused,unknown_cal,11k:1518_R,8,False,11k:1043_R,1.2976076753483436,,
fused,unknown_cal,11k:1518_R,9,False,11k:1585_R,1.1126537946759807,,
fused,unknown_cal,11k:1518_R,10,False,11k:586_R,1.254727572654344,,
fused,unknown_cal,11k:1518_R,11,False,11k:1585_R,1.1710831864380753,,
fused,unknown_cal,11k:1531_L,1,False,11k:1021_L,1.3147271034648664,,
fused,unknown_cal,11k:1531_L,2,False,11k:1021_L,1.3251295090796045,,
fused,unknown_cal,11k:1531_L,3,False,11k:1021_L,1.1668865510350273,,
fused,unknown_cal,11k:1531_L,4,False,11k:1588_L,1.2360853846894297,,
fused,unknown_cal,11k:1531_L,5,False,11k:66_L,1.0682416129971855,,
fused,unknown_cal,11k:1531_L,6,False,11k:8_L,1.0459980481324143,,
fused,unknown_cal,11k:1531_L,7,False,11k:1588_L,1.2097496610419607,,
fused,unknown_cal,11k:1531_L,8,False,11k:1588_L,1.2683793827281804,,
fused,unknown_cal,11k:1531_L,9,False,11k:1021_L,1.101164247564551,,
fused,unknown_cal,11k:1531_L,10,False,11k:1588_L,1.1967507739925443,,
fused,unknown_cal,11k:1531_R,1,False,11k:1021_R,1.3256711626048365,,
fused,unknown_cal,11k:1531_R,2,False,11k:1021_R,1.5525955013194281,,
fused,unknown_cal,11k:1531_R,3,False,11k:1021_R,1.4686037173269892,,
fused,unknown_cal,11k:1531_R,4,False,11k:1021_R,1.3617407048967576,,
fused,unknown_cal,11k:1531_R,5,False,11k:1021_R,1.2905052677083118,,
fused,unknown_cal,11k:1531_R,6,False,11k:1021_R,1.2633471565909624,,
fused,unknown_cal,11k:1531_R,7,False,11k:1021_R,1.382350299323,,
fused,unknown_cal,11k:1531_R,8,False,11k:1021_R,1.5379993865661334,,
fused,unknown_cal,11k:1531_R,9,False,11k:1021_R,1.141387145767136,,
fused,unknown_cal,11k:1531_R,10,False,11k:1021_R,1.1760500527850624,,
fused,unknown_cal,11k:1531_R,11,False,11k:1021_R,1.107326340810996,,
fused,unknown_cal,11k:1539_L,1,False,11k:1562_L,1.5948199745730158,,
fused,unknown_cal,11k:1539_L,2,False,11k:1510_L,1.6268430116925194,,
fused,unknown_cal,11k:1539_L,3,False,11k:1032_L,1.2907975159000555,,
fused,unknown_cal,11k:1539_L,4,False,11k:1510_L,1.4518196001022448,,
fused,unknown_cal,11k:1539_L,5,False,11k:1510_L,1.4617654628132772,,
fused,unknown_cal,11k:1539_L,6,False,11k:1510_L,1.4655938708311191,,
fused,unknown_cal,11k:1539_L,7,False,11k:1510_L,1.4796003836260696,,
fused,unknown_cal,11k:1539_L,8,False,11k:1510_L,1.4610598380511532,,
fused,unknown_cal,11k:1539_L,9,False,11k:1510_L,1.4877833323220249,,
fused,unknown_cal,11k:1539_L,10,False,11k:1562_L,1.5332711025193664,,
fused,unknown_cal,11k:1539_L,11,False,11k:1562_L,1.2911112307068553,,
fused,unknown_cal,11k:1539_R,1,False,11k:1510_R,1.3333512468051776,,
fused,unknown_cal,11k:1539_R,2,False,11k:1510_R,1.3754489721564398,,
fused,unknown_cal,11k:1539_R,3,False,11k:1510_R,1.3792867406304383,,
fused,unknown_cal,11k:1539_R,4,False,11k:1510_R,1.5498833797266018,,
fused,unknown_cal,11k:1539_R,5,False,11k:1510_R,1.3108724461731307,,
fused,unknown_cal,11k:1539_R,6,False,11k:1510_R,1.226557519307929,,
fused,unknown_cal,11k:1539_R,7,False,11k:1510_R,1.1677783918729079,,
fused,unknown_cal,11k:1539_R,8,False,11k:1510_R,1.268034097527774,,
fused,unknown_cal,11k:1539_R,9,False,11k:1510_R,1.2604550062364592,,
fused,unknown_cal,11k:1539_R,10,False,11k:1510_R,1.1944849849308086,,
fused,unknown_cal,11k:1539_R,11,False,11k:1510_R,1.1924501556164184,,
fused,unknown_cal,11k:1539_R,12,False,11k:1510_R,1.359888731141339,,
fused,unknown_cal,11k:1543_L,1,False,11k:1028_L,2.4016893605308196,,
fused,unknown_cal,11k:1543_L,2,False,11k:1028_L,2.1687675177540644,,
fused,unknown_cal,11k:1543_L,3,False,11k:1028_L,2.027138923693623,,
fused,unknown_cal,11k:1543_L,4,False,11k:1028_L,2.281347927965822,,
fused,unknown_cal,11k:1543_L,5,False,11k:1028_L,2.2456306775054493,,
fused,unknown_cal,11k:1543_L,6,False,11k:1028_L,2.355245371526167,,
fused,unknown_cal,11k:1543_L,7,False,11k:1028_L,2.347788989382688,,
fused,unknown_cal,11k:1543_L,8,False,11k:1028_L,2.2903874232827945,,
fused,unknown_cal,11k:1543_L,9,False,11k:1028_L,2.082376930958503,,
fused,unknown_cal,11k:1543_L,10,False,11k:1028_L,2.271350592305285,,
fused,unknown_cal,11k:1543_L,11,False,11k:1028_L,2.007994316813794,,
fused,unknown_cal,11k:1543_L,12,False,11k:1028_L,2.286311190381715,,
fused,unknown_cal,11k:1543_L,13,False,11k:1028_L,2.3913813802476627,,
fused,unknown_cal,11k:1543_L,14,False,11k:1028_L,2.460074680021428,,
fused,unknown_cal,11k:1543_L,15,False,11k:1028_L,2.4979596961088655,,
fused,unknown_cal,11k:1543_L,16,False,11k:1028_L,2.187494584220949,,
fused,unknown_cal,11k:1543_L,17,False,11k:1028_L,2.4886549757595935,,
fused,unknown_cal,11k:1543_L,18,False,11k:1028_L,2.532182562020245,,
fused,unknown_cal,11k:1543_L,19,False,11k:1028_L,2.264139922062306,,
fused,unknown_cal,11k:1543_L,20,False,11k:1028_L,2.3796710844813678,,
fused,unknown_cal,11k:1543_L,21,False,11k:1028_L,2.4173545399909577,,
fused,unknown_cal,11k:1543_L,22,False,11k:1028_L,2.133313468663222,,
fused,unknown_cal,11k:1543_L,23,False,11k:1028_L,2.132895568261501,,
fused,unknown_cal,11k:1543_L,24,False,11k:1028_L,2.0954234949412163,,
fused,unknown_cal,11k:1543_L,25,False,11k:1028_L,2.1332704301236296,,
fused,unknown_cal,11k:1543_L,26,False,11k:1028_L,2.239850362703624,,
fused,unknown_cal,11k:1543_L,27,False,11k:1028_L,2.161639237043903,,
fused,unknown_cal,11k:1543_L,28,False,11k:1028_L,2.2426247613081616,,
fused,unknown_cal,11k:1543_R,1,False,11k:1028_R,1.8267008813083918,,
fused,unknown_cal,11k:1543_R,2,False,11k:1028_R,1.8524243527668554,,
fused,unknown_cal,11k:1543_R,3,False,11k:1028_R,1.8149661917359547,,
fused,unknown_cal,11k:1543_R,4,False,11k:1028_R,1.8955757579305827,,
fused,unknown_cal,11k:1543_R,5,False,11k:1028_R,1.8554328521654482,,
fused,unknown_cal,11k:1543_R,6,False,11k:1028_R,1.6545351784813211,,
fused,unknown_cal,11k:1543_R,7,False,11k:1028_R,1.9812122150270892,,
fused,unknown_cal,11k:1543_R,8,False,11k:1028_R,1.6701142176909536,,
fused,unknown_cal,11k:1543_R,9,False,11k:1028_R,1.899014378826418,,
fused,unknown_cal,11k:1543_R,10,False,11k:1028_R,1.920512231065705,,
fused,unknown_cal,11k:1543_R,11,False,11k:1028_R,1.8408350916656624,,
fused,unknown_cal,11k:1543_R,12,False,11k:1028_R,1.88687159050671,,
fused,unknown_cal,11k:1543_R,13,False,11k:1028_R,1.9438229715101227,,
fused,unknown_cal,11k:1543_R,14,False,11k:1028_R,2.100303776137457,,
fused,unknown_cal,11k:1543_R,15,False,11k:1028_R,2.00836209856216,,
fused,unknown_cal,11k:1543_R,16,False,11k:1028_R,2.0058015815217307,,
fused,unknown_cal,11k:1543_R,17,False,11k:1028_R,2.049043785915725,,
fused,unknown_cal,11k:1543_R,18,False,11k:1028_R,1.9298127157913931,,
fused,unknown_cal,11k:1543_R,19,False,11k:1028_R,1.8270102994009003,,
fused,unknown_cal,11k:1543_R,20,False,11k:1028_R,2.0152828477612403,,
fused,unknown_cal,11k:1543_R,21,False,11k:1028_R,2.118236910340878,,
fused,unknown_cal,11k:1543_R,22,False,11k:1028_R,2.0131281433551154,,
fused,unknown_cal,11k:1543_R,23,False,11k:1028_R,2.0918212810934533,,
fused,unknown_cal,11k:1543_R,24,False,11k:1028_R,2.2051099807273737,,
fused,unknown_cal,11k:1543_R,25,False,11k:1028_R,1.979228108471561,,
fused,unknown_cal,11k:1543_R,26,False,11k:1028_R,1.8526350463664172,,
fused,unknown_cal,11k:1543_R,27,False,11k:1028_R,1.7716508016649346,,
fused,unknown_cal,11k:1543_R,28,False,11k:1028_R,1.8279655129368508,,
fused,unknown_cal,11k:1543_R,29,False,11k:1028_R,1.9849808742481674,,
fused,unknown_cal,11k:1543_R,30,False,11k:1028_R,1.793751831533053,,
fused,unknown_cal,11k:1543_R,31,False,11k:1028_R,1.969376777562391,,
fused,unknown_cal,11k:1543_R,32,False,11k:1028_R,1.898396217760423,,
fused,unknown_cal,11k:1547_L,1,False,11k:1074_L,1.6931740603567436,,
fused,unknown_cal,11k:1547_L,2,False,11k:1074_L,1.6748055311263101,,
fused,unknown_cal,11k:1547_L,3,False,11k:1074_L,1.491708142963636,,
fused,unknown_cal,11k:1547_L,4,False,11k:1074_L,1.65897475650072,,
fused,unknown_cal,11k:1547_L,5,False,11k:1074_L,1.545260065635624,,
fused,unknown_cal,11k:1547_L,6,False,11k:1074_L,1.7106551215808627,,
fused,unknown_cal,11k:1547_L,7,False,11k:1074_L,1.678718161112007,,
fused,unknown_cal,11k:1547_L,8,False,11k:1074_L,1.8341855422224882,,
fused,unknown_cal,11k:1547_L,9,False,11k:1074_L,1.711489790053574,,
fused,unknown_cal,11k:1547_L,10,False,11k:1074_L,1.8999821591788133,,
fused,unknown_cal,11k:1547_L,11,False,11k:1074_L,1.7974947673170851,,
fused,unknown_cal,11k:1547_L,12,False,11k:1074_L,1.9545980971321875,,
fused,unknown_cal,11k:1547_L,13,False,11k:1074_L,1.7746874378987623,,
fused,unknown_cal,11k:1547_L,14,False,11k:1074_L,1.6884570662009635,,
fused,unknown_cal,11k:1547_L,15,False,11k:1074_L,1.68997547927968,,
fused,unknown_cal,11k:1547_L,16,False,11k:1074_L,1.4751669776795229,,
fused,unknown_cal,11k:1547_L,17,False,11k:1074_L,1.5020866934143564,,
fused,unknown_cal,11k:1547_R,1,False,11k:1074_R,1.4712778092016836,,
fused,unknown_cal,11k:1547_R,2,False,11k:1074_R,1.2388065915231705,,
fused,unknown_cal,11k:1547_R,3,False,11k:1510_R,1.4177946982748675,,
fused,unknown_cal,11k:1547_R,4,False,11k:1510_R,1.310021486041784,,
fused,unknown_cal,11k:1547_R,5,False,11k:1074_R,1.3946529840676831,,
fused,unknown_cal,11k:1547_R,6,False,11k:1510_R,1.3610737721738873,,
fused,unknown_cal,11k:1547_R,7,False,11k:1510_R,1.3320162101900967,,
fused,unknown_cal,11k:1547_R,8,False,11k:1074_R,1.2910221495906904,,
fused,unknown_cal,11k:1547_R,9,False,11k:1074_R,1.196867070628979,,
fused,unknown_cal,11k:1547_R,10,False,11k:1074_R,1.2940158978763139,,
fused,unknown_cal,11k:1547_R,11,False,11k:1074_R,1.3036070611713813,,
fused,unknown_cal,11k:1547_R,12,False,11k:1074_R,1.368076874305202,,
fused,unknown_cal,11k:1547_R,13,False,11k:1074_R,1.5464002573552798,,
fused,unknown_cal,11k:1547_R,14,False,11k:1074_R,1.374593821858601,,
fused,unknown_cal,11k:1547_R,15,False,11k:1074_R,1.3538165948057928,,
fused,unknown_cal,11k:1547_R,16,False,11k:1074_R,1.2930424951279367,,
fused,unknown_cal,11k:1547_R,17,False,11k:1074_R,1.2597714422707098,,
fused,unknown_cal,11k:1547_R,18,False,11k:1074_R,1.230340596212317,,
fused,unknown_cal,11k:1547_R,19,False,11k:1510_R,1.2878699383812826,,
fused,unknown_cal,11k:1547_R,20,False,11k:1074_R,1.3409184290892284,,
fused,unknown_cal,11k:1547_R,21,False,11k:1074_R,1.464075190485185,,
fused,unknown_cal,11k:1553_L,1,False,11k:1032_L,1.7776931971888343,,
fused,unknown_cal,11k:1553_L,2,False,11k:543_L,1.584062319906927,,
fused,unknown_cal,11k:1553_L,3,False,11k:543_L,1.456465099995342,,
fused,unknown_cal,11k:1553_L,4,False,11k:543_L,1.3652285991001825,,
fused,unknown_cal,11k:1553_L,5,False,11k:1571_L,1.2348312658371727,,
fused,unknown_cal,11k:1553_L,6,False,11k:1571_L,1.189136873313593,,
fused,unknown_cal,11k:1553_L,7,False,11k:1571_L,1.4688386196587224,,
fused,unknown_cal,11k:1553_L,8,False,11k:1571_L,1.4725096516540594,,
fused,unknown_cal,11k:1553_L,9,False,11k:543_L,1.3769547695774835,,
fused,unknown_cal,11k:1553_L,10,False,11k:543_L,1.5571325105018097,,
fused,unknown_cal,11k:1553_L,11,False,11k:543_L,1.79350725394074,,
fused,unknown_cal,11k:1553_L,12,False,11k:543_L,1.331685532797156,,
fused,unknown_cal,11k:1553_R,1,False,11k:543_R,1.3646450314753362,,
fused,unknown_cal,11k:1553_R,2,False,11k:543_R,1.3937579044642,,
fused,unknown_cal,11k:1553_R,3,False,11k:543_R,1.347925078722817,,
fused,unknown_cal,11k:1553_R,4,False,11k:1510_R,1.374644862973772,,
fused,unknown_cal,11k:1553_R,5,False,11k:1510_R,1.2493082837367275,,
fused,unknown_cal,11k:1553_R,6,False,11k:543_R,1.1227342266976623,,
fused,unknown_cal,11k:1553_R,7,False,11k:1510_R,1.2414518956350138,,
fused,unknown_cal,11k:1553_R,8,False,11k:1510_R,1.305837647470509,,
fused,unknown_cal,11k:1555_L,1,False,11k:1594_L,1.1690785686633418,,
fused,unknown_cal,11k:1555_L,2,False,11k:1594_L,1.1469197752191849,,
fused,unknown_cal,11k:1555_L,3,False,11k:1594_L,1.083337883676426,,
fused,unknown_cal,11k:1555_L,4,False,11k:1594_L,1.1756377097767614,,
fused,unknown_cal,11k:1555_L,5,False,11k:1594_L,1.1964440353355474,,
fused,unknown_cal,11k:1555_L,6,False,11k:1594_L,1.3397831099633768,,
fused,unknown_cal,11k:1555_L,7,False,11k:8_L,1.0359376512392233,,
fused,unknown_cal,11k:1555_L,8,False,11k:1037_L,1.0648856508990552,,
fused,unknown_cal,11k:1555_L,9,False,11k:1594_L,1.364952160571939,,
fused,unknown_cal,11k:1555_L,10,False,11k:1594_L,1.1905914087937066,,
fused,unknown_cal,11k:1555_R,1,False,11k:1594_R,1.394727534245635,,
fused,unknown_cal,11k:1555_R,2,False,11k:8_R,1.2937362324172044,,
fused,unknown_cal,11k:1555_R,3,False,11k:1594_R,1.3941658491411437,,
fused,unknown_cal,11k:1555_R,4,False,11k:1594_R,1.196282427775524,,
fused,unknown_cal,11k:1555_R,5,False,11k:1594_R,1.3345233343161003,,
fused,unknown_cal,11k:1555_R,6,False,11k:1594_R,1.319652182907911,,
fused,unknown_cal,11k:1555_R,7,False,11k:1594_R,1.2018154170352224,,
fused,unknown_cal,11k:1589_L,1,False,11k:92_L,2.0675644321151907,,
fused,unknown_cal,11k:1589_L,2,False,11k:92_L,2.2380353547731104,,
fused,unknown_cal,11k:1589_L,3,False,11k:92_L,2.1788502126028435,,
fused,unknown_cal,11k:1589_L,4,False,11k:92_L,2.244024149426017,,
fused,unknown_cal,11k:1589_L,5,False,11k:92_L,1.998242489169666,,
fused,unknown_cal,11k:1589_L,6,False,11k:92_L,2.010397467623471,,
fused,unknown_cal,11k:1589_L,7,False,11k:92_L,2.2130353487391545,,
fused,unknown_cal,11k:1589_L,8,False,11k:92_L,2.1629404928280804,,
fused,unknown_cal,11k:1589_L,9,False,11k:92_L,2.118886116267167,,
fused,unknown_cal,11k:1589_L,10,False,11k:92_L,2.360258848275914,,
fused,unknown_cal,11k:1589_L,11,False,11k:92_L,2.254902188508087,,
fused,unknown_cal,11k:1589_L,12,False,11k:92_L,2.1884094736774227,,
fused,unknown_cal,11k:1589_L,13,False,11k:92_L,2.3936938483058707,,
fused,unknown_cal,11k:1589_L,14,False,11k:92_L,2.3948025575516123,,
fused,unknown_cal,11k:1589_R,1,False,11k:92_R,1.7759082349617823,,
fused,unknown_cal,11k:1589_R,2,False,11k:92_R,1.8440963153325831,,
fused,unknown_cal,11k:1589_R,3,False,11k:92_R,1.8317763138298182,,
fused,unknown_cal,11k:1589_R,4,False,11k:92_R,1.7559897944611937,,
fused,unknown_cal,11k:1589_R,5,False,11k:92_R,1.8189641177441174,,
fused,unknown_cal,11k:3000000_L,1,False,11k:92_L,2.065807311421654,,
fused,unknown_cal,11k:3000000_L,2,False,11k:92_L,2.3823759383445995,,
fused,unknown_cal,11k:3000000_L,3,False,11k:92_L,2.070554685787747,,
fused,unknown_cal,11k:3000000_L,4,False,11k:92_L,2.1978095101514494,,
fused,unknown_cal,11k:3000000_L,5,False,11k:92_L,2.2277848608442277,,
fused,unknown_cal,11k:3000000_L,6,False,11k:92_L,2.097464586409136,,
fused,unknown_cal,11k:3000000_L,7,False,11k:92_L,2.080407916669285,,
fused,unknown_cal,11k:3000000_L,8,False,11k:92_L,1.920813599204155,,
fused,unknown_cal,11k:3000000_L,9,False,11k:92_L,2.039384729817994,,
fused,unknown_cal,11k:3000000_L,10,False,11k:92_L,2.1314151702950497,,
fused,unknown_cal,11k:3000000_L,11,False,11k:92_L,2.0683446294060692,,
fused,unknown_cal,11k:3000000_L,12,False,11k:92_L,1.9837560765655153,,
fused,unknown_cal,11k:3000000_L,13,False,11k:92_L,1.9705476178721355,,
fused,unknown_cal,11k:3000000_R,1,False,11k:92_R,1.7807410482054786,,
fused,unknown_cal,11k:3000000_R,2,False,11k:92_R,1.9015808892250825,,
fused,unknown_cal,11k:3000000_R,3,False,11k:92_R,2.2069757948197912,,
fused,unknown_cal,11k:3000000_R,4,False,11k:92_R,2.2226666341615733,,
fused,unknown_cal,11k:3000000_R,5,False,11k:92_R,1.9712434797916067,,
fused,unknown_cal,11k:538_L,1,False,11k:1571_L,1.820217624441038,,
fused,unknown_cal,11k:538_L,2,False,11k:1571_L,1.7467487371456536,,
fused,unknown_cal,11k:538_L,3,False,11k:1571_L,1.5779646597507608,,
fused,unknown_cal,11k:538_L,4,False,11k:1571_L,1.4427803812150448,,
fused,unknown_cal,11k:538_L,5,False,11k:1571_L,1.6331334316549575,,
fused,unknown_cal,11k:538_L,6,False,11k:1571_L,1.4235413818866125,,
fused,unknown_cal,11k:538_L,7,False,11k:1571_L,1.808281985249778,,
fused,unknown_cal,11k:538_R,1,False,11k:1510_R,2.059108526415517,,
fused,unknown_cal,11k:538_R,2,False,11k:1510_R,1.7446753021689902,,
fused,unknown_cal,11k:538_R,3,False,11k:1571_R,1.3173699149972942,,
fused,unknown_cal,11k:538_R,4,False,11k:1510_R,1.5969219063931515,,
fused,unknown_cal,11k:538_R,5,False,11k:1571_R,1.874880169263976,,
fused,unknown_cal,11k:538_R,6,False,11k:1510_R,1.6763562049734848,,
fused,unknown_cal,11k:538_R,7,False,11k:1510_R,1.8278102272504066,,
fused,unknown_cal,11k:538_R,8,False,11k:1510_R,1.7725643015716495,,
fused,unknown_cal,11k:538_R,9,False,11k:1510_R,1.5924509641153348,,
fused,unknown_cal,11k:546_L,1,False,11k:1510_L,1.1137291997363172,,
fused,unknown_cal,11k:546_L,2,False,11k:1510_L,1.0107328294414004,,
fused,unknown_cal,11k:546_L,3,False,11k:1532_L,1.0295385957205239,,
fused,unknown_cal,11k:546_L,4,False,11k:1532_L,1.2228717464022834,,
fused,unknown_cal,11k:546_L,5,False,11k:1532_L,1.1199426175019276,,
fused,unknown_cal,11k:546_L,6,False,11k:1532_L,1.049772878995144,,
fused,unknown_cal,11k:546_L,7,False,11k:1532_L,0.9677681127130111,,
fused,unknown_cal,11k:546_L,8,False,11k:1510_L,1.2059659774065583,,
fused,unknown_cal,11k:546_L,9,False,11k:1510_L,1.6167000283076771,,
fused,unknown_cal,11k:546_L,10,False,11k:1510_L,1.01832855928647,,
fused,unknown_cal,11k:546_L,11,False,11k:1516_L,1.1052899819493485,,
fused,unknown_cal,11k:546_L,12,False,11k:1510_L,1.0520367745741346,,
fused,unknown_cal,11k:546_L,13,False,11k:1510_L,1.1381241084639393,,
fused,unknown_cal,11k:546_R,1,False,11k:1571_R,2.0364526920024293,,
fused,unknown_cal,11k:546_R,2,False,11k:1571_R,1.5864532275700851,,
fused,unknown_cal,11k:546_R,3,False,11k:1571_R,1.677638895846476,,
fused,unknown_cal,11k:546_R,4,False,11k:1571_R,1.602228716398892,,
fused,unknown_cal,11k:546_R,5,False,11k:1571_R,1.3624676963396825,,
fused,unknown_cal,11k:546_R,6,False,11k:1571_R,1.4706802733658706,,
fused,unknown_cal,11k:546_R,7,False,11k:1571_R,1.7689155842799824,,
fused,unknown_cal,11k:546_R,8,False,11k:1571_R,1.6130981379075462,,
fused,unknown_cal,11k:546_R,9,False,11k:1571_R,1.47484247447593,,
fused,unknown_cal,11k:546_R,10,False,11k:1571_R,1.5165657407454136,,
fused,unknown_cal,11k:546_R,11,False,11k:1571_R,1.724687386232792,,
fused,unknown_cal,11k:546_R,12,False,11k:1571_R,1.8764869419149899,,
fused,unknown_cal,11k:546_R,13,False,11k:1556_R,1.434635269473749,,
fused,unknown_cal,11k:546_R,14,False,11k:1571_R,1.5093230454225457,,
fused,unknown_cal,11k:546_R,15,False,11k:1571_R,1.5260327541500673,,
fused,unknown_cal,11k:546_R,16,False,11k:1571_R,1.4235256465186847,,
fused,unknown_cal,11k:552_L,1,False,11k:1046_L,0.9166994944525302,,
fused,unknown_cal,11k:552_L,2,False,11k:1059_L,0.8748718553220878,,
fused,unknown_cal,11k:552_L,3,False,11k:1059_L,0.9653787733338316,,
fused,unknown_cal,11k:552_L,4,False,11k:1046_L,0.8952563405136915,,
fused,unknown_cal,11k:552_L,5,False,11k:57_L,0.7200763001256004,,
fused,unknown_cal,11k:552_L,6,False,11k:1061_L,0.7950373068168756,,
fused,unknown_cal,11k:552_L,7,False,11k:1061_L,1.172254046625752,,
fused,unknown_cal,11k:552_L,8,False,11k:1061_L,0.9241202850670154,,
fused,unknown_cal,11k:552_L,9,False,11k:1061_L,1.026040589970185,,
fused,unknown_cal,11k:552_L,10,False,11k:1037_L,0.8306048482295745,,
fused,unknown_cal,11k:552_L,11,False,11k:1059_L,0.9103539490184555,,
fused,unknown_cal,11k:552_L,12,False,11k:1009_L,0.9054821837395426,,
fused,unknown_cal,11k:552_L,13,False,11k:1061_L,0.8533435773854686,,
fused,unknown_cal,11k:552_L,14,False,11k:1059_L,1.153069440140188,,
fused,unknown_cal,11k:552_L,15,False,11k:1059_L,1.1995791225828976,,
fused,unknown_cal,11k:552_R,1,False,11k:1046_R,1.413372953793628,,
fused,unknown_cal,11k:552_R,2,False,11k:1046_R,1.1889221005630275,,
fused,unknown_cal,11k:552_R,3,False,11k:1046_R,1.327953381038836,,
fused,unknown_cal,11k:552_R,4,False,11k:1505_R,1.0340793176982526,,
fused,unknown_cal,11k:552_R,5,False,11k:1046_R,1.118163521016349,,
fused,unknown_cal,11k:552_R,6,False,11k:1046_R,1.3416964877057493,,
fused,unknown_cal,11k:552_R,7,False,11k:57_R,1.0972409734074535,,
fused,unknown_cal,11k:552_R,8,False,11k:1046_R,1.1509290915416774,,
fused,unknown_cal,11k:552_R,9,False,11k:1046_R,1.1805968392172785,,
fused,unknown_cal,11k:552_R,10,False,11k:1046_R,1.2191792406214161,,
fused,unknown_cal,11k:552_R,11,False,11k:1046_R,1.1080390619506055,,
fused,unknown_cal,11k:552_R,12,False,11k:1046_R,1.049952012776462,,
fused,unknown_cal,11k:552_R,13,False,11k:1046_R,1.1170585604789793,,
fused,unknown_cal,11k:552_R,14,False,11k:1046_R,1.007852933687782,,
fused,unknown_cal,11k:552_R,15,False,11k:57_R,0.751409778346112,,
fused,unknown_cal,11k:552_R,16,False,11k:1046_R,0.9303503690074122,,
fused,unknown_cal,11k:552_R,17,False,11k:1046_R,1.2914228318808512,,
fused,unknown_cal,11k:552_R,18,False,11k:1046_R,1.1579066163873426,,
fused,unknown_cal,11k:552_R,19,False,11k:1046_R,1.1475234841104793,,
fused,unknown_cal,11k:559_L,1,False,11k:54_L,1.7913339723364121,,
fused,unknown_cal,11k:559_L,2,False,11k:10_L,2.092495575112976,,
fused,unknown_cal,11k:559_L,3,False,11k:8_L,1.9431980778842,,
fused,unknown_cal,11k:559_L,4,False,11k:1074_L,2.044796063824797,,
fused,unknown_cal,11k:559_L,5,False,11k:10_L,2.5291054845306475,,
fused,unknown_cal,11k:559_L,6,False,11k:10_L,2.0778269996217027,,
fused,unknown_cal,11k:559_L,7,False,11k:54_L,1.957319825518449,,
fused,unknown_cal,11k:559_R,1,False,11k:54_R,2.0675297356685793,,
fused,unknown_cal,11k:559_R,2,False,11k:54_R,2.1457524318604806,,
fused,unknown_cal,11k:559_R,3,False,11k:54_R,2.2567207266602547,,
fused,unknown_cal,11k:559_R,4,False,11k:10_R,1.964195533560078,,
fused,unknown_cal,11k:559_R,5,False,11k:65_R,2.2160495734623895,,
fused,unknown_cal,11k:588_L,1,False,11k:543_L,1.5126713256224695,,
fused,unknown_cal,11k:588_L,2,False,11k:1525_L,1.2259515682748918,,
fused,unknown_cal,11k:588_L,3,False,11k:1510_L,1.1972540197170907,,
fused,unknown_cal,11k:588_L,4,False,11k:1510_L,1.3003606712272255,,
fused,unknown_cal,11k:588_L,5,False,11k:1510_L,1.4753902473115859,,
fused,unknown_cal,11k:588_L,6,False,11k:1510_L,1.3430139064012478,,
fused,unknown_cal,11k:588_L,7,False,11k:1510_L,1.45043475768425,,
fused,unknown_cal,11k:588_L,8,False,11k:1510_L,1.4516693244342762,,
fused,unknown_cal,11k:588_L,9,False,11k:1510_L,1.2218511981968505,,
fused,unknown_cal,11k:588_L,10,False,11k:1525_L,1.3390096403940737,,
fused,unknown_cal,11k:588_L,11,False,11k:1525_L,1.2459298740733409,,
fused,unknown_cal,11k:588_L,12,False,11k:1510_L,1.475815509754793,,
fused,unknown_cal,11k:588_R,1,False,11k:1525_R,1.6117631980154632,,
fused,unknown_cal,11k:588_R,2,False,11k:1525_R,1.3316538655089487,,
fused,unknown_cal,11k:588_R,3,False,11k:1525_R,1.1836553473897724,,
fused,unknown_cal,11k:588_R,4,False,11k:1525_R,1.3303271926164473,,
fused,unknown_cal,11k:588_R,5,False,11k:1525_R,1.3125465267177627,,
fused,unknown_cal,11k:9000000_L,1,False,11k:92_L,1.2107306100453792,,
fused,unknown_cal,11k:9000000_L,2,False,11k:92_L,1.2655857991027328,,
fused,unknown_cal,11k:9000000_L,3,False,11k:92_L,1.1280640420053893,,
fused,unknown_cal,11k:9000000_L,4,False,11k:92_L,1.369667572523435,,
fused,unknown_cal,11k:9000000_L,5,False,11k:92_L,1.0890158054224837,,
fused,unknown_cal,11k:9000000_L,6,False,11k:92_L,0.9334165483294394,,
fused,unknown_cal,11k:9000000_L,7,False,11k:92_L,1.202019147290375,,
fused,unknown_cal,11k:9000000_R,1,False,11k:66_R,1.240201998695074,,
fused,unknown_cal,11k:9000000_R,2,False,11k:92_R,1.4815760522970651,,
fused,unknown_cal,11k:9000000_R,3,False,11k:92_R,1.47046576019151,,
fused,unknown_cal,11k:9000000_R,4,False,11k:92_R,1.4580208659815674,,
fused,unknown_cal,11k:9000000_R,5,False,11k:92_R,1.488274164110785,,
fused,unknown_cal,11k:9000000_R,6,False,11k:92_R,1.4467463633811162,,
fused,unknown_cal,11k:9000000_R,7,False,11k:92_R,1.442171171318158,,
fused,unknown_cal,11k:9000000_R,8,False,11k:92_R,1.8312740590060983,,
fused,unknown_cal,11k:9000000_R,9,False,11k:92_R,1.6635841389605437,,
fused,unknown_cal,11k:9000000_R,10,False,11k:92_R,1.242030645174492,,
fused,unknown_cal,11k:9000000_R,11,False,11k:92_R,1.282142741664823,,
fused,unknown_cal,11k:9000000_R,12,False,11k:92_R,1.3690337824456449,,
fused,unknown_cal,11k:9000000_R,13,False,11k:92_R,1.3643663223000597,,
fused,unknown_cal,11k:9000000_R,14,False,11k:92_R,1.5177684091919939,,
fused,unknown_cal,11k:9000000_R,15,False,11k:92_R,1.4640289452629618,,
fused,unknown_test,11k:1005_L,1,False,11k:1028_L,1.2867110710555456,,
fused,unknown_test,11k:1005_L,2,False,11k:1028_L,1.465929529061976,,
fused,unknown_test,11k:1005_L,3,False,11k:66_L,1.6721964976040022,,
fused,unknown_test,11k:1005_L,4,False,11k:66_L,1.8187336926924638,,
fused,unknown_test,11k:1005_L,5,False,11k:1028_L,1.6201378147282701,,
fused,unknown_test,11k:1005_L,6,False,11k:1028_L,1.5541558460570364,,
fused,unknown_test,11k:1005_L,7,False,11k:66_L,1.4303760664005785,,
fused,unknown_test,11k:1005_L,8,False,11k:66_L,1.5116269203076005,,
fused,unknown_test,11k:1005_L,9,False,11k:1074_L,1.7508432580012538,,
fused,unknown_test,11k:1005_L,10,False,11k:66_L,1.2583749370455823,,
fused,unknown_test,11k:1005_L,11,False,11k:66_L,1.276570793997247,,
fused,unknown_test,11k:1005_R,1,False,11k:1000000_R,1.9347704494865983,,
fused,unknown_test,11k:1005_R,2,False,11k:1000000_R,1.7372504344788497,,
fused,unknown_test,11k:1005_R,3,False,11k:1000000_R,1.9583712115667642,,
fused,unknown_test,11k:1005_R,4,False,11k:1000000_R,1.6549297345439946,,
fused,unknown_test,11k:1005_R,5,False,11k:1000000_R,2.10320612577266,,
fused,unknown_test,11k:1005_R,6,False,11k:1000000_R,1.8926242138729688,,
fused,unknown_test,11k:1005_R,7,False,11k:1000000_R,2.0329979484877048,,
fused,unknown_test,11k:1005_R,8,False,11k:1000000_R,1.9046483835855064,,
fused,unknown_test,11k:1005_R,9,False,11k:1000000_R,2.189337842878393,,
fused,unknown_test,11k:1005_R,10,False,11k:66_R,1.4186962237852159,,
fused,unknown_test,11k:1005_R,11,False,11k:1000000_R,2.7444532817909266,,
fused,unknown_test,11k:1005_R,12,False,11k:1000000_R,2.141830319864553,,
fused,unknown_test,11k:1014_L,1,False,11k:1510_L,1.7542988845397827,,
fused,unknown_test,11k:1014_L,2,False,11k:573_L,1.6538962477388164,,
fused,unknown_test,11k:1014_L,3,False,11k:573_L,1.4793067859722822,,
fused,unknown_test,11k:1014_R,1,False,11k:573_R,1.0870782132721692,,
fused,unknown_test,11k:1014_R,2,False,11k:573_R,1.4630275088006155,,
fused,unknown_test,11k:1014_R,3,False,11k:573_R,1.2812358375858643,,
fused,unknown_test,11k:1014_R,4,False,11k:573_R,1.155523416028258,,
fused,unknown_test,11k:1014_R,5,False,11k:573_R,1.2570857841562992,,
fused,unknown_test,11k:1014_R,6,False,11k:573_R,1.1969980099440005,,
fused,unknown_test,11k:1014_R,7,False,11k:573_R,1.3827166175333616,,
fused,unknown_test,11k:1014_R,8,False,11k:573_R,1.5308046156733408,,
fused,unknown_test,11k:1014_R,9,False,11k:573_R,1.343093417707994,,
fused,unknown_test,11k:1018_L,1,False,11k:1516_L,1.4761701202734512,,
fused,unknown_test,11k:1018_L,2,False,11k:1516_L,1.257809370513126,,
fused,unknown_test,11k:1018_L,3,False,11k:1516_L,1.3683404293057146,,
fused,unknown_test,11k:1018_L,4,False,11k:1516_L,1.2401023575992653,,
fused,unknown_test,11k:1018_L,5,False,11k:1516_L,1.2238524324131403,,
fused,unknown_test,11k:1018_L,6,False,11k:1516_L,1.1784745617682892,,
fused,unknown_test,11k:1018_L,7,False,11k:1516_L,1.2917911125314852,,
fused,unknown_test,11k:1018_L,8,False,11k:1516_L,1.1151362040141606,,
fused,unknown_test,11k:1018_L,9,False,11k:1516_L,1.1248547518312249,,
fused,unknown_test,11k:1018_L,10,False,11k:1516_L,1.4173678230121944,,
fused,unknown_test,11k:1018_L,11,False,11k:1516_L,1.5349428999534478,,
fused,unknown_test,11k:1018_L,12,False,11k:1516_L,1.3517334095069304,,
fused,unknown_test,11k:1018_L,13,False,11k:1516_L,1.6042623057465353,,
fused,unknown_test,11k:1018_L,14,False,11k:1516_L,1.2105753399425927,,
fused,unknown_test,11k:1018_L,15,False,11k:1516_L,1.2694814699199792,,
fused,unknown_test,11k:1018_L,16,False,11k:1516_L,1.1634120451768397,,
fused,unknown_test,11k:1018_L,17,False,11k:1516_L,1.4138791852349875,,
fused,unknown_test,11k:1018_L,18,False,11k:1516_L,1.4850462741137405,,
fused,unknown_test,11k:1018_L,19,False,11k:1516_L,1.1292169854225103,,
fused,unknown_test,11k:1018_R,1,False,11k:1510_R,1.1604354908841992,,
fused,unknown_test,11k:1018_R,2,False,11k:541_R,1.3932182673471967,,
fused,unknown_test,11k:1018_R,3,False,11k:1579_R,1.1569050039899174,,
fused,unknown_test,11k:1018_R,4,False,11k:1579_R,1.1462657461483692,,
fused,unknown_test,11k:1018_R,5,False,11k:1510_R,1.1354362654008157,,
fused,unknown_test,11k:1018_R,6,False,11k:541_R,1.0610528354822437,,
fused,unknown_test,11k:1018_R,7,False,11k:1510_R,1.2249644654712746,,
fused,unknown_test,11k:1018_R,8,False,11k:1510_R,1.1672550086057196,,
fused,unknown_test,11k:1018_R,9,False,11k:1510_R,1.1548768612259404,,
fused,unknown_test,11k:1018_R,10,False,11k:1510_R,1.0707323860664695,,
fused,unknown_test,11k:1018_R,11,False,11k:541_R,1.0919977660647853,,
fused,unknown_test,11k:1018_R,12,False,11k:586_R,1.0285550335342646,,
fused,unknown_test,11k:1018_R,13,False,11k:1579_R,1.0041047007383976,,
fused,unknown_test,11k:1034_L,1,False,11k:1035_L,1.0118858992788384,,
fused,unknown_test,11k:1034_L,2,False,11k:1009_L,1.254824025469671,,
fused,unknown_test,11k:1034_L,3,False,11k:1593_L,1.100860149599616,,
fused,unknown_test,11k:1034_L,4,False,11k:1080_L,1.0613634879207314,,
fused,unknown_test,11k:1034_L,5,False,11k:1009_L,1.171306697355752,,
fused,unknown_test,11k:1034_L,6,False,11k:1009_L,1.1272593015077708,,
fused,unknown_test,11k:1034_L,7,False,11k:1571_L,1.3248525069764938,,
fused,unknown_test,11k:1034_L,8,False,11k:1009_L,1.3482079870780699,,
fused,unknown_test,11k:1034_L,9,False,11k:1593_L,1.081761991882797,,
fused,unknown_test,11k:1034_L,10,False,11k:1593_L,1.3628497480311814,,
fused,unknown_test,11k:1034_L,11,False,11k:1009_L,1.239644152553606,,
fused,unknown_test,11k:1034_L,12,False,11k:1009_L,1.0535509430771546,,
fused,unknown_test,11k:1034_L,13,False,11k:1593_L,1.0814903842514132,,
fused,unknown_test,11k:1034_L,14,False,11k:1593_L,1.035560767340458,,
fused,unknown_test,11k:1034_L,15,False,11k:1593_L,1.0303486989139123,,
fused,unknown_test,11k:1034_L,16,False,11k:1593_L,1.07240483067649,,
fused,unknown_test,11k:1034_L,17,False,11k:1593_L,1.0499055613892279,,
fused,unknown_test,11k:1034_L,18,False,11k:1009_L,1.1277922905215712,,
fused,unknown_test,11k:1034_L,19,False,11k:1593_L,0.9411788390743544,,
fused,unknown_test,11k:1034_L,20,False,11k:1571_L,1.1117134746622337,,
fused,unknown_test,11k:1034_L,21,False,11k:1571_L,1.2511254152178939,,
fused,unknown_test,11k:1034_L,22,False,11k:1571_L,1.0974330377754806,,
fused,unknown_test,11k:1034_L,23,False,11k:1571_L,1.1340180802660347,,
fused,unknown_test,11k:1034_R,1,False,11k:1593_R,1.133371076833574,,
fused,unknown_test,11k:1034_R,2,False,11k:1505_R,1.1855772313198492,,
fused,unknown_test,11k:1034_R,3,False,11k:1505_R,0.9772084676125099,,
fused,unknown_test,11k:1034_R,4,False,11k:1593_R,1.166742158524193,,
fused,unknown_test,11k:1034_R,5,False,11k:1593_R,1.2651938980996955,,
fused,unknown_test,11k:1034_R,6,False,11k:1593_R,1.1422898559332586,,
fused,unknown_test,11k:1034_R,7,False,11k:1505_R,1.1556001141362378,,
fused,unknown_test,11k:1034_R,8,False,11k:1593_R,1.0458704858203332,,
fused,unknown_test,11k:1034_R,9,False,11k:1505_R,1.3871913824774542,,
fused,unknown_test,11k:1034_R,10,False,11k:1080_R,1.0065379715728606,,
fused,unknown_test,11k:1034_R,11,False,11k:1080_R,1.0138656009562468,,
fused,unknown_test,11k:1034_R,12,False,11k:1593_R,1.0693714972304371,,
fused,unknown_test,11k:1034_R,13,False,11k:1080_R,1.1807496290391515,,
fused,unknown_test,11k:1034_R,14,False,11k:1593_R,1.135133727795734,,
fused,unknown_test,11k:1034_R,15,False,11k:1593_R,0.8873482750286719,,
fused,unknown_test,11k:1034_R,16,False,11k:1080_R,1.058090883899908,,
fused,unknown_test,11k:1034_R,17,False,11k:1593_R,0.9151060360410326,,
fused,unknown_test,11k:1034_R,18,False,11k:1080_R,1.1243841851651806,,
fused,unknown_test,11k:1034_R,19,False,11k:1593_R,1.0973805782288242,,
fused,unknown_test,11k:1034_R,20,False,11k:1593_R,1.2672075851794706,,
fused,unknown_test,11k:1034_R,21,False,11k:1080_R,1.328313939391681,,
fused,unknown_test,11k:1039_L,1,False,11k:54_L,1.544093272848181,,
fused,unknown_test,11k:1039_L,2,False,11k:541_L,1.4977592140261593,,
fused,unknown_test,11k:1039_L,3,False,11k:54_L,1.4775467277333643,,
fused,unknown_test,11k:1039_L,4,False,11k:65_L,1.5049849621560925,,
fused,unknown_test,11k:1039_L,5,False,11k:54_L,1.4388859566585834,,
fused,unknown_test,11k:1039_L,6,False,11k:541_L,1.3843886498362123,,
fused,unknown_test,11k:1039_L,7,False,11k:54_L,1.4733290288290766,,
fused,unknown_test,11k:1039_L,8,False,11k:65_L,1.5906888534191483,,
fused,unknown_test,11k:1039_L,9,False,11k:54_L,1.5052039743171859,,
fused,unknown_test,11k:1039_L,10,False,11k:54_L,1.3178266328606978,,
fused,unknown_test,11k:1039_L,11,False,11k:54_L,1.679672354721166,,
fused,unknown_test,11k:1039_L,12,False,11k:54_L,1.4631650741492512,,
fused,unknown_test,11k:1039_L,13,False,11k:54_L,1.5149725289744247,,
fused,unknown_test,11k:1039_L,14,False,11k:54_L,1.2767414823466738,,
fused,unknown_test,11k:1039_L,15,False,11k:65_L,1.3704373139469879,,
fused,unknown_test,11k:1039_L,16,False,11k:54_L,1.2095235062307625,,
fused,unknown_test,11k:1039_L,17,False,11k:54_L,1.3861623632037716,,
fused,unknown_test,11k:1039_L,18,False,11k:54_L,1.5259995293278057,,
fused,unknown_test,11k:1039_L,19,False,11k:54_L,1.4991899647757654,,
fused,unknown_test,11k:1039_L,20,False,11k:54_L,1.5402284312704673,,
fused,unknown_test,11k:1039_L,21,False,11k:54_L,1.3772760770075285,,
fused,unknown_test,11k:1039_L,22,False,11k:54_L,1.3004328897010362,,
fused,unknown_test,11k:1039_R,1,False,11k:65_R,1.254676267758628,,
fused,unknown_test,11k:1039_R,2,False,11k:65_R,1.616668685706674,,
fused,unknown_test,11k:1039_R,3,False,11k:1009_R,1.3178244204394827,,
fused,unknown_test,11k:1039_R,4,False,11k:65_R,1.1104216670576976,,
fused,unknown_test,11k:1039_R,5,False,11k:1009_R,1.2242951044280725,,
fused,unknown_test,11k:1039_R,6,False,11k:65_R,1.1801981829115642,,
fused,unknown_test,11k:1039_R,7,False,11k:65_R,1.2821289886829377,,
fused,unknown_test,11k:1039_R,8,False,11k:65_R,1.5368679874446616,,
fused,unknown_test,11k:1039_R,9,False,11k:65_R,1.4725295479584561,,
fused,unknown_test,11k:1039_R,10,False,11k:65_R,1.5837640915741877,,
fused,unknown_test,11k:1039_R,11,False,11k:65_R,1.554748506694438,,
fused,unknown_test,11k:1039_R,12,False,11k:65_R,1.5869110698400046,,
fused,unknown_test,11k:1039_R,13,False,11k:65_R,1.3648314706306983,,
fused,unknown_test,11k:1039_R,14,False,11k:65_R,1.5211058769652237,,
fused,unknown_test,11k:1039_R,15,False,11k:65_R,1.5055864766736928,,
fused,unknown_test,11k:1039_R,16,False,11k:65_R,1.466264714320634,,
fused,unknown_test,11k:1039_R,17,False,11k:65_R,1.5567494961323123,,
fused,unknown_test,11k:1039_R,18,False,11k:65_R,1.4860928164874865,,
fused,unknown_test,11k:1039_R,19,False,11k:65_R,1.3381608561415823,,
fused,unknown_test,11k:1039_R,20,False,11k:65_R,1.484094339787612,,
fused,unknown_test,11k:1039_R,21,False,11k:65_R,1.5332268914596496,,
fused,unknown_test,11k:1039_R,22,False,11k:1009_R,1.4629269187873244,,
fused,unknown_test,11k:1067_L,1,False,11k:1571_L,1.1867429939344192,,
fused,unknown_test,11k:1067_L,2,False,11k:1533_L,1.0096647356321105,,
fused,unknown_test,11k:1067_L,3,False,11k:1571_L,0.9458856696993921,,
fused,unknown_test,11k:1067_L,4,False,11k:1505_L,1.0661820413751506,,
fused,unknown_test,11k:1067_L,5,False,11k:1533_L,1.0163598596827654,,
fused,unknown_test,11k:1067_L,6,False,11k:1579_L,1.1090137660925157,,
fused,unknown_test,11k:1067_L,7,False,11k:1533_L,1.0050054672009963,,
fused,unknown_test,11k:1067_L,8,False,11k:1579_L,1.0710163138181348,,
fused,unknown_test,11k:1067_L,9,False,11k:1579_L,1.2373960213427047,,
fused,unknown_test,11k:1067_L,10,False,11k:1505_L,0.9553456387133976,,
fused,unknown_test,11k:1067_L,11,False,11k:1579_L,1.0620835088575946,,
fused,unknown_test,11k:1067_L,12,False,11k:1579_L,1.1183265628687438,,
fused,unknown_test,11k:1067_L,13,False,11k:1571_L,0.9747322031472506,,
fused,unknown_test,11k:1067_L,14,False,11k:1579_L,0.9572608299366256,,
fused,unknown_test,11k:1067_L,15,False,11k:1075_L,1.0448475293887993,,
fused,unknown_test,11k:1067_L,16,False,11k:1075_L,0.8760128231800801,,
fused,unknown_test,11k:1067_L,17,False,11k:1579_L,0.9589736417936818,,
fused,unknown_test,11k:1067_R,1,False,11k:1579_R,1.5622607285617411,,
fused,unknown_test,11k:1067_R,2,False,11k:1579_R,1.406700733805921,,
fused,unknown_test,11k:1067_R,3,False,11k:1533_R,1.3170416332695651,,
fused,unknown_test,11k:1067_R,4,False,11k:1579_R,1.3223772818913662,,
fused,unknown_test,11k:1067_R,5,False,11k:1533_R,1.3444602503307865,,
fused,unknown_test,11k:1067_R,6,False,11k:1533_R,1.5122783804611504,,
fused,unknown_test,11k:1067_R,7,False,11k:1533_R,1.296685135457147,,
fused,unknown_test,11k:1067_R,8,False,11k:1533_R,1.461772141220992,,
fused,unknown_test,11k:1067_R,9,False,11k:1579_R,1.2597633152309535,,
fused,unknown_test,11k:1067_R,10,False,11k:1505_R,1.2032973880913425,,
fused,unknown_test,11k:1067_R,11,False,11k:1579_R,1.3230831230177367,,
fused,unknown_test,11k:1067_R,12,False,11k:1579_R,1.3712374088782713,,
fused,unknown_test,11k:1067_R,13,False,11k:1505_R,1.1609061036417374,,
fused,unknown_test,11k:1070_L,1,False,11k:1503_L,1.2898605944501298,,
fused,unknown_test,11k:1070_L,2,False,11k:1503_L,1.44827431030691,,
fused,unknown_test,11k:1070_L,3,False,11k:8_L,1.3373585024836383,,
fused,unknown_test,11k:1070_L,4,False,11k:8_L,1.3953393218547596,,
fused,unknown_test,11k:1070_L,5,False,11k:92_L,1.2043975650984604,,
fused,unknown_test,11k:1070_R,1,False,11k:1074_R,1.7750459693101648,,
fused,unknown_test,11k:1070_R,2,False,11k:1074_R,1.867234193163263,,
fused,unknown_test,11k:1070_R,3,False,11k:1074_R,1.511720958201016,,
fused,unknown_test,11k:1070_R,4,False,11k:1074_R,1.7572009999534237,,
fused,unknown_test,11k:1070_R,5,False,11k:1074_R,1.9283459477261498,,
fused,unknown_test,11k:1070_R,6,False,11k:1074_R,1.8648193091682788,,
fused,unknown_test,11k:1070_R,7,False,11k:1074_R,2.0571132049911993,,
fused,unknown_test,11k:1070_R,8,False,11k:1074_R,1.613460673352293,,
fused,unknown_test,11k:1070_R,9,False,11k:1074_R,1.715320855242617,,
fused,unknown_test,11k:1070_R,10,False,11k:1503_R,1.6735214381608945,,
fused,unknown_test,11k:1070_R,11,False,11k:1074_R,1.678226280403708,,
fused,unknown_test,11k:1070_R,12,False,11k:1074_R,1.912204683368296,,
fused,unknown_test,11k:1079_L,1,False,11k:1516_L,1.4855118013455753,,
fused,unknown_test,11k:1079_L,2,False,11k:1009_L,1.146124643569543,,
fused,unknown_test,11k:1079_L,3,False,11k:1009_L,1.2381434372937703,,
fused,unknown_test,11k:1079_L,4,False,11k:1516_L,1.3406278418198325,,
fused,unknown_test,11k:1079_L,5,False,11k:1516_L,1.2626804761890655,,
fused,unknown_test,11k:1079_L,6,False,11k:1516_L,1.3729152133850393,,
fused,unknown_test,11k:1079_L,7,False,11k:1061_L,1.102423111002861,,
fused,unknown_test,11k:1079_L,8,False,11k:1061_L,1.4245866812489751,,
fused,unknown_test,11k:1079_L,9,False,11k:1061_L,1.49146744388248,,
fused,unknown_test,11k:1079_L,10,False,11k:1009_L,1.1863454207532569,,
fused,unknown_test,11k:1079_L,11,False,11k:1061_L,1.3849970365219844,,
fused,unknown_test,11k:1079_L,12,False,11k:1061_L,1.3229266678942255,,
fused,unknown_test,11k:1079_R,1,False,11k:1516_R,1.1856005637059388,,
fused,unknown_test,11k:1079_R,2,False,11k:1516_R,1.1064277814461176,,
fused,unknown_test,11k:1079_R,3,False,11k:1516_R,1.3955779318434518,,
fused,unknown_test,11k:1079_R,4,False,11k:1516_R,1.1290950515598652,,
fused,unknown_test,11k:1079_R,5,False,11k:1516_R,1.0729031755637282,,
fused,unknown_test,11k:1079_R,6,False,11k:1516_R,1.1076018608520144,,
fused,unknown_test,11k:1079_R,7,False,11k:1009_R,1.4141804616059577,,
fused,unknown_test,11k:1079_R,8,False,11k:1516_R,1.1944020047101092,,
fused,unknown_test,11k:1079_R,9,False,11k:1009_R,1.2157224147285077,,
fused,unknown_test,11k:1079_R,10,False,11k:1009_R,1.2552096875842667,,
fused,unknown_test,11k:1079_R,11,False,11k:1009_R,1.2461688851914865,,
fused,unknown_test,11k:1079_R,12,False,11k:1516_R,1.2466021246486716,,
fused,unknown_test,11k:1079_R,13,False,11k:1516_R,1.051437691607863,,
fused,unknown_test,11k:1081_L,1,False,11k:11_L,2.008330091829717,,
fused,unknown_test,11k:1081_L,2,False,11k:11_L,1.6204447470340244,,
fused,unknown_test,11k:1081_L,3,False,11k:11_L,1.5755102639405172,,
fused,unknown_test,11k:1081_L,4,False,11k:11_L,1.4501162457460275,,
fused,unknown_test,11k:1081_L,5,False,11k:11_L,1.321903885414378,,
fused,unknown_test,11k:1081_L,6,False,11k:11_L,1.3288757058445286,,
fused,unknown_test,11k:1081_L,7,False,11k:1517_L,1.526624264800715,,
fused,unknown_test,11k:1081_L,8,False,11k:11_L,1.4415644067735598,,
fused,unknown_test,11k:1081_R,1,False,11k:1517_R,1.3431406349643,,
fused,unknown_test,11k:1081_R,2,False,11k:1517_R,1.4598963952800301,,
fused,unknown_test,11k:1081_R,3,False,11k:11_R,1.4315925668102856,,
fused,unknown_test,11k:1081_R,4,False,11k:11_R,1.3801467987031752,,
fused,unknown_test,11k:1081_R,5,False,11k:1517_R,1.1369660686581629,,
fused,unknown_test,11k:1081_R,6,False,11k:1517_R,1.348054159350295,,
fused,unknown_test,11k:1081_R,7,False,11k:1520_R,1.1973162985757049,,
fused,unknown_test,11k:1088_L,1,False,11k:572_L,1.1766059977133592,,
fused,unknown_test,11k:1088_L,2,False,11k:57_L,0.9948995683296369,,
fused,unknown_test,11k:1088_L,3,False,11k:57_L,1.267497327982377,,
fused,unknown_test,11k:1088_L,4,False,11k:57_L,1.128395062595546,,
fused,unknown_test,11k:1088_L,5,False,11k:57_L,1.1429535253713332,,
fused,unknown_test,11k:1088_L,6,False,11k:57_L,0.9574540253139854,,
fused,unknown_test,11k:1088_L,7,False,11k:57_L,1.2707124795158722,,
fused,unknown_test,11k:1088_L,8,False,11k:57_L,1.097253294414437,,
fused,unknown_test,11k:1088_L,9,False,11k:57_L,0.996385555198817,,
fused,unknown_test,11k:1088_L,10,False,11k:1028_L,0.8995142025284586,,
fused,unknown_test,11k:1088_R,1,False,11k:1028_R,1.3027136477199002,,
fused,unknown_test,11k:1088_R,2,False,11k:1028_R,1.1318448632109532,,
fused,unknown_test,11k:1088_R,3,False,11k:1028_R,1.3500523038214678,,
fused,unknown_test,11k:1088_R,4,False,11k:1028_R,1.406675515047393,,
fused,unknown_test,11k:1088_R,5,False,11k:1028_R,1.0215858533786306,,
fused,unknown_test,11k:1088_R,6,False,11k:1028_R,1.0722779271100402,,
fused,unknown_test,11k:1088_R,7,False,11k:1028_R,0.8613748424288643,,
fused,unknown_test,11k:1088_R,8,False,11k:572_R,1.2808235559432504,,
fused,unknown_test,11k:1088_R,9,False,11k:1028_R,1.0955911847911028,,
fused,unknown_test,11k:1093_L,1,False,11k:1571_L,2.5898543285772955,,
fused,unknown_test,11k:1093_L,2,False,11k:1571_L,2.156821767172954,,
fused,unknown_test,11k:1093_L,3,False,11k:1019_L,2.3652216998439295,,
fused,unknown_test,11k:1093_L,4,False,11k:1525_L,2.32497636980161,,
fused,unknown_test,11k:1093_L,5,False,11k:543_L,2.3196541613443262,,
fused,unknown_test,11k:1093_L,6,False,11k:1571_L,2.49440588863893,,
fused,unknown_test,11k:1093_L,7,False,11k:572_L,2.317117694727813,,
fused,unknown_test,11k:1093_L,8,False,11k:543_L,2.6243962896458815,,
fused,unknown_test,11k:1093_L,9,False,11k:572_L,2.361763121574291,,
fused,unknown_test,11k:1093_L,10,False,11k:1571_L,2.1195281142122853,,
fused,unknown_test,11k:1093_R,1,False,11k:1571_R,2.4727692526390337,,
fused,unknown_test,11k:1093_R,2,False,11k:1571_R,2.358504810377854,,
fused,unknown_test,11k:1093_R,3,False,11k:1571_R,2.4471420852301744,,
fused,unknown_test,11k:1093_R,4,False,11k:1571_R,2.8912565023469146,,
fused,unknown_test,11k:1093_R,5,False,11k:1571_R,3.1169074309334044,,
fused,unknown_test,11k:1093_R,6,False,11k:1571_R,2.800811032085333,,
fused,unknown_test,11k:1093_R,7,False,11k:1571_R,2.4647495806458344,,
fused,unknown_test,11k:1093_R,8,False,11k:1571_R,2.556936735755266,,
fused,unknown_test,11k:1093_R,9,False,11k:1571_R,2.960760527265559,,
fused,unknown_test,11k:1093_R,10,False,11k:543_R,2.5802082701017737,,
fused,unknown_test,11k:1093_R,11,False,11k:543_R,2.6383379242576037,,
fused,unknown_test,11k:1093_R,12,False,11k:1571_R,2.246470314317026,,
fused,unknown_test,11k:12_R,1,False,11k:1074_R,1.526422634517167,,
fused,unknown_test,11k:12_R,2,False,11k:1074_R,1.716844079899599,,
fused,unknown_test,11k:12_R,3,False,11k:1074_R,1.931750228556317,,
fused,unknown_test,11k:12_R,4,False,11k:1074_R,1.855611169977704,,
fused,unknown_test,11k:12_R,5,False,11k:1074_R,1.679741047202391,,
fused,unknown_test,11k:12_R,6,False,11k:1074_R,1.5439469835880641,,
fused,unknown_test,11k:12_R,7,False,11k:1074_R,1.8341667712468674,,
fused,unknown_test,11k:12_R,8,False,11k:1074_R,1.5863254715445196,,
fused,unknown_test,11k:12_R,9,False,11k:1037_R,1.6286356072251145,,
fused,unknown_test,11k:12_R,10,False,11k:1074_R,1.5655164142387303,,
fused,unknown_test,11k:1504_L,1,False,11k:572_L,1.28043579258665,,
fused,unknown_test,11k:1504_L,2,False,11k:541_L,1.0305696404305116,,
fused,unknown_test,11k:1504_L,3,False,11k:573_L,0.9610522574049398,,
fused,unknown_test,11k:1504_L,4,False,11k:573_L,1.1238090062523505,,
fused,unknown_test,11k:1504_L,5,False,11k:541_L,1.139713396878072,,
fused,unknown_test,11k:1504_L,6,False,11k:573_L,1.2254657615155724,,
fused,unknown_test,11k:1504_L,7,False,11k:573_L,1.086917871553036,,
fused,unknown_test,11k:1504_L,8,False,11k:573_L,1.2255622130164932,,
fused,unknown_test,11k:1504_L,9,False,11k:573_L,1.368404064232562,,
fused,unknown_test,11k:1504_L,10,False,11k:573_L,1.3897385784026302,,
fused,unknown_test,11k:1504_L,11,False,11k:573_L,1.5799739475837886,,
fused,unknown_test,11k:1504_L,12,False,11k:573_L,1.7131346062412134,,
fused,unknown_test,11k:1504_L,13,False,11k:573_L,1.6978045532644503,,
fused,unknown_test,11k:1504_R,1,False,11k:1061_R,1.032957418545875,,
fused,unknown_test,11k:1504_R,2,False,11k:573_R,1.2279323969378304,,
fused,unknown_test,11k:1504_R,3,False,11k:541_R,1.8541455566557463,,
fused,unknown_test,11k:1504_R,4,False,11k:541_R,1.576413466144255,,
fused,unknown_test,11k:1504_R,5,False,11k:541_R,1.2845285075239723,,
fused,unknown_test,11k:1504_R,6,False,11k:541_R,1.2881317108901893,,
fused,unknown_test,11k:1504_R,7,False,11k:541_R,1.386089158777255,,
fused,unknown_test,11k:1504_R,8,False,11k:541_R,1.3633895296602623,,
fused,unknown_test,11k:1504_R,9,False,11k:541_R,1.3527509828413669,,
fused,unknown_test,11k:1504_R,10,False,11k:541_R,1.0226853807659637,,
fused,unknown_test,11k:1504_R,11,False,11k:541_R,1.0609454065905413,,
fused,unknown_test,11k:1504_R,12,False,11k:1061_R,1.0099128714832755,,
fused,unknown_test,11k:1504_R,13,False,11k:1061_R,1.2133184080048314,,
fused,unknown_test,11k:1515_L,1,False,11k:54_L,2.009686404569429,,
fused,unknown_test,11k:1515_L,2,False,11k:54_L,1.905967225179431,,
fused,unknown_test,11k:1515_L,3,False,11k:54_L,2.057725120615781,,
fused,unknown_test,11k:1515_L,4,False,11k:54_L,1.794055581830587,,
fused,unknown_test,11k:1515_L,5,False,11k:54_L,1.8729393220611685,,
fused,unknown_test,11k:1515_R,1,False,11k:65_R,1.399617346608527,,
fused,unknown_test,11k:1515_R,2,False,11k:8_R,1.6565196821626977,,
fused,unknown_test,11k:1515_R,3,False,11k:8_R,1.59125980946457,,
fused,unknown_test,11k:1515_R,4,False,11k:8_R,1.5936210982964587,,
fused,unknown_test,11k:1515_R,5,False,11k:54_R,1.6827116561621105,,
fused,unknown_test,11k:1515_R,6,False,11k:54_R,1.7008588682364856,,
fused,unknown_test,11k:1515_R,7,False,11k:8_R,1.5649362941487386,,
fused,unknown_test,11k:1519_L,1,False,11k:54_L,1.6360285268799917,,
fused,unknown_test,11k:1519_L,2,False,11k:54_L,1.7207186201495435,,
fused,unknown_test,11k:1519_L,3,False,11k:92_L,1.5575376908428453,,
fused,unknown_test,11k:1519_L,4,False,11k:54_L,1.4738129251208065,,
fused,unknown_test,11k:1519_L,5,False,11k:92_L,1.67223754620604,,
fused,unknown_test,11k:1519_L,6,False,11k:92_L,1.622501316763547,,
fused,unknown_test,11k:1519_L,7,False,11k:92_L,1.7210886423439662,,
fused,unknown_test,11k:1519_R,1,False,11k:92_R,1.0807692100777921,,
fused,unknown_test,11k:1519_R,2,False,11k:92_R,1.242296745297791,,
fused,unknown_test,11k:1519_R,3,False,11k:92_R,1.2342236091045187,,
fused,unknown_test,11k:1519_R,4,False,11k:92_R,1.1608996682088346,,
fused,unknown_test,11k:1519_R,5,False,11k:1517_R,1.161326773707651,,
fused,unknown_test,11k:1519_R,6,False,11k:1020_R,1.2883123792401827,,
fused,unknown_test,11k:1519_R,7,False,11k:92_R,1.2445283597732808,,
fused,unknown_test,11k:1519_R,8,False,11k:54_R,1.2333573067614965,,
fused,unknown_test,11k:1519_R,9,False,11k:1074_R,1.3391817204437948,,
fused,unknown_test,11k:1519_R,10,False,11k:54_R,1.410710746484287,,
fused,unknown_test,11k:1535_L,1,False,11k:86_L,1.4420689760024525,,
fused,unknown_test,11k:1535_L,2,False,11k:86_L,1.6273960535390604,,
fused,unknown_test,11k:1535_L,3,False,11k:86_L,1.7540210232757119,,
fused,unknown_test,11k:1535_L,4,False,11k:86_L,1.3369339533959415,,
fused,unknown_test,11k:1535_R,1,False,11k:1594_R,1.0036555278710069,,
fused,unknown_test,11k:1535_R,2,False,11k:10_R,0.9412487472912516,,
fused,unknown_test,11k:1535_R,3,False,11k:65_R,1.0139876207447742,,
fused,unknown_test,11k:1535_R,4,False,11k:11_R,1.0983701139532989,,
fused,unknown_test,11k:1535_R,5,False,11k:10_R,0.9985145564616456,,
fused,unknown_test,11k:1535_R,6,False,11k:65_R,1.041641520281486,,
fused,unknown_test,11k:1536_L,1,False,11k:1558_L,1.0667438519675145,,
fused,unknown_test,11k:1536_L,2,False,11k:66_L,0.9311818073995597,,
fused,unknown_test,11k:1536_L,3,False,11k:1075_L,1.06954504418162,,
fused,unknown_test,11k:1536_L,4,False,11k:1594_L,1.0990684990719242,,
fused,unknown_test,11k:1536_L,5,False,11k:1593_L,0.9430747604035532,,
fused,unknown_test,11k:1536_L,6,False,11k:1594_L,0.9695829413324255,,
fused,unknown_test,11k:1536_L,7,False,11k:1594_L,0.8268493988058666,,
fused,unknown_test,11k:1536_L,8,False,11k:1593_L,0.9604470266938684,,
fused,unknown_test,11k:1536_L,9,False,11k:573_L,1.0187820527945362,,
fused,unknown_test,11k:1536_L,10,False,11k:573_L,0.7332319347765293,,
fused,unknown_test,11k:1536_L,11,False,11k:1009_L,0.9426340042027567,,
fused,unknown_test,11k:1536_R,1,False,11k:1075_R,1.279643628115595,,
fused,unknown_test,11k:1536_R,2,False,11k:1075_R,1.2144171348127717,,
fused,unknown_test,11k:1536_R,3,False,11k:1075_R,0.9836129866867158,,
fused,unknown_test,11k:1536_R,4,False,11k:1075_R,1.15388547087871,,
fused,unknown_test,11k:1536_R,5,False,11k:573_R,1.1299181327407846,,
fused,unknown_test,11k:1536_R,6,False,11k:587_R,0.9524138429262238,,
fused,unknown_test,11k:1536_R,7,False,11k:57_R,1.322391551780261,,
fused,unknown_test,11k:1536_R,8,False,11k:1075_R,1.157760933113391,,
fused,unknown_test,11k:1536_R,9,False,11k:587_R,1.1497255201822056,,
fused,unknown_test,11k:1537_L,1,False,11k:572_L,0.9204348999410397,,
fused,unknown_test,11k:1537_L,2,False,11k:572_L,1.1643697534800341,,
fused,unknown_test,11k:1537_L,3,False,11k:572_L,1.25064124447669,,
fused,unknown_test,11k:1537_L,4,False,11k:570_L,1.153858828994774,,
fused,unknown_test,11k:1537_L,5,False,11k:570_L,1.2833112467816075,,
fused,unknown_test,11k:1537_L,6,False,11k:572_L,1.1417749519424616,,
fused,unknown_test,11k:1537_L,7,False,11k:1032_L,1.0534698836261212,,
fused,unknown_test,11k:1537_L,8,False,11k:572_L,1.2425480272533505,,
fused,unknown_test,11k:1537_L,9,False,11k:572_L,1.3558424949675192,,
fused,unknown_test,11k:1537_L,10,False,11k:572_L,1.190503513436997,,
fused,unknown_test,11k:1537_L,11,False,11k:572_L,1.086123875118936,,
fused,unknown_test,11k:1537_L,12,False,11k:572_L,1.1154102235308896,,
fused,unknown_test,11k:1537_L,13,False,11k:572_L,1.0692396208444312,,
fused,unknown_test,11k:1537_L,14,False,11k:572_L,1.225122645187562,,
fused,unknown_test,11k:1537_L,15,False,11k:572_L,1.0580733924014072,,
fused,unknown_test,11k:1537_R,1,False,11k:1558_R,1.3470058523461268,,
fused,unknown_test,11k:1537_R,2,False,11k:1032_R,1.210643590256927,,
fused,unknown_test,11k:1537_R,3,False,11k:1558_R,1.0851598998256482,,
fused,unknown_test,11k:1537_R,4,False,11k:572_R,1.1019151695677547,,
fused,unknown_test,11k:1537_R,5,False,11k:572_R,1.1428592225203946,,
fused,unknown_test,11k:1537_R,6,False,11k:1074_R,1.2116603520885076,,
fused,unknown_test,11k:1537_R,7,False,11k:572_R,1.0989345060775322,,
fused,unknown_test,11k:1537_R,8,False,11k:572_R,0.9598359458165704,,
fused,unknown_test,11k:1541_L,1,False,11k:1571_L,1.5025336970637289,,
fused,unknown_test,11k:1541_L,2,False,11k:1571_L,1.7720728506259382,,
fused,unknown_test,11k:1541_L,3,False,11k:1571_L,1.6419913575284053,,
fused,unknown_test,11k:1541_L,4,False,11k:1571_L,1.4828113520384425,,
fused,unknown_test,11k:1541_L,5,False,11k:1571_L,1.6063581692222642,,
fused,unknown_test,11k:1541_L,6,False,11k:1571_L,1.4413390639117032,,
fused,unknown_test,11k:1541_L,7,False,11k:1571_L,1.5236264617652207,,
fused,unknown_test,11k:1541_L,8,False,11k:1571_L,1.6798069447885156,,
fused,unknown_test,11k:1541_L,9,False,11k:1571_L,1.619535919137848,,
fused,unknown_test,11k:1541_L,10,False,11k:1571_L,1.7620070970337651,,
fused,unknown_test,11k:1541_L,11,False,11k:1571_L,1.7493507305635665,,
fused,unknown_test,11k:1541_L,12,False,11k:1571_L,1.7501951558229165,,
fused,unknown_test,11k:1541_L,13,False,11k:1571_L,1.2703343432996401,,
fused,unknown_test,11k:1541_L,14,False,11k:1571_L,1.7528643242059672,,
fused,unknown_test,11k:1541_L,15,False,11k:1571_L,1.5804561557955792,,
fused,unknown_test,11k:1541_L,16,False,11k:1571_L,1.5807463219971356,,
fused,unknown_test,11k:1541_L,17,False,11k:1571_L,1.5482322976154903,,
fused,unknown_test,11k:1541_L,18,False,11k:1571_L,1.5476193195707117,,
fused,unknown_test,11k:1541_L,19,False,11k:1571_L,1.652978884239614,,
fused,unknown_test,11k:1541_L,20,False,11k:1571_L,1.467731776074391,,
fused,unknown_test,11k:1541_L,21,False,11k:1571_L,1.5510823666861702,,
fused,unknown_test,11k:1541_L,22,False,11k:1571_L,1.2338587338884583,,
fused,unknown_test,11k:1541_L,23,False,11k:1571_L,1.3897078190442875,,
fused,unknown_test,11k:1541_L,24,False,11k:1571_L,1.221233302280282,,
fused,unknown_test,11k:1541_L,25,False,11k:1571_L,1.3592153381366001,,
fused,unknown_test,11k:1541_L,26,False,11k:1571_L,1.6893703419374586,,
fused,unknown_test,11k:1541_L,27,False,11k:1571_L,1.6145043438535585,,
fused,unknown_test,11k:1541_L,28,False,11k:1571_L,1.7141362974225032,,
fused,unknown_test,11k:1541_L,29,False,11k:1571_L,1.650993112732614,,
fused,unknown_test,11k:1541_L,30,False,11k:1571_L,1.7534230350659064,,
fused,unknown_test,11k:1541_R,1,False,11k:1571_R,1.614417708320091,,
fused,unknown_test,11k:1541_R,2,False,11k:1571_R,1.5005061199249912,,
fused,unknown_test,11k:1541_R,3,False,11k:1571_R,1.5353576379972576,,
fused,unknown_test,11k:1541_R,4,False,11k:1571_R,1.5345530770714508,,
fused,unknown_test,11k:1541_R,5,False,11k:1571_R,1.3782904255587367,,
fused,unknown_test,11k:1541_R,6,False,11k:1571_R,1.2634175792248712,,
fused,unknown_test,11k:1541_R,7,False,11k:1571_R,1.6688700289347607,,
fused,unknown_test,11k:1541_R,8,False,11k:1571_R,1.496250714078405,,
fused,unknown_test,11k:1541_R,9,False,11k:1571_R,1.5334942186356815,,
fused,unknown_test,11k:1541_R,10,False,11k:1571_R,1.3847523223967846,,
fused,unknown_test,11k:1541_R,11,False,11k:1571_R,1.013755423766552,,
fused,unknown_test,11k:1541_R,12,False,11k:1571_R,1.3220979048262016,,
fused,unknown_test,11k:1541_R,13,False,11k:1571_R,1.4541140352361492,,
fused,unknown_test,11k:1541_R,14,False,11k:1571_R,1.1881366390099675,,
fused,unknown_test,11k:1541_R,15,False,11k:1571_R,1.2764441671651698,,
fused,unknown_test,11k:1541_R,16,False,11k:1571_R,1.2462931140735918,,
fused,unknown_test,11k:1541_R,17,False,11k:1571_R,1.3106511822636593,,
fused,unknown_test,11k:1541_R,18,False,11k:1571_R,1.4169190655247896,,
fused,unknown_test,11k:1541_R,19,False,11k:1571_R,1.3599231997881223,,
fused,unknown_test,11k:1541_R,20,False,11k:1571_R,1.432658712474717,,
fused,unknown_test,11k:1541_R,21,False,11k:1571_R,1.000076086940529,,
fused,unknown_test,11k:1541_R,22,False,11k:1571_R,1.4365145738700025,,
fused,unknown_test,11k:1541_R,23,False,11k:1571_R,1.263102153156502,,
fused,unknown_test,11k:1541_R,24,False,11k:1571_R,1.3628638630294312,,
fused,unknown_test,11k:1541_R,25,False,11k:1571_R,1.3478853839989606,,
fused,unknown_test,11k:1541_R,26,False,11k:1571_R,1.2147761859956772,,
fused,unknown_test,11k:1544_L,1,False,11k:1585_L,0.9255197984834337,,
fused,unknown_test,11k:1544_L,2,False,11k:1505_L,1.170282820275214,,
fused,unknown_test,11k:1544_L,3,False,11k:1505_L,1.150868041227307,,
fused,unknown_test,11k:1544_L,4,False,11k:86_L,1.2113507574474536,,
fused,unknown_test,11k:1544_L,5,False,11k:86_L,1.0513284757937351,,
fused,unknown_test,11k:1544_L,6,False,11k:86_L,0.9563169421415169,,
fused,unknown_test,11k:1544_L,7,False,11k:86_L,1.004641096625036,,
fused,unknown_test,11k:1544_L,8,False,11k:1020_L,1.1669905192084173,,
fused,unknown_test,11k:1544_L,9,False,11k:573_L,1.0383184814129012,,
fused,unknown_test,11k:1544_L,10,False,11k:86_L,1.0400242452432287,,
fused,unknown_test,11k:1544_L,11,False,11k:573_L,1.125745055669525,,
fused,unknown_test,11k:1544_R,1,False,11k:1505_R,1.1955737007408986,,
fused,unknown_test,11k:1544_R,2,False,11k:1505_R,1.0634172548854097,,
fused,unknown_test,11k:1544_R,3,False,11k:573_R,1.041956133844754,,
fused,unknown_test,11k:1544_R,4,False,11k:1505_R,1.2618906360550164,,
fused,unknown_test,11k:1544_R,5,False,11k:1505_R,1.309300257522339,,
fused,unknown_test,11k:1544_R,6,False,11k:541_R,1.2284163105890222,,
fused,unknown_test,11k:1544_R,7,False,11k:1505_R,1.2690967325964144,,
fused,unknown_test,11k:1567_L,1,False,11k:573_L,1.5141926153670955,,
fused,unknown_test,11k:1567_L,2,False,11k:573_L,1.5755701141529856,,
fused,unknown_test,11k:1567_L,3,False,11k:573_L,1.336733859017088,,
fused,unknown_test,11k:1567_L,4,False,11k:1516_L,1.628628804905982,,
fused,unknown_test,11k:1567_L,5,False,11k:1516_L,1.412655036791855,,
fused,unknown_test,11k:1567_L,6,False,11k:1516_L,1.8293096217368432,,
fused,unknown_test,11k:1567_L,7,False,11k:1516_L,1.6116234569127752,,
fused,unknown_test,11k:1567_R,1,False,11k:572_R,1.002518597479631,,
fused,unknown_test,11k:1567_R,2,False,11k:65_R,1.1870070185223167,,
fused,unknown_test,11k:1567_R,3,False,11k:573_R,1.070334202991269,,
fused,unknown_test,11k:1567_R,4,False,11k:573_R,0.9963527522604257,,
fused,unknown_test,11k:1567_R,5,False,11k:543_R,1.313615027882372,,
fused,unknown_test,11k:1567_R,6,False,11k:65_R,1.0633772012878022,,
fused,unknown_test,11k:1567_R,7,False,11k:573_R,1.0790966681768586,,
fused,unknown_test,11k:1567_R,8,False,11k:86_R,1.1923903249271273,,
fused,unknown_test,11k:1567_R,9,False,11k:573_R,1.1755265509162407,,
fused,unknown_test,11k:1567_R,10,False,11k:543_R,1.1376613858155538,,
fused,unknown_test,11k:1567_R,11,False,11k:543_R,1.0853959130641053,,
fused,unknown_test,11k:1592_L,1,False,11k:55_L,2.396677499532562,,
fused,unknown_test,11k:1592_L,2,False,11k:1074_L,2.258461824369249,,
fused,unknown_test,11k:1592_L,3,False,11k:1074_L,2.184985844176408,,
fused,unknown_test,11k:1592_L,4,False,11k:10_L,1.9446888765696435,,
fused,unknown_test,11k:1592_L,5,False,11k:1074_L,2.0677731280940455,,
fused,unknown_test,11k:1592_R,1,False,11k:572_R,1.7813565649126997,,
fused,unknown_test,11k:1592_R,2,False,11k:543_R,1.964767110656458,,
fused,unknown_test,11k:1592_R,3,False,11k:543_R,2.2600372165176146,,
fused,unknown_test,11k:1592_R,4,False,11k:81_R,2.408468138306377,,
fused,unknown_test,11k:1592_R,5,False,11k:543_R,2.2699285758762477,,
fused,unknown_test,11k:1592_R,6,False,11k:81_R,2.7658086802130484,,
fused,unknown_test,11k:571_L,1,False,11k:543_L,1.4765262060154147,,
fused,unknown_test,11k:571_L,2,False,11k:543_L,1.472843886214857,,
fused,unknown_test,11k:571_L,3,False,11k:1000000_L,1.1928448995577188,,
fused,unknown_test,11k:571_L,4,False,11k:543_L,1.2867102495271077,,
fused,unknown_test,11k:571_L,5,False,11k:1059_L,1.185046591538667,,
fused,unknown_test,11k:571_L,6,False,11k:8_L,1.275464324041518,,
fused,unknown_test,11k:571_L,7,False,11k:543_L,1.7243510331975083,,
fused,unknown_test,11k:571_L,8,False,11k:8_L,1.3522981523773914,,
fused,unknown_test,11k:571_R,1,False,11k:1032_R,1.5572448240633932,,
fused,unknown_test,11k:571_R,2,False,11k:1020_R,1.3267854948043762,,
fused,unknown_test,11k:571_R,3,False,11k:1000000_R,1.1585852690587362,,
fused,unknown_test,11k:571_R,4,False,11k:55_R,1.3816543132085188,,
fused,unknown_test,11k:571_R,5,False,11k:1075_R,1.5898589028393713,,
fused,unknown_test,11k:571_R,6,False,11k:1000000_R,1.5978572473670156,,
fused,unknown_test,11k:571_R,7,False,11k:1075_R,1.3561116456418147,,
fused,unknown_test,11k:571_R,8,False,11k:55_R,1.362021866859382,,
fused,unknown_test,11k:571_R,9,False,11k:55_R,1.6056677757009024,,
fused,unknown_test,11k:571_R,10,False,11k:66_R,1.6518166030079273,,
fused,unknown_test,11k:571_R,11,False,11k:66_R,1.4469109147679575,,
fused,unknown_test,11k:581_L,1,False,11k:1061_L,1.1605058300846474,,
fused,unknown_test,11k:581_L,2,False,11k:1061_L,1.3655466507436944,,
fused,unknown_test,11k:581_L,3,False,11k:1061_L,1.3840749786822593,,
fused,unknown_test,11k:581_L,4,False,11k:1061_L,1.1703593032847994,,
fused,unknown_test,11k:581_L,5,False,11k:1061_L,1.2839989131505458,,
fused,unknown_test,11k:581_L,6,False,11k:1061_L,1.268051684482065,,
fused,unknown_test,11k:581_L,7,False,11k:1061_L,1.4637285606836974,,
fused,unknown_test,11k:581_L,8,False,11k:1061_L,1.2436688675208614,,
fused,unknown_test,11k:581_L,9,False,11k:1061_L,1.067182914219656,,
fused,unknown_test,11k:581_L,10,False,11k:1061_L,1.2359119928824622,,
fused,unknown_test,11k:581_R,1,False,11k:86_R,1.761139864437805,,
fused,unknown_test,11k:581_R,2,False,11k:1061_R,1.492291927101315,,
fused,unknown_test,11k:581_R,3,False,11k:1061_R,1.163920831663837,,
fused,unknown_test,11k:581_R,4,False,11k:86_R,1.1367142191017092,,
fused,unknown_test,11k:581_R,5,False,11k:1061_R,1.1355892704464021,,
fused,unknown_test,11k:581_R,6,False,11k:1061_R,1.0455003929427877,,
fused,unknown_test,11k:581_R,7,False,11k:1061_R,1.2082435980357116,,
fused,unknown_test,11k:581_R,8,False,11k:1061_R,1.131026876127565,,
fused,unknown_test,11k:594_L,1,False,11k:54_L,2.3666866657744254,,
fused,unknown_test,11k:594_L,2,False,11k:54_L,2.7993129350870505,,
fused,unknown_test,11k:594_L,3,False,11k:54_L,2.4978913319537472,,
fused,unknown_test,11k:594_L,4,False,11k:54_L,2.464623374250502,,
fused,unknown_test,11k:594_L,5,False,11k:54_L,2.1101406560387237,,
fused,unknown_test,11k:594_R,1,False,11k:54_R,2.0672883504520443,,
fused,unknown_test,11k:594_R,2,False,11k:54_R,1.9993535578854909,,
fused,unknown_test,11k:594_R,3,False,11k:572_R,1.755236733725392,,
fused,unknown_test,11k:594_R,4,False,11k:572_R,1.7431376736529272,,
fused,unknown_test,11k:595_L,1,False,11k:92_L,1.1795721639466374,,
fused,unknown_test,11k:595_L,2,False,11k:1579_L,0.9926696688838113,,
fused,unknown_test,11k:595_L,3,False,11k:92_L,1.1480017907625273,,
fused,unknown_test,11k:595_L,4,False,11k:92_L,1.1427617731837434,,
fused,unknown_test,11k:595_L,5,False,11k:92_L,1.1203388558415395,,
fused,unknown_test,11k:595_L,6,False,11k:92_L,1.19069714652657,,
fused,unknown_test,11k:595_L,7,False,11k:92_L,1.0987973335873065,,
fused,unknown_test,11k:595_L,8,False,11k:92_L,1.0528417498223162,,
fused,unknown_test,11k:595_L,9,False,11k:92_L,1.0689143336362876,,
fused,unknown_test,11k:595_L,10,False,11k:92_L,1.021931411067916,,
fused,unknown_test,11k:595_R,1,False,11k:92_R,1.7979584340335415,,
fused,unknown_test,11k:595_R,2,False,11k:92_R,1.6047132228299428,,
fused,unknown_test,11k:595_R,3,False,11k:92_R,1.2837346960824596,,
fused,unknown_test,11k:595_R,4,False,11k:92_R,1.7674931115787964,,
fused,unknown_test,11k:595_R,5,False,11k:92_R,1.8094399199333613,,
fused,unknown_test,11k:595_R,6,False,11k:92_R,1.6270509539990534,,
fused,unknown_test,11k:6000000_L,1,False,11k:1571_L,1.4407895296237276,,
fused,unknown_test,11k:6000000_L,2,False,11k:92_L,1.805490851260195,,
fused,unknown_test,11k:6000000_L,3,False,11k:92_L,1.5244651943184793,,
fused,unknown_test,11k:6000000_L,4,False,11k:92_L,1.6319409006825842,,
fused,unknown_test,11k:6000000_L,5,False,11k:92_L,1.5422210090995345,,
fused,unknown_test,11k:6000000_L,6,False,11k:92_L,1.5562822084324992,,
fused,unknown_test,11k:6000000_L,7,False,11k:92_L,1.7777083752931118,,
fused,unknown_test,11k:6000000_L,8,False,11k:92_L,1.887948884350405,,
fused,unknown_test,11k:6000000_R,1,False,11k:92_R,1.952990971111284,,
fused,unknown_test,11k:6000000_R,2,False,11k:92_R,1.984028214399956,,
fused,unknown_test,11k:6000000_R,3,False,11k:92_R,2.094559845359311,,
fused,unknown_test,11k:6000000_R,4,False,11k:92_R,2.180493304526795,,
fused,unknown_test,11k:6000000_R,5,False,11k:92_R,2.205490117799321,,
fused,unknown_test,11k:6000000_R,6,False,11k:92_R,1.9769151270378638,,
fused,unknown_test,11k:6000000_R,7,False,11k:92_R,2.052990712903622,,
fused,unknown_test,11k:6000000_R,8,False,11k:92_R,2.260597177885031,,
fused,unknown_test,11k:6000000_R,9,False,11k:92_R,2.1704954522564224,,
fused,unknown_test,11k:6000000_R,10,False,11k:92_R,2.4960269831084303,,
fused,unknown_test,11k:7000000_L,1,False,11k:543_L,2.2251741406359864,,
fused,unknown_test,11k:7000000_L,2,False,11k:543_L,2.1386692302400245,,
fused,unknown_test,11k:7000000_L,3,False,11k:543_L,2.459975337273682,,
fused,unknown_test,11k:7000000_L,4,False,11k:543_L,2.0880422608253397,,
fused,unknown_test,11k:7000000_L,5,False,11k:543_L,1.8841522522223917,,
fused,unknown_test,11k:7000000_L,6,False,11k:543_L,2.1779995791203084,,
fused,unknown_test,11k:7000000_L,7,False,11k:543_L,2.038593029309604,,
fused,unknown_test,11k:7000000_L,8,False,11k:543_L,2.2066981374632997,,
fused,unknown_test,11k:7000000_L,9,False,11k:543_L,2.0129775211366128,,
fused,unknown_test,11k:7000000_R,1,False,11k:543_R,2.1849807738519607,,
fused,unknown_test,11k:7000000_R,2,False,11k:543_R,1.9293179335969284,,
fused,unknown_test,11k:7000000_R,3,False,11k:543_R,2.24019080467608,,
fused,unknown_test,11k:7000000_R,4,False,11k:543_R,1.9365337329525962,,
fused,unknown_test,11k:7000000_R,5,False,11k:543_R,2.1898996191184903,,
fused,unknown_test,11k:7000000_R,6,False,11k:543_R,2.219006693149013,,
fused,unknown_test,11k:7000000_R,7,False,11k:543_R,2.0622654973986903,,
fused,unknown_test,11k:7000000_R,8,False,11k:543_R,2.0831203794487783,,
fused,unknown_test,11k:7000000_R,9,False,11k:543_R,2.1919216992297024,,
fused,unknown_test,11k:7000000_R,10,False,11k:543_R,2.2363296476065386,,
fused,unknown_test,11k:88_L,1,False,11k:1000000_L,1.1273855099521866,,
fused,unknown_test,11k:88_L,2,False,11k:1028_L,1.5096947796187887,,
fused,unknown_test,11k:88_L,3,False,11k:1028_L,1.6370086134948063,,
fused,unknown_test,11k:88_L,4,False,11k:1028_L,1.6511789991234838,,
fused,unknown_test,11k:88_L,5,False,11k:1028_L,1.8348147368965493,,
fused,unknown_test,11k:88_L,6,False,11k:1028_L,1.5517647439589448,,
fused,unknown_test,11k:88_L,7,False,11k:1028_L,1.4682641895840098,,
fused,unknown_test,11k:88_L,8,False,11k:1000000_L,1.3853822662235502,,
fused,unknown_test,11k:88_L,9,False,11k:1028_L,1.2502242616260097,,
fused,unknown_test,11k:88_R,1,False,11k:1028_R,1.6909739417587617,,
fused,unknown_test,11k:88_R,2,False,11k:1028_R,1.938725642276455,,
fused,unknown_test,11k:88_R,3,False,11k:1028_R,1.7850798257185498,,
fused,unknown_test,11k:88_R,4,False,11k:1028_R,1.5304170741602698,,
fused,unknown_test,11k:88_R,5,False,11k:1028_R,1.6658561258628306,,
fused,unknown_test,11k:88_R,6,False,11k:1028_R,1.6839492557203821,,
fused,unknown_test,11k:88_R,7,False,11k:1028_R,1.6670728771553804,,
